solid mesh
  facet normal 0.000000 1.000000 0.000000
    outer loop
      vertex -0.901213 -1.020000 1.441213
      vertex -0.904944 -1.020000 1.436667
      vertex -0.903190 -1.020000 1.439032
    endloop
  endfacet
  facet normal -0.000000 -1.000000 -0.000000
    outer loop
      vertex -0.903190 -1.020000 1.439032
      vertex -0.904944 -1.020000 1.436667
      vertex -0.901213 -1.020000 1.441213
    endloop
  endfacet
  facet normal 0.000000 -1.000000 0.000000
    outer loop
      vertex -0.901213 1.020000 1.441213
      vertex -0.903190 1.020000 1.439032
      vertex -0.904944 1.020000 1.436667
    endloop
  endfacet
  facet normal -0.000000 1.000000 -0.000000
    outer loop
      vertex -0.904944 1.020000 1.436667
      vertex -0.903190 1.020000 1.439032
      vertex -0.901213 1.020000 1.441213
    endloop
  endfacet
  facet normal 0.000000 1.000000 0.000000
    outer loop
      vertex -0.901213 -1.020000 1.441213
      vertex -0.906458 -1.020000 1.434142
      vertex -0.904944 -1.020000 1.436667
    endloop
  endfacet
  facet normal -0.000000 -1.000000 -0.000000
    outer loop
      vertex -0.904944 -1.020000 1.436667
      vertex -0.906458 -1.020000 1.434142
      vertex -0.901213 -1.020000 1.441213
    endloop
  endfacet
  facet normal 0.000000 -1.000000 0.000000
    outer loop
      vertex -0.901213 1.020000 1.441213
      vertex -0.904944 1.020000 1.436667
      vertex -0.906458 1.020000 1.434142
    endloop
  endfacet
  facet normal -0.000000 1.000000 -0.000000
    outer loop
      vertex -0.906458 1.020000 1.434142
      vertex -0.904944 1.020000 1.436667
      vertex -0.901213 1.020000 1.441213
    endloop
  endfacet
  facet normal -0.000000 1.000000 0.000000
    outer loop
      vertex -0.901213 -1.020000 1.441213
      vertex -0.880000 -1.020000 1.450000
      vertex -0.906458 -1.020000 1.434142
    endloop
  endfacet
  facet normal 0.000000 -1.000000 -0.000000
    outer loop
      vertex -0.906458 -1.020000 1.434142
      vertex -0.880000 -1.020000 1.450000
      vertex -0.901213 -1.020000 1.441213
    endloop
  endfacet
  facet normal 0.000000 -1.000000 -0.000000
    outer loop
      vertex -0.901213 1.020000 1.441213
      vertex -0.906458 1.020000 1.434142
      vertex -0.880000 1.020000 1.450000
    endloop
  endfacet
  facet normal -0.000000 1.000000 0.000000
    outer loop
      vertex -0.880000 1.020000 1.450000
      vertex -0.906458 1.020000 1.434142
      vertex -0.901213 1.020000 1.441213
    endloop
  endfacet
  facet normal 0.000000 1.000000 0.000000
    outer loop
      vertex -0.901213 -1.020000 1.441213
      vertex -0.891481 -1.020000 1.447716
      vertex -0.880000 -1.020000 1.450000
    endloop
  endfacet
  facet normal -0.000000 -1.000000 -0.000000
    outer loop
      vertex -0.880000 -1.020000 1.450000
      vertex -0.891481 -1.020000 1.447716
      vertex -0.901213 -1.020000 1.441213
    endloop
  endfacet
  facet normal 0.000000 -1.000000 0.000000
    outer loop
      vertex -0.901213 1.020000 1.441213
      vertex -0.880000 1.020000 1.450000
      vertex -0.891481 1.020000 1.447716
    endloop
  endfacet
  facet normal -0.000000 1.000000 -0.000000
    outer loop
      vertex -0.891481 1.020000 1.447716
      vertex -0.880000 1.020000 1.450000
      vertex -0.901213 1.020000 1.441213
    endloop
  endfacet
  facet normal 0.000000 1.000000 0.000000
    outer loop
      vertex -0.901213 -1.020000 1.441213
      vertex -0.899032 -1.020000 1.443190
      vertex -0.891481 -1.020000 1.447716
    endloop
  endfacet
  facet normal -0.000000 -1.000000 -0.000000
    outer loop
      vertex -0.891481 -1.020000 1.447716
      vertex -0.899032 -1.020000 1.443190
      vertex -0.901213 -1.020000 1.441213
    endloop
  endfacet
  facet normal 0.000000 -1.000000 0.000000
    outer loop
      vertex -0.901213 1.020000 1.441213
      vertex -0.891481 1.020000 1.447716
      vertex -0.899032 1.020000 1.443190
    endloop
  endfacet
  facet normal -0.000000 1.000000 -0.000000
    outer loop
      vertex -0.899032 1.020000 1.443190
      vertex -0.891481 1.020000 1.447716
      vertex -0.901213 1.020000 1.441213
    endloop
  endfacet
  facet normal 0.000000 1.000000 0.000000
    outer loop
      vertex -0.899032 -1.020000 1.443190
      vertex -0.896667 -1.020000 1.444944
      vertex -0.891481 -1.020000 1.447716
    endloop
  endfacet
  facet normal -0.000000 -1.000000 -0.000000
    outer loop
      vertex -0.891481 -1.020000 1.447716
      vertex -0.896667 -1.020000 1.444944
      vertex -0.899032 -1.020000 1.443190
    endloop
  endfacet
  facet normal 0.000000 -1.000000 0.000000
    outer loop
      vertex -0.899032 1.020000 1.443190
      vertex -0.891481 1.020000 1.447716
      vertex -0.896667 1.020000 1.444944
    endloop
  endfacet
  facet normal -0.000000 1.000000 -0.000000
    outer loop
      vertex -0.896667 1.020000 1.444944
      vertex -0.891481 1.020000 1.447716
      vertex -0.899032 1.020000 1.443190
    endloop
  endfacet
  facet normal 0.000000 1.000000 0.000000
    outer loop
      vertex -0.896667 -1.020000 1.444944
      vertex -0.894142 -1.020000 1.446458
      vertex -0.891481 -1.020000 1.447716
    endloop
  endfacet
  facet normal -0.000000 -1.000000 -0.000000
    outer loop
      vertex -0.891481 -1.020000 1.447716
      vertex -0.894142 -1.020000 1.446458
      vertex -0.896667 -1.020000 1.444944
    endloop
  endfacet
  facet normal 0.000000 -1.000000 0.000000
    outer loop
      vertex -0.896667 1.020000 1.444944
      vertex -0.891481 1.020000 1.447716
      vertex -0.894142 1.020000 1.446458
    endloop
  endfacet
  facet normal -0.000000 1.000000 -0.000000
    outer loop
      vertex -0.894142 1.020000 1.446458
      vertex -0.891481 1.020000 1.447716
      vertex -0.896667 1.020000 1.444944
    endloop
  endfacet
  facet normal 0.000000 1.000000 0.000000
    outer loop
      vertex -0.891481 -1.020000 1.447716
      vertex -0.885853 -1.020000 1.449424
      vertex -0.880000 -1.020000 1.450000
    endloop
  endfacet
  facet normal -0.000000 -1.000000 -0.000000
    outer loop
      vertex -0.880000 -1.020000 1.450000
      vertex -0.885853 -1.020000 1.449424
      vertex -0.891481 -1.020000 1.447716
    endloop
  endfacet
  facet normal 0.000000 -1.000000 0.000000
    outer loop
      vertex -0.891481 1.020000 1.447716
      vertex -0.880000 1.020000 1.450000
      vertex -0.885853 1.020000 1.449424
    endloop
  endfacet
  facet normal -0.000000 1.000000 -0.000000
    outer loop
      vertex -0.885853 1.020000 1.449424
      vertex -0.880000 1.020000 1.450000
      vertex -0.891481 1.020000 1.447716
    endloop
  endfacet
  facet normal 0.000000 1.000000 0.000000
    outer loop
      vertex -0.891481 -1.020000 1.447716
      vertex -0.888709 -1.020000 1.448708
      vertex -0.885853 -1.020000 1.449424
    endloop
  endfacet
  facet normal -0.000000 -1.000000 -0.000000
    outer loop
      vertex -0.885853 -1.020000 1.449424
      vertex -0.888709 -1.020000 1.448708
      vertex -0.891481 -1.020000 1.447716
    endloop
  endfacet
  facet normal 0.000000 -1.000000 0.000000
    outer loop
      vertex -0.891481 1.020000 1.447716
      vertex -0.885853 1.020000 1.449424
      vertex -0.888709 1.020000 1.448708
    endloop
  endfacet
  facet normal -0.000000 1.000000 -0.000000
    outer loop
      vertex -0.888709 1.020000 1.448708
      vertex -0.885853 1.020000 1.449424
      vertex -0.891481 1.020000 1.447716
    endloop
  endfacet
  facet normal 0.000000 1.000000 0.000000
    outer loop
      vertex -0.885853 -1.020000 1.449424
      vertex -0.882941 -1.020000 1.449856
      vertex -0.880000 -1.020000 1.450000
    endloop
  endfacet
  facet normal -0.000000 -1.000000 -0.000000
    outer loop
      vertex -0.880000 -1.020000 1.450000
      vertex -0.882941 -1.020000 1.449856
      vertex -0.885853 -1.020000 1.449424
    endloop
  endfacet
  facet normal 0.000000 -1.000000 0.000000
    outer loop
      vertex -0.885853 1.020000 1.449424
      vertex -0.880000 1.020000 1.450000
      vertex -0.882941 1.020000 1.449856
    endloop
  endfacet
  facet normal -0.000000 1.000000 -0.000000
    outer loop
      vertex -0.882941 1.020000 1.449856
      vertex -0.880000 1.020000 1.450000
      vertex -0.885853 1.020000 1.449424
    endloop
  endfacet
  facet normal 0.000000 1.000000 0.000000
    outer loop
      vertex -0.880000 -1.020000 1.450000
      vertex -0.910000 -1.020000 1.420000
      vertex -0.906458 -1.020000 1.434142
    endloop
  endfacet
  facet normal -0.000000 -1.000000 -0.000000
    outer loop
      vertex -0.906458 -1.020000 1.434142
      vertex -0.910000 -1.020000 1.420000
      vertex -0.880000 -1.020000 1.450000
    endloop
  endfacet
  facet normal 0.000000 -1.000000 0.000000
    outer loop
      vertex -0.880000 1.020000 1.450000
      vertex -0.906458 1.020000 1.434142
      vertex -0.910000 1.020000 1.420000
    endloop
  endfacet
  facet normal -0.000000 1.000000 -0.000000
    outer loop
      vertex -0.910000 1.020000 1.420000
      vertex -0.906458 1.020000 1.434142
      vertex -0.880000 1.020000 1.450000
    endloop
  endfacet
  facet normal 0.000000 1.000000 0.000000
    outer loop
      vertex -0.880000 -1.020000 1.450000
      vertex -0.775445 -1.020000 1.049183
      vertex -0.910000 -1.020000 1.420000
    endloop
  endfacet
  facet normal -0.000000 -1.000000 -0.000000
    outer loop
      vertex -0.910000 -1.020000 1.420000
      vertex -0.775445 -1.020000 1.049183
      vertex -0.880000 -1.020000 1.450000
    endloop
  endfacet
  facet normal 0.000000 -1.000000 -0.000000
    outer loop
      vertex -0.880000 1.020000 1.450000
      vertex -0.910000 1.020000 1.420000
      vertex -0.775445 1.020000 1.049183
    endloop
  endfacet
  facet normal -0.000000 1.000000 0.000000
    outer loop
      vertex -0.775445 1.020000 1.049183
      vertex -0.910000 1.020000 1.420000
      vertex -0.880000 1.020000 1.450000
    endloop
  endfacet
  facet normal 0.000000 1.000000 0.000000
    outer loop
      vertex -0.880000 -1.020000 1.450000
      vertex -0.761072 -1.020000 1.046741
      vertex -0.775445 -1.020000 1.049183
    endloop
  endfacet
  facet normal -0.000000 -1.000000 -0.000000
    outer loop
      vertex -0.775445 -1.020000 1.049183
      vertex -0.761072 -1.020000 1.046741
      vertex -0.880000 -1.020000 1.450000
    endloop
  endfacet
  facet normal 0.000000 -1.000000 0.000000
    outer loop
      vertex -0.880000 1.020000 1.450000
      vertex -0.775445 1.020000 1.049183
      vertex -0.761072 1.020000 1.046741
    endloop
  endfacet
  facet normal -0.000000 1.000000 -0.000000
    outer loop
      vertex -0.761072 1.020000 1.046741
      vertex -0.775445 1.020000 1.049183
      vertex -0.880000 1.020000 1.450000
    endloop
  endfacet
  facet normal 0.000000 1.000000 0.000000
    outer loop
      vertex -0.880000 -1.020000 1.450000
      vertex -0.747064 -1.020000 1.042705
      vertex -0.761072 -1.020000 1.046741
    endloop
  endfacet
  facet normal -0.000000 -1.000000 -0.000000
    outer loop
      vertex -0.761072 -1.020000 1.046741
      vertex -0.747064 -1.020000 1.042705
      vertex -0.880000 -1.020000 1.450000
    endloop
  endfacet
  facet normal 0.000000 -1.000000 0.000000
    outer loop
      vertex -0.880000 1.020000 1.450000
      vertex -0.761072 1.020000 1.046741
      vertex -0.747064 1.020000 1.042705
    endloop
  endfacet
  facet normal -0.000000 1.000000 -0.000000
    outer loop
      vertex -0.747064 1.020000 1.042705
      vertex -0.761072 1.020000 1.046741
      vertex -0.880000 1.020000 1.450000
    endloop
  endfacet
  facet normal 0.000000 1.000000 0.000000
    outer loop
      vertex -0.880000 -1.020000 1.450000
      vertex -0.733595 -1.020000 1.037126
      vertex -0.747064 -1.020000 1.042705
    endloop
  endfacet
  facet normal -0.000000 -1.000000 -0.000000
    outer loop
      vertex -0.747064 -1.020000 1.042705
      vertex -0.733595 -1.020000 1.037126
      vertex -0.880000 -1.020000 1.450000
    endloop
  endfacet
  facet normal 0.000000 -1.000000 0.000000
    outer loop
      vertex -0.880000 1.020000 1.450000
      vertex -0.747064 1.020000 1.042705
      vertex -0.733595 1.020000 1.037126
    endloop
  endfacet
  facet normal -0.000000 1.000000 -0.000000
    outer loop
      vertex -0.733595 1.020000 1.037126
      vertex -0.747064 1.020000 1.042705
      vertex -0.880000 1.020000 1.450000
    endloop
  endfacet
  facet normal 0.000000 1.000000 0.000000
    outer loop
      vertex -0.880000 -1.020000 1.450000
      vertex -0.480000 -1.020000 1.020000
      vertex -0.733595 -1.020000 1.037126
    endloop
  endfacet
  facet normal -0.000000 -1.000000 -0.000000
    outer loop
      vertex -0.733595 -1.020000 1.037126
      vertex -0.480000 -1.020000 1.020000
      vertex -0.880000 -1.020000 1.450000
    endloop
  endfacet
  facet normal 0.000000 -1.000000 0.000000
    outer loop
      vertex -0.880000 1.020000 1.450000
      vertex -0.733595 1.020000 1.037126
      vertex -0.480000 1.020000 1.020000
    endloop
  endfacet
  facet normal -0.000000 1.000000 -0.000000
    outer loop
      vertex -0.480000 1.020000 1.020000
      vertex -0.733595 1.020000 1.037126
      vertex -0.880000 1.020000 1.450000
    endloop
  endfacet
  facet normal -0.000000 1.000000 0.000000
    outer loop
      vertex -0.880000 -1.020000 1.450000
      vertex -0.020000 -1.020000 1.450000
      vertex -0.480000 -1.020000 1.020000
    endloop
  endfacet
  facet normal 0.000000 -1.000000 -0.000000
    outer loop
      vertex -0.480000 -1.020000 1.020000
      vertex -0.020000 -1.020000 1.450000
      vertex -0.880000 -1.020000 1.450000
    endloop
  endfacet
  facet normal 0.000000 -1.000000 0.000000
    outer loop
      vertex -0.880000 1.020000 1.450000
      vertex -0.480000 1.020000 1.020000
      vertex -0.020000 1.020000 1.450000
    endloop
  endfacet
  facet normal -0.000000 1.000000 -0.000000
    outer loop
      vertex -0.020000 1.020000 1.450000
      vertex -0.480000 1.020000 1.020000
      vertex -0.880000 1.020000 1.450000
    endloop
  endfacet
  facet normal 0.000000 1.000000 0.000000
    outer loop
      vertex -0.020000 -1.020000 1.450000
      vertex -0.020000 -1.020000 1.020000
      vertex -0.480000 -1.020000 1.020000
    endloop
  endfacet
  facet normal -0.000000 -1.000000 -0.000000
    outer loop
      vertex -0.480000 -1.020000 1.020000
      vertex -0.020000 -1.020000 1.020000
      vertex -0.020000 -1.020000 1.450000
    endloop
  endfacet
  facet normal 0.000000 -1.000000 -0.000000
    outer loop
      vertex -0.020000 1.020000 1.450000
      vertex -0.480000 1.020000 1.020000
      vertex -0.020000 1.020000 1.020000
    endloop
  endfacet
  facet normal -0.000000 1.000000 0.000000
    outer loop
      vertex -0.020000 1.020000 1.020000
      vertex -0.480000 1.020000 1.020000
      vertex -0.020000 1.020000 1.450000
    endloop
  endfacet
  facet normal 0.000000 1.000000 -0.000000
    outer loop
      vertex -0.020000 -1.020000 -1.450000
      vertex -0.480000 -1.020000 -1.020000
      vertex -0.020000 -1.020000 -1.020000
    endloop
  endfacet
  facet normal -0.000000 -1.000000 0.000000
    outer loop
      vertex -0.020000 -1.020000 -1.020000
      vertex -0.480000 -1.020000 -1.020000
      vertex -0.020000 -1.020000 -1.450000
    endloop
  endfacet
  facet normal 0.000000 -1.000000 0.000000
    outer loop
      vertex -0.020000 1.020000 -1.450000
      vertex -0.020000 1.020000 -1.020000
      vertex -0.480000 1.020000 -1.020000
    endloop
  endfacet
  facet normal -0.000000 1.000000 -0.000000
    outer loop
      vertex -0.480000 1.020000 -1.020000
      vertex -0.020000 1.020000 -1.020000
      vertex -0.020000 1.020000 -1.450000
    endloop
  endfacet
  facet normal 0.000000 1.000000 0.000000
    outer loop
      vertex -0.020000 -1.020000 -1.450000
      vertex -0.880000 -1.020000 -1.450000
      vertex -0.480000 -1.020000 -1.020000
    endloop
  endfacet
  facet normal -0.000000 -1.000000 -0.000000
    outer loop
      vertex -0.480000 -1.020000 -1.020000
      vertex -0.880000 -1.020000 -1.450000
      vertex -0.020000 -1.020000 -1.450000
    endloop
  endfacet
  facet normal 0.000000 -1.000000 0.000000
    outer loop
      vertex -0.020000 1.020000 -1.450000
      vertex -0.480000 1.020000 -1.020000
      vertex -0.880000 1.020000 -1.450000
    endloop
  endfacet
  facet normal -0.000000 1.000000 -0.000000
    outer loop
      vertex -0.880000 1.020000 -1.450000
      vertex -0.480000 1.020000 -1.020000
      vertex -0.020000 1.020000 -1.450000
    endloop
  endfacet
  facet normal 0.000000 1.000000 -0.000000
    outer loop
      vertex -0.880000 -1.020000 -1.450000
      vertex -0.910000 -1.020000 -1.420000
      vertex -0.480000 -1.020000 -1.020000
    endloop
  endfacet
  facet normal -0.000000 -1.000000 0.000000
    outer loop
      vertex -0.480000 -1.020000 -1.020000
      vertex -0.910000 -1.020000 -1.420000
      vertex -0.880000 -1.020000 -1.450000
    endloop
  endfacet
  facet normal 0.000000 -1.000000 0.000000
    outer loop
      vertex -0.880000 1.020000 -1.450000
      vertex -0.480000 1.020000 -1.020000
      vertex -0.910000 1.020000 -1.420000
    endloop
  endfacet
  facet normal -0.000000 1.000000 -0.000000
    outer loop
      vertex -0.910000 1.020000 -1.420000
      vertex -0.480000 1.020000 -1.020000
      vertex -0.880000 1.020000 -1.450000
    endloop
  endfacet
  facet normal 0.000000 1.000000 0.000000
    outer loop
      vertex -0.880000 -1.020000 -1.450000
      vertex -0.882941 -1.020000 -1.449856
      vertex -0.910000 -1.020000 -1.420000
    endloop
  endfacet
  facet normal -0.000000 -1.000000 -0.000000
    outer loop
      vertex -0.910000 -1.020000 -1.420000
      vertex -0.882941 -1.020000 -1.449856
      vertex -0.880000 -1.020000 -1.450000
    endloop
  endfacet
  facet normal 0.000000 -1.000000 0.000000
    outer loop
      vertex -0.880000 1.020000 -1.450000
      vertex -0.910000 1.020000 -1.420000
      vertex -0.882941 1.020000 -1.449856
    endloop
  endfacet
  facet normal -0.000000 1.000000 -0.000000
    outer loop
      vertex -0.882941 1.020000 -1.449856
      vertex -0.910000 1.020000 -1.420000
      vertex -0.880000 1.020000 -1.450000
    endloop
  endfacet
  facet normal 0.000000 1.000000 0.000000
    outer loop
      vertex -0.882941 -1.020000 -1.449856
      vertex -0.909424 -1.020000 -1.425853
      vertex -0.910000 -1.020000 -1.420000
    endloop
  endfacet
  facet normal -0.000000 -1.000000 -0.000000
    outer loop
      vertex -0.910000 -1.020000 -1.420000
      vertex -0.909424 -1.020000 -1.425853
      vertex -0.882941 -1.020000 -1.449856
    endloop
  endfacet
  facet normal 0.000000 -1.000000 0.000000
    outer loop
      vertex -0.882941 1.020000 -1.449856
      vertex -0.910000 1.020000 -1.420000
      vertex -0.909424 1.020000 -1.425853
    endloop
  endfacet
  facet normal -0.000000 1.000000 -0.000000
    outer loop
      vertex -0.909424 1.020000 -1.425853
      vertex -0.910000 1.020000 -1.420000
      vertex -0.882941 1.020000 -1.449856
    endloop
  endfacet
  facet normal 0.000000 1.000000 0.000000
    outer loop
      vertex -0.882941 -1.020000 -1.449856
      vertex -0.894142 -1.020000 -1.446458
      vertex -0.909424 -1.020000 -1.425853
    endloop
  endfacet
  facet normal -0.000000 -1.000000 -0.000000
    outer loop
      vertex -0.909424 -1.020000 -1.425853
      vertex -0.894142 -1.020000 -1.446458
      vertex -0.882941 -1.020000 -1.449856
    endloop
  endfacet
  facet normal 0.000000 -1.000000 0.000000
    outer loop
      vertex -0.882941 1.020000 -1.449856
      vertex -0.909424 1.020000 -1.425853
      vertex -0.894142 1.020000 -1.446458
    endloop
  endfacet
  facet normal -0.000000 1.000000 -0.000000
    outer loop
      vertex -0.894142 1.020000 -1.446458
      vertex -0.909424 1.020000 -1.425853
      vertex -0.882941 1.020000 -1.449856
    endloop
  endfacet
  facet normal 0.000000 1.000000 0.000000
    outer loop
      vertex -0.882941 -1.020000 -1.449856
      vertex -0.891481 -1.020000 -1.447716
      vertex -0.894142 -1.020000 -1.446458
    endloop
  endfacet
  facet normal -0.000000 -1.000000 -0.000000
    outer loop
      vertex -0.894142 -1.020000 -1.446458
      vertex -0.891481 -1.020000 -1.447716
      vertex -0.882941 -1.020000 -1.449856
    endloop
  endfacet
  facet normal 0.000000 -1.000000 0.000000
    outer loop
      vertex -0.882941 1.020000 -1.449856
      vertex -0.894142 1.020000 -1.446458
      vertex -0.891481 1.020000 -1.447716
    endloop
  endfacet
  facet normal -0.000000 1.000000 -0.000000
    outer loop
      vertex -0.891481 1.020000 -1.447716
      vertex -0.894142 1.020000 -1.446458
      vertex -0.882941 1.020000 -1.449856
    endloop
  endfacet
  facet normal 0.000000 1.000000 0.000000
    outer loop
      vertex -0.882941 -1.020000 -1.449856
      vertex -0.888709 -1.020000 -1.448708
      vertex -0.891481 -1.020000 -1.447716
    endloop
  endfacet
  facet normal -0.000000 -1.000000 -0.000000
    outer loop
      vertex -0.891481 -1.020000 -1.447716
      vertex -0.888709 -1.020000 -1.448708
      vertex -0.882941 -1.020000 -1.449856
    endloop
  endfacet
  facet normal 0.000000 -1.000000 0.000000
    outer loop
      vertex -0.882941 1.020000 -1.449856
      vertex -0.891481 1.020000 -1.447716
      vertex -0.888709 1.020000 -1.448708
    endloop
  endfacet
  facet normal -0.000000 1.000000 -0.000000
    outer loop
      vertex -0.888709 1.020000 -1.448708
      vertex -0.891481 1.020000 -1.447716
      vertex -0.882941 1.020000 -1.449856
    endloop
  endfacet
  facet normal 0.000000 1.000000 0.000000
    outer loop
      vertex -0.882941 -1.020000 -1.449856
      vertex -0.885853 -1.020000 -1.449424
      vertex -0.888709 -1.020000 -1.448708
    endloop
  endfacet
  facet normal -0.000000 -1.000000 -0.000000
    outer loop
      vertex -0.888709 -1.020000 -1.448708
      vertex -0.885853 -1.020000 -1.449424
      vertex -0.882941 -1.020000 -1.449856
    endloop
  endfacet
  facet normal 0.000000 -1.000000 0.000000
    outer loop
      vertex -0.882941 1.020000 -1.449856
      vertex -0.888709 1.020000 -1.448708
      vertex -0.885853 1.020000 -1.449424
    endloop
  endfacet
  facet normal -0.000000 1.000000 -0.000000
    outer loop
      vertex -0.885853 1.020000 -1.449424
      vertex -0.888709 1.020000 -1.448708
      vertex -0.882941 1.020000 -1.449856
    endloop
  endfacet
  facet normal 0.000000 1.000000 0.000000
    outer loop
      vertex -0.894142 -1.020000 -1.446458
      vertex -0.904944 -1.020000 -1.436667
      vertex -0.909424 -1.020000 -1.425853
    endloop
  endfacet
  facet normal -0.000000 -1.000000 -0.000000
    outer loop
      vertex -0.909424 -1.020000 -1.425853
      vertex -0.904944 -1.020000 -1.436667
      vertex -0.894142 -1.020000 -1.446458
    endloop
  endfacet
  facet normal 0.000000 -1.000000 0.000000
    outer loop
      vertex -0.894142 1.020000 -1.446458
      vertex -0.909424 1.020000 -1.425853
      vertex -0.904944 1.020000 -1.436667
    endloop
  endfacet
  facet normal -0.000000 1.000000 -0.000000
    outer loop
      vertex -0.904944 1.020000 -1.436667
      vertex -0.909424 1.020000 -1.425853
      vertex -0.894142 1.020000 -1.446458
    endloop
  endfacet
  facet normal 0.000000 1.000000 0.000000
    outer loop
      vertex -0.894142 -1.020000 -1.446458
      vertex -0.899032 -1.020000 -1.443190
      vertex -0.904944 -1.020000 -1.436667
    endloop
  endfacet
  facet normal -0.000000 -1.000000 -0.000000
    outer loop
      vertex -0.904944 -1.020000 -1.436667
      vertex -0.899032 -1.020000 -1.443190
      vertex -0.894142 -1.020000 -1.446458
    endloop
  endfacet
  facet normal 0.000000 -1.000000 0.000000
    outer loop
      vertex -0.894142 1.020000 -1.446458
      vertex -0.904944 1.020000 -1.436667
      vertex -0.899032 1.020000 -1.443190
    endloop
  endfacet
  facet normal -0.000000 1.000000 -0.000000
    outer loop
      vertex -0.899032 1.020000 -1.443190
      vertex -0.904944 1.020000 -1.436667
      vertex -0.894142 1.020000 -1.446458
    endloop
  endfacet
  facet normal 0.000000 1.000000 0.000000
    outer loop
      vertex -0.894142 -1.020000 -1.446458
      vertex -0.896667 -1.020000 -1.444944
      vertex -0.899032 -1.020000 -1.443190
    endloop
  endfacet
  facet normal -0.000000 -1.000000 -0.000000
    outer loop
      vertex -0.899032 -1.020000 -1.443190
      vertex -0.896667 -1.020000 -1.444944
      vertex -0.894142 -1.020000 -1.446458
    endloop
  endfacet
  facet normal 0.000000 -1.000000 0.000000
    outer loop
      vertex -0.894142 1.020000 -1.446458
      vertex -0.899032 1.020000 -1.443190
      vertex -0.896667 1.020000 -1.444944
    endloop
  endfacet
  facet normal -0.000000 1.000000 -0.000000
    outer loop
      vertex -0.896667 1.020000 -1.444944
      vertex -0.899032 1.020000 -1.443190
      vertex -0.894142 1.020000 -1.446458
    endloop
  endfacet
  facet normal 0.000000 1.000000 0.000000
    outer loop
      vertex -0.899032 -1.020000 -1.443190
      vertex -0.901213 -1.020000 -1.441213
      vertex -0.904944 -1.020000 -1.436667
    endloop
  endfacet
  facet normal -0.000000 -1.000000 -0.000000
    outer loop
      vertex -0.904944 -1.020000 -1.436667
      vertex -0.901213 -1.020000 -1.441213
      vertex -0.899032 -1.020000 -1.443190
    endloop
  endfacet
  facet normal 0.000000 -1.000000 0.000000
    outer loop
      vertex -0.899032 1.020000 -1.443190
      vertex -0.904944 1.020000 -1.436667
      vertex -0.901213 1.020000 -1.441213
    endloop
  endfacet
  facet normal -0.000000 1.000000 -0.000000
    outer loop
      vertex -0.901213 1.020000 -1.441213
      vertex -0.904944 1.020000 -1.436667
      vertex -0.899032 1.020000 -1.443190
    endloop
  endfacet
  facet normal 0.000000 1.000000 0.000000
    outer loop
      vertex -0.901213 -1.020000 -1.441213
      vertex -0.903190 -1.020000 -1.439032
      vertex -0.904944 -1.020000 -1.436667
    endloop
  endfacet
  facet normal -0.000000 -1.000000 -0.000000
    outer loop
      vertex -0.904944 -1.020000 -1.436667
      vertex -0.903190 -1.020000 -1.439032
      vertex -0.901213 -1.020000 -1.441213
    endloop
  endfacet
  facet normal 0.000000 -1.000000 0.000000
    outer loop
      vertex -0.901213 1.020000 -1.441213
      vertex -0.904944 1.020000 -1.436667
      vertex -0.903190 1.020000 -1.439032
    endloop
  endfacet
  facet normal -0.000000 1.000000 -0.000000
    outer loop
      vertex -0.903190 1.020000 -1.439032
      vertex -0.904944 1.020000 -1.436667
      vertex -0.901213 1.020000 -1.441213
    endloop
  endfacet
  facet normal 0.000000 1.000000 0.000000
    outer loop
      vertex -0.904944 -1.020000 -1.436667
      vertex -0.906458 -1.020000 -1.434142
      vertex -0.909424 -1.020000 -1.425853
    endloop
  endfacet
  facet normal -0.000000 -1.000000 -0.000000
    outer loop
      vertex -0.909424 -1.020000 -1.425853
      vertex -0.906458 -1.020000 -1.434142
      vertex -0.904944 -1.020000 -1.436667
    endloop
  endfacet
  facet normal 0.000000 -1.000000 0.000000
    outer loop
      vertex -0.904944 1.020000 -1.436667
      vertex -0.909424 1.020000 -1.425853
      vertex -0.906458 1.020000 -1.434142
    endloop
  endfacet
  facet normal -0.000000 1.000000 -0.000000
    outer loop
      vertex -0.906458 1.020000 -1.434142
      vertex -0.909424 1.020000 -1.425853
      vertex -0.904944 1.020000 -1.436667
    endloop
  endfacet
  facet normal 0.000000 1.000000 0.000000
    outer loop
      vertex -0.906458 -1.020000 -1.434142
      vertex -0.907716 -1.020000 -1.431481
      vertex -0.909424 -1.020000 -1.425853
    endloop
  endfacet
  facet normal -0.000000 -1.000000 -0.000000
    outer loop
      vertex -0.909424 -1.020000 -1.425853
      vertex -0.907716 -1.020000 -1.431481
      vertex -0.906458 -1.020000 -1.434142
    endloop
  endfacet
  facet normal 0.000000 -1.000000 0.000000
    outer loop
      vertex -0.906458 1.020000 -1.434142
      vertex -0.909424 1.020000 -1.425853
      vertex -0.907716 1.020000 -1.431481
    endloop
  endfacet
  facet normal -0.000000 1.000000 -0.000000
    outer loop
      vertex -0.907716 1.020000 -1.431481
      vertex -0.909424 1.020000 -1.425853
      vertex -0.906458 1.020000 -1.434142
    endloop
  endfacet
  facet normal 0.000000 1.000000 0.000000
    outer loop
      vertex -0.907716 -1.020000 -1.431481
      vertex -0.908708 -1.020000 -1.428709
      vertex -0.909424 -1.020000 -1.425853
    endloop
  endfacet
  facet normal -0.000000 -1.000000 -0.000000
    outer loop
      vertex -0.909424 -1.020000 -1.425853
      vertex -0.908708 -1.020000 -1.428709
      vertex -0.907716 -1.020000 -1.431481
    endloop
  endfacet
  facet normal 0.000000 -1.000000 0.000000
    outer loop
      vertex -0.907716 1.020000 -1.431481
      vertex -0.909424 1.020000 -1.425853
      vertex -0.908708 1.020000 -1.428709
    endloop
  endfacet
  facet normal -0.000000 1.000000 -0.000000
    outer loop
      vertex -0.908708 1.020000 -1.428709
      vertex -0.909424 1.020000 -1.425853
      vertex -0.907716 1.020000 -1.431481
    endloop
  endfacet
  facet normal 0.000000 1.000000 0.000000
    outer loop
      vertex -0.909424 -1.020000 -1.425853
      vertex -0.909856 -1.020000 -1.422941
      vertex -0.910000 -1.020000 -1.420000
    endloop
  endfacet
  facet normal -0.000000 -1.000000 -0.000000
    outer loop
      vertex -0.910000 -1.020000 -1.420000
      vertex -0.909856 -1.020000 -1.422941
      vertex -0.909424 -1.020000 -1.425853
    endloop
  endfacet
  facet normal 0.000000 -1.000000 0.000000
    outer loop
      vertex -0.909424 1.020000 -1.425853
      vertex -0.910000 1.020000 -1.420000
      vertex -0.909856 1.020000 -1.422941
    endloop
  endfacet
  facet normal -0.000000 1.000000 -0.000000
    outer loop
      vertex -0.909856 1.020000 -1.422941
      vertex -0.910000 1.020000 -1.420000
      vertex -0.909424 1.020000 -1.425853
    endloop
  endfacet
  facet normal 0.000000 1.000000 0.000000
    outer loop
      vertex -0.910000 -1.020000 -1.420000
      vertex -0.668268 -1.020000 -0.832388
      vertex -0.480000 -1.020000 -1.020000
    endloop
  endfacet
  facet normal -0.000000 -1.000000 -0.000000
    outer loop
      vertex -0.480000 -1.020000 -1.020000
      vertex -0.668268 -1.020000 -0.832388
      vertex -0.910000 -1.020000 -1.420000
    endloop
  endfacet
  facet normal 0.000000 -1.000000 0.000000
    outer loop
      vertex -0.910000 1.020000 -1.420000
      vertex -0.480000 1.020000 -1.020000
      vertex -0.668268 1.020000 -0.832388
    endloop
  endfacet
  facet normal -0.000000 1.000000 -0.000000
    outer loop
      vertex -0.668268 1.020000 -0.832388
      vertex -0.480000 1.020000 -1.020000
      vertex -0.910000 1.020000 -1.420000
    endloop
  endfacet
  facet normal 0.000000 1.000000 0.000000
    outer loop
      vertex -0.910000 -1.020000 -1.420000
      vertex -0.680000 -1.020000 -0.826603
      vertex -0.668268 -1.020000 -0.832388
    endloop
  endfacet
  facet normal -0.000000 -1.000000 -0.000000
    outer loop
      vertex -0.668268 -1.020000 -0.832388
      vertex -0.680000 -1.020000 -0.826603
      vertex -0.910000 -1.020000 -1.420000
    endloop
  endfacet
  facet normal 0.000000 -1.000000 0.000000
    outer loop
      vertex -0.910000 1.020000 -1.420000
      vertex -0.668268 1.020000 -0.832388
      vertex -0.680000 1.020000 -0.826603
    endloop
  endfacet
  facet normal -0.000000 1.000000 -0.000000
    outer loop
      vertex -0.680000 1.020000 -0.826603
      vertex -0.668268 1.020000 -0.832388
      vertex -0.910000 1.020000 -1.420000
    endloop
  endfacet
  facet normal 0.000000 1.000000 0.000000
    outer loop
      vertex -0.910000 -1.020000 -1.420000
      vertex -0.690876 -1.020000 -0.819335
      vertex -0.680000 -1.020000 -0.826603
    endloop
  endfacet
  facet normal -0.000000 -1.000000 -0.000000
    outer loop
      vertex -0.680000 -1.020000 -0.826603
      vertex -0.690876 -1.020000 -0.819335
      vertex -0.910000 -1.020000 -1.420000
    endloop
  endfacet
  facet normal 0.000000 -1.000000 0.000000
    outer loop
      vertex -0.910000 1.020000 -1.420000
      vertex -0.680000 1.020000 -0.826603
      vertex -0.690876 1.020000 -0.819335
    endloop
  endfacet
  facet normal -0.000000 1.000000 -0.000000
    outer loop
      vertex -0.690876 1.020000 -0.819335
      vertex -0.680000 1.020000 -0.826603
      vertex -0.910000 1.020000 -1.420000
    endloop
  endfacet
  facet normal 0.000000 1.000000 0.000000
    outer loop
      vertex -0.910000 -1.020000 -1.420000
      vertex -0.700711 -1.020000 -0.810711
      vertex -0.690876 -1.020000 -0.819335
    endloop
  endfacet
  facet normal -0.000000 -1.000000 -0.000000
    outer loop
      vertex -0.690876 -1.020000 -0.819335
      vertex -0.700711 -1.020000 -0.810711
      vertex -0.910000 -1.020000 -1.420000
    endloop
  endfacet
  facet normal 0.000000 -1.000000 0.000000
    outer loop
      vertex -0.910000 1.020000 -1.420000
      vertex -0.690876 1.020000 -0.819335
      vertex -0.700711 1.020000 -0.810711
    endloop
  endfacet
  facet normal -0.000000 1.000000 -0.000000
    outer loop
      vertex -0.700711 1.020000 -0.810711
      vertex -0.690876 1.020000 -0.819335
      vertex -0.910000 1.020000 -1.420000
    endloop
  endfacet
  facet normal 0.000000 1.000000 0.000000
    outer loop
      vertex -0.910000 -1.020000 -1.420000
      vertex -0.709335 -1.020000 -0.800876
      vertex -0.700711 -1.020000 -0.810711
    endloop
  endfacet
  facet normal -0.000000 -1.000000 -0.000000
    outer loop
      vertex -0.700711 -1.020000 -0.810711
      vertex -0.709335 -1.020000 -0.800876
      vertex -0.910000 -1.020000 -1.420000
    endloop
  endfacet
  facet normal 0.000000 -1.000000 0.000000
    outer loop
      vertex -0.910000 1.020000 -1.420000
      vertex -0.700711 1.020000 -0.810711
      vertex -0.709335 1.020000 -0.800876
    endloop
  endfacet
  facet normal -0.000000 1.000000 -0.000000
    outer loop
      vertex -0.709335 1.020000 -0.800876
      vertex -0.700711 1.020000 -0.810711
      vertex -0.910000 1.020000 -1.420000
    endloop
  endfacet
  facet normal 0.000000 1.000000 0.000000
    outer loop
      vertex -0.910000 -1.020000 -1.420000
      vertex -0.716603 -1.020000 -0.790000
      vertex -0.709335 -1.020000 -0.800876
    endloop
  endfacet
  facet normal -0.000000 -1.000000 -0.000000
    outer loop
      vertex -0.709335 -1.020000 -0.800876
      vertex -0.716603 -1.020000 -0.790000
      vertex -0.910000 -1.020000 -1.420000
    endloop
  endfacet
  facet normal 0.000000 -1.000000 0.000000
    outer loop
      vertex -0.910000 1.020000 -1.420000
      vertex -0.709335 1.020000 -0.800876
      vertex -0.716603 1.020000 -0.790000
    endloop
  endfacet
  facet normal -0.000000 1.000000 -0.000000
    outer loop
      vertex -0.716603 1.020000 -0.790000
      vertex -0.709335 1.020000 -0.800876
      vertex -0.910000 1.020000 -1.420000
    endloop
  endfacet
  facet normal 0.000000 1.000000 0.000000
    outer loop
      vertex -0.910000 -1.020000 -1.420000
      vertex -0.722388 -1.020000 -0.778268
      vertex -0.716603 -1.020000 -0.790000
    endloop
  endfacet
  facet normal -0.000000 -1.000000 -0.000000
    outer loop
      vertex -0.716603 -1.020000 -0.790000
      vertex -0.722388 -1.020000 -0.778268
      vertex -0.910000 -1.020000 -1.420000
    endloop
  endfacet
  facet normal 0.000000 -1.000000 0.000000
    outer loop
      vertex -0.910000 1.020000 -1.420000
      vertex -0.716603 1.020000 -0.790000
      vertex -0.722388 1.020000 -0.778268
    endloop
  endfacet
  facet normal -0.000000 1.000000 -0.000000
    outer loop
      vertex -0.722388 1.020000 -0.778268
      vertex -0.716603 1.020000 -0.790000
      vertex -0.910000 1.020000 -1.420000
    endloop
  endfacet
  facet normal 0.000000 1.000000 0.000000
    outer loop
      vertex -0.910000 -1.020000 -1.420000
      vertex -0.726593 -1.020000 -0.765882
      vertex -0.722388 -1.020000 -0.778268
    endloop
  endfacet
  facet normal -0.000000 -1.000000 -0.000000
    outer loop
      vertex -0.722388 -1.020000 -0.778268
      vertex -0.726593 -1.020000 -0.765882
      vertex -0.910000 -1.020000 -1.420000
    endloop
  endfacet
  facet normal 0.000000 -1.000000 0.000000
    outer loop
      vertex -0.910000 1.020000 -1.420000
      vertex -0.722388 1.020000 -0.778268
      vertex -0.726593 1.020000 -0.765882
    endloop
  endfacet
  facet normal -0.000000 1.000000 -0.000000
    outer loop
      vertex -0.726593 1.020000 -0.765882
      vertex -0.722388 1.020000 -0.778268
      vertex -0.910000 1.020000 -1.420000
    endloop
  endfacet
  facet normal 0.000000 1.000000 0.000000
    outer loop
      vertex -0.910000 -1.020000 -1.420000
      vertex -0.729144 -1.020000 -0.753053
      vertex -0.726593 -1.020000 -0.765882
    endloop
  endfacet
  facet normal -0.000000 -1.000000 -0.000000
    outer loop
      vertex -0.726593 -1.020000 -0.765882
      vertex -0.729144 -1.020000 -0.753053
      vertex -0.910000 -1.020000 -1.420000
    endloop
  endfacet
  facet normal 0.000000 -1.000000 0.000000
    outer loop
      vertex -0.910000 1.020000 -1.420000
      vertex -0.726593 1.020000 -0.765882
      vertex -0.729144 1.020000 -0.753053
    endloop
  endfacet
  facet normal -0.000000 1.000000 -0.000000
    outer loop
      vertex -0.729144 1.020000 -0.753053
      vertex -0.726593 1.020000 -0.765882
      vertex -0.910000 1.020000 -1.420000
    endloop
  endfacet
  facet normal 0.000000 1.000000 0.000000
    outer loop
      vertex -0.910000 -1.020000 -1.420000
      vertex -0.730000 -1.020000 -0.740000
      vertex -0.729144 -1.020000 -0.753053
    endloop
  endfacet
  facet normal -0.000000 -1.000000 -0.000000
    outer loop
      vertex -0.729144 -1.020000 -0.753053
      vertex -0.730000 -1.020000 -0.740000
      vertex -0.910000 -1.020000 -1.420000
    endloop
  endfacet
  facet normal 0.000000 -1.000000 0.000000
    outer loop
      vertex -0.910000 1.020000 -1.420000
      vertex -0.729144 1.020000 -0.753053
      vertex -0.730000 1.020000 -0.740000
    endloop
  endfacet
  facet normal -0.000000 1.000000 -0.000000
    outer loop
      vertex -0.730000 1.020000 -0.740000
      vertex -0.729144 1.020000 -0.753053
      vertex -0.910000 1.020000 -1.420000
    endloop
  endfacet
  facet normal 0.000000 1.000000 0.000000
    outer loop
      vertex -0.910000 -1.020000 -1.420000
      vertex -0.729144 -1.020000 -0.726947
      vertex -0.730000 -1.020000 -0.740000
    endloop
  endfacet
  facet normal -0.000000 -1.000000 -0.000000
    outer loop
      vertex -0.730000 -1.020000 -0.740000
      vertex -0.729144 -1.020000 -0.726947
      vertex -0.910000 -1.020000 -1.420000
    endloop
  endfacet
  facet normal 0.000000 -1.000000 0.000000
    outer loop
      vertex -0.910000 1.020000 -1.420000
      vertex -0.730000 1.020000 -0.740000
      vertex -0.729144 1.020000 -0.726947
    endloop
  endfacet
  facet normal -0.000000 1.000000 -0.000000
    outer loop
      vertex -0.729144 1.020000 -0.726947
      vertex -0.730000 1.020000 -0.740000
      vertex -0.910000 1.020000 -1.420000
    endloop
  endfacet
  facet normal 0.000000 1.000000 0.000000
    outer loop
      vertex -0.910000 -1.020000 -1.420000
      vertex -0.910000 -1.020000 0.870534
      vertex -0.729144 -1.020000 -0.726947
    endloop
  endfacet
  facet normal -0.000000 -1.000000 -0.000000
    outer loop
      vertex -0.729144 -1.020000 -0.726947
      vertex -0.910000 -1.020000 0.870534
      vertex -0.910000 -1.020000 -1.420000
    endloop
  endfacet
  facet normal 0.000000 -1.000000 0.000000
    outer loop
      vertex -0.910000 1.020000 -1.420000
      vertex -0.729144 1.020000 -0.726947
      vertex -0.910000 1.020000 0.870534
    endloop
  endfacet
  facet normal -0.000000 1.000000 -0.000000
    outer loop
      vertex -0.910000 1.020000 0.870534
      vertex -0.729144 1.020000 -0.726947
      vertex -0.910000 1.020000 -1.420000
    endloop
  endfacet
  facet normal 0.000000 1.000000 0.000000
    outer loop
      vertex -0.910000 -1.020000 0.870534
      vertex -0.907126 -1.020000 0.863595
      vertex -0.729144 -1.020000 -0.726947
    endloop
  endfacet
  facet normal -0.000000 -1.000000 -0.000000
    outer loop
      vertex -0.729144 -1.020000 -0.726947
      vertex -0.907126 -1.020000 0.863595
      vertex -0.910000 -1.020000 0.870534
    endloop
  endfacet
  facet normal 0.000000 -1.000000 0.000000
    outer loop
      vertex -0.910000 1.020000 0.870534
      vertex -0.729144 1.020000 -0.726947
      vertex -0.907126 1.020000 0.863595
    endloop
  endfacet
  facet normal -0.000000 1.000000 -0.000000
    outer loop
      vertex -0.907126 1.020000 0.863595
      vertex -0.729144 1.020000 -0.726947
      vertex -0.910000 1.020000 0.870534
    endloop
  endfacet
  facet normal 0.000000 1.000000 0.000000
    outer loop
      vertex -0.910000 -1.020000 0.969466
      vertex -0.910000 -1.020000 1.420000
      vertex -0.907126 -1.020000 0.976405
    endloop
  endfacet
  facet normal -0.000000 -1.000000 -0.000000
    outer loop
      vertex -0.907126 -1.020000 0.976405
      vertex -0.910000 -1.020000 1.420000
      vertex -0.910000 -1.020000 0.969466
    endloop
  endfacet
  facet normal 0.000000 -1.000000 0.000000
    outer loop
      vertex -0.910000 1.020000 0.969466
      vertex -0.907126 1.020000 0.976405
      vertex -0.910000 1.020000 1.420000
    endloop
  endfacet
  facet normal -0.000000 1.000000 -0.000000
    outer loop
      vertex -0.910000 1.020000 1.420000
      vertex -0.907126 1.020000 0.976405
      vertex -0.910000 1.020000 0.969466
    endloop
  endfacet
  facet normal 0.000000 1.000000 0.000000
    outer loop
      vertex -0.910000 -1.020000 1.420000
      vertex -0.900074 -1.020000 0.989164
      vertex -0.907126 -1.020000 0.976405
    endloop
  endfacet
  facet normal -0.000000 -1.000000 -0.000000
    outer loop
      vertex -0.907126 -1.020000 0.976405
      vertex -0.900074 -1.020000 0.989164
      vertex -0.910000 -1.020000 1.420000
    endloop
  endfacet
  facet normal 0.000000 -1.000000 0.000000
    outer loop
      vertex -0.910000 1.020000 1.420000
      vertex -0.907126 1.020000 0.976405
      vertex -0.900074 1.020000 0.989164
    endloop
  endfacet
  facet normal -0.000000 1.000000 -0.000000
    outer loop
      vertex -0.900074 1.020000 0.989164
      vertex -0.907126 1.020000 0.976405
      vertex -0.910000 1.020000 1.420000
    endloop
  endfacet
  facet normal 0.000000 1.000000 0.000000
    outer loop
      vertex -0.910000 -1.020000 1.420000
      vertex -0.891638 -1.020000 1.001054
      vertex -0.900074 -1.020000 0.989164
    endloop
  endfacet
  facet normal -0.000000 -1.000000 -0.000000
    outer loop
      vertex -0.900074 -1.020000 0.989164
      vertex -0.891638 -1.020000 1.001054
      vertex -0.910000 -1.020000 1.420000
    endloop
  endfacet
  facet normal 0.000000 -1.000000 0.000000
    outer loop
      vertex -0.910000 1.020000 1.420000
      vertex -0.900074 1.020000 0.989164
      vertex -0.891638 1.020000 1.001054
    endloop
  endfacet
  facet normal -0.000000 1.000000 -0.000000
    outer loop
      vertex -0.891638 1.020000 1.001054
      vertex -0.900074 1.020000 0.989164
      vertex -0.910000 1.020000 1.420000
    endloop
  endfacet
  facet normal 0.000000 1.000000 0.000000
    outer loop
      vertex -0.910000 -1.020000 1.420000
      vertex -0.881924 -1.020000 1.011924
      vertex -0.891638 -1.020000 1.001054
    endloop
  endfacet
  facet normal -0.000000 -1.000000 -0.000000
    outer loop
      vertex -0.891638 -1.020000 1.001054
      vertex -0.881924 -1.020000 1.011924
      vertex -0.910000 -1.020000 1.420000
    endloop
  endfacet
  facet normal 0.000000 -1.000000 0.000000
    outer loop
      vertex -0.910000 1.020000 1.420000
      vertex -0.891638 1.020000 1.001054
      vertex -0.881924 1.020000 1.011924
    endloop
  endfacet
  facet normal -0.000000 1.000000 -0.000000
    outer loop
      vertex -0.881924 1.020000 1.011924
      vertex -0.891638 1.020000 1.001054
      vertex -0.910000 1.020000 1.420000
    endloop
  endfacet
  facet normal 0.000000 1.000000 0.000000
    outer loop
      vertex -0.910000 -1.020000 1.420000
      vertex -0.871054 -1.020000 1.021638
      vertex -0.881924 -1.020000 1.011924
    endloop
  endfacet
  facet normal -0.000000 -1.000000 -0.000000
    outer loop
      vertex -0.881924 -1.020000 1.011924
      vertex -0.871054 -1.020000 1.021638
      vertex -0.910000 -1.020000 1.420000
    endloop
  endfacet
  facet normal 0.000000 -1.000000 0.000000
    outer loop
      vertex -0.910000 1.020000 1.420000
      vertex -0.881924 1.020000 1.011924
      vertex -0.871054 1.020000 1.021638
    endloop
  endfacet
  facet normal -0.000000 1.000000 -0.000000
    outer loop
      vertex -0.871054 1.020000 1.021638
      vertex -0.881924 1.020000 1.011924
      vertex -0.910000 1.020000 1.420000
    endloop
  endfacet
  facet normal 0.000000 1.000000 0.000000
    outer loop
      vertex -0.910000 -1.020000 1.420000
      vertex -0.859164 -1.020000 1.030074
      vertex -0.871054 -1.020000 1.021638
    endloop
  endfacet
  facet normal -0.000000 -1.000000 -0.000000
    outer loop
      vertex -0.871054 -1.020000 1.021638
      vertex -0.859164 -1.020000 1.030074
      vertex -0.910000 -1.020000 1.420000
    endloop
  endfacet
  facet normal 0.000000 -1.000000 0.000000
    outer loop
      vertex -0.910000 1.020000 1.420000
      vertex -0.871054 1.020000 1.021638
      vertex -0.859164 1.020000 1.030074
    endloop
  endfacet
  facet normal -0.000000 1.000000 -0.000000
    outer loop
      vertex -0.859164 1.020000 1.030074
      vertex -0.871054 1.020000 1.021638
      vertex -0.910000 1.020000 1.420000
    endloop
  endfacet
  facet normal 0.000000 1.000000 0.000000
    outer loop
      vertex -0.910000 -1.020000 1.420000
      vertex -0.846405 -1.020000 1.037126
      vertex -0.859164 -1.020000 1.030074
    endloop
  endfacet
  facet normal -0.000000 -1.000000 -0.000000
    outer loop
      vertex -0.859164 -1.020000 1.030074
      vertex -0.846405 -1.020000 1.037126
      vertex -0.910000 -1.020000 1.420000
    endloop
  endfacet
  facet normal 0.000000 -1.000000 0.000000
    outer loop
      vertex -0.910000 1.020000 1.420000
      vertex -0.859164 1.020000 1.030074
      vertex -0.846405 1.020000 1.037126
    endloop
  endfacet
  facet normal -0.000000 1.000000 -0.000000
    outer loop
      vertex -0.846405 1.020000 1.037126
      vertex -0.859164 1.020000 1.030074
      vertex -0.910000 1.020000 1.420000
    endloop
  endfacet
  facet normal 0.000000 1.000000 0.000000
    outer loop
      vertex -0.910000 -1.020000 1.420000
      vertex -0.832936 -1.020000 1.042705
      vertex -0.846405 -1.020000 1.037126
    endloop
  endfacet
  facet normal -0.000000 -1.000000 -0.000000
    outer loop
      vertex -0.846405 -1.020000 1.037126
      vertex -0.832936 -1.020000 1.042705
      vertex -0.910000 -1.020000 1.420000
    endloop
  endfacet
  facet normal 0.000000 -1.000000 0.000000
    outer loop
      vertex -0.910000 1.020000 1.420000
      vertex -0.846405 1.020000 1.037126
      vertex -0.832936 1.020000 1.042705
    endloop
  endfacet
  facet normal -0.000000 1.000000 -0.000000
    outer loop
      vertex -0.832936 1.020000 1.042705
      vertex -0.846405 1.020000 1.037126
      vertex -0.910000 1.020000 1.420000
    endloop
  endfacet
  facet normal 0.000000 1.000000 0.000000
    outer loop
      vertex -0.910000 -1.020000 1.420000
      vertex -0.818928 -1.020000 1.046741
      vertex -0.832936 -1.020000 1.042705
    endloop
  endfacet
  facet normal -0.000000 -1.000000 -0.000000
    outer loop
      vertex -0.832936 -1.020000 1.042705
      vertex -0.818928 -1.020000 1.046741
      vertex -0.910000 -1.020000 1.420000
    endloop
  endfacet
  facet normal 0.000000 -1.000000 0.000000
    outer loop
      vertex -0.910000 1.020000 1.420000
      vertex -0.832936 1.020000 1.042705
      vertex -0.818928 1.020000 1.046741
    endloop
  endfacet
  facet normal -0.000000 1.000000 -0.000000
    outer loop
      vertex -0.818928 1.020000 1.046741
      vertex -0.832936 1.020000 1.042705
      vertex -0.910000 1.020000 1.420000
    endloop
  endfacet
  facet normal 0.000000 1.000000 0.000000
    outer loop
      vertex -0.910000 -1.020000 1.420000
      vertex -0.804555 -1.020000 1.049183
      vertex -0.818928 -1.020000 1.046741
    endloop
  endfacet
  facet normal -0.000000 -1.000000 -0.000000
    outer loop
      vertex -0.818928 -1.020000 1.046741
      vertex -0.804555 -1.020000 1.049183
      vertex -0.910000 -1.020000 1.420000
    endloop
  endfacet
  facet normal 0.000000 -1.000000 0.000000
    outer loop
      vertex -0.910000 1.020000 1.420000
      vertex -0.818928 1.020000 1.046741
      vertex -0.804555 1.020000 1.049183
    endloop
  endfacet
  facet normal -0.000000 1.000000 -0.000000
    outer loop
      vertex -0.804555 1.020000 1.049183
      vertex -0.818928 1.020000 1.046741
      vertex -0.910000 1.020000 1.420000
    endloop
  endfacet
  facet normal 0.000000 1.000000 0.000000
    outer loop
      vertex -0.910000 -1.020000 1.420000
      vertex -0.790000 -1.020000 1.050000
      vertex -0.804555 -1.020000 1.049183
    endloop
  endfacet
  facet normal -0.000000 -1.000000 -0.000000
    outer loop
      vertex -0.804555 -1.020000 1.049183
      vertex -0.790000 -1.020000 1.050000
      vertex -0.910000 -1.020000 1.420000
    endloop
  endfacet
  facet normal 0.000000 -1.000000 0.000000
    outer loop
      vertex -0.910000 1.020000 1.420000
      vertex -0.804555 1.020000 1.049183
      vertex -0.790000 1.020000 1.050000
    endloop
  endfacet
  facet normal -0.000000 1.000000 -0.000000
    outer loop
      vertex -0.790000 1.020000 1.050000
      vertex -0.804555 1.020000 1.049183
      vertex -0.910000 1.020000 1.420000
    endloop
  endfacet
  facet normal 0.000000 1.000000 0.000000
    outer loop
      vertex -0.910000 -1.020000 1.420000
      vertex -0.775445 -1.020000 1.049183
      vertex -0.790000 -1.020000 1.050000
    endloop
  endfacet
  facet normal -0.000000 -1.000000 -0.000000
    outer loop
      vertex -0.790000 -1.020000 1.050000
      vertex -0.775445 -1.020000 1.049183
      vertex -0.910000 -1.020000 1.420000
    endloop
  endfacet
  facet normal 0.000000 -1.000000 0.000000
    outer loop
      vertex -0.910000 1.020000 1.420000
      vertex -0.790000 1.020000 1.050000
      vertex -0.775445 1.020000 1.049183
    endloop
  endfacet
  facet normal -0.000000 1.000000 -0.000000
    outer loop
      vertex -0.775445 1.020000 1.049183
      vertex -0.790000 1.020000 1.050000
      vertex -0.910000 1.020000 1.420000
    endloop
  endfacet
  facet normal 0.000000 1.000000 0.000000
    outer loop
      vertex -0.733595 -1.020000 1.037126
      vertex -0.480000 -1.020000 1.020000
      vertex -0.720836 -1.020000 1.030074
    endloop
  endfacet
  facet normal -0.000000 -1.000000 -0.000000
    outer loop
      vertex -0.720836 -1.020000 1.030074
      vertex -0.480000 -1.020000 1.020000
      vertex -0.733595 -1.020000 1.037126
    endloop
  endfacet
  facet normal 0.000000 -1.000000 0.000000
    outer loop
      vertex -0.733595 1.020000 1.037126
      vertex -0.720836 1.020000 1.030074
      vertex -0.480000 1.020000 1.020000
    endloop
  endfacet
  facet normal -0.000000 1.000000 -0.000000
    outer loop
      vertex -0.480000 1.020000 1.020000
      vertex -0.720836 1.020000 1.030074
      vertex -0.733595 1.020000 1.037126
    endloop
  endfacet
  facet normal 0.000000 1.000000 0.000000
    outer loop
      vertex -0.480000 -1.020000 1.020000
      vertex -0.708946 -1.020000 1.021638
      vertex -0.720836 -1.020000 1.030074
    endloop
  endfacet
  facet normal -0.000000 -1.000000 -0.000000
    outer loop
      vertex -0.720836 -1.020000 1.030074
      vertex -0.708946 -1.020000 1.021638
      vertex -0.480000 -1.020000 1.020000
    endloop
  endfacet
  facet normal 0.000000 -1.000000 0.000000
    outer loop
      vertex -0.480000 1.020000 1.020000
      vertex -0.720836 1.020000 1.030074
      vertex -0.708946 1.020000 1.021638
    endloop
  endfacet
  facet normal -0.000000 1.000000 -0.000000
    outer loop
      vertex -0.708946 1.020000 1.021638
      vertex -0.720836 1.020000 1.030074
      vertex -0.480000 1.020000 1.020000
    endloop
  endfacet
  facet normal 0.000000 1.000000 0.000000
    outer loop
      vertex -0.480000 -1.020000 1.020000
      vertex -0.698076 -1.020000 1.011924
      vertex -0.708946 -1.020000 1.021638
    endloop
  endfacet
  facet normal -0.000000 -1.000000 -0.000000
    outer loop
      vertex -0.708946 -1.020000 1.021638
      vertex -0.698076 -1.020000 1.011924
      vertex -0.480000 -1.020000 1.020000
    endloop
  endfacet
  facet normal -0.000000 -1.000000 0.000000
    outer loop
      vertex -0.480000 1.020000 1.020000
      vertex -0.708946 1.020000 1.021638
      vertex -0.698076 1.020000 1.011924
    endloop
  endfacet
  facet normal 0.000000 1.000000 -0.000000
    outer loop
      vertex -0.698076 1.020000 1.011924
      vertex -0.708946 1.020000 1.021638
      vertex -0.480000 1.020000 1.020000
    endloop
  endfacet
  facet normal 0.000000 1.000000 0.000000
    outer loop
      vertex -0.480000 -1.020000 1.020000
      vertex -0.688362 -1.020000 1.001054
      vertex -0.698076 -1.020000 1.011924
    endloop
  endfacet
  facet normal -0.000000 -1.000000 -0.000000
    outer loop
      vertex -0.698076 -1.020000 1.011924
      vertex -0.688362 -1.020000 1.001054
      vertex -0.480000 -1.020000 1.020000
    endloop
  endfacet
  facet normal 0.000000 -1.000000 0.000000
    outer loop
      vertex -0.480000 1.020000 1.020000
      vertex -0.698076 1.020000 1.011924
      vertex -0.688362 1.020000 1.001054
    endloop
  endfacet
  facet normal -0.000000 1.000000 -0.000000
    outer loop
      vertex -0.688362 1.020000 1.001054
      vertex -0.698076 1.020000 1.011924
      vertex -0.480000 1.020000 1.020000
    endloop
  endfacet
  facet normal 0.000000 1.000000 0.000000
    outer loop
      vertex -0.480000 -1.020000 1.020000
      vertex -0.679926 -1.020000 0.989164
      vertex -0.688362 -1.020000 1.001054
    endloop
  endfacet
  facet normal -0.000000 -1.000000 -0.000000
    outer loop
      vertex -0.688362 -1.020000 1.001054
      vertex -0.679926 -1.020000 0.989164
      vertex -0.480000 -1.020000 1.020000
    endloop
  endfacet
  facet normal 0.000000 -1.000000 0.000000
    outer loop
      vertex -0.480000 1.020000 1.020000
      vertex -0.688362 1.020000 1.001054
      vertex -0.679926 1.020000 0.989164
    endloop
  endfacet
  facet normal -0.000000 1.000000 -0.000000
    outer loop
      vertex -0.679926 1.020000 0.989164
      vertex -0.688362 1.020000 1.001054
      vertex -0.480000 1.020000 1.020000
    endloop
  endfacet
  facet normal 0.000000 1.000000 0.000000
    outer loop
      vertex -0.480000 -1.020000 1.020000
      vertex -0.672874 -1.020000 0.976405
      vertex -0.679926 -1.020000 0.989164
    endloop
  endfacet
  facet normal -0.000000 -1.000000 -0.000000
    outer loop
      vertex -0.679926 -1.020000 0.989164
      vertex -0.672874 -1.020000 0.976405
      vertex -0.480000 -1.020000 1.020000
    endloop
  endfacet
  facet normal 0.000000 -1.000000 0.000000
    outer loop
      vertex -0.480000 1.020000 1.020000
      vertex -0.679926 1.020000 0.989164
      vertex -0.672874 1.020000 0.976405
    endloop
  endfacet
  facet normal -0.000000 1.000000 -0.000000
    outer loop
      vertex -0.672874 1.020000 0.976405
      vertex -0.679926 1.020000 0.989164
      vertex -0.480000 1.020000 1.020000
    endloop
  endfacet
  facet normal 0.000000 1.000000 0.000000
    outer loop
      vertex -0.480000 -1.020000 1.020000
      vertex -0.667295 -1.020000 0.962936
      vertex -0.672874 -1.020000 0.976405
    endloop
  endfacet
  facet normal -0.000000 -1.000000 -0.000000
    outer loop
      vertex -0.672874 -1.020000 0.976405
      vertex -0.667295 -1.020000 0.962936
      vertex -0.480000 -1.020000 1.020000
    endloop
  endfacet
  facet normal 0.000000 -1.000000 0.000000
    outer loop
      vertex -0.480000 1.020000 1.020000
      vertex -0.672874 1.020000 0.976405
      vertex -0.667295 1.020000 0.962936
    endloop
  endfacet
  facet normal -0.000000 1.000000 -0.000000
    outer loop
      vertex -0.667295 1.020000 0.962936
      vertex -0.672874 1.020000 0.976405
      vertex -0.480000 1.020000 1.020000
    endloop
  endfacet
  facet normal 0.000000 1.000000 0.000000
    outer loop
      vertex -0.480000 -1.020000 1.020000
      vertex -0.663259 -1.020000 0.948928
      vertex -0.667295 -1.020000 0.962936
    endloop
  endfacet
  facet normal -0.000000 -1.000000 -0.000000
    outer loop
      vertex -0.667295 -1.020000 0.962936
      vertex -0.663259 -1.020000 0.948928
      vertex -0.480000 -1.020000 1.020000
    endloop
  endfacet
  facet normal 0.000000 -1.000000 0.000000
    outer loop
      vertex -0.480000 1.020000 1.020000
      vertex -0.667295 1.020000 0.962936
      vertex -0.663259 1.020000 0.948928
    endloop
  endfacet
  facet normal -0.000000 1.000000 -0.000000
    outer loop
      vertex -0.663259 1.020000 0.948928
      vertex -0.667295 1.020000 0.962936
      vertex -0.480000 1.020000 1.020000
    endloop
  endfacet
  facet normal 0.000000 1.000000 0.000000
    outer loop
      vertex -0.480000 -1.020000 1.020000
      vertex -0.660817 -1.020000 0.934555
      vertex -0.663259 -1.020000 0.948928
    endloop
  endfacet
  facet normal -0.000000 -1.000000 -0.000000
    outer loop
      vertex -0.663259 -1.020000 0.948928
      vertex -0.660817 -1.020000 0.934555
      vertex -0.480000 -1.020000 1.020000
    endloop
  endfacet
  facet normal 0.000000 -1.000000 0.000000
    outer loop
      vertex -0.480000 1.020000 1.020000
      vertex -0.663259 1.020000 0.948928
      vertex -0.660817 1.020000 0.934555
    endloop
  endfacet
  facet normal -0.000000 1.000000 -0.000000
    outer loop
      vertex -0.660817 1.020000 0.934555
      vertex -0.663259 1.020000 0.948928
      vertex -0.480000 1.020000 1.020000
    endloop
  endfacet
  facet normal 0.000000 1.000000 0.000000
    outer loop
      vertex -0.480000 -1.020000 1.020000
      vertex -0.660000 -1.020000 0.920000
      vertex -0.660817 -1.020000 0.934555
    endloop
  endfacet
  facet normal -0.000000 -1.000000 -0.000000
    outer loop
      vertex -0.660817 -1.020000 0.934555
      vertex -0.660000 -1.020000 0.920000
      vertex -0.480000 -1.020000 1.020000
    endloop
  endfacet
  facet normal 0.000000 -1.000000 0.000000
    outer loop
      vertex -0.480000 1.020000 1.020000
      vertex -0.660817 1.020000 0.934555
      vertex -0.660000 1.020000 0.920000
    endloop
  endfacet
  facet normal -0.000000 1.000000 -0.000000
    outer loop
      vertex -0.660000 1.020000 0.920000
      vertex -0.660817 1.020000 0.934555
      vertex -0.480000 1.020000 1.020000
    endloop
  endfacet
  facet normal 0.000000 1.000000 0.000000
    outer loop
      vertex -0.480000 -1.020000 1.020000
      vertex -0.660817 -1.020000 0.905445
      vertex -0.660000 -1.020000 0.920000
    endloop
  endfacet
  facet normal -0.000000 -1.000000 -0.000000
    outer loop
      vertex -0.660000 -1.020000 0.920000
      vertex -0.660817 -1.020000 0.905445
      vertex -0.480000 -1.020000 1.020000
    endloop
  endfacet
  facet normal 0.000000 -1.000000 0.000000
    outer loop
      vertex -0.480000 1.020000 1.020000
      vertex -0.660000 1.020000 0.920000
      vertex -0.660817 1.020000 0.905445
    endloop
  endfacet
  facet normal -0.000000 1.000000 -0.000000
    outer loop
      vertex -0.660817 1.020000 0.905445
      vertex -0.660000 1.020000 0.920000
      vertex -0.480000 1.020000 1.020000
    endloop
  endfacet
  facet normal 0.000000 1.000000 0.000000
    outer loop
      vertex -0.480000 -1.020000 1.020000
      vertex -0.663259 -1.020000 0.891072
      vertex -0.660817 -1.020000 0.905445
    endloop
  endfacet
  facet normal -0.000000 -1.000000 -0.000000
    outer loop
      vertex -0.660817 -1.020000 0.905445
      vertex -0.663259 -1.020000 0.891072
      vertex -0.480000 -1.020000 1.020000
    endloop
  endfacet
  facet normal 0.000000 -1.000000 0.000000
    outer loop
      vertex -0.480000 1.020000 1.020000
      vertex -0.660817 1.020000 0.905445
      vertex -0.663259 1.020000 0.891072
    endloop
  endfacet
  facet normal -0.000000 1.000000 -0.000000
    outer loop
      vertex -0.663259 1.020000 0.891072
      vertex -0.660817 1.020000 0.905445
      vertex -0.480000 1.020000 1.020000
    endloop
  endfacet
  facet normal 0.000000 1.000000 0.000000
    outer loop
      vertex -0.480000 -1.020000 1.020000
      vertex -0.667295 -1.020000 0.877064
      vertex -0.663259 -1.020000 0.891072
    endloop
  endfacet
  facet normal -0.000000 -1.000000 -0.000000
    outer loop
      vertex -0.663259 -1.020000 0.891072
      vertex -0.667295 -1.020000 0.877064
      vertex -0.480000 -1.020000 1.020000
    endloop
  endfacet
  facet normal 0.000000 -1.000000 0.000000
    outer loop
      vertex -0.480000 1.020000 1.020000
      vertex -0.663259 1.020000 0.891072
      vertex -0.667295 1.020000 0.877064
    endloop
  endfacet
  facet normal -0.000000 1.000000 -0.000000
    outer loop
      vertex -0.667295 1.020000 0.877064
      vertex -0.663259 1.020000 0.891072
      vertex -0.480000 1.020000 1.020000
    endloop
  endfacet
  facet normal 0.000000 1.000000 0.000000
    outer loop
      vertex -0.480000 -1.020000 1.020000
      vertex -0.672874 -1.020000 0.863595
      vertex -0.667295 -1.020000 0.877064
    endloop
  endfacet
  facet normal -0.000000 -1.000000 -0.000000
    outer loop
      vertex -0.667295 -1.020000 0.877064
      vertex -0.672874 -1.020000 0.863595
      vertex -0.480000 -1.020000 1.020000
    endloop
  endfacet
  facet normal 0.000000 -1.000000 0.000000
    outer loop
      vertex -0.480000 1.020000 1.020000
      vertex -0.667295 1.020000 0.877064
      vertex -0.672874 1.020000 0.863595
    endloop
  endfacet
  facet normal -0.000000 1.000000 -0.000000
    outer loop
      vertex -0.672874 1.020000 0.863595
      vertex -0.667295 1.020000 0.877064
      vertex -0.480000 1.020000 1.020000
    endloop
  endfacet
  facet normal 0.000000 1.000000 0.000000
    outer loop
      vertex -0.480000 -1.020000 1.020000
      vertex -0.679926 -1.020000 0.850836
      vertex -0.672874 -1.020000 0.863595
    endloop
  endfacet
  facet normal -0.000000 -1.000000 -0.000000
    outer loop
      vertex -0.672874 -1.020000 0.863595
      vertex -0.679926 -1.020000 0.850836
      vertex -0.480000 -1.020000 1.020000
    endloop
  endfacet
  facet normal 0.000000 -1.000000 0.000000
    outer loop
      vertex -0.480000 1.020000 1.020000
      vertex -0.672874 1.020000 0.863595
      vertex -0.679926 1.020000 0.850836
    endloop
  endfacet
  facet normal -0.000000 1.000000 -0.000000
    outer loop
      vertex -0.679926 1.020000 0.850836
      vertex -0.672874 1.020000 0.863595
      vertex -0.480000 1.020000 1.020000
    endloop
  endfacet
  facet normal 0.000000 1.000000 0.000000
    outer loop
      vertex -0.020000 -1.020000 1.020000
      vertex -0.580000 -1.020000 -0.653397
      vertex -0.708946 -1.020000 0.818362
    endloop
  endfacet
  facet normal -0.000000 -1.000000 -0.000000
    outer loop
      vertex -0.708946 -1.020000 0.818362
      vertex -0.580000 -1.020000 -0.653397
      vertex -0.020000 -1.020000 1.020000
    endloop
  endfacet
  facet normal 0.000000 -1.000000 0.000000
    outer loop
      vertex -0.020000 1.020000 1.020000
      vertex -0.708946 1.020000 0.818362
      vertex -0.580000 1.020000 -0.653397
    endloop
  endfacet
  facet normal -0.000000 1.000000 -0.000000
    outer loop
      vertex -0.580000 1.020000 -0.653397
      vertex -0.708946 1.020000 0.818362
      vertex -0.020000 1.020000 1.020000
    endloop
  endfacet
  facet normal 0.000000 1.000000 0.000000
    outer loop
      vertex -0.480000 -1.020000 -1.020000
      vertex -0.537612 -1.020000 -0.778268
      vertex -0.533407 -1.020000 -0.765882
    endloop
  endfacet
  facet normal -0.000000 -1.000000 -0.000000
    outer loop
      vertex -0.533407 -1.020000 -0.765882
      vertex -0.537612 -1.020000 -0.778268
      vertex -0.480000 -1.020000 -1.020000
    endloop
  endfacet
  facet normal 0.000000 -1.000000 0.000000
    outer loop
      vertex -0.480000 1.020000 -1.020000
      vertex -0.533407 1.020000 -0.765882
      vertex -0.537612 1.020000 -0.778268
    endloop
  endfacet
  facet normal -0.000000 1.000000 -0.000000
    outer loop
      vertex -0.537612 1.020000 -0.778268
      vertex -0.533407 1.020000 -0.765882
      vertex -0.480000 1.020000 -1.020000
    endloop
  endfacet
  facet normal 0.000000 1.000000 0.000000
    outer loop
      vertex -0.480000 -1.020000 -1.020000
      vertex -0.543397 -1.020000 -0.790000
      vertex -0.537612 -1.020000 -0.778268
    endloop
  endfacet
  facet normal -0.000000 -1.000000 -0.000000
    outer loop
      vertex -0.537612 -1.020000 -0.778268
      vertex -0.543397 -1.020000 -0.790000
      vertex -0.480000 -1.020000 -1.020000
    endloop
  endfacet
  facet normal 0.000000 -1.000000 0.000000
    outer loop
      vertex -0.480000 1.020000 -1.020000
      vertex -0.537612 1.020000 -0.778268
      vertex -0.543397 1.020000 -0.790000
    endloop
  endfacet
  facet normal -0.000000 1.000000 -0.000000
    outer loop
      vertex -0.543397 1.020000 -0.790000
      vertex -0.537612 1.020000 -0.778268
      vertex -0.480000 1.020000 -1.020000
    endloop
  endfacet
  facet normal 0.000000 1.000000 0.000000
    outer loop
      vertex -0.480000 -1.020000 -1.020000
      vertex -0.550665 -1.020000 -0.800876
      vertex -0.543397 -1.020000 -0.790000
    endloop
  endfacet
  facet normal -0.000000 -1.000000 -0.000000
    outer loop
      vertex -0.543397 -1.020000 -0.790000
      vertex -0.550665 -1.020000 -0.800876
      vertex -0.480000 -1.020000 -1.020000
    endloop
  endfacet
  facet normal 0.000000 -1.000000 0.000000
    outer loop
      vertex -0.480000 1.020000 -1.020000
      vertex -0.543397 1.020000 -0.790000
      vertex -0.550665 1.020000 -0.800876
    endloop
  endfacet
  facet normal -0.000000 1.000000 -0.000000
    outer loop
      vertex -0.550665 1.020000 -0.800876
      vertex -0.543397 1.020000 -0.790000
      vertex -0.480000 1.020000 -1.020000
    endloop
  endfacet
  facet normal 0.000000 1.000000 0.000000
    outer loop
      vertex -0.480000 -1.020000 -1.020000
      vertex -0.559289 -1.020000 -0.810711
      vertex -0.550665 -1.020000 -0.800876
    endloop
  endfacet
  facet normal -0.000000 -1.000000 -0.000000
    outer loop
      vertex -0.550665 -1.020000 -0.800876
      vertex -0.559289 -1.020000 -0.810711
      vertex -0.480000 -1.020000 -1.020000
    endloop
  endfacet
  facet normal 0.000000 -1.000000 0.000000
    outer loop
      vertex -0.480000 1.020000 -1.020000
      vertex -0.550665 1.020000 -0.800876
      vertex -0.559289 1.020000 -0.810711
    endloop
  endfacet
  facet normal -0.000000 1.000000 -0.000000
    outer loop
      vertex -0.559289 1.020000 -0.810711
      vertex -0.550665 1.020000 -0.800876
      vertex -0.480000 1.020000 -1.020000
    endloop
  endfacet
  facet normal 0.000000 1.000000 0.000000
    outer loop
      vertex -0.480000 -1.020000 -1.020000
      vertex -0.569124 -1.020000 -0.819335
      vertex -0.559289 -1.020000 -0.810711
    endloop
  endfacet
  facet normal -0.000000 -1.000000 -0.000000
    outer loop
      vertex -0.559289 -1.020000 -0.810711
      vertex -0.569124 -1.020000 -0.819335
      vertex -0.480000 -1.020000 -1.020000
    endloop
  endfacet
  facet normal 0.000000 -1.000000 0.000000
    outer loop
      vertex -0.480000 1.020000 -1.020000
      vertex -0.559289 1.020000 -0.810711
      vertex -0.569124 1.020000 -0.819335
    endloop
  endfacet
  facet normal -0.000000 1.000000 -0.000000
    outer loop
      vertex -0.569124 1.020000 -0.819335
      vertex -0.559289 1.020000 -0.810711
      vertex -0.480000 1.020000 -1.020000
    endloop
  endfacet
  facet normal 0.000000 1.000000 0.000000
    outer loop
      vertex -0.480000 -1.020000 -1.020000
      vertex -0.580000 -1.020000 -0.826603
      vertex -0.569124 -1.020000 -0.819335
    endloop
  endfacet
  facet normal -0.000000 -1.000000 -0.000000
    outer loop
      vertex -0.569124 -1.020000 -0.819335
      vertex -0.580000 -1.020000 -0.826603
      vertex -0.480000 -1.020000 -1.020000
    endloop
  endfacet
  facet normal 0.000000 -1.000000 0.000000
    outer loop
      vertex -0.480000 1.020000 -1.020000
      vertex -0.569124 1.020000 -0.819335
      vertex -0.580000 1.020000 -0.826603
    endloop
  endfacet
  facet normal -0.000000 1.000000 -0.000000
    outer loop
      vertex -0.580000 1.020000 -0.826603
      vertex -0.569124 1.020000 -0.819335
      vertex -0.480000 1.020000 -1.020000
    endloop
  endfacet
  facet normal 0.000000 1.000000 0.000000
    outer loop
      vertex -0.480000 -1.020000 -1.020000
      vertex -0.591732 -1.020000 -0.832388
      vertex -0.580000 -1.020000 -0.826603
    endloop
  endfacet
  facet normal -0.000000 -1.000000 -0.000000
    outer loop
      vertex -0.580000 -1.020000 -0.826603
      vertex -0.591732 -1.020000 -0.832388
      vertex -0.480000 -1.020000 -1.020000
    endloop
  endfacet
  facet normal 0.000000 -1.000000 0.000000
    outer loop
      vertex -0.480000 1.020000 -1.020000
      vertex -0.580000 1.020000 -0.826603
      vertex -0.591732 1.020000 -0.832388
    endloop
  endfacet
  facet normal -0.000000 1.000000 -0.000000
    outer loop
      vertex -0.591732 1.020000 -0.832388
      vertex -0.580000 1.020000 -0.826603
      vertex -0.480000 1.020000 -1.020000
    endloop
  endfacet
  facet normal 0.000000 1.000000 0.000000
    outer loop
      vertex -0.480000 -1.020000 -1.020000
      vertex -0.604118 -1.020000 -0.836593
      vertex -0.591732 -1.020000 -0.832388
    endloop
  endfacet
  facet normal -0.000000 -1.000000 -0.000000
    outer loop
      vertex -0.591732 -1.020000 -0.832388
      vertex -0.604118 -1.020000 -0.836593
      vertex -0.480000 -1.020000 -1.020000
    endloop
  endfacet
  facet normal 0.000000 -1.000000 0.000000
    outer loop
      vertex -0.480000 1.020000 -1.020000
      vertex -0.591732 1.020000 -0.832388
      vertex -0.604118 1.020000 -0.836593
    endloop
  endfacet
  facet normal -0.000000 1.000000 -0.000000
    outer loop
      vertex -0.604118 1.020000 -0.836593
      vertex -0.591732 1.020000 -0.832388
      vertex -0.480000 1.020000 -1.020000
    endloop
  endfacet
  facet normal 0.000000 1.000000 0.000000
    outer loop
      vertex -0.480000 -1.020000 -1.020000
      vertex -0.616947 -1.020000 -0.839144
      vertex -0.604118 -1.020000 -0.836593
    endloop
  endfacet
  facet normal -0.000000 -1.000000 -0.000000
    outer loop
      vertex -0.604118 -1.020000 -0.836593
      vertex -0.616947 -1.020000 -0.839144
      vertex -0.480000 -1.020000 -1.020000
    endloop
  endfacet
  facet normal 0.000000 -1.000000 0.000000
    outer loop
      vertex -0.480000 1.020000 -1.020000
      vertex -0.604118 1.020000 -0.836593
      vertex -0.616947 1.020000 -0.839144
    endloop
  endfacet
  facet normal -0.000000 1.000000 -0.000000
    outer loop
      vertex -0.616947 1.020000 -0.839144
      vertex -0.604118 1.020000 -0.836593
      vertex -0.480000 1.020000 -1.020000
    endloop
  endfacet
  facet normal 0.000000 1.000000 0.000000
    outer loop
      vertex -0.480000 -1.020000 -1.020000
      vertex -0.630000 -1.020000 -0.840000
      vertex -0.616947 -1.020000 -0.839144
    endloop
  endfacet
  facet normal -0.000000 -1.000000 -0.000000
    outer loop
      vertex -0.616947 -1.020000 -0.839144
      vertex -0.630000 -1.020000 -0.840000
      vertex -0.480000 -1.020000 -1.020000
    endloop
  endfacet
  facet normal 0.000000 -1.000000 0.000000
    outer loop
      vertex -0.480000 1.020000 -1.020000
      vertex -0.616947 1.020000 -0.839144
      vertex -0.630000 1.020000 -0.840000
    endloop
  endfacet
  facet normal -0.000000 1.000000 -0.000000
    outer loop
      vertex -0.630000 1.020000 -0.840000
      vertex -0.616947 1.020000 -0.839144
      vertex -0.480000 1.020000 -1.020000
    endloop
  endfacet
  facet normal 0.000000 1.000000 0.000000
    outer loop
      vertex -0.480000 -1.020000 -1.020000
      vertex -0.643053 -1.020000 -0.839144
      vertex -0.630000 -1.020000 -0.840000
    endloop
  endfacet
  facet normal -0.000000 -1.000000 -0.000000
    outer loop
      vertex -0.630000 -1.020000 -0.840000
      vertex -0.643053 -1.020000 -0.839144
      vertex -0.480000 -1.020000 -1.020000
    endloop
  endfacet
  facet normal 0.000000 -1.000000 0.000000
    outer loop
      vertex -0.480000 1.020000 -1.020000
      vertex -0.630000 1.020000 -0.840000
      vertex -0.643053 1.020000 -0.839144
    endloop
  endfacet
  facet normal -0.000000 1.000000 -0.000000
    outer loop
      vertex -0.643053 1.020000 -0.839144
      vertex -0.630000 1.020000 -0.840000
      vertex -0.480000 1.020000 -1.020000
    endloop
  endfacet
  facet normal 0.000000 1.000000 0.000000
    outer loop
      vertex -0.480000 -1.020000 -1.020000
      vertex -0.655882 -1.020000 -0.836593
      vertex -0.643053 -1.020000 -0.839144
    endloop
  endfacet
  facet normal -0.000000 -1.000000 -0.000000
    outer loop
      vertex -0.643053 -1.020000 -0.839144
      vertex -0.655882 -1.020000 -0.836593
      vertex -0.480000 -1.020000 -1.020000
    endloop
  endfacet
  facet normal 0.000000 -1.000000 0.000000
    outer loop
      vertex -0.480000 1.020000 -1.020000
      vertex -0.643053 1.020000 -0.839144
      vertex -0.655882 1.020000 -0.836593
    endloop
  endfacet
  facet normal -0.000000 1.000000 -0.000000
    outer loop
      vertex -0.655882 1.020000 -0.836593
      vertex -0.643053 1.020000 -0.839144
      vertex -0.480000 1.020000 -1.020000
    endloop
  endfacet
  facet normal 0.000000 1.000000 0.000000
    outer loop
      vertex -0.480000 -1.020000 -1.020000
      vertex -0.668268 -1.020000 -0.832388
      vertex -0.655882 -1.020000 -0.836593
    endloop
  endfacet
  facet normal -0.000000 -1.000000 -0.000000
    outer loop
      vertex -0.655882 -1.020000 -0.836593
      vertex -0.668268 -1.020000 -0.832388
      vertex -0.480000 -1.020000 -1.020000
    endloop
  endfacet
  facet normal 0.000000 -1.000000 0.000000
    outer loop
      vertex -0.480000 1.020000 -1.020000
      vertex -0.655882 1.020000 -0.836593
      vertex -0.668268 1.020000 -0.832388
    endloop
  endfacet
  facet normal -0.000000 1.000000 -0.000000
    outer loop
      vertex -0.668268 1.020000 -0.832388
      vertex -0.655882 1.020000 -0.836593
      vertex -0.480000 1.020000 -1.020000
    endloop
  endfacet
  facet normal 0.000000 1.000000 -0.000000
    outer loop
      vertex -0.729144 -1.020000 -0.726947
      vertex -0.907126 -1.020000 0.863595
      vertex -0.726593 -1.020000 -0.714118
    endloop
  endfacet
  facet normal -0.000000 -1.000000 0.000000
    outer loop
      vertex -0.726593 -1.020000 -0.714118
      vertex -0.907126 -1.020000 0.863595
      vertex -0.729144 -1.020000 -0.726947
    endloop
  endfacet
  facet normal 0.000000 -1.000000 0.000000
    outer loop
      vertex -0.729144 1.020000 -0.726947
      vertex -0.726593 1.020000 -0.714118
      vertex -0.907126 1.020000 0.863595
    endloop
  endfacet
  facet normal -0.000000 1.000000 -0.000000
    outer loop
      vertex -0.907126 1.020000 0.863595
      vertex -0.726593 1.020000 -0.714118
      vertex -0.729144 1.020000 -0.726947
    endloop
  endfacet
  facet normal 0.000000 1.000000 0.000000
    outer loop
      vertex -0.907126 -1.020000 0.863595
      vertex -0.900074 -1.020000 0.850836
      vertex -0.726593 -1.020000 -0.714118
    endloop
  endfacet
  facet normal -0.000000 -1.000000 -0.000000
    outer loop
      vertex -0.726593 -1.020000 -0.714118
      vertex -0.900074 -1.020000 0.850836
      vertex -0.907126 -1.020000 0.863595
    endloop
  endfacet
  facet normal 0.000000 -1.000000 0.000000
    outer loop
      vertex -0.907126 1.020000 0.863595
      vertex -0.726593 1.020000 -0.714118
      vertex -0.900074 1.020000 0.850836
    endloop
  endfacet
  facet normal -0.000000 1.000000 -0.000000
    outer loop
      vertex -0.900074 1.020000 0.850836
      vertex -0.726593 1.020000 -0.714118
      vertex -0.907126 1.020000 0.863595
    endloop
  endfacet
  facet normal 0.000000 1.000000 0.000000
    outer loop
      vertex -0.900074 -1.020000 0.850836
      vertex -0.722388 -1.020000 -0.701732
      vertex -0.726593 -1.020000 -0.714118
    endloop
  endfacet
  facet normal -0.000000 -1.000000 -0.000000
    outer loop
      vertex -0.726593 -1.020000 -0.714118
      vertex -0.722388 -1.020000 -0.701732
      vertex -0.900074 -1.020000 0.850836
    endloop
  endfacet
  facet normal 0.000000 -1.000000 0.000000
    outer loop
      vertex -0.900074 1.020000 0.850836
      vertex -0.726593 1.020000 -0.714118
      vertex -0.722388 1.020000 -0.701732
    endloop
  endfacet
  facet normal -0.000000 1.000000 -0.000000
    outer loop
      vertex -0.722388 1.020000 -0.701732
      vertex -0.726593 1.020000 -0.714118
      vertex -0.900074 1.020000 0.850836
    endloop
  endfacet
  facet normal 0.000000 1.000000 0.000000
    outer loop
      vertex -0.900074 -1.020000 0.850836
      vertex -0.891638 -1.020000 0.838946
      vertex -0.722388 -1.020000 -0.701732
    endloop
  endfacet
  facet normal -0.000000 -1.000000 -0.000000
    outer loop
      vertex -0.722388 -1.020000 -0.701732
      vertex -0.891638 -1.020000 0.838946
      vertex -0.900074 -1.020000 0.850836
    endloop
  endfacet
  facet normal 0.000000 -1.000000 0.000000
    outer loop
      vertex -0.900074 1.020000 0.850836
      vertex -0.722388 1.020000 -0.701732
      vertex -0.891638 1.020000 0.838946
    endloop
  endfacet
  facet normal -0.000000 1.000000 -0.000000
    outer loop
      vertex -0.891638 1.020000 0.838946
      vertex -0.722388 1.020000 -0.701732
      vertex -0.900074 1.020000 0.850836
    endloop
  endfacet
  facet normal 0.000000 1.000000 0.000000
    outer loop
      vertex -0.891638 -1.020000 0.838946
      vertex -0.716603 -1.020000 -0.690000
      vertex -0.722388 -1.020000 -0.701732
    endloop
  endfacet
  facet normal -0.000000 -1.000000 -0.000000
    outer loop
      vertex -0.722388 -1.020000 -0.701732
      vertex -0.716603 -1.020000 -0.690000
      vertex -0.891638 -1.020000 0.838946
    endloop
  endfacet
  facet normal 0.000000 -1.000000 0.000000
    outer loop
      vertex -0.891638 1.020000 0.838946
      vertex -0.722388 1.020000 -0.701732
      vertex -0.716603 1.020000 -0.690000
    endloop
  endfacet
  facet normal -0.000000 1.000000 -0.000000
    outer loop
      vertex -0.716603 1.020000 -0.690000
      vertex -0.722388 1.020000 -0.701732
      vertex -0.891638 1.020000 0.838946
    endloop
  endfacet
  facet normal 0.000000 1.000000 0.000000
    outer loop
      vertex -0.891638 -1.020000 0.838946
      vertex -0.881924 -1.020000 0.828076
      vertex -0.716603 -1.020000 -0.690000
    endloop
  endfacet
  facet normal -0.000000 -1.000000 -0.000000
    outer loop
      vertex -0.716603 -1.020000 -0.690000
      vertex -0.881924 -1.020000 0.828076
      vertex -0.891638 -1.020000 0.838946
    endloop
  endfacet
  facet normal 0.000000 -1.000000 0.000000
    outer loop
      vertex -0.891638 1.020000 0.838946
      vertex -0.716603 1.020000 -0.690000
      vertex -0.881924 1.020000 0.828076
    endloop
  endfacet
  facet normal -0.000000 1.000000 -0.000000
    outer loop
      vertex -0.881924 1.020000 0.828076
      vertex -0.716603 1.020000 -0.690000
      vertex -0.891638 1.020000 0.838946
    endloop
  endfacet
  facet normal 0.000000 1.000000 0.000000
    outer loop
      vertex -0.881924 -1.020000 0.828076
      vertex -0.709335 -1.020000 -0.679124
      vertex -0.716603 -1.020000 -0.690000
    endloop
  endfacet
  facet normal -0.000000 -1.000000 -0.000000
    outer loop
      vertex -0.716603 -1.020000 -0.690000
      vertex -0.709335 -1.020000 -0.679124
      vertex -0.881924 -1.020000 0.828076
    endloop
  endfacet
  facet normal 0.000000 -1.000000 0.000000
    outer loop
      vertex -0.881924 1.020000 0.828076
      vertex -0.716603 1.020000 -0.690000
      vertex -0.709335 1.020000 -0.679124
    endloop
  endfacet
  facet normal -0.000000 1.000000 -0.000000
    outer loop
      vertex -0.709335 1.020000 -0.679124
      vertex -0.716603 1.020000 -0.690000
      vertex -0.881924 1.020000 0.828076
    endloop
  endfacet
  facet normal 0.000000 1.000000 0.000000
    outer loop
      vertex -0.881924 -1.020000 0.828076
      vertex -0.871054 -1.020000 0.818362
      vertex -0.709335 -1.020000 -0.679124
    endloop
  endfacet
  facet normal -0.000000 -1.000000 -0.000000
    outer loop
      vertex -0.709335 -1.020000 -0.679124
      vertex -0.871054 -1.020000 0.818362
      vertex -0.881924 -1.020000 0.828076
    endloop
  endfacet
  facet normal 0.000000 -1.000000 0.000000
    outer loop
      vertex -0.881924 1.020000 0.828076
      vertex -0.709335 1.020000 -0.679124
      vertex -0.871054 1.020000 0.818362
    endloop
  endfacet
  facet normal -0.000000 1.000000 -0.000000
    outer loop
      vertex -0.871054 1.020000 0.818362
      vertex -0.709335 1.020000 -0.679124
      vertex -0.881924 1.020000 0.828076
    endloop
  endfacet
  facet normal 0.000000 1.000000 0.000000
    outer loop
      vertex -0.871054 -1.020000 0.818362
      vertex -0.700711 -1.020000 -0.669289
      vertex -0.709335 -1.020000 -0.679124
    endloop
  endfacet
  facet normal -0.000000 -1.000000 -0.000000
    outer loop
      vertex -0.709335 -1.020000 -0.679124
      vertex -0.700711 -1.020000 -0.669289
      vertex -0.871054 -1.020000 0.818362
    endloop
  endfacet
  facet normal 0.000000 -1.000000 0.000000
    outer loop
      vertex -0.871054 1.020000 0.818362
      vertex -0.709335 1.020000 -0.679124
      vertex -0.700711 1.020000 -0.669289
    endloop
  endfacet
  facet normal -0.000000 1.000000 -0.000000
    outer loop
      vertex -0.700711 1.020000 -0.669289
      vertex -0.709335 1.020000 -0.679124
      vertex -0.871054 1.020000 0.818362
    endloop
  endfacet
  facet normal 0.000000 1.000000 0.000000
    outer loop
      vertex -0.871054 -1.020000 0.818362
      vertex -0.859164 -1.020000 0.809926
      vertex -0.700711 -1.020000 -0.669289
    endloop
  endfacet
  facet normal -0.000000 -1.000000 -0.000000
    outer loop
      vertex -0.700711 -1.020000 -0.669289
      vertex -0.859164 -1.020000 0.809926
      vertex -0.871054 -1.020000 0.818362
    endloop
  endfacet
  facet normal 0.000000 -1.000000 0.000000
    outer loop
      vertex -0.871054 1.020000 0.818362
      vertex -0.700711 1.020000 -0.669289
      vertex -0.859164 1.020000 0.809926
    endloop
  endfacet
  facet normal -0.000000 1.000000 -0.000000
    outer loop
      vertex -0.859164 1.020000 0.809926
      vertex -0.700711 1.020000 -0.669289
      vertex -0.871054 1.020000 0.818362
    endloop
  endfacet
  facet normal 0.000000 1.000000 0.000000
    outer loop
      vertex -0.859164 -1.020000 0.809926
      vertex -0.690876 -1.020000 -0.660665
      vertex -0.700711 -1.020000 -0.669289
    endloop
  endfacet
  facet normal -0.000000 -1.000000 -0.000000
    outer loop
      vertex -0.700711 -1.020000 -0.669289
      vertex -0.690876 -1.020000 -0.660665
      vertex -0.859164 -1.020000 0.809926
    endloop
  endfacet
  facet normal 0.000000 -1.000000 0.000000
    outer loop
      vertex -0.859164 1.020000 0.809926
      vertex -0.700711 1.020000 -0.669289
      vertex -0.690876 1.020000 -0.660665
    endloop
  endfacet
  facet normal -0.000000 1.000000 -0.000000
    outer loop
      vertex -0.690876 1.020000 -0.660665
      vertex -0.700711 1.020000 -0.669289
      vertex -0.859164 1.020000 0.809926
    endloop
  endfacet
  facet normal 0.000000 1.000000 0.000000
    outer loop
      vertex -0.859164 -1.020000 0.809926
      vertex -0.846405 -1.020000 0.802874
      vertex -0.690876 -1.020000 -0.660665
    endloop
  endfacet
  facet normal -0.000000 -1.000000 -0.000000
    outer loop
      vertex -0.690876 -1.020000 -0.660665
      vertex -0.846405 -1.020000 0.802874
      vertex -0.859164 -1.020000 0.809926
    endloop
  endfacet
  facet normal 0.000000 -1.000000 0.000000
    outer loop
      vertex -0.859164 1.020000 0.809926
      vertex -0.690876 1.020000 -0.660665
      vertex -0.846405 1.020000 0.802874
    endloop
  endfacet
  facet normal -0.000000 1.000000 -0.000000
    outer loop
      vertex -0.846405 1.020000 0.802874
      vertex -0.690876 1.020000 -0.660665
      vertex -0.859164 1.020000 0.809926
    endloop
  endfacet
  facet normal 0.000000 1.000000 0.000000
    outer loop
      vertex -0.846405 -1.020000 0.802874
      vertex -0.832936 -1.020000 0.797295
      vertex -0.690876 -1.020000 -0.660665
    endloop
  endfacet
  facet normal -0.000000 -1.000000 -0.000000
    outer loop
      vertex -0.690876 -1.020000 -0.660665
      vertex -0.832936 -1.020000 0.797295
      vertex -0.846405 -1.020000 0.802874
    endloop
  endfacet
  facet normal 0.000000 -1.000000 0.000000
    outer loop
      vertex -0.846405 1.020000 0.802874
      vertex -0.690876 1.020000 -0.660665
      vertex -0.832936 1.020000 0.797295
    endloop
  endfacet
  facet normal -0.000000 1.000000 -0.000000
    outer loop
      vertex -0.832936 1.020000 0.797295
      vertex -0.690876 1.020000 -0.660665
      vertex -0.846405 1.020000 0.802874
    endloop
  endfacet
  facet normal 0.000000 1.000000 0.000000
    outer loop
      vertex -0.832936 -1.020000 0.797295
      vertex -0.680000 -1.020000 -0.653397
      vertex -0.690876 -1.020000 -0.660665
    endloop
  endfacet
  facet normal -0.000000 -1.000000 -0.000000
    outer loop
      vertex -0.690876 -1.020000 -0.660665
      vertex -0.680000 -1.020000 -0.653397
      vertex -0.832936 -1.020000 0.797295
    endloop
  endfacet
  facet normal 0.000000 -1.000000 0.000000
    outer loop
      vertex -0.832936 1.020000 0.797295
      vertex -0.690876 1.020000 -0.660665
      vertex -0.680000 1.020000 -0.653397
    endloop
  endfacet
  facet normal -0.000000 1.000000 -0.000000
    outer loop
      vertex -0.680000 1.020000 -0.653397
      vertex -0.690876 1.020000 -0.660665
      vertex -0.832936 1.020000 0.797295
    endloop
  endfacet
  facet normal 0.000000 1.000000 0.000000
    outer loop
      vertex -0.832936 -1.020000 0.797295
      vertex -0.818928 -1.020000 0.793259
      vertex -0.680000 -1.020000 -0.653397
    endloop
  endfacet
  facet normal -0.000000 -1.000000 -0.000000
    outer loop
      vertex -0.680000 -1.020000 -0.653397
      vertex -0.818928 -1.020000 0.793259
      vertex -0.832936 -1.020000 0.797295
    endloop
  endfacet
  facet normal 0.000000 -1.000000 0.000000
    outer loop
      vertex -0.832936 1.020000 0.797295
      vertex -0.680000 1.020000 -0.653397
      vertex -0.818928 1.020000 0.793259
    endloop
  endfacet
  facet normal -0.000000 1.000000 -0.000000
    outer loop
      vertex -0.818928 1.020000 0.793259
      vertex -0.680000 1.020000 -0.653397
      vertex -0.832936 1.020000 0.797295
    endloop
  endfacet
  facet normal 0.000000 1.000000 0.000000
    outer loop
      vertex -0.818928 -1.020000 0.793259
      vertex -0.668268 -1.020000 -0.647612
      vertex -0.680000 -1.020000 -0.653397
    endloop
  endfacet
  facet normal -0.000000 -1.000000 -0.000000
    outer loop
      vertex -0.680000 -1.020000 -0.653397
      vertex -0.668268 -1.020000 -0.647612
      vertex -0.818928 -1.020000 0.793259
    endloop
  endfacet
  facet normal 0.000000 -1.000000 0.000000
    outer loop
      vertex -0.818928 1.020000 0.793259
      vertex -0.680000 1.020000 -0.653397
      vertex -0.668268 1.020000 -0.647612
    endloop
  endfacet
  facet normal -0.000000 1.000000 -0.000000
    outer loop
      vertex -0.668268 1.020000 -0.647612
      vertex -0.680000 1.020000 -0.653397
      vertex -0.818928 1.020000 0.793259
    endloop
  endfacet
  facet normal 0.000000 1.000000 0.000000
    outer loop
      vertex -0.818928 -1.020000 0.793259
      vertex -0.804555 -1.020000 0.790817
      vertex -0.668268 -1.020000 -0.647612
    endloop
  endfacet
  facet normal -0.000000 -1.000000 -0.000000
    outer loop
      vertex -0.668268 -1.020000 -0.647612
      vertex -0.804555 -1.020000 0.790817
      vertex -0.818928 -1.020000 0.793259
    endloop
  endfacet
  facet normal 0.000000 -1.000000 0.000000
    outer loop
      vertex -0.818928 1.020000 0.793259
      vertex -0.668268 1.020000 -0.647612
      vertex -0.804555 1.020000 0.790817
    endloop
  endfacet
  facet normal -0.000000 1.000000 -0.000000
    outer loop
      vertex -0.804555 1.020000 0.790817
      vertex -0.668268 1.020000 -0.647612
      vertex -0.818928 1.020000 0.793259
    endloop
  endfacet
  facet normal 0.000000 1.000000 0.000000
    outer loop
      vertex -0.804555 -1.020000 0.790817
      vertex -0.655882 -1.020000 -0.643407
      vertex -0.668268 -1.020000 -0.647612
    endloop
  endfacet
  facet normal -0.000000 -1.000000 -0.000000
    outer loop
      vertex -0.668268 -1.020000 -0.647612
      vertex -0.655882 -1.020000 -0.643407
      vertex -0.804555 -1.020000 0.790817
    endloop
  endfacet
  facet normal 0.000000 -1.000000 0.000000
    outer loop
      vertex -0.804555 1.020000 0.790817
      vertex -0.668268 1.020000 -0.647612
      vertex -0.655882 1.020000 -0.643407
    endloop
  endfacet
  facet normal -0.000000 1.000000 -0.000000
    outer loop
      vertex -0.655882 1.020000 -0.643407
      vertex -0.668268 1.020000 -0.647612
      vertex -0.804555 1.020000 0.790817
    endloop
  endfacet
  facet normal 0.000000 1.000000 0.000000
    outer loop
      vertex -0.804555 -1.020000 0.790817
      vertex -0.790000 -1.020000 0.790000
      vertex -0.655882 -1.020000 -0.643407
    endloop
  endfacet
  facet normal -0.000000 -1.000000 -0.000000
    outer loop
      vertex -0.655882 -1.020000 -0.643407
      vertex -0.790000 -1.020000 0.790000
      vertex -0.804555 -1.020000 0.790817
    endloop
  endfacet
  facet normal 0.000000 -1.000000 0.000000
    outer loop
      vertex -0.804555 1.020000 0.790817
      vertex -0.655882 1.020000 -0.643407
      vertex -0.790000 1.020000 0.790000
    endloop
  endfacet
  facet normal -0.000000 1.000000 -0.000000
    outer loop
      vertex -0.790000 1.020000 0.790000
      vertex -0.655882 1.020000 -0.643407
      vertex -0.804555 1.020000 0.790817
    endloop
  endfacet
  facet normal 0.000000 1.000000 0.000000
    outer loop
      vertex -0.790000 -1.020000 0.790000
      vertex -0.643053 -1.020000 -0.640856
      vertex -0.655882 -1.020000 -0.643407
    endloop
  endfacet
  facet normal -0.000000 -1.000000 -0.000000
    outer loop
      vertex -0.655882 -1.020000 -0.643407
      vertex -0.643053 -1.020000 -0.640856
      vertex -0.790000 -1.020000 0.790000
    endloop
  endfacet
  facet normal 0.000000 -1.000000 0.000000
    outer loop
      vertex -0.790000 1.020000 0.790000
      vertex -0.655882 1.020000 -0.643407
      vertex -0.643053 1.020000 -0.640856
    endloop
  endfacet
  facet normal -0.000000 1.000000 -0.000000
    outer loop
      vertex -0.643053 1.020000 -0.640856
      vertex -0.655882 1.020000 -0.643407
      vertex -0.790000 1.020000 0.790000
    endloop
  endfacet
  facet normal -0.000000 1.000000 0.000000
    outer loop
      vertex -0.790000 -1.020000 0.790000
      vertex -0.775445 -1.020000 0.790817
      vertex -0.643053 -1.020000 -0.640856
    endloop
  endfacet
  facet normal 0.000000 -1.000000 -0.000000
    outer loop
      vertex -0.643053 -1.020000 -0.640856
      vertex -0.775445 -1.020000 0.790817
      vertex -0.790000 -1.020000 0.790000
    endloop
  endfacet
  facet normal 0.000000 -1.000000 0.000000
    outer loop
      vertex -0.790000 1.020000 0.790000
      vertex -0.643053 1.020000 -0.640856
      vertex -0.775445 1.020000 0.790817
    endloop
  endfacet
  facet normal -0.000000 1.000000 -0.000000
    outer loop
      vertex -0.775445 1.020000 0.790817
      vertex -0.643053 1.020000 -0.640856
      vertex -0.790000 1.020000 0.790000
    endloop
  endfacet
  facet normal 0.000000 1.000000 0.000000
    outer loop
      vertex -0.775445 -1.020000 0.790817
      vertex -0.630000 -1.020000 -0.640000
      vertex -0.643053 -1.020000 -0.640856
    endloop
  endfacet
  facet normal -0.000000 -1.000000 -0.000000
    outer loop
      vertex -0.643053 -1.020000 -0.640856
      vertex -0.630000 -1.020000 -0.640000
      vertex -0.775445 -1.020000 0.790817
    endloop
  endfacet
  facet normal 0.000000 -1.000000 0.000000
    outer loop
      vertex -0.775445 1.020000 0.790817
      vertex -0.643053 1.020000 -0.640856
      vertex -0.630000 1.020000 -0.640000
    endloop
  endfacet
  facet normal -0.000000 1.000000 -0.000000
    outer loop
      vertex -0.630000 1.020000 -0.640000
      vertex -0.643053 1.020000 -0.640856
      vertex -0.775445 1.020000 0.790817
    endloop
  endfacet
  facet normal -0.000000 1.000000 0.000000
    outer loop
      vertex -0.775445 -1.020000 0.790817
      vertex -0.761072 -1.020000 0.793259
      vertex -0.630000 -1.020000 -0.640000
    endloop
  endfacet
  facet normal 0.000000 -1.000000 -0.000000
    outer loop
      vertex -0.630000 -1.020000 -0.640000
      vertex -0.761072 -1.020000 0.793259
      vertex -0.775445 -1.020000 0.790817
    endloop
  endfacet
  facet normal 0.000000 -1.000000 0.000000
    outer loop
      vertex -0.775445 1.020000 0.790817
      vertex -0.630000 1.020000 -0.640000
      vertex -0.761072 1.020000 0.793259
    endloop
  endfacet
  facet normal -0.000000 1.000000 -0.000000
    outer loop
      vertex -0.761072 1.020000 0.793259
      vertex -0.630000 1.020000 -0.640000
      vertex -0.775445 1.020000 0.790817
    endloop
  endfacet
  facet normal 0.000000 1.000000 0.000000
    outer loop
      vertex -0.761072 -1.020000 0.793259
      vertex -0.616947 -1.020000 -0.640856
      vertex -0.630000 -1.020000 -0.640000
    endloop
  endfacet
  facet normal -0.000000 -1.000000 -0.000000
    outer loop
      vertex -0.630000 -1.020000 -0.640000
      vertex -0.616947 -1.020000 -0.640856
      vertex -0.761072 -1.020000 0.793259
    endloop
  endfacet
  facet normal 0.000000 -1.000000 0.000000
    outer loop
      vertex -0.761072 1.020000 0.793259
      vertex -0.630000 1.020000 -0.640000
      vertex -0.616947 1.020000 -0.640856
    endloop
  endfacet
  facet normal -0.000000 1.000000 -0.000000
    outer loop
      vertex -0.616947 1.020000 -0.640856
      vertex -0.630000 1.020000 -0.640000
      vertex -0.761072 1.020000 0.793259
    endloop
  endfacet
  facet normal -0.000000 1.000000 0.000000
    outer loop
      vertex -0.761072 -1.020000 0.793259
      vertex -0.747064 -1.020000 0.797295
      vertex -0.616947 -1.020000 -0.640856
    endloop
  endfacet
  facet normal 0.000000 -1.000000 -0.000000
    outer loop
      vertex -0.616947 -1.020000 -0.640856
      vertex -0.747064 -1.020000 0.797295
      vertex -0.761072 -1.020000 0.793259
    endloop
  endfacet
  facet normal 0.000000 -1.000000 0.000000
    outer loop
      vertex -0.761072 1.020000 0.793259
      vertex -0.616947 1.020000 -0.640856
      vertex -0.747064 1.020000 0.797295
    endloop
  endfacet
  facet normal -0.000000 1.000000 -0.000000
    outer loop
      vertex -0.747064 1.020000 0.797295
      vertex -0.616947 1.020000 -0.640856
      vertex -0.761072 1.020000 0.793259
    endloop
  endfacet
  facet normal 0.000000 1.000000 0.000000
    outer loop
      vertex -0.747064 -1.020000 0.797295
      vertex -0.604118 -1.020000 -0.643407
      vertex -0.616947 -1.020000 -0.640856
    endloop
  endfacet
  facet normal -0.000000 -1.000000 -0.000000
    outer loop
      vertex -0.616947 -1.020000 -0.640856
      vertex -0.604118 -1.020000 -0.643407
      vertex -0.747064 -1.020000 0.797295
    endloop
  endfacet
  facet normal 0.000000 -1.000000 0.000000
    outer loop
      vertex -0.747064 1.020000 0.797295
      vertex -0.616947 1.020000 -0.640856
      vertex -0.604118 1.020000 -0.643407
    endloop
  endfacet
  facet normal -0.000000 1.000000 -0.000000
    outer loop
      vertex -0.604118 1.020000 -0.643407
      vertex -0.616947 1.020000 -0.640856
      vertex -0.747064 1.020000 0.797295
    endloop
  endfacet
  facet normal -0.000000 1.000000 0.000000
    outer loop
      vertex -0.747064 -1.020000 0.797295
      vertex -0.733595 -1.020000 0.802874
      vertex -0.604118 -1.020000 -0.643407
    endloop
  endfacet
  facet normal 0.000000 -1.000000 -0.000000
    outer loop
      vertex -0.604118 -1.020000 -0.643407
      vertex -0.733595 -1.020000 0.802874
      vertex -0.747064 -1.020000 0.797295
    endloop
  endfacet
  facet normal 0.000000 -1.000000 0.000000
    outer loop
      vertex -0.747064 1.020000 0.797295
      vertex -0.604118 1.020000 -0.643407
      vertex -0.733595 1.020000 0.802874
    endloop
  endfacet
  facet normal -0.000000 1.000000 -0.000000
    outer loop
      vertex -0.733595 1.020000 0.802874
      vertex -0.604118 1.020000 -0.643407
      vertex -0.747064 1.020000 0.797295
    endloop
  endfacet
  facet normal 0.000000 1.000000 0.000000
    outer loop
      vertex -0.733595 -1.020000 0.802874
      vertex -0.591732 -1.020000 -0.647612
      vertex -0.604118 -1.020000 -0.643407
    endloop
  endfacet
  facet normal -0.000000 -1.000000 -0.000000
    outer loop
      vertex -0.604118 -1.020000 -0.643407
      vertex -0.591732 -1.020000 -0.647612
      vertex -0.733595 -1.020000 0.802874
    endloop
  endfacet
  facet normal 0.000000 -1.000000 0.000000
    outer loop
      vertex -0.733595 1.020000 0.802874
      vertex -0.604118 1.020000 -0.643407
      vertex -0.591732 1.020000 -0.647612
    endloop
  endfacet
  facet normal -0.000000 1.000000 -0.000000
    outer loop
      vertex -0.591732 1.020000 -0.647612
      vertex -0.604118 1.020000 -0.643407
      vertex -0.733595 1.020000 0.802874
    endloop
  endfacet
  facet normal -0.000000 1.000000 0.000000
    outer loop
      vertex -0.733595 -1.020000 0.802874
      vertex -0.720836 -1.020000 0.809926
      vertex -0.591732 -1.020000 -0.647612
    endloop
  endfacet
  facet normal 0.000000 -1.000000 -0.000000
    outer loop
      vertex -0.591732 -1.020000 -0.647612
      vertex -0.720836 -1.020000 0.809926
      vertex -0.733595 -1.020000 0.802874
    endloop
  endfacet
  facet normal 0.000000 -1.000000 0.000000
    outer loop
      vertex -0.733595 1.020000 0.802874
      vertex -0.591732 1.020000 -0.647612
      vertex -0.720836 1.020000 0.809926
    endloop
  endfacet
  facet normal -0.000000 1.000000 -0.000000
    outer loop
      vertex -0.720836 1.020000 0.809926
      vertex -0.591732 1.020000 -0.647612
      vertex -0.733595 1.020000 0.802874
    endloop
  endfacet
  facet normal -0.000000 1.000000 0.000000
    outer loop
      vertex -0.720836 -1.020000 0.809926
      vertex -0.708946 -1.020000 0.818362
      vertex -0.591732 -1.020000 -0.647612
    endloop
  endfacet
  facet normal 0.000000 -1.000000 -0.000000
    outer loop
      vertex -0.591732 -1.020000 -0.647612
      vertex -0.708946 -1.020000 0.818362
      vertex -0.720836 -1.020000 0.809926
    endloop
  endfacet
  facet normal 0.000000 -1.000000 0.000000
    outer loop
      vertex -0.720836 1.020000 0.809926
      vertex -0.591732 1.020000 -0.647612
      vertex -0.708946 1.020000 0.818362
    endloop
  endfacet
  facet normal -0.000000 1.000000 -0.000000
    outer loop
      vertex -0.708946 1.020000 0.818362
      vertex -0.591732 1.020000 -0.647612
      vertex -0.720836 1.020000 0.809926
    endloop
  endfacet
  facet normal 0.000000 1.000000 0.000000
    outer loop
      vertex -0.708946 -1.020000 0.818362
      vertex -0.580000 -1.020000 -0.653397
      vertex -0.591732 -1.020000 -0.647612
    endloop
  endfacet
  facet normal -0.000000 -1.000000 -0.000000
    outer loop
      vertex -0.591732 -1.020000 -0.647612
      vertex -0.580000 -1.020000 -0.653397
      vertex -0.708946 -1.020000 0.818362
    endloop
  endfacet
  facet normal 0.000000 -1.000000 0.000000
    outer loop
      vertex -0.708946 1.020000 0.818362
      vertex -0.591732 1.020000 -0.647612
      vertex -0.580000 1.020000 -0.653397
    endloop
  endfacet
  facet normal -0.000000 1.000000 -0.000000
    outer loop
      vertex -0.580000 1.020000 -0.653397
      vertex -0.591732 1.020000 -0.647612
      vertex -0.708946 1.020000 0.818362
    endloop
  endfacet
  facet normal 0.000000 1.000000 0.000000
    outer loop
      vertex -0.910000 -1.020000 1.420000
      vertex -0.909424 -1.020000 1.425853
      vertex -0.906458 -1.020000 1.434142
    endloop
  endfacet
  facet normal -0.000000 -1.000000 -0.000000
    outer loop
      vertex -0.906458 -1.020000 1.434142
      vertex -0.909424 -1.020000 1.425853
      vertex -0.910000 -1.020000 1.420000
    endloop
  endfacet
  facet normal 0.000000 -1.000000 0.000000
    outer loop
      vertex -0.910000 1.020000 1.420000
      vertex -0.906458 1.020000 1.434142
      vertex -0.909424 1.020000 1.425853
    endloop
  endfacet
  facet normal -0.000000 1.000000 -0.000000
    outer loop
      vertex -0.909424 1.020000 1.425853
      vertex -0.906458 1.020000 1.434142
      vertex -0.910000 1.020000 1.420000
    endloop
  endfacet
  facet normal 0.000000 1.000000 0.000000
    outer loop
      vertex -0.910000 -1.020000 1.420000
      vertex -0.909856 -1.020000 1.422941
      vertex -0.909424 -1.020000 1.425853
    endloop
  endfacet
  facet normal -0.000000 -1.000000 -0.000000
    outer loop
      vertex -0.909424 -1.020000 1.425853
      vertex -0.909856 -1.020000 1.422941
      vertex -0.910000 -1.020000 1.420000
    endloop
  endfacet
  facet normal 0.000000 -1.000000 0.000000
    outer loop
      vertex -0.910000 1.020000 1.420000
      vertex -0.909424 1.020000 1.425853
      vertex -0.909856 1.020000 1.422941
    endloop
  endfacet
  facet normal -0.000000 1.000000 -0.000000
    outer loop
      vertex -0.909856 1.020000 1.422941
      vertex -0.909424 1.020000 1.425853
      vertex -0.910000 1.020000 1.420000
    endloop
  endfacet
  facet normal 0.000000 1.000000 0.000000
    outer loop
      vertex -0.909424 -1.020000 1.425853
      vertex -0.908708 -1.020000 1.428709
      vertex -0.906458 -1.020000 1.434142
    endloop
  endfacet
  facet normal -0.000000 -1.000000 -0.000000
    outer loop
      vertex -0.906458 -1.020000 1.434142
      vertex -0.908708 -1.020000 1.428709
      vertex -0.909424 -1.020000 1.425853
    endloop
  endfacet
  facet normal 0.000000 -1.000000 0.000000
    outer loop
      vertex -0.909424 1.020000 1.425853
      vertex -0.906458 1.020000 1.434142
      vertex -0.908708 1.020000 1.428709
    endloop
  endfacet
  facet normal -0.000000 1.000000 -0.000000
    outer loop
      vertex -0.908708 1.020000 1.428709
      vertex -0.906458 1.020000 1.434142
      vertex -0.909424 1.020000 1.425853
    endloop
  endfacet
  facet normal 0.000000 1.000000 0.000000
    outer loop
      vertex -0.908708 -1.020000 1.428709
      vertex -0.907716 -1.020000 1.431481
      vertex -0.906458 -1.020000 1.434142
    endloop
  endfacet
  facet normal -0.000000 -1.000000 -0.000000
    outer loop
      vertex -0.906458 -1.020000 1.434142
      vertex -0.907716 -1.020000 1.431481
      vertex -0.908708 -1.020000 1.428709
    endloop
  endfacet
  facet normal 0.000000 -1.000000 0.000000
    outer loop
      vertex -0.908708 1.020000 1.428709
      vertex -0.906458 1.020000 1.434142
      vertex -0.907716 1.020000 1.431481
    endloop
  endfacet
  facet normal -0.000000 1.000000 -0.000000
    outer loop
      vertex -0.907716 1.020000 1.431481
      vertex -0.906458 1.020000 1.434142
      vertex -0.908708 1.020000 1.428709
    endloop
  endfacet
  facet normal -0.671559 0.000000 -0.740951
    outer loop
      vertex -0.899032 -1.020000 -1.443190
      vertex -0.901213 -1.020000 -1.441213
      vertex -0.901213 1.020000 -1.441213
    endloop
  endfacet
  facet normal 0.671559 -0.000000 0.740951
    outer loop
      vertex -0.901213 1.020000 -1.441213
      vertex -0.901213 -1.020000 -1.441213
      vertex -0.899032 -1.020000 -1.443190
    endloop
  endfacet
  facet normal -0.671559 0.000000 -0.740951
    outer loop
      vertex -0.899032 -1.020000 -1.443190
      vertex -0.901213 1.020000 -1.441213
      vertex -0.899032 1.020000 -1.443190
    endloop
  endfacet
  facet normal 0.671559 -0.000000 0.740951
    outer loop
      vertex -0.899032 1.020000 -1.443190
      vertex -0.901213 1.020000 -1.441213
      vertex -0.899032 -1.020000 -1.443190
    endloop
  endfacet
  facet normal -0.740951 0.000000 -0.671559
    outer loop
      vertex -0.901213 -1.020000 -1.441213
      vertex -0.903190 -1.020000 -1.439032
      vertex -0.903190 1.020000 -1.439032
    endloop
  endfacet
  facet normal 0.740951 -0.000000 0.671559
    outer loop
      vertex -0.903190 1.020000 -1.439032
      vertex -0.903190 -1.020000 -1.439032
      vertex -0.901213 -1.020000 -1.441213
    endloop
  endfacet
  facet normal -0.740951 0.000000 -0.671559
    outer loop
      vertex -0.901213 -1.020000 -1.441213
      vertex -0.903190 1.020000 -1.439032
      vertex -0.901213 1.020000 -1.441213
    endloop
  endfacet
  facet normal 0.740951 -0.000000 0.671559
    outer loop
      vertex -0.901213 1.020000 -1.441213
      vertex -0.903190 1.020000 -1.439032
      vertex -0.901213 -1.020000 -1.441213
    endloop
  endfacet
  facet normal -0.803208 0.000000 -0.595699
    outer loop
      vertex -0.903190 -1.020000 -1.439032
      vertex -0.904944 -1.020000 -1.436667
      vertex -0.904944 1.020000 -1.436667
    endloop
  endfacet
  facet normal 0.803208 -0.000000 0.595699
    outer loop
      vertex -0.904944 1.020000 -1.436667
      vertex -0.904944 -1.020000 -1.436667
      vertex -0.903190 -1.020000 -1.439032
    endloop
  endfacet
  facet normal -0.803208 0.000000 -0.595699
    outer loop
      vertex -0.903190 -1.020000 -1.439032
      vertex -0.904944 1.020000 -1.436667
      vertex -0.903190 1.020000 -1.439032
    endloop
  endfacet
  facet normal 0.803208 -0.000000 0.595699
    outer loop
      vertex -0.903190 1.020000 -1.439032
      vertex -0.904944 1.020000 -1.436667
      vertex -0.903190 -1.020000 -1.439032
    endloop
  endfacet
  facet normal -0.857729 0.000000 -0.514103
    outer loop
      vertex -0.904944 -1.020000 -1.436667
      vertex -0.906458 -1.020000 -1.434142
      vertex -0.906458 1.020000 -1.434142
    endloop
  endfacet
  facet normal 0.857729 -0.000000 0.514103
    outer loop
      vertex -0.906458 1.020000 -1.434142
      vertex -0.906458 -1.020000 -1.434142
      vertex -0.904944 -1.020000 -1.436667
    endloop
  endfacet
  facet normal -0.857729 0.000000 -0.514103
    outer loop
      vertex -0.904944 -1.020000 -1.436667
      vertex -0.906458 1.020000 -1.434142
      vertex -0.904944 1.020000 -1.436667
    endloop
  endfacet
  facet normal 0.857729 -0.000000 0.514103
    outer loop
      vertex -0.904944 1.020000 -1.436667
      vertex -0.906458 1.020000 -1.434142
      vertex -0.904944 -1.020000 -1.436667
    endloop
  endfacet
  facet normal -0.903989 0.000000 -0.427555
    outer loop
      vertex -0.906458 -1.020000 -1.434142
      vertex -0.907716 -1.020000 -1.431481
      vertex -0.907716 1.020000 -1.431481
    endloop
  endfacet
  facet normal 0.903989 -0.000000 0.427555
    outer loop
      vertex -0.907716 1.020000 -1.431481
      vertex -0.907716 -1.020000 -1.431481
      vertex -0.906458 -1.020000 -1.434142
    endloop
  endfacet
  facet normal -0.903989 0.000000 -0.427555
    outer loop
      vertex -0.906458 -1.020000 -1.434142
      vertex -0.907716 1.020000 -1.431481
      vertex -0.906458 1.020000 -1.434142
    endloop
  endfacet
  facet normal 0.903989 -0.000000 0.427555
    outer loop
      vertex -0.906458 1.020000 -1.434142
      vertex -0.907716 1.020000 -1.431481
      vertex -0.906458 -1.020000 -1.434142
    endloop
  endfacet
  facet normal -0.941544 0.000000 -0.336890
    outer loop
      vertex -0.907716 -1.020000 -1.431481
      vertex -0.908708 -1.020000 -1.428709
      vertex -0.908708 1.020000 -1.428709
    endloop
  endfacet
  facet normal 0.941544 -0.000000 0.336890
    outer loop
      vertex -0.908708 1.020000 -1.428709
      vertex -0.908708 -1.020000 -1.428709
      vertex -0.907716 -1.020000 -1.431481
    endloop
  endfacet
  facet normal -0.941544 0.000000 -0.336890
    outer loop
      vertex -0.907716 -1.020000 -1.431481
      vertex -0.908708 1.020000 -1.428709
      vertex -0.907716 1.020000 -1.431481
    endloop
  endfacet
  facet normal 0.941544 -0.000000 0.336890
    outer loop
      vertex -0.907716 1.020000 -1.431481
      vertex -0.908708 1.020000 -1.428709
      vertex -0.907716 -1.020000 -1.431481
    endloop
  endfacet
  facet normal -0.970031 0.000000 -0.242980
    outer loop
      vertex -0.908708 -1.020000 -1.428709
      vertex -0.909424 -1.020000 -1.425853
      vertex -0.909424 1.020000 -1.425853
    endloop
  endfacet
  facet normal 0.970031 -0.000000 0.242980
    outer loop
      vertex -0.909424 1.020000 -1.425853
      vertex -0.909424 -1.020000 -1.425853
      vertex -0.908708 -1.020000 -1.428709
    endloop
  endfacet
  facet normal -0.970031 0.000000 -0.242980
    outer loop
      vertex -0.908708 -1.020000 -1.428709
      vertex -0.909424 1.020000 -1.425853
      vertex -0.908708 1.020000 -1.428709
    endloop
  endfacet
  facet normal 0.970031 -0.000000 0.242980
    outer loop
      vertex -0.908708 1.020000 -1.428709
      vertex -0.909424 1.020000 -1.425853
      vertex -0.908708 -1.020000 -1.428709
    endloop
  endfacet
  facet normal -0.989177 0.000000 -0.146730
    outer loop
      vertex -0.909424 -1.020000 -1.425853
      vertex -0.909856 -1.020000 -1.422941
      vertex -0.909856 1.020000 -1.422941
    endloop
  endfacet
  facet normal 0.989177 -0.000000 0.146730
    outer loop
      vertex -0.909856 1.020000 -1.422941
      vertex -0.909856 -1.020000 -1.422941
      vertex -0.909424 -1.020000 -1.425853
    endloop
  endfacet
  facet normal -0.989177 0.000000 -0.146730
    outer loop
      vertex -0.909424 -1.020000 -1.425853
      vertex -0.909856 1.020000 -1.422941
      vertex -0.909424 1.020000 -1.425853
    endloop
  endfacet
  facet normal 0.989177 -0.000000 0.146730
    outer loop
      vertex -0.909424 1.020000 -1.425853
      vertex -0.909856 1.020000 -1.422941
      vertex -0.909424 -1.020000 -1.425853
    endloop
  endfacet
  facet normal -0.998795 0.000000 -0.049068
    outer loop
      vertex -0.909856 -1.020000 -1.422941
      vertex -0.910000 -1.020000 -1.420000
      vertex -0.910000 1.020000 -1.420000
    endloop
  endfacet
  facet normal 0.998795 -0.000000 0.049068
    outer loop
      vertex -0.910000 1.020000 -1.420000
      vertex -0.910000 -1.020000 -1.420000
      vertex -0.909856 -1.020000 -1.422941
    endloop
  endfacet
  facet normal -0.998795 0.000000 -0.049068
    outer loop
      vertex -0.909856 -1.020000 -1.422941
      vertex -0.910000 1.020000 -1.420000
      vertex -0.909856 1.020000 -1.422941
    endloop
  endfacet
  facet normal 0.998795 -0.000000 0.049068
    outer loop
      vertex -0.909856 1.020000 -1.422941
      vertex -0.910000 1.020000 -1.420000
      vertex -0.909856 -1.020000 -1.422941
    endloop
  endfacet
  facet normal -1.000000 0.000000 0.000000
    outer loop
      vertex -0.910000 -1.020000 -1.420000
      vertex -0.910000 -1.020000 0.870534
      vertex -0.910000 1.020000 0.870534
    endloop
  endfacet
  facet normal 1.000000 -0.000000 -0.000000
    outer loop
      vertex -0.910000 1.020000 0.870534
      vertex -0.910000 -1.020000 0.870534
      vertex -0.910000 -1.020000 -1.420000
    endloop
  endfacet
  facet normal -1.000000 0.000000 0.000000
    outer loop
      vertex -0.910000 -1.020000 -1.420000
      vertex -0.910000 1.020000 0.870534
      vertex -0.910000 1.020000 -1.420000
    endloop
  endfacet
  facet normal 1.000000 -0.000000 -0.000000
    outer loop
      vertex -0.910000 1.020000 -1.420000
      vertex -0.910000 1.020000 0.870534
      vertex -0.910000 -1.020000 -1.420000
    endloop
  endfacet
  facet normal 0.923880 0.000000 0.382683
    outer loop
      vertex -0.910000 -1.020000 0.870534
      vertex -0.907126 -1.020000 0.863595
      vertex -0.907126 1.020000 0.863595
    endloop
  endfacet
  facet normal -0.923880 -0.000000 -0.382683
    outer loop
      vertex -0.907126 1.020000 0.863595
      vertex -0.907126 -1.020000 0.863595
      vertex -0.910000 -1.020000 0.870534
    endloop
  endfacet
  facet normal 0.923880 -0.000000 0.382683
    outer loop
      vertex -0.910000 -1.020000 0.870534
      vertex -0.907126 1.020000 0.863595
      vertex -0.910000 1.020000 0.870534
    endloop
  endfacet
  facet normal -0.923880 0.000000 -0.382683
    outer loop
      vertex -0.910000 1.020000 0.870534
      vertex -0.907126 1.020000 0.863595
      vertex -0.910000 -1.020000 0.870534
    endloop
  endfacet
  facet normal 0.875223 0.000000 0.483719
    outer loop
      vertex -0.907126 -1.020000 0.863595
      vertex -0.900074 -1.020000 0.850836
      vertex -0.900074 1.020000 0.850836
    endloop
  endfacet
  facet normal -0.875223 -0.000000 -0.483719
    outer loop
      vertex -0.900074 1.020000 0.850836
      vertex -0.900074 -1.020000 0.850836
      vertex -0.907126 -1.020000 0.863595
    endloop
  endfacet
  facet normal 0.875223 -0.000000 0.483719
    outer loop
      vertex -0.907126 -1.020000 0.863595
      vertex -0.900074 1.020000 0.850836
      vertex -0.907126 1.020000 0.863595
    endloop
  endfacet
  facet normal -0.875223 0.000000 -0.483719
    outer loop
      vertex -0.907126 1.020000 0.863595
      vertex -0.900074 1.020000 0.850836
      vertex -0.907126 -1.020000 0.863595
    endloop
  endfacet
  facet normal 0.815561 0.000000 0.578671
    outer loop
      vertex -0.900074 -1.020000 0.850836
      vertex -0.891638 -1.020000 0.838946
      vertex -0.891638 1.020000 0.838946
    endloop
  endfacet
  facet normal -0.815561 -0.000000 -0.578671
    outer loop
      vertex -0.891638 1.020000 0.838946
      vertex -0.891638 -1.020000 0.838946
      vertex -0.900074 -1.020000 0.850836
    endloop
  endfacet
  facet normal 0.815561 -0.000000 0.578671
    outer loop
      vertex -0.900074 -1.020000 0.850836
      vertex -0.891638 1.020000 0.838946
      vertex -0.900074 1.020000 0.850836
    endloop
  endfacet
  facet normal -0.815561 0.000000 -0.578671
    outer loop
      vertex -0.900074 1.020000 0.850836
      vertex -0.891638 1.020000 0.838946
      vertex -0.900074 -1.020000 0.850836
    endloop
  endfacet
  facet normal 0.745642 0.000000 0.666347
    outer loop
      vertex -0.891638 -1.020000 0.838946
      vertex -0.881924 -1.020000 0.828076
      vertex -0.881924 1.020000 0.828076
    endloop
  endfacet
  facet normal -0.745642 -0.000000 -0.666347
    outer loop
      vertex -0.881924 1.020000 0.828076
      vertex -0.881924 -1.020000 0.828076
      vertex -0.891638 -1.020000 0.838946
    endloop
  endfacet
  facet normal 0.745642 -0.000000 0.666347
    outer loop
      vertex -0.891638 -1.020000 0.838946
      vertex -0.881924 1.020000 0.828076
      vertex -0.891638 1.020000 0.838946
    endloop
  endfacet
  facet normal -0.745642 0.000000 -0.666347
    outer loop
      vertex -0.891638 1.020000 0.838946
      vertex -0.881924 1.020000 0.828076
      vertex -0.891638 -1.020000 0.838946
    endloop
  endfacet
  facet normal 0.666347 0.000000 0.745642
    outer loop
      vertex -0.881924 -1.020000 0.828076
      vertex -0.871054 -1.020000 0.818362
      vertex -0.871054 1.020000 0.818362
    endloop
  endfacet
  facet normal -0.666347 -0.000000 -0.745642
    outer loop
      vertex -0.871054 1.020000 0.818362
      vertex -0.871054 -1.020000 0.818362
      vertex -0.881924 -1.020000 0.828076
    endloop
  endfacet
  facet normal 0.666347 -0.000000 0.745642
    outer loop
      vertex -0.881924 -1.020000 0.828076
      vertex -0.871054 1.020000 0.818362
      vertex -0.881924 1.020000 0.828076
    endloop
  endfacet
  facet normal -0.666347 0.000000 -0.745642
    outer loop
      vertex -0.881924 1.020000 0.828076
      vertex -0.871054 1.020000 0.818362
      vertex -0.881924 -1.020000 0.828076
    endloop
  endfacet
  facet normal 0.578671 0.000000 0.815561
    outer loop
      vertex -0.871054 -1.020000 0.818362
      vertex -0.859164 -1.020000 0.809926
      vertex -0.859164 1.020000 0.809926
    endloop
  endfacet
  facet normal -0.578671 -0.000000 -0.815561
    outer loop
      vertex -0.859164 1.020000 0.809926
      vertex -0.859164 -1.020000 0.809926
      vertex -0.871054 -1.020000 0.818362
    endloop
  endfacet
  facet normal 0.578671 -0.000000 0.815561
    outer loop
      vertex -0.871054 -1.020000 0.818362
      vertex -0.859164 1.020000 0.809926
      vertex -0.871054 1.020000 0.818362
    endloop
  endfacet
  facet normal -0.578671 0.000000 -0.815561
    outer loop
      vertex -0.871054 1.020000 0.818362
      vertex -0.859164 1.020000 0.809926
      vertex -0.871054 -1.020000 0.818362
    endloop
  endfacet
  facet normal 0.483719 0.000000 0.875223
    outer loop
      vertex -0.859164 -1.020000 0.809926
      vertex -0.846405 -1.020000 0.802874
      vertex -0.846405 1.020000 0.802874
    endloop
  endfacet
  facet normal -0.483719 -0.000000 -0.875223
    outer loop
      vertex -0.846405 1.020000 0.802874
      vertex -0.846405 -1.020000 0.802874
      vertex -0.859164 -1.020000 0.809926
    endloop
  endfacet
  facet normal 0.483719 -0.000000 0.875223
    outer loop
      vertex -0.859164 -1.020000 0.809926
      vertex -0.846405 1.020000 0.802874
      vertex -0.859164 1.020000 0.809926
    endloop
  endfacet
  facet normal -0.483719 0.000000 -0.875223
    outer loop
      vertex -0.859164 1.020000 0.809926
      vertex -0.846405 1.020000 0.802874
      vertex -0.859164 -1.020000 0.809926
    endloop
  endfacet
  facet normal 0.382683 0.000000 0.923880
    outer loop
      vertex -0.846405 -1.020000 0.802874
      vertex -0.832936 -1.020000 0.797295
      vertex -0.832936 1.020000 0.797295
    endloop
  endfacet
  facet normal -0.382683 -0.000000 -0.923880
    outer loop
      vertex -0.832936 1.020000 0.797295
      vertex -0.832936 -1.020000 0.797295
      vertex -0.846405 -1.020000 0.802874
    endloop
  endfacet
  facet normal 0.382683 -0.000000 0.923880
    outer loop
      vertex -0.846405 -1.020000 0.802874
      vertex -0.832936 1.020000 0.797295
      vertex -0.846405 1.020000 0.802874
    endloop
  endfacet
  facet normal -0.382683 0.000000 -0.923880
    outer loop
      vertex -0.846405 1.020000 0.802874
      vertex -0.832936 1.020000 0.797295
      vertex -0.846405 -1.020000 0.802874
    endloop
  endfacet
  facet normal 0.276836 0.000000 0.960917
    outer loop
      vertex -0.832936 -1.020000 0.797295
      vertex -0.818928 -1.020000 0.793259
      vertex -0.818928 1.020000 0.793259
    endloop
  endfacet
  facet normal -0.276836 -0.000000 -0.960917
    outer loop
      vertex -0.818928 1.020000 0.793259
      vertex -0.818928 -1.020000 0.793259
      vertex -0.832936 -1.020000 0.797295
    endloop
  endfacet
  facet normal 0.276836 -0.000000 0.960917
    outer loop
      vertex -0.832936 -1.020000 0.797295
      vertex -0.818928 1.020000 0.793259
      vertex -0.832936 1.020000 0.797295
    endloop
  endfacet
  facet normal -0.276836 0.000000 -0.960917
    outer loop
      vertex -0.832936 1.020000 0.797295
      vertex -0.818928 1.020000 0.793259
      vertex -0.832936 -1.020000 0.797295
    endloop
  endfacet
  facet normal 0.167506 0.000000 0.985871
    outer loop
      vertex -0.818928 -1.020000 0.793259
      vertex -0.804555 -1.020000 0.790817
      vertex -0.804555 1.020000 0.790817
    endloop
  endfacet
  facet normal -0.167506 -0.000000 -0.985871
    outer loop
      vertex -0.804555 1.020000 0.790817
      vertex -0.804555 -1.020000 0.790817
      vertex -0.818928 -1.020000 0.793259
    endloop
  endfacet
  facet normal 0.167506 -0.000000 0.985871
    outer loop
      vertex -0.818928 -1.020000 0.793259
      vertex -0.804555 1.020000 0.790817
      vertex -0.818928 1.020000 0.793259
    endloop
  endfacet
  facet normal -0.167506 0.000000 -0.985871
    outer loop
      vertex -0.818928 1.020000 0.793259
      vertex -0.804555 1.020000 0.790817
      vertex -0.818928 -1.020000 0.793259
    endloop
  endfacet
  facet normal 0.056070 0.000000 0.998427
    outer loop
      vertex -0.804555 -1.020000 0.790817
      vertex -0.790000 -1.020000 0.790000
      vertex -0.790000 1.020000 0.790000
    endloop
  endfacet
  facet normal -0.056070 -0.000000 -0.998427
    outer loop
      vertex -0.790000 1.020000 0.790000
      vertex -0.790000 -1.020000 0.790000
      vertex -0.804555 -1.020000 0.790817
    endloop
  endfacet
  facet normal 0.056070 -0.000000 0.998427
    outer loop
      vertex -0.804555 -1.020000 0.790817
      vertex -0.790000 1.020000 0.790000
      vertex -0.804555 1.020000 0.790817
    endloop
  endfacet
  facet normal -0.056070 0.000000 -0.998427
    outer loop
      vertex -0.804555 1.020000 0.790817
      vertex -0.790000 1.020000 0.790000
      vertex -0.804555 -1.020000 0.790817
    endloop
  endfacet
  facet normal -0.056070 0.000000 0.998427
    outer loop
      vertex -0.790000 -1.020000 0.790000
      vertex -0.775445 -1.020000 0.790817
      vertex -0.775445 1.020000 0.790817
    endloop
  endfacet
  facet normal 0.056070 -0.000000 -0.998427
    outer loop
      vertex -0.775445 1.020000 0.790817
      vertex -0.775445 -1.020000 0.790817
      vertex -0.790000 -1.020000 0.790000
    endloop
  endfacet
  facet normal -0.056070 0.000000 0.998427
    outer loop
      vertex -0.790000 -1.020000 0.790000
      vertex -0.775445 1.020000 0.790817
      vertex -0.790000 1.020000 0.790000
    endloop
  endfacet
  facet normal 0.056070 -0.000000 -0.998427
    outer loop
      vertex -0.790000 1.020000 0.790000
      vertex -0.775445 1.020000 0.790817
      vertex -0.790000 -1.020000 0.790000
    endloop
  endfacet
  facet normal -0.167506 0.000000 0.985871
    outer loop
      vertex -0.775445 -1.020000 0.790817
      vertex -0.761072 -1.020000 0.793259
      vertex -0.761072 1.020000 0.793259
    endloop
  endfacet
  facet normal 0.167506 -0.000000 -0.985871
    outer loop
      vertex -0.761072 1.020000 0.793259
      vertex -0.761072 -1.020000 0.793259
      vertex -0.775445 -1.020000 0.790817
    endloop
  endfacet
  facet normal -0.167506 0.000000 0.985871
    outer loop
      vertex -0.775445 -1.020000 0.790817
      vertex -0.761072 1.020000 0.793259
      vertex -0.775445 1.020000 0.790817
    endloop
  endfacet
  facet normal 0.167506 -0.000000 -0.985871
    outer loop
      vertex -0.775445 1.020000 0.790817
      vertex -0.761072 1.020000 0.793259
      vertex -0.775445 -1.020000 0.790817
    endloop
  endfacet
  facet normal -0.276836 0.000000 0.960917
    outer loop
      vertex -0.761072 -1.020000 0.793259
      vertex -0.747064 -1.020000 0.797295
      vertex -0.747064 1.020000 0.797295
    endloop
  endfacet
  facet normal 0.276836 -0.000000 -0.960917
    outer loop
      vertex -0.747064 1.020000 0.797295
      vertex -0.747064 -1.020000 0.797295
      vertex -0.761072 -1.020000 0.793259
    endloop
  endfacet
  facet normal -0.276836 0.000000 0.960917
    outer loop
      vertex -0.761072 -1.020000 0.793259
      vertex -0.747064 1.020000 0.797295
      vertex -0.761072 1.020000 0.793259
    endloop
  endfacet
  facet normal 0.276836 -0.000000 -0.960917
    outer loop
      vertex -0.761072 1.020000 0.793259
      vertex -0.747064 1.020000 0.797295
      vertex -0.761072 -1.020000 0.793259
    endloop
  endfacet
  facet normal -0.382683 0.000000 0.923880
    outer loop
      vertex -0.747064 -1.020000 0.797295
      vertex -0.733595 -1.020000 0.802874
      vertex -0.733595 1.020000 0.802874
    endloop
  endfacet
  facet normal 0.382683 -0.000000 -0.923880
    outer loop
      vertex -0.733595 1.020000 0.802874
      vertex -0.733595 -1.020000 0.802874
      vertex -0.747064 -1.020000 0.797295
    endloop
  endfacet
  facet normal -0.382683 0.000000 0.923880
    outer loop
      vertex -0.747064 -1.020000 0.797295
      vertex -0.733595 1.020000 0.802874
      vertex -0.747064 1.020000 0.797295
    endloop
  endfacet
  facet normal 0.382683 -0.000000 -0.923880
    outer loop
      vertex -0.747064 1.020000 0.797295
      vertex -0.733595 1.020000 0.802874
      vertex -0.747064 -1.020000 0.797295
    endloop
  endfacet
  facet normal -0.483719 0.000000 0.875223
    outer loop
      vertex -0.733595 -1.020000 0.802874
      vertex -0.720836 -1.020000 0.809926
      vertex -0.720836 1.020000 0.809926
    endloop
  endfacet
  facet normal 0.483719 -0.000000 -0.875223
    outer loop
      vertex -0.720836 1.020000 0.809926
      vertex -0.720836 -1.020000 0.809926
      vertex -0.733595 -1.020000 0.802874
    endloop
  endfacet
  facet normal -0.483719 0.000000 0.875223
    outer loop
      vertex -0.733595 -1.020000 0.802874
      vertex -0.720836 1.020000 0.809926
      vertex -0.733595 1.020000 0.802874
    endloop
  endfacet
  facet normal 0.483719 -0.000000 -0.875223
    outer loop
      vertex -0.733595 1.020000 0.802874
      vertex -0.720836 1.020000 0.809926
      vertex -0.733595 -1.020000 0.802874
    endloop
  endfacet
  facet normal -0.578671 0.000000 0.815561
    outer loop
      vertex -0.720836 -1.020000 0.809926
      vertex -0.708946 -1.020000 0.818362
      vertex -0.708946 1.020000 0.818362
    endloop
  endfacet
  facet normal 0.578671 -0.000000 -0.815561
    outer loop
      vertex -0.708946 1.020000 0.818362
      vertex -0.708946 -1.020000 0.818362
      vertex -0.720836 -1.020000 0.809926
    endloop
  endfacet
  facet normal -0.578671 0.000000 0.815561
    outer loop
      vertex -0.720836 -1.020000 0.809926
      vertex -0.708946 1.020000 0.818362
      vertex -0.720836 1.020000 0.809926
    endloop
  endfacet
  facet normal 0.578671 -0.000000 -0.815561
    outer loop
      vertex -0.720836 1.020000 0.809926
      vertex -0.708946 1.020000 0.818362
      vertex -0.720836 -1.020000 0.809926
    endloop
  endfacet
  facet normal -0.666347 0.000000 0.745642
    outer loop
      vertex -0.708946 -1.020000 0.818362
      vertex -0.698076 -1.020000 0.828076
      vertex -0.698076 1.020000 0.828076
    endloop
  endfacet
  facet normal 0.666347 -0.000000 -0.745642
    outer loop
      vertex -0.698076 1.020000 0.828076
      vertex -0.698076 -1.020000 0.828076
      vertex -0.708946 -1.020000 0.818362
    endloop
  endfacet
  facet normal -0.666347 0.000000 0.745642
    outer loop
      vertex -0.708946 -1.020000 0.818362
      vertex -0.698076 1.020000 0.828076
      vertex -0.708946 1.020000 0.818362
    endloop
  endfacet
  facet normal 0.666347 -0.000000 -0.745642
    outer loop
      vertex -0.708946 1.020000 0.818362
      vertex -0.698076 1.020000 0.828076
      vertex -0.708946 -1.020000 0.818362
    endloop
  endfacet
  facet normal -0.745642 0.000000 0.666347
    outer loop
      vertex -0.698076 -1.020000 0.828076
      vertex -0.688362 -1.020000 0.838946
      vertex -0.688362 1.020000 0.838946
    endloop
  endfacet
  facet normal 0.745642 -0.000000 -0.666347
    outer loop
      vertex -0.688362 1.020000 0.838946
      vertex -0.688362 -1.020000 0.838946
      vertex -0.698076 -1.020000 0.828076
    endloop
  endfacet
  facet normal -0.745642 0.000000 0.666347
    outer loop
      vertex -0.698076 -1.020000 0.828076
      vertex -0.688362 1.020000 0.838946
      vertex -0.698076 1.020000 0.828076
    endloop
  endfacet
  facet normal 0.745642 -0.000000 -0.666347
    outer loop
      vertex -0.698076 1.020000 0.828076
      vertex -0.688362 1.020000 0.838946
      vertex -0.698076 -1.020000 0.828076
    endloop
  endfacet
  facet normal -0.815561 0.000000 0.578671
    outer loop
      vertex -0.688362 -1.020000 0.838946
      vertex -0.679926 -1.020000 0.850836
      vertex -0.679926 1.020000 0.850836
    endloop
  endfacet
  facet normal 0.815561 -0.000000 -0.578671
    outer loop
      vertex -0.679926 1.020000 0.850836
      vertex -0.679926 -1.020000 0.850836
      vertex -0.688362 -1.020000 0.838946
    endloop
  endfacet
  facet normal -0.815561 0.000000 0.578671
    outer loop
      vertex -0.688362 -1.020000 0.838946
      vertex -0.679926 1.020000 0.850836
      vertex -0.688362 1.020000 0.838946
    endloop
  endfacet
  facet normal 0.815561 -0.000000 -0.578671
    outer loop
      vertex -0.688362 1.020000 0.838946
      vertex -0.679926 1.020000 0.850836
      vertex -0.688362 -1.020000 0.838946
    endloop
  endfacet
  facet normal -0.875223 0.000000 0.483719
    outer loop
      vertex -0.679926 -1.020000 0.850836
      vertex -0.672874 -1.020000 0.863595
      vertex -0.672874 1.020000 0.863595
    endloop
  endfacet
  facet normal 0.875223 -0.000000 -0.483719
    outer loop
      vertex -0.672874 1.020000 0.863595
      vertex -0.672874 -1.020000 0.863595
      vertex -0.679926 -1.020000 0.850836
    endloop
  endfacet
  facet normal -0.875223 0.000000 0.483719
    outer loop
      vertex -0.679926 -1.020000 0.850836
      vertex -0.672874 1.020000 0.863595
      vertex -0.679926 1.020000 0.850836
    endloop
  endfacet
  facet normal 0.875223 -0.000000 -0.483719
    outer loop
      vertex -0.679926 1.020000 0.850836
      vertex -0.672874 1.020000 0.863595
      vertex -0.679926 -1.020000 0.850836
    endloop
  endfacet
  facet normal -0.923880 0.000000 0.382683
    outer loop
      vertex -0.672874 -1.020000 0.863595
      vertex -0.667295 -1.020000 0.877064
      vertex -0.667295 1.020000 0.877064
    endloop
  endfacet
  facet normal 0.923880 -0.000000 -0.382683
    outer loop
      vertex -0.667295 1.020000 0.877064
      vertex -0.667295 -1.020000 0.877064
      vertex -0.672874 -1.020000 0.863595
    endloop
  endfacet
  facet normal -0.923880 0.000000 0.382683
    outer loop
      vertex -0.672874 -1.020000 0.863595
      vertex -0.667295 1.020000 0.877064
      vertex -0.672874 1.020000 0.863595
    endloop
  endfacet
  facet normal 0.923880 -0.000000 -0.382683
    outer loop
      vertex -0.672874 1.020000 0.863595
      vertex -0.667295 1.020000 0.877064
      vertex -0.672874 -1.020000 0.863595
    endloop
  endfacet
  facet normal -0.960917 0.000000 0.276836
    outer loop
      vertex -0.667295 -1.020000 0.877064
      vertex -0.663259 -1.020000 0.891072
      vertex -0.663259 1.020000 0.891072
    endloop
  endfacet
  facet normal 0.960917 -0.000000 -0.276836
    outer loop
      vertex -0.663259 1.020000 0.891072
      vertex -0.663259 -1.020000 0.891072
      vertex -0.667295 -1.020000 0.877064
    endloop
  endfacet
  facet normal -0.960917 0.000000 0.276836
    outer loop
      vertex -0.667295 -1.020000 0.877064
      vertex -0.663259 1.020000 0.891072
      vertex -0.667295 1.020000 0.877064
    endloop
  endfacet
  facet normal 0.960917 -0.000000 -0.276836
    outer loop
      vertex -0.667295 1.020000 0.877064
      vertex -0.663259 1.020000 0.891072
      vertex -0.667295 -1.020000 0.877064
    endloop
  endfacet
  facet normal -0.985871 0.000000 0.167506
    outer loop
      vertex -0.663259 -1.020000 0.891072
      vertex -0.660817 -1.020000 0.905445
      vertex -0.660817 1.020000 0.905445
    endloop
  endfacet
  facet normal 0.985871 -0.000000 -0.167506
    outer loop
      vertex -0.660817 1.020000 0.905445
      vertex -0.660817 -1.020000 0.905445
      vertex -0.663259 -1.020000 0.891072
    endloop
  endfacet
  facet normal -0.985871 0.000000 0.167506
    outer loop
      vertex -0.663259 -1.020000 0.891072
      vertex -0.660817 1.020000 0.905445
      vertex -0.663259 1.020000 0.891072
    endloop
  endfacet
  facet normal 0.985871 -0.000000 -0.167506
    outer loop
      vertex -0.663259 1.020000 0.891072
      vertex -0.660817 1.020000 0.905445
      vertex -0.663259 -1.020000 0.891072
    endloop
  endfacet
  facet normal -0.998427 0.000000 0.056070
    outer loop
      vertex -0.660817 -1.020000 0.905445
      vertex -0.660000 -1.020000 0.920000
      vertex -0.660000 1.020000 0.920000
    endloop
  endfacet
  facet normal 0.998427 -0.000000 -0.056070
    outer loop
      vertex -0.660000 1.020000 0.920000
      vertex -0.660000 -1.020000 0.920000
      vertex -0.660817 -1.020000 0.905445
    endloop
  endfacet
  facet normal -0.998427 0.000000 0.056070
    outer loop
      vertex -0.660817 -1.020000 0.905445
      vertex -0.660000 1.020000 0.920000
      vertex -0.660817 1.020000 0.905445
    endloop
  endfacet
  facet normal 0.998427 -0.000000 -0.056070
    outer loop
      vertex -0.660817 1.020000 0.905445
      vertex -0.660000 1.020000 0.920000
      vertex -0.660817 -1.020000 0.905445
    endloop
  endfacet
  facet normal -0.998427 0.000000 -0.056070
    outer loop
      vertex -0.660000 -1.020000 0.920000
      vertex -0.660817 -1.020000 0.934555
      vertex -0.660817 1.020000 0.934555
    endloop
  endfacet
  facet normal 0.998427 -0.000000 0.056070
    outer loop
      vertex -0.660817 1.020000 0.934555
      vertex -0.660817 -1.020000 0.934555
      vertex -0.660000 -1.020000 0.920000
    endloop
  endfacet
  facet normal -0.998427 0.000000 -0.056070
    outer loop
      vertex -0.660000 -1.020000 0.920000
      vertex -0.660817 1.020000 0.934555
      vertex -0.660000 1.020000 0.920000
    endloop
  endfacet
  facet normal 0.998427 -0.000000 0.056070
    outer loop
      vertex -0.660000 1.020000 0.920000
      vertex -0.660817 1.020000 0.934555
      vertex -0.660000 -1.020000 0.920000
    endloop
  endfacet
  facet normal -0.985871 0.000000 -0.167506
    outer loop
      vertex -0.660817 -1.020000 0.934555
      vertex -0.663259 -1.020000 0.948928
      vertex -0.663259 1.020000 0.948928
    endloop
  endfacet
  facet normal 0.985871 -0.000000 0.167506
    outer loop
      vertex -0.663259 1.020000 0.948928
      vertex -0.663259 -1.020000 0.948928
      vertex -0.660817 -1.020000 0.934555
    endloop
  endfacet
  facet normal -0.985871 0.000000 -0.167506
    outer loop
      vertex -0.660817 -1.020000 0.934555
      vertex -0.663259 1.020000 0.948928
      vertex -0.660817 1.020000 0.934555
    endloop
  endfacet
  facet normal 0.985871 -0.000000 0.167506
    outer loop
      vertex -0.660817 1.020000 0.934555
      vertex -0.663259 1.020000 0.948928
      vertex -0.660817 -1.020000 0.934555
    endloop
  endfacet
  facet normal -0.960917 0.000000 -0.276836
    outer loop
      vertex -0.663259 -1.020000 0.948928
      vertex -0.667295 -1.020000 0.962936
      vertex -0.667295 1.020000 0.962936
    endloop
  endfacet
  facet normal 0.960917 -0.000000 0.276836
    outer loop
      vertex -0.667295 1.020000 0.962936
      vertex -0.667295 -1.020000 0.962936
      vertex -0.663259 -1.020000 0.948928
    endloop
  endfacet
  facet normal -0.960917 0.000000 -0.276836
    outer loop
      vertex -0.663259 -1.020000 0.948928
      vertex -0.667295 1.020000 0.962936
      vertex -0.663259 1.020000 0.948928
    endloop
  endfacet
  facet normal 0.960917 -0.000000 0.276836
    outer loop
      vertex -0.663259 1.020000 0.948928
      vertex -0.667295 1.020000 0.962936
      vertex -0.663259 -1.020000 0.948928
    endloop
  endfacet
  facet normal -0.923880 0.000000 -0.382683
    outer loop
      vertex -0.667295 -1.020000 0.962936
      vertex -0.672874 -1.020000 0.976405
      vertex -0.672874 1.020000 0.976405
    endloop
  endfacet
  facet normal 0.923880 -0.000000 0.382683
    outer loop
      vertex -0.672874 1.020000 0.976405
      vertex -0.672874 -1.020000 0.976405
      vertex -0.667295 -1.020000 0.962936
    endloop
  endfacet
  facet normal -0.923880 0.000000 -0.382683
    outer loop
      vertex -0.667295 -1.020000 0.962936
      vertex -0.672874 1.020000 0.976405
      vertex -0.667295 1.020000 0.962936
    endloop
  endfacet
  facet normal 0.923880 -0.000000 0.382683
    outer loop
      vertex -0.667295 1.020000 0.962936
      vertex -0.672874 1.020000 0.976405
      vertex -0.667295 -1.020000 0.962936
    endloop
  endfacet
  facet normal -0.875223 0.000000 -0.483719
    outer loop
      vertex -0.672874 -1.020000 0.976405
      vertex -0.679926 -1.020000 0.989164
      vertex -0.679926 1.020000 0.989164
    endloop
  endfacet
  facet normal 0.875223 -0.000000 0.483719
    outer loop
      vertex -0.679926 1.020000 0.989164
      vertex -0.679926 -1.020000 0.989164
      vertex -0.672874 -1.020000 0.976405
    endloop
  endfacet
  facet normal -0.875223 0.000000 -0.483719
    outer loop
      vertex -0.672874 -1.020000 0.976405
      vertex -0.679926 1.020000 0.989164
      vertex -0.672874 1.020000 0.976405
    endloop
  endfacet
  facet normal 0.875223 -0.000000 0.483719
    outer loop
      vertex -0.672874 1.020000 0.976405
      vertex -0.679926 1.020000 0.989164
      vertex -0.672874 -1.020000 0.976405
    endloop
  endfacet
  facet normal -0.815561 0.000000 -0.578671
    outer loop
      vertex -0.679926 -1.020000 0.989164
      vertex -0.688362 -1.020000 1.001054
      vertex -0.688362 1.020000 1.001054
    endloop
  endfacet
  facet normal 0.815561 -0.000000 0.578671
    outer loop
      vertex -0.688362 1.020000 1.001054
      vertex -0.688362 -1.020000 1.001054
      vertex -0.679926 -1.020000 0.989164
    endloop
  endfacet
  facet normal -0.815561 0.000000 -0.578671
    outer loop
      vertex -0.679926 -1.020000 0.989164
      vertex -0.688362 1.020000 1.001054
      vertex -0.679926 1.020000 0.989164
    endloop
  endfacet
  facet normal 0.815561 -0.000000 0.578671
    outer loop
      vertex -0.679926 1.020000 0.989164
      vertex -0.688362 1.020000 1.001054
      vertex -0.679926 -1.020000 0.989164
    endloop
  endfacet
  facet normal -0.745642 0.000000 -0.666347
    outer loop
      vertex -0.688362 -1.020000 1.001054
      vertex -0.698076 -1.020000 1.011924
      vertex -0.698076 1.020000 1.011924
    endloop
  endfacet
  facet normal 0.745642 -0.000000 0.666347
    outer loop
      vertex -0.698076 1.020000 1.011924
      vertex -0.698076 -1.020000 1.011924
      vertex -0.688362 -1.020000 1.001054
    endloop
  endfacet
  facet normal -0.745642 0.000000 -0.666347
    outer loop
      vertex -0.688362 -1.020000 1.001054
      vertex -0.698076 1.020000 1.011924
      vertex -0.688362 1.020000 1.001054
    endloop
  endfacet
  facet normal 0.745642 -0.000000 0.666347
    outer loop
      vertex -0.688362 1.020000 1.001054
      vertex -0.698076 1.020000 1.011924
      vertex -0.688362 -1.020000 1.001054
    endloop
  endfacet
  facet normal -0.666347 0.000000 -0.745642
    outer loop
      vertex -0.698076 -1.020000 1.011924
      vertex -0.708946 -1.020000 1.021638
      vertex -0.708946 1.020000 1.021638
    endloop
  endfacet
  facet normal 0.666347 -0.000000 0.745642
    outer loop
      vertex -0.708946 1.020000 1.021638
      vertex -0.708946 -1.020000 1.021638
      vertex -0.698076 -1.020000 1.011924
    endloop
  endfacet
  facet normal -0.666347 0.000000 -0.745642
    outer loop
      vertex -0.698076 -1.020000 1.011924
      vertex -0.708946 1.020000 1.021638
      vertex -0.698076 1.020000 1.011924
    endloop
  endfacet
  facet normal 0.666347 -0.000000 0.745642
    outer loop
      vertex -0.698076 1.020000 1.011924
      vertex -0.708946 1.020000 1.021638
      vertex -0.698076 -1.020000 1.011924
    endloop
  endfacet
  facet normal -0.578671 0.000000 -0.815561
    outer loop
      vertex -0.708946 -1.020000 1.021638
      vertex -0.720836 -1.020000 1.030074
      vertex -0.720836 1.020000 1.030074
    endloop
  endfacet
  facet normal 0.578671 -0.000000 0.815561
    outer loop
      vertex -0.720836 1.020000 1.030074
      vertex -0.720836 -1.020000 1.030074
      vertex -0.708946 -1.020000 1.021638
    endloop
  endfacet
  facet normal -0.578671 0.000000 -0.815561
    outer loop
      vertex -0.708946 -1.020000 1.021638
      vertex -0.720836 1.020000 1.030074
      vertex -0.708946 1.020000 1.021638
    endloop
  endfacet
  facet normal 0.578671 -0.000000 0.815561
    outer loop
      vertex -0.708946 1.020000 1.021638
      vertex -0.720836 1.020000 1.030074
      vertex -0.708946 -1.020000 1.021638
    endloop
  endfacet
  facet normal -0.483719 0.000000 -0.875223
    outer loop
      vertex -0.720836 -1.020000 1.030074
      vertex -0.733595 -1.020000 1.037126
      vertex -0.733595 1.020000 1.037126
    endloop
  endfacet
  facet normal 0.483719 -0.000000 0.875223
    outer loop
      vertex -0.733595 1.020000 1.037126
      vertex -0.733595 -1.020000 1.037126
      vertex -0.720836 -1.020000 1.030074
    endloop
  endfacet
  facet normal -0.483719 0.000000 -0.875223
    outer loop
      vertex -0.720836 -1.020000 1.030074
      vertex -0.733595 1.020000 1.037126
      vertex -0.720836 1.020000 1.030074
    endloop
  endfacet
  facet normal 0.483719 -0.000000 0.875223
    outer loop
      vertex -0.720836 1.020000 1.030074
      vertex -0.733595 1.020000 1.037126
      vertex -0.720836 -1.020000 1.030074
    endloop
  endfacet
  facet normal -0.382683 0.000000 -0.923880
    outer loop
      vertex -0.733595 -1.020000 1.037126
      vertex -0.747064 -1.020000 1.042705
      vertex -0.747064 1.020000 1.042705
    endloop
  endfacet
  facet normal 0.382683 -0.000000 0.923880
    outer loop
      vertex -0.747064 1.020000 1.042705
      vertex -0.747064 -1.020000 1.042705
      vertex -0.733595 -1.020000 1.037126
    endloop
  endfacet
  facet normal -0.382683 0.000000 -0.923880
    outer loop
      vertex -0.733595 -1.020000 1.037126
      vertex -0.747064 1.020000 1.042705
      vertex -0.733595 1.020000 1.037126
    endloop
  endfacet
  facet normal 0.382683 -0.000000 0.923880
    outer loop
      vertex -0.733595 1.020000 1.037126
      vertex -0.747064 1.020000 1.042705
      vertex -0.733595 -1.020000 1.037126
    endloop
  endfacet
  facet normal -0.276836 0.000000 -0.960917
    outer loop
      vertex -0.747064 -1.020000 1.042705
      vertex -0.761072 -1.020000 1.046741
      vertex -0.761072 1.020000 1.046741
    endloop
  endfacet
  facet normal 0.276836 -0.000000 0.960917
    outer loop
      vertex -0.761072 1.020000 1.046741
      vertex -0.761072 -1.020000 1.046741
      vertex -0.747064 -1.020000 1.042705
    endloop
  endfacet
  facet normal -0.276836 0.000000 -0.960917
    outer loop
      vertex -0.747064 -1.020000 1.042705
      vertex -0.761072 1.020000 1.046741
      vertex -0.747064 1.020000 1.042705
    endloop
  endfacet
  facet normal 0.276836 -0.000000 0.960917
    outer loop
      vertex -0.747064 1.020000 1.042705
      vertex -0.761072 1.020000 1.046741
      vertex -0.747064 -1.020000 1.042705
    endloop
  endfacet
  facet normal -0.167506 0.000000 -0.985871
    outer loop
      vertex -0.761072 -1.020000 1.046741
      vertex -0.775445 -1.020000 1.049183
      vertex -0.775445 1.020000 1.049183
    endloop
  endfacet
  facet normal 0.167506 -0.000000 0.985871
    outer loop
      vertex -0.775445 1.020000 1.049183
      vertex -0.775445 -1.020000 1.049183
      vertex -0.761072 -1.020000 1.046741
    endloop
  endfacet
  facet normal -0.167506 0.000000 -0.985871
    outer loop
      vertex -0.761072 -1.020000 1.046741
      vertex -0.775445 1.020000 1.049183
      vertex -0.761072 1.020000 1.046741
    endloop
  endfacet
  facet normal 0.167506 -0.000000 0.985871
    outer loop
      vertex -0.761072 1.020000 1.046741
      vertex -0.775445 1.020000 1.049183
      vertex -0.761072 -1.020000 1.046741
    endloop
  endfacet
  facet normal -0.056070 0.000000 -0.998427
    outer loop
      vertex -0.775445 -1.020000 1.049183
      vertex -0.790000 -1.020000 1.050000
      vertex -0.790000 1.020000 1.050000
    endloop
  endfacet
  facet normal 0.056070 -0.000000 0.998427
    outer loop
      vertex -0.790000 1.020000 1.050000
      vertex -0.790000 -1.020000 1.050000
      vertex -0.775445 -1.020000 1.049183
    endloop
  endfacet
  facet normal -0.056070 0.000000 -0.998427
    outer loop
      vertex -0.775445 -1.020000 1.049183
      vertex -0.790000 1.020000 1.050000
      vertex -0.775445 1.020000 1.049183
    endloop
  endfacet
  facet normal 0.056070 -0.000000 0.998427
    outer loop
      vertex -0.775445 1.020000 1.049183
      vertex -0.790000 1.020000 1.050000
      vertex -0.775445 -1.020000 1.049183
    endloop
  endfacet
  facet normal 0.056070 0.000000 -0.998427
    outer loop
      vertex -0.790000 -1.020000 1.050000
      vertex -0.804555 -1.020000 1.049183
      vertex -0.804555 1.020000 1.049183
    endloop
  endfacet
  facet normal -0.056070 -0.000000 0.998427
    outer loop
      vertex -0.804555 1.020000 1.049183
      vertex -0.804555 -1.020000 1.049183
      vertex -0.790000 -1.020000 1.050000
    endloop
  endfacet
  facet normal 0.056070 0.000000 -0.998427
    outer loop
      vertex -0.790000 -1.020000 1.050000
      vertex -0.804555 1.020000 1.049183
      vertex -0.790000 1.020000 1.050000
    endloop
  endfacet
  facet normal -0.056070 -0.000000 0.998427
    outer loop
      vertex -0.790000 1.020000 1.050000
      vertex -0.804555 1.020000 1.049183
      vertex -0.790000 -1.020000 1.050000
    endloop
  endfacet
  facet normal 0.167506 0.000000 -0.985871
    outer loop
      vertex -0.804555 -1.020000 1.049183
      vertex -0.818928 -1.020000 1.046741
      vertex -0.818928 1.020000 1.046741
    endloop
  endfacet
  facet normal -0.167506 -0.000000 0.985871
    outer loop
      vertex -0.818928 1.020000 1.046741
      vertex -0.818928 -1.020000 1.046741
      vertex -0.804555 -1.020000 1.049183
    endloop
  endfacet
  facet normal 0.167506 0.000000 -0.985871
    outer loop
      vertex -0.804555 -1.020000 1.049183
      vertex -0.818928 1.020000 1.046741
      vertex -0.804555 1.020000 1.049183
    endloop
  endfacet
  facet normal -0.167506 -0.000000 0.985871
    outer loop
      vertex -0.804555 1.020000 1.049183
      vertex -0.818928 1.020000 1.046741
      vertex -0.804555 -1.020000 1.049183
    endloop
  endfacet
  facet normal 0.276836 0.000000 -0.960917
    outer loop
      vertex -0.818928 -1.020000 1.046741
      vertex -0.832936 -1.020000 1.042705
      vertex -0.832936 1.020000 1.042705
    endloop
  endfacet
  facet normal -0.276836 -0.000000 0.960917
    outer loop
      vertex -0.832936 1.020000 1.042705
      vertex -0.832936 -1.020000 1.042705
      vertex -0.818928 -1.020000 1.046741
    endloop
  endfacet
  facet normal 0.276836 0.000000 -0.960917
    outer loop
      vertex -0.818928 -1.020000 1.046741
      vertex -0.832936 1.020000 1.042705
      vertex -0.818928 1.020000 1.046741
    endloop
  endfacet
  facet normal -0.276836 -0.000000 0.960917
    outer loop
      vertex -0.818928 1.020000 1.046741
      vertex -0.832936 1.020000 1.042705
      vertex -0.818928 -1.020000 1.046741
    endloop
  endfacet
  facet normal 0.382683 0.000000 -0.923880
    outer loop
      vertex -0.832936 -1.020000 1.042705
      vertex -0.846405 -1.020000 1.037126
      vertex -0.846405 1.020000 1.037126
    endloop
  endfacet
  facet normal -0.382683 -0.000000 0.923880
    outer loop
      vertex -0.846405 1.020000 1.037126
      vertex -0.846405 -1.020000 1.037126
      vertex -0.832936 -1.020000 1.042705
    endloop
  endfacet
  facet normal 0.382683 0.000000 -0.923880
    outer loop
      vertex -0.832936 -1.020000 1.042705
      vertex -0.846405 1.020000 1.037126
      vertex -0.832936 1.020000 1.042705
    endloop
  endfacet
  facet normal -0.382683 -0.000000 0.923880
    outer loop
      vertex -0.832936 1.020000 1.042705
      vertex -0.846405 1.020000 1.037126
      vertex -0.832936 -1.020000 1.042705
    endloop
  endfacet
  facet normal 0.483719 0.000000 -0.875223
    outer loop
      vertex -0.846405 -1.020000 1.037126
      vertex -0.859164 -1.020000 1.030074
      vertex -0.859164 1.020000 1.030074
    endloop
  endfacet
  facet normal -0.483719 -0.000000 0.875223
    outer loop
      vertex -0.859164 1.020000 1.030074
      vertex -0.859164 -1.020000 1.030074
      vertex -0.846405 -1.020000 1.037126
    endloop
  endfacet
  facet normal 0.483719 0.000000 -0.875223
    outer loop
      vertex -0.846405 -1.020000 1.037126
      vertex -0.859164 1.020000 1.030074
      vertex -0.846405 1.020000 1.037126
    endloop
  endfacet
  facet normal -0.483719 -0.000000 0.875223
    outer loop
      vertex -0.846405 1.020000 1.037126
      vertex -0.859164 1.020000 1.030074
      vertex -0.846405 -1.020000 1.037126
    endloop
  endfacet
  facet normal 0.578671 0.000000 -0.815561
    outer loop
      vertex -0.859164 -1.020000 1.030074
      vertex -0.871054 -1.020000 1.021638
      vertex -0.871054 1.020000 1.021638
    endloop
  endfacet
  facet normal -0.578671 -0.000000 0.815561
    outer loop
      vertex -0.871054 1.020000 1.021638
      vertex -0.871054 -1.020000 1.021638
      vertex -0.859164 -1.020000 1.030074
    endloop
  endfacet
  facet normal 0.578671 0.000000 -0.815561
    outer loop
      vertex -0.859164 -1.020000 1.030074
      vertex -0.871054 1.020000 1.021638
      vertex -0.859164 1.020000 1.030074
    endloop
  endfacet
  facet normal -0.578671 -0.000000 0.815561
    outer loop
      vertex -0.859164 1.020000 1.030074
      vertex -0.871054 1.020000 1.021638
      vertex -0.859164 -1.020000 1.030074
    endloop
  endfacet
  facet normal 0.666347 0.000000 -0.745642
    outer loop
      vertex -0.871054 -1.020000 1.021638
      vertex -0.881924 -1.020000 1.011924
      vertex -0.881924 1.020000 1.011924
    endloop
  endfacet
  facet normal -0.666347 -0.000000 0.745642
    outer loop
      vertex -0.881924 1.020000 1.011924
      vertex -0.881924 -1.020000 1.011924
      vertex -0.871054 -1.020000 1.021638
    endloop
  endfacet
  facet normal 0.666347 0.000000 -0.745642
    outer loop
      vertex -0.871054 -1.020000 1.021638
      vertex -0.881924 1.020000 1.011924
      vertex -0.871054 1.020000 1.021638
    endloop
  endfacet
  facet normal -0.666347 -0.000000 0.745642
    outer loop
      vertex -0.871054 1.020000 1.021638
      vertex -0.881924 1.020000 1.011924
      vertex -0.871054 -1.020000 1.021638
    endloop
  endfacet
  facet normal 0.745642 0.000000 -0.666347
    outer loop
      vertex -0.881924 -1.020000 1.011924
      vertex -0.891638 -1.020000 1.001054
      vertex -0.891638 1.020000 1.001054
    endloop
  endfacet
  facet normal -0.745642 -0.000000 0.666347
    outer loop
      vertex -0.891638 1.020000 1.001054
      vertex -0.891638 -1.020000 1.001054
      vertex -0.881924 -1.020000 1.011924
    endloop
  endfacet
  facet normal 0.745642 0.000000 -0.666347
    outer loop
      vertex -0.881924 -1.020000 1.011924
      vertex -0.891638 1.020000 1.001054
      vertex -0.881924 1.020000 1.011924
    endloop
  endfacet
  facet normal -0.745642 -0.000000 0.666347
    outer loop
      vertex -0.881924 1.020000 1.011924
      vertex -0.891638 1.020000 1.001054
      vertex -0.881924 -1.020000 1.011924
    endloop
  endfacet
  facet normal 0.815561 0.000000 -0.578671
    outer loop
      vertex -0.891638 -1.020000 1.001054
      vertex -0.900074 -1.020000 0.989164
      vertex -0.900074 1.020000 0.989164
    endloop
  endfacet
  facet normal -0.815561 -0.000000 0.578671
    outer loop
      vertex -0.900074 1.020000 0.989164
      vertex -0.900074 -1.020000 0.989164
      vertex -0.891638 -1.020000 1.001054
    endloop
  endfacet
  facet normal 0.815561 0.000000 -0.578671
    outer loop
      vertex -0.891638 -1.020000 1.001054
      vertex -0.900074 1.020000 0.989164
      vertex -0.891638 1.020000 1.001054
    endloop
  endfacet
  facet normal -0.815561 -0.000000 0.578671
    outer loop
      vertex -0.891638 1.020000 1.001054
      vertex -0.900074 1.020000 0.989164
      vertex -0.891638 -1.020000 1.001054
    endloop
  endfacet
  facet normal 0.875223 0.000000 -0.483719
    outer loop
      vertex -0.900074 -1.020000 0.989164
      vertex -0.907126 -1.020000 0.976405
      vertex -0.907126 1.020000 0.976405
    endloop
  endfacet
  facet normal -0.875223 -0.000000 0.483719
    outer loop
      vertex -0.907126 1.020000 0.976405
      vertex -0.907126 -1.020000 0.976405
      vertex -0.900074 -1.020000 0.989164
    endloop
  endfacet
  facet normal 0.875223 0.000000 -0.483719
    outer loop
      vertex -0.900074 -1.020000 0.989164
      vertex -0.907126 1.020000 0.976405
      vertex -0.900074 1.020000 0.989164
    endloop
  endfacet
  facet normal -0.875223 -0.000000 0.483719
    outer loop
      vertex -0.900074 1.020000 0.989164
      vertex -0.907126 1.020000 0.976405
      vertex -0.900074 -1.020000 0.989164
    endloop
  endfacet
  facet normal 0.923880 0.000000 -0.382683
    outer loop
      vertex -0.907126 -1.020000 0.976405
      vertex -0.910000 -1.020000 0.969466
      vertex -0.910000 1.020000 0.969466
    endloop
  endfacet
  facet normal -0.923880 -0.000000 0.382683
    outer loop
      vertex -0.910000 1.020000 0.969466
      vertex -0.910000 -1.020000 0.969466
      vertex -0.907126 -1.020000 0.976405
    endloop
  endfacet
  facet normal 0.923880 0.000000 -0.382683
    outer loop
      vertex -0.907126 -1.020000 0.976405
      vertex -0.910000 1.020000 0.969466
      vertex -0.907126 1.020000 0.976405
    endloop
  endfacet
  facet normal -0.923880 -0.000000 0.382683
    outer loop
      vertex -0.907126 1.020000 0.976405
      vertex -0.910000 1.020000 0.969466
      vertex -0.907126 -1.020000 0.976405
    endloop
  endfacet
  facet normal -1.000000 0.000000 0.000000
    outer loop
      vertex -0.910000 -1.020000 0.969466
      vertex -0.910000 -1.020000 1.420000
      vertex -0.910000 1.020000 1.420000
    endloop
  endfacet
  facet normal 1.000000 -0.000000 -0.000000
    outer loop
      vertex -0.910000 1.020000 1.420000
      vertex -0.910000 -1.020000 1.420000
      vertex -0.910000 -1.020000 0.969466
    endloop
  endfacet
  facet normal -1.000000 0.000000 0.000000
    outer loop
      vertex -0.910000 -1.020000 0.969466
      vertex -0.910000 1.020000 1.420000
      vertex -0.910000 1.020000 0.969466
    endloop
  endfacet
  facet normal 1.000000 -0.000000 -0.000000
    outer loop
      vertex -0.910000 1.020000 0.969466
      vertex -0.910000 1.020000 1.420000
      vertex -0.910000 -1.020000 0.969466
    endloop
  endfacet
  facet normal -0.998795 0.000000 0.049068
    outer loop
      vertex -0.910000 -1.020000 1.420000
      vertex -0.909856 -1.020000 1.422941
      vertex -0.909856 1.020000 1.422941
    endloop
  endfacet
  facet normal 0.998795 -0.000000 -0.049068
    outer loop
      vertex -0.909856 1.020000 1.422941
      vertex -0.909856 -1.020000 1.422941
      vertex -0.910000 -1.020000 1.420000
    endloop
  endfacet
  facet normal -0.998795 0.000000 0.049068
    outer loop
      vertex -0.910000 -1.020000 1.420000
      vertex -0.909856 1.020000 1.422941
      vertex -0.910000 1.020000 1.420000
    endloop
  endfacet
  facet normal 0.998795 -0.000000 -0.049068
    outer loop
      vertex -0.910000 1.020000 1.420000
      vertex -0.909856 1.020000 1.422941
      vertex -0.910000 -1.020000 1.420000
    endloop
  endfacet
  facet normal -0.989177 0.000000 0.146730
    outer loop
      vertex -0.909856 -1.020000 1.422941
      vertex -0.909424 -1.020000 1.425853
      vertex -0.909424 1.020000 1.425853
    endloop
  endfacet
  facet normal 0.989177 -0.000000 -0.146730
    outer loop
      vertex -0.909424 1.020000 1.425853
      vertex -0.909424 -1.020000 1.425853
      vertex -0.909856 -1.020000 1.422941
    endloop
  endfacet
  facet normal -0.989177 0.000000 0.146730
    outer loop
      vertex -0.909856 -1.020000 1.422941
      vertex -0.909424 1.020000 1.425853
      vertex -0.909856 1.020000 1.422941
    endloop
  endfacet
  facet normal 0.989177 -0.000000 -0.146730
    outer loop
      vertex -0.909856 1.020000 1.422941
      vertex -0.909424 1.020000 1.425853
      vertex -0.909856 -1.020000 1.422941
    endloop
  endfacet
  facet normal -0.970031 0.000000 0.242980
    outer loop
      vertex -0.909424 -1.020000 1.425853
      vertex -0.908708 -1.020000 1.428709
      vertex -0.908708 1.020000 1.428709
    endloop
  endfacet
  facet normal 0.970031 -0.000000 -0.242980
    outer loop
      vertex -0.908708 1.020000 1.428709
      vertex -0.908708 -1.020000 1.428709
      vertex -0.909424 -1.020000 1.425853
    endloop
  endfacet
  facet normal -0.970031 0.000000 0.242980
    outer loop
      vertex -0.909424 -1.020000 1.425853
      vertex -0.908708 1.020000 1.428709
      vertex -0.909424 1.020000 1.425853
    endloop
  endfacet
  facet normal 0.970031 -0.000000 -0.242980
    outer loop
      vertex -0.909424 1.020000 1.425853
      vertex -0.908708 1.020000 1.428709
      vertex -0.909424 -1.020000 1.425853
    endloop
  endfacet
  facet normal -0.941544 0.000000 0.336890
    outer loop
      vertex -0.908708 -1.020000 1.428709
      vertex -0.907716 -1.020000 1.431481
      vertex -0.907716 1.020000 1.431481
    endloop
  endfacet
  facet normal 0.941544 -0.000000 -0.336890
    outer loop
      vertex -0.907716 1.020000 1.431481
      vertex -0.907716 -1.020000 1.431481
      vertex -0.908708 -1.020000 1.428709
    endloop
  endfacet
  facet normal -0.941544 0.000000 0.336890
    outer loop
      vertex -0.908708 -1.020000 1.428709
      vertex -0.907716 1.020000 1.431481
      vertex -0.908708 1.020000 1.428709
    endloop
  endfacet
  facet normal 0.941544 -0.000000 -0.336890
    outer loop
      vertex -0.908708 1.020000 1.428709
      vertex -0.907716 1.020000 1.431481
      vertex -0.908708 -1.020000 1.428709
    endloop
  endfacet
  facet normal -0.903989 0.000000 0.427555
    outer loop
      vertex -0.907716 -1.020000 1.431481
      vertex -0.906458 -1.020000 1.434142
      vertex -0.906458 1.020000 1.434142
    endloop
  endfacet
  facet normal 0.903989 -0.000000 -0.427555
    outer loop
      vertex -0.906458 1.020000 1.434142
      vertex -0.906458 -1.020000 1.434142
      vertex -0.907716 -1.020000 1.431481
    endloop
  endfacet
  facet normal -0.903989 0.000000 0.427555
    outer loop
      vertex -0.907716 -1.020000 1.431481
      vertex -0.906458 1.020000 1.434142
      vertex -0.907716 1.020000 1.431481
    endloop
  endfacet
  facet normal 0.903989 -0.000000 -0.427555
    outer loop
      vertex -0.907716 1.020000 1.431481
      vertex -0.906458 1.020000 1.434142
      vertex -0.907716 -1.020000 1.431481
    endloop
  endfacet
  facet normal -0.857729 0.000000 0.514103
    outer loop
      vertex -0.906458 -1.020000 1.434142
      vertex -0.904944 -1.020000 1.436667
      vertex -0.904944 1.020000 1.436667
    endloop
  endfacet
  facet normal 0.857729 -0.000000 -0.514103
    outer loop
      vertex -0.904944 1.020000 1.436667
      vertex -0.904944 -1.020000 1.436667
      vertex -0.906458 -1.020000 1.434142
    endloop
  endfacet
  facet normal -0.857729 0.000000 0.514103
    outer loop
      vertex -0.906458 -1.020000 1.434142
      vertex -0.904944 1.020000 1.436667
      vertex -0.906458 1.020000 1.434142
    endloop
  endfacet
  facet normal 0.857729 -0.000000 -0.514103
    outer loop
      vertex -0.906458 1.020000 1.434142
      vertex -0.904944 1.020000 1.436667
      vertex -0.906458 -1.020000 1.434142
    endloop
  endfacet
  facet normal -0.803208 0.000000 0.595699
    outer loop
      vertex -0.904944 -1.020000 1.436667
      vertex -0.903190 -1.020000 1.439032
      vertex -0.903190 1.020000 1.439032
    endloop
  endfacet
  facet normal 0.803208 -0.000000 -0.595699
    outer loop
      vertex -0.903190 1.020000 1.439032
      vertex -0.903190 -1.020000 1.439032
      vertex -0.904944 -1.020000 1.436667
    endloop
  endfacet
  facet normal -0.803208 0.000000 0.595699
    outer loop
      vertex -0.904944 -1.020000 1.436667
      vertex -0.903190 1.020000 1.439032
      vertex -0.904944 1.020000 1.436667
    endloop
  endfacet
  facet normal 0.803208 -0.000000 -0.595699
    outer loop
      vertex -0.904944 1.020000 1.436667
      vertex -0.903190 1.020000 1.439032
      vertex -0.904944 -1.020000 1.436667
    endloop
  endfacet
  facet normal -0.740951 0.000000 0.671559
    outer loop
      vertex -0.903190 -1.020000 1.439032
      vertex -0.901213 -1.020000 1.441213
      vertex -0.901213 1.020000 1.441213
    endloop
  endfacet
  facet normal 0.740951 -0.000000 -0.671559
    outer loop
      vertex -0.901213 1.020000 1.441213
      vertex -0.901213 -1.020000 1.441213
      vertex -0.903190 -1.020000 1.439032
    endloop
  endfacet
  facet normal -0.740951 0.000000 0.671559
    outer loop
      vertex -0.903190 -1.020000 1.439032
      vertex -0.901213 1.020000 1.441213
      vertex -0.903190 1.020000 1.439032
    endloop
  endfacet
  facet normal 0.740951 -0.000000 -0.671559
    outer loop
      vertex -0.903190 1.020000 1.439032
      vertex -0.901213 1.020000 1.441213
      vertex -0.903190 -1.020000 1.439032
    endloop
  endfacet
  facet normal -0.671559 0.000000 0.740951
    outer loop
      vertex -0.901213 -1.020000 1.441213
      vertex -0.899032 -1.020000 1.443190
      vertex -0.899032 1.020000 1.443190
    endloop
  endfacet
  facet normal 0.671559 -0.000000 -0.740951
    outer loop
      vertex -0.899032 1.020000 1.443190
      vertex -0.899032 -1.020000 1.443190
      vertex -0.901213 -1.020000 1.441213
    endloop
  endfacet
  facet normal -0.671559 0.000000 0.740951
    outer loop
      vertex -0.901213 -1.020000 1.441213
      vertex -0.899032 1.020000 1.443190
      vertex -0.901213 1.020000 1.441213
    endloop
  endfacet
  facet normal 0.671559 -0.000000 -0.740951
    outer loop
      vertex -0.901213 1.020000 1.441213
      vertex -0.899032 1.020000 1.443190
      vertex -0.901213 -1.020000 1.441213
    endloop
  endfacet
  facet normal -0.595699 0.000000 0.803208
    outer loop
      vertex -0.899032 -1.020000 1.443190
      vertex -0.896667 -1.020000 1.444944
      vertex -0.896667 1.020000 1.444944
    endloop
  endfacet
  facet normal 0.595699 -0.000000 -0.803208
    outer loop
      vertex -0.896667 1.020000 1.444944
      vertex -0.896667 -1.020000 1.444944
      vertex -0.899032 -1.020000 1.443190
    endloop
  endfacet
  facet normal -0.595699 0.000000 0.803208
    outer loop
      vertex -0.899032 -1.020000 1.443190
      vertex -0.896667 1.020000 1.444944
      vertex -0.899032 1.020000 1.443190
    endloop
  endfacet
  facet normal 0.595699 -0.000000 -0.803208
    outer loop
      vertex -0.899032 1.020000 1.443190
      vertex -0.896667 1.020000 1.444944
      vertex -0.899032 -1.020000 1.443190
    endloop
  endfacet
  facet normal -0.514103 0.000000 0.857729
    outer loop
      vertex -0.896667 -1.020000 1.444944
      vertex -0.894142 -1.020000 1.446458
      vertex -0.894142 1.020000 1.446458
    endloop
  endfacet
  facet normal 0.514103 -0.000000 -0.857729
    outer loop
      vertex -0.894142 1.020000 1.446458
      vertex -0.894142 -1.020000 1.446458
      vertex -0.896667 -1.020000 1.444944
    endloop
  endfacet
  facet normal -0.514103 0.000000 0.857729
    outer loop
      vertex -0.896667 -1.020000 1.444944
      vertex -0.894142 1.020000 1.446458
      vertex -0.896667 1.020000 1.444944
    endloop
  endfacet
  facet normal 0.514103 -0.000000 -0.857729
    outer loop
      vertex -0.896667 1.020000 1.444944
      vertex -0.894142 1.020000 1.446458
      vertex -0.896667 -1.020000 1.444944
    endloop
  endfacet
  facet normal -0.427555 0.000000 0.903989
    outer loop
      vertex -0.894142 -1.020000 1.446458
      vertex -0.891481 -1.020000 1.447716
      vertex -0.891481 1.020000 1.447716
    endloop
  endfacet
  facet normal 0.427555 -0.000000 -0.903989
    outer loop
      vertex -0.891481 1.020000 1.447716
      vertex -0.891481 -1.020000 1.447716
      vertex -0.894142 -1.020000 1.446458
    endloop
  endfacet
  facet normal -0.427555 0.000000 0.903989
    outer loop
      vertex -0.894142 -1.020000 1.446458
      vertex -0.891481 1.020000 1.447716
      vertex -0.894142 1.020000 1.446458
    endloop
  endfacet
  facet normal 0.427555 -0.000000 -0.903989
    outer loop
      vertex -0.894142 1.020000 1.446458
      vertex -0.891481 1.020000 1.447716
      vertex -0.894142 -1.020000 1.446458
    endloop
  endfacet
  facet normal -0.336890 0.000000 0.941544
    outer loop
      vertex -0.891481 -1.020000 1.447716
      vertex -0.888709 -1.020000 1.448708
      vertex -0.888709 1.020000 1.448708
    endloop
  endfacet
  facet normal 0.336890 -0.000000 -0.941544
    outer loop
      vertex -0.888709 1.020000 1.448708
      vertex -0.888709 -1.020000 1.448708
      vertex -0.891481 -1.020000 1.447716
    endloop
  endfacet
  facet normal -0.336890 0.000000 0.941544
    outer loop
      vertex -0.891481 -1.020000 1.447716
      vertex -0.888709 1.020000 1.448708
      vertex -0.891481 1.020000 1.447716
    endloop
  endfacet
  facet normal 0.336890 -0.000000 -0.941544
    outer loop
      vertex -0.891481 1.020000 1.447716
      vertex -0.888709 1.020000 1.448708
      vertex -0.891481 -1.020000 1.447716
    endloop
  endfacet
  facet normal -0.242980 0.000000 0.970031
    outer loop
      vertex -0.888709 -1.020000 1.448708
      vertex -0.885853 -1.020000 1.449424
      vertex -0.885853 1.020000 1.449424
    endloop
  endfacet
  facet normal 0.242980 -0.000000 -0.970031
    outer loop
      vertex -0.885853 1.020000 1.449424
      vertex -0.885853 -1.020000 1.449424
      vertex -0.888709 -1.020000 1.448708
    endloop
  endfacet
  facet normal -0.242980 0.000000 0.970031
    outer loop
      vertex -0.888709 -1.020000 1.448708
      vertex -0.885853 1.020000 1.449424
      vertex -0.888709 1.020000 1.448708
    endloop
  endfacet
  facet normal 0.242980 -0.000000 -0.970031
    outer loop
      vertex -0.888709 1.020000 1.448708
      vertex -0.885853 1.020000 1.449424
      vertex -0.888709 -1.020000 1.448708
    endloop
  endfacet
  facet normal -0.146730 0.000000 0.989177
    outer loop
      vertex -0.885853 -1.020000 1.449424
      vertex -0.882941 -1.020000 1.449856
      vertex -0.882941 1.020000 1.449856
    endloop
  endfacet
  facet normal 0.146730 -0.000000 -0.989177
    outer loop
      vertex -0.882941 1.020000 1.449856
      vertex -0.882941 -1.020000 1.449856
      vertex -0.885853 -1.020000 1.449424
    endloop
  endfacet
  facet normal -0.146730 0.000000 0.989177
    outer loop
      vertex -0.885853 -1.020000 1.449424
      vertex -0.882941 1.020000 1.449856
      vertex -0.885853 1.020000 1.449424
    endloop
  endfacet
  facet normal 0.146730 -0.000000 -0.989177
    outer loop
      vertex -0.885853 1.020000 1.449424
      vertex -0.882941 1.020000 1.449856
      vertex -0.885853 -1.020000 1.449424
    endloop
  endfacet
  facet normal -0.049068 0.000000 0.998795
    outer loop
      vertex -0.882941 -1.020000 1.449856
      vertex -0.880000 -1.020000 1.450000
      vertex -0.880000 1.020000 1.450000
    endloop
  endfacet
  facet normal 0.049068 -0.000000 -0.998795
    outer loop
      vertex -0.880000 1.020000 1.450000
      vertex -0.880000 -1.020000 1.450000
      vertex -0.882941 -1.020000 1.449856
    endloop
  endfacet
  facet normal -0.049068 0.000000 0.998795
    outer loop
      vertex -0.882941 -1.020000 1.449856
      vertex -0.880000 1.020000 1.450000
      vertex -0.882941 1.020000 1.449856
    endloop
  endfacet
  facet normal 0.049068 -0.000000 -0.998795
    outer loop
      vertex -0.882941 1.020000 1.449856
      vertex -0.880000 1.020000 1.450000
      vertex -0.882941 -1.020000 1.449856
    endloop
  endfacet
  facet normal 0.000000 0.000000 1.000000
    outer loop
      vertex -0.880000 -1.020000 1.450000
      vertex -0.020000 -1.020000 1.450000
      vertex -0.020000 1.020000 1.450000
    endloop
  endfacet
  facet normal -0.000000 -0.000000 -1.000000
    outer loop
      vertex -0.020000 1.020000 1.450000
      vertex -0.020000 -1.020000 1.450000
      vertex -0.880000 -1.020000 1.450000
    endloop
  endfacet
  facet normal 0.000000 0.000000 1.000000
    outer loop
      vertex -0.880000 -1.020000 1.450000
      vertex -0.020000 1.020000 1.450000
      vertex -0.880000 1.020000 1.450000
    endloop
  endfacet
  facet normal -0.000000 -0.000000 -1.000000
    outer loop
      vertex -0.880000 1.020000 1.450000
      vertex -0.020000 1.020000 1.450000
      vertex -0.880000 -1.020000 1.450000
    endloop
  endfacet
  facet normal 1.000000 0.000000 0.000000
    outer loop
      vertex -0.020000 -1.020000 1.450000
      vertex -0.020000 -1.020000 1.020000
      vertex -0.020000 1.020000 1.020000
    endloop
  endfacet
  facet normal -1.000000 -0.000000 -0.000000
    outer loop
      vertex -0.020000 1.020000 1.020000
      vertex -0.020000 -1.020000 1.020000
      vertex -0.020000 -1.020000 1.450000
    endloop
  endfacet
  facet normal 1.000000 -0.000000 0.000000
    outer loop
      vertex -0.020000 -1.020000 1.450000
      vertex -0.020000 1.020000 1.020000
      vertex -0.020000 1.020000 1.450000
    endloop
  endfacet
  facet normal -1.000000 0.000000 -0.000000
    outer loop
      vertex -0.020000 1.020000 1.450000
      vertex -0.020000 1.020000 1.020000
      vertex -0.020000 -1.020000 1.450000
    endloop
  endfacet
  facet normal 0.000000 0.000000 -1.000000
    outer loop
      vertex -0.020000 -1.020000 1.020000
      vertex -0.480000 -1.020000 1.020000
      vertex -0.480000 1.020000 1.020000
    endloop
  endfacet
  facet normal -0.000000 -0.000000 1.000000
    outer loop
      vertex -0.480000 1.020000 1.020000
      vertex -0.480000 -1.020000 1.020000
      vertex -0.020000 -1.020000 1.020000
    endloop
  endfacet
  facet normal 0.000000 0.000000 -1.000000
    outer loop
      vertex -0.020000 -1.020000 1.020000
      vertex -0.480000 1.020000 1.020000
      vertex -0.020000 1.020000 1.020000
    endloop
  endfacet
  facet normal -0.000000 -0.000000 1.000000
    outer loop
      vertex -0.020000 1.020000 1.020000
      vertex -0.480000 1.020000 1.020000
      vertex -0.020000 -1.020000 1.020000
    endloop
  endfacet
  facet normal 1.000000 0.000000 0.000000
    outer loop
      vertex -0.480000 -1.020000 1.020000
      vertex -0.480000 -1.020000 -1.020000
      vertex -0.480000 1.020000 -1.020000
    endloop
  endfacet
  facet normal -1.000000 -0.000000 -0.000000
    outer loop
      vertex -0.480000 1.020000 -1.020000
      vertex -0.480000 -1.020000 -1.020000
      vertex -0.480000 -1.020000 1.020000
    endloop
  endfacet
  facet normal 1.000000 -0.000000 0.000000
    outer loop
      vertex -0.480000 -1.020000 1.020000
      vertex -0.480000 1.020000 -1.020000
      vertex -0.480000 1.020000 1.020000
    endloop
  endfacet
  facet normal -1.000000 0.000000 -0.000000
    outer loop
      vertex -0.480000 1.020000 1.020000
      vertex -0.480000 1.020000 -1.020000
      vertex -0.480000 -1.020000 1.020000
    endloop
  endfacet
  facet normal 0.000000 0.000000 1.000000
    outer loop
      vertex -0.480000 -1.020000 -1.020000
      vertex -0.020000 -1.020000 -1.020000
      vertex -0.020000 1.020000 -1.020000
    endloop
  endfacet
  facet normal -0.000000 -0.000000 -1.000000
    outer loop
      vertex -0.020000 1.020000 -1.020000
      vertex -0.020000 -1.020000 -1.020000
      vertex -0.480000 -1.020000 -1.020000
    endloop
  endfacet
  facet normal 0.000000 0.000000 1.000000
    outer loop
      vertex -0.480000 -1.020000 -1.020000
      vertex -0.020000 1.020000 -1.020000
      vertex -0.480000 1.020000 -1.020000
    endloop
  endfacet
  facet normal -0.000000 -0.000000 -1.000000
    outer loop
      vertex -0.480000 1.020000 -1.020000
      vertex -0.020000 1.020000 -1.020000
      vertex -0.480000 -1.020000 -1.020000
    endloop
  endfacet
  facet normal 1.000000 0.000000 0.000000
    outer loop
      vertex -0.020000 -1.020000 -1.020000
      vertex -0.020000 -1.020000 -1.450000
      vertex -0.020000 1.020000 -1.450000
    endloop
  endfacet
  facet normal -1.000000 -0.000000 -0.000000
    outer loop
      vertex -0.020000 1.020000 -1.450000
      vertex -0.020000 -1.020000 -1.450000
      vertex -0.020000 -1.020000 -1.020000
    endloop
  endfacet
  facet normal 1.000000 -0.000000 0.000000
    outer loop
      vertex -0.020000 -1.020000 -1.020000
      vertex -0.020000 1.020000 -1.450000
      vertex -0.020000 1.020000 -1.020000
    endloop
  endfacet
  facet normal -1.000000 0.000000 -0.000000
    outer loop
      vertex -0.020000 1.020000 -1.020000
      vertex -0.020000 1.020000 -1.450000
      vertex -0.020000 -1.020000 -1.020000
    endloop
  endfacet
  facet normal 0.000000 0.000000 -1.000000
    outer loop
      vertex -0.020000 -1.020000 -1.450000
      vertex -0.880000 -1.020000 -1.450000
      vertex -0.880000 1.020000 -1.450000
    endloop
  endfacet
  facet normal -0.000000 -0.000000 1.000000
    outer loop
      vertex -0.880000 1.020000 -1.450000
      vertex -0.880000 -1.020000 -1.450000
      vertex -0.020000 -1.020000 -1.450000
    endloop
  endfacet
  facet normal 0.000000 0.000000 -1.000000
    outer loop
      vertex -0.020000 -1.020000 -1.450000
      vertex -0.880000 1.020000 -1.450000
      vertex -0.020000 1.020000 -1.450000
    endloop
  endfacet
  facet normal -0.000000 -0.000000 1.000000
    outer loop
      vertex -0.020000 1.020000 -1.450000
      vertex -0.880000 1.020000 -1.450000
      vertex -0.020000 -1.020000 -1.450000
    endloop
  endfacet
  facet normal -0.049068 0.000000 -0.998795
    outer loop
      vertex -0.880000 -1.020000 -1.450000
      vertex -0.882941 -1.020000 -1.449856
      vertex -0.882941 1.020000 -1.449856
    endloop
  endfacet
  facet normal 0.049068 -0.000000 0.998795
    outer loop
      vertex -0.882941 1.020000 -1.449856
      vertex -0.882941 -1.020000 -1.449856
      vertex -0.880000 -1.020000 -1.450000
    endloop
  endfacet
  facet normal -0.049068 0.000000 -0.998795
    outer loop
      vertex -0.880000 -1.020000 -1.450000
      vertex -0.882941 1.020000 -1.449856
      vertex -0.880000 1.020000 -1.450000
    endloop
  endfacet
  facet normal 0.049068 -0.000000 0.998795
    outer loop
      vertex -0.880000 1.020000 -1.450000
      vertex -0.882941 1.020000 -1.449856
      vertex -0.880000 -1.020000 -1.450000
    endloop
  endfacet
  facet normal -0.146730 0.000000 -0.989177
    outer loop
      vertex -0.882941 -1.020000 -1.449856
      vertex -0.885853 -1.020000 -1.449424
      vertex -0.885853 1.020000 -1.449424
    endloop
  endfacet
  facet normal 0.146730 -0.000000 0.989177
    outer loop
      vertex -0.885853 1.020000 -1.449424
      vertex -0.885853 -1.020000 -1.449424
      vertex -0.882941 -1.020000 -1.449856
    endloop
  endfacet
  facet normal -0.146730 0.000000 -0.989177
    outer loop
      vertex -0.882941 -1.020000 -1.449856
      vertex -0.885853 1.020000 -1.449424
      vertex -0.882941 1.020000 -1.449856
    endloop
  endfacet
  facet normal 0.146730 -0.000000 0.989177
    outer loop
      vertex -0.882941 1.020000 -1.449856
      vertex -0.885853 1.020000 -1.449424
      vertex -0.882941 -1.020000 -1.449856
    endloop
  endfacet
  facet normal -0.242980 0.000000 -0.970031
    outer loop
      vertex -0.885853 -1.020000 -1.449424
      vertex -0.888709 -1.020000 -1.448708
      vertex -0.888709 1.020000 -1.448708
    endloop
  endfacet
  facet normal 0.242980 -0.000000 0.970031
    outer loop
      vertex -0.888709 1.020000 -1.448708
      vertex -0.888709 -1.020000 -1.448708
      vertex -0.885853 -1.020000 -1.449424
    endloop
  endfacet
  facet normal -0.242980 0.000000 -0.970031
    outer loop
      vertex -0.885853 -1.020000 -1.449424
      vertex -0.888709 1.020000 -1.448708
      vertex -0.885853 1.020000 -1.449424
    endloop
  endfacet
  facet normal 0.242980 -0.000000 0.970031
    outer loop
      vertex -0.885853 1.020000 -1.449424
      vertex -0.888709 1.020000 -1.448708
      vertex -0.885853 -1.020000 -1.449424
    endloop
  endfacet
  facet normal -0.336890 0.000000 -0.941544
    outer loop
      vertex -0.888709 -1.020000 -1.448708
      vertex -0.891481 -1.020000 -1.447716
      vertex -0.891481 1.020000 -1.447716
    endloop
  endfacet
  facet normal 0.336890 -0.000000 0.941544
    outer loop
      vertex -0.891481 1.020000 -1.447716
      vertex -0.891481 -1.020000 -1.447716
      vertex -0.888709 -1.020000 -1.448708
    endloop
  endfacet
  facet normal -0.336890 0.000000 -0.941544
    outer loop
      vertex -0.888709 -1.020000 -1.448708
      vertex -0.891481 1.020000 -1.447716
      vertex -0.888709 1.020000 -1.448708
    endloop
  endfacet
  facet normal 0.336890 -0.000000 0.941544
    outer loop
      vertex -0.888709 1.020000 -1.448708
      vertex -0.891481 1.020000 -1.447716
      vertex -0.888709 -1.020000 -1.448708
    endloop
  endfacet
  facet normal -0.427555 0.000000 -0.903989
    outer loop
      vertex -0.891481 -1.020000 -1.447716
      vertex -0.894142 -1.020000 -1.446458
      vertex -0.894142 1.020000 -1.446458
    endloop
  endfacet
  facet normal 0.427555 -0.000000 0.903989
    outer loop
      vertex -0.894142 1.020000 -1.446458
      vertex -0.894142 -1.020000 -1.446458
      vertex -0.891481 -1.020000 -1.447716
    endloop
  endfacet
  facet normal -0.427555 0.000000 -0.903989
    outer loop
      vertex -0.891481 -1.020000 -1.447716
      vertex -0.894142 1.020000 -1.446458
      vertex -0.891481 1.020000 -1.447716
    endloop
  endfacet
  facet normal 0.427555 -0.000000 0.903989
    outer loop
      vertex -0.891481 1.020000 -1.447716
      vertex -0.894142 1.020000 -1.446458
      vertex -0.891481 -1.020000 -1.447716
    endloop
  endfacet
  facet normal -0.514103 0.000000 -0.857729
    outer loop
      vertex -0.894142 -1.020000 -1.446458
      vertex -0.896667 -1.020000 -1.444944
      vertex -0.896667 1.020000 -1.444944
    endloop
  endfacet
  facet normal 0.514103 -0.000000 0.857729
    outer loop
      vertex -0.896667 1.020000 -1.444944
      vertex -0.896667 -1.020000 -1.444944
      vertex -0.894142 -1.020000 -1.446458
    endloop
  endfacet
  facet normal -0.514103 0.000000 -0.857729
    outer loop
      vertex -0.894142 -1.020000 -1.446458
      vertex -0.896667 1.020000 -1.444944
      vertex -0.894142 1.020000 -1.446458
    endloop
  endfacet
  facet normal 0.514103 -0.000000 0.857729
    outer loop
      vertex -0.894142 1.020000 -1.446458
      vertex -0.896667 1.020000 -1.444944
      vertex -0.894142 -1.020000 -1.446458
    endloop
  endfacet
  facet normal -0.595699 0.000000 -0.803208
    outer loop
      vertex -0.896667 -1.020000 -1.444944
      vertex -0.899032 -1.020000 -1.443190
      vertex -0.899032 1.020000 -1.443190
    endloop
  endfacet
  facet normal 0.595699 -0.000000 0.803208
    outer loop
      vertex -0.899032 1.020000 -1.443190
      vertex -0.899032 -1.020000 -1.443190
      vertex -0.896667 -1.020000 -1.444944
    endloop
  endfacet
  facet normal -0.595699 0.000000 -0.803208
    outer loop
      vertex -0.896667 -1.020000 -1.444944
      vertex -0.899032 1.020000 -1.443190
      vertex -0.896667 1.020000 -1.444944
    endloop
  endfacet
  facet normal 0.595699 -0.000000 0.803208
    outer loop
      vertex -0.896667 1.020000 -1.444944
      vertex -0.899032 1.020000 -1.443190
      vertex -0.896667 -1.020000 -1.444944
    endloop
  endfacet
  facet normal 0.980785 0.000000 0.195090
    outer loop
      vertex -0.530856 -1.020000 -0.726947
      vertex -0.533407 1.020000 -0.714118
      vertex -0.533407 -1.020000 -0.714118
    endloop
  endfacet
  facet normal -0.980785 -0.000000 -0.195090
    outer loop
      vertex -0.533407 -1.020000 -0.714118
      vertex -0.533407 1.020000 -0.714118
      vertex -0.530856 -1.020000 -0.726947
    endloop
  endfacet
  facet normal 0.980785 -0.000000 0.195090
    outer loop
      vertex -0.530856 -1.020000 -0.726947
      vertex -0.530856 1.020000 -0.726947
      vertex -0.533407 1.020000 -0.714118
    endloop
  endfacet
  facet normal -0.980785 0.000000 -0.195090
    outer loop
      vertex -0.533407 1.020000 -0.714118
      vertex -0.530856 1.020000 -0.726947
      vertex -0.530856 -1.020000 -0.726947
    endloop
  endfacet
  facet normal 0.946930 0.000000 0.321439
    outer loop
      vertex -0.533407 -1.020000 -0.714118
      vertex -0.537612 1.020000 -0.701732
      vertex -0.537612 -1.020000 -0.701732
    endloop
  endfacet
  facet normal -0.946930 -0.000000 -0.321439
    outer loop
      vertex -0.537612 -1.020000 -0.701732
      vertex -0.537612 1.020000 -0.701732
      vertex -0.533407 -1.020000 -0.714118
    endloop
  endfacet
  facet normal 0.946930 -0.000000 0.321439
    outer loop
      vertex -0.533407 -1.020000 -0.714118
      vertex -0.533407 1.020000 -0.714118
      vertex -0.537612 1.020000 -0.701732
    endloop
  endfacet
  facet normal -0.946930 0.000000 -0.321439
    outer loop
      vertex -0.537612 1.020000 -0.701732
      vertex -0.533407 1.020000 -0.714118
      vertex -0.533407 -1.020000 -0.714118
    endloop
  endfacet
  facet normal 0.896873 0.000000 0.442289
    outer loop
      vertex -0.537612 -1.020000 -0.701732
      vertex -0.543397 1.020000 -0.690000
      vertex -0.543397 -1.020000 -0.690000
    endloop
  endfacet
  facet normal -0.896873 -0.000000 -0.442289
    outer loop
      vertex -0.543397 -1.020000 -0.690000
      vertex -0.543397 1.020000 -0.690000
      vertex -0.537612 -1.020000 -0.701732
    endloop
  endfacet
  facet normal 0.896873 -0.000000 0.442289
    outer loop
      vertex -0.537612 -1.020000 -0.701732
      vertex -0.537612 1.020000 -0.701732
      vertex -0.543397 1.020000 -0.690000
    endloop
  endfacet
  facet normal -0.896873 0.000000 -0.442289
    outer loop
      vertex -0.543397 1.020000 -0.690000
      vertex -0.537612 1.020000 -0.701732
      vertex -0.537612 -1.020000 -0.701732
    endloop
  endfacet
  facet normal 0.831470 0.000000 0.555570
    outer loop
      vertex -0.543397 -1.020000 -0.690000
      vertex -0.550665 1.020000 -0.679124
      vertex -0.550665 -1.020000 -0.679124
    endloop
  endfacet
  facet normal -0.831470 -0.000000 -0.555570
    outer loop
      vertex -0.550665 -1.020000 -0.679124
      vertex -0.550665 1.020000 -0.679124
      vertex -0.543397 -1.020000 -0.690000
    endloop
  endfacet
  facet normal 0.831470 -0.000000 0.555570
    outer loop
      vertex -0.543397 -1.020000 -0.690000
      vertex -0.543397 1.020000 -0.690000
      vertex -0.550665 1.020000 -0.679124
    endloop
  endfacet
  facet normal -0.831470 0.000000 -0.555570
    outer loop
      vertex -0.550665 1.020000 -0.679124
      vertex -0.543397 1.020000 -0.690000
      vertex -0.543397 -1.020000 -0.690000
    endloop
  endfacet
  facet normal 0.751840 0.000000 0.659346
    outer loop
      vertex -0.550665 -1.020000 -0.679124
      vertex -0.559289 1.020000 -0.669289
      vertex -0.559289 -1.020000 -0.669289
    endloop
  endfacet
  facet normal -0.751840 -0.000000 -0.659346
    outer loop
      vertex -0.559289 -1.020000 -0.669289
      vertex -0.559289 1.020000 -0.669289
      vertex -0.550665 -1.020000 -0.679124
    endloop
  endfacet
  facet normal 0.751840 -0.000000 0.659346
    outer loop
      vertex -0.550665 -1.020000 -0.679124
      vertex -0.550665 1.020000 -0.679124
      vertex -0.559289 1.020000 -0.669289
    endloop
  endfacet
  facet normal -0.751840 0.000000 -0.659346
    outer loop
      vertex -0.559289 1.020000 -0.669289
      vertex -0.550665 1.020000 -0.679124
      vertex -0.550665 -1.020000 -0.679124
    endloop
  endfacet
  facet normal 0.659346 0.000000 0.751840
    outer loop
      vertex -0.559289 -1.020000 -0.669289
      vertex -0.569124 1.020000 -0.660665
      vertex -0.569124 -1.020000 -0.660665
    endloop
  endfacet
  facet normal -0.659346 -0.000000 -0.751840
    outer loop
      vertex -0.569124 -1.020000 -0.660665
      vertex -0.569124 1.020000 -0.660665
      vertex -0.559289 -1.020000 -0.669289
    endloop
  endfacet
  facet normal 0.659346 -0.000000 0.751840
    outer loop
      vertex -0.559289 -1.020000 -0.669289
      vertex -0.559289 1.020000 -0.669289
      vertex -0.569124 1.020000 -0.660665
    endloop
  endfacet
  facet normal -0.659346 0.000000 -0.751840
    outer loop
      vertex -0.569124 1.020000 -0.660665
      vertex -0.559289 1.020000 -0.669289
      vertex -0.559289 -1.020000 -0.669289
    endloop
  endfacet
  facet normal 0.555570 0.000000 0.831470
    outer loop
      vertex -0.569124 -1.020000 -0.660665
      vertex -0.580000 1.020000 -0.653397
      vertex -0.580000 -1.020000 -0.653397
    endloop
  endfacet
  facet normal -0.555570 -0.000000 -0.831470
    outer loop
      vertex -0.580000 -1.020000 -0.653397
      vertex -0.580000 1.020000 -0.653397
      vertex -0.569124 -1.020000 -0.660665
    endloop
  endfacet
  facet normal 0.555570 -0.000000 0.831470
    outer loop
      vertex -0.569124 -1.020000 -0.660665
      vertex -0.569124 1.020000 -0.660665
      vertex -0.580000 1.020000 -0.653397
    endloop
  endfacet
  facet normal -0.555570 0.000000 -0.831470
    outer loop
      vertex -0.580000 1.020000 -0.653397
      vertex -0.569124 1.020000 -0.660665
      vertex -0.569124 -1.020000 -0.660665
    endloop
  endfacet
  facet normal 0.442289 0.000000 0.896873
    outer loop
      vertex -0.580000 -1.020000 -0.653397
      vertex -0.591732 1.020000 -0.647612
      vertex -0.591732 -1.020000 -0.647612
    endloop
  endfacet
  facet normal -0.442289 -0.000000 -0.896873
    outer loop
      vertex -0.591732 -1.020000 -0.647612
      vertex -0.591732 1.020000 -0.647612
      vertex -0.580000 -1.020000 -0.653397
    endloop
  endfacet
  facet normal 0.442289 -0.000000 0.896873
    outer loop
      vertex -0.580000 -1.020000 -0.653397
      vertex -0.580000 1.020000 -0.653397
      vertex -0.591732 1.020000 -0.647612
    endloop
  endfacet
  facet normal -0.442289 0.000000 -0.896873
    outer loop
      vertex -0.591732 1.020000 -0.647612
      vertex -0.580000 1.020000 -0.653397
      vertex -0.580000 -1.020000 -0.653397
    endloop
  endfacet
  facet normal 0.321439 0.000000 0.946930
    outer loop
      vertex -0.591732 -1.020000 -0.647612
      vertex -0.604118 1.020000 -0.643407
      vertex -0.604118 -1.020000 -0.643407
    endloop
  endfacet
  facet normal -0.321439 -0.000000 -0.946930
    outer loop
      vertex -0.604118 -1.020000 -0.643407
      vertex -0.604118 1.020000 -0.643407
      vertex -0.591732 -1.020000 -0.647612
    endloop
  endfacet
  facet normal 0.321439 -0.000000 0.946930
    outer loop
      vertex -0.591732 -1.020000 -0.647612
      vertex -0.591732 1.020000 -0.647612
      vertex -0.604118 1.020000 -0.643407
    endloop
  endfacet
  facet normal -0.321439 0.000000 -0.946930
    outer loop
      vertex -0.604118 1.020000 -0.643407
      vertex -0.591732 1.020000 -0.647612
      vertex -0.591732 -1.020000 -0.647612
    endloop
  endfacet
  facet normal 0.195090 0.000000 0.980785
    outer loop
      vertex -0.604118 -1.020000 -0.643407
      vertex -0.616947 1.020000 -0.640856
      vertex -0.616947 -1.020000 -0.640856
    endloop
  endfacet
  facet normal -0.195090 -0.000000 -0.980785
    outer loop
      vertex -0.616947 -1.020000 -0.640856
      vertex -0.616947 1.020000 -0.640856
      vertex -0.604118 -1.020000 -0.643407
    endloop
  endfacet
  facet normal 0.195090 -0.000000 0.980785
    outer loop
      vertex -0.604118 -1.020000 -0.643407
      vertex -0.604118 1.020000 -0.643407
      vertex -0.616947 1.020000 -0.640856
    endloop
  endfacet
  facet normal -0.195090 0.000000 -0.980785
    outer loop
      vertex -0.616947 1.020000 -0.640856
      vertex -0.604118 1.020000 -0.643407
      vertex -0.604118 -1.020000 -0.643407
    endloop
  endfacet
  facet normal 0.065403 0.000000 0.997859
    outer loop
      vertex -0.616947 -1.020000 -0.640856
      vertex -0.630000 1.020000 -0.640000
      vertex -0.630000 -1.020000 -0.640000
    endloop
  endfacet
  facet normal -0.065403 -0.000000 -0.997859
    outer loop
      vertex -0.630000 -1.020000 -0.640000
      vertex -0.630000 1.020000 -0.640000
      vertex -0.616947 -1.020000 -0.640856
    endloop
  endfacet
  facet normal 0.065403 -0.000000 0.997859
    outer loop
      vertex -0.616947 -1.020000 -0.640856
      vertex -0.616947 1.020000 -0.640856
      vertex -0.630000 1.020000 -0.640000
    endloop
  endfacet
  facet normal -0.065403 0.000000 -0.997859
    outer loop
      vertex -0.630000 1.020000 -0.640000
      vertex -0.616947 1.020000 -0.640856
      vertex -0.616947 -1.020000 -0.640856
    endloop
  endfacet
  facet normal -0.065403 0.000000 0.997859
    outer loop
      vertex -0.630000 -1.020000 -0.640000
      vertex -0.643053 1.020000 -0.640856
      vertex -0.643053 -1.020000 -0.640856
    endloop
  endfacet
  facet normal 0.065403 -0.000000 -0.997859
    outer loop
      vertex -0.643053 -1.020000 -0.640856
      vertex -0.643053 1.020000 -0.640856
      vertex -0.630000 -1.020000 -0.640000
    endloop
  endfacet
  facet normal -0.065403 0.000000 0.997859
    outer loop
      vertex -0.630000 -1.020000 -0.640000
      vertex -0.630000 1.020000 -0.640000
      vertex -0.643053 1.020000 -0.640856
    endloop
  endfacet
  facet normal 0.065403 -0.000000 -0.997859
    outer loop
      vertex -0.643053 1.020000 -0.640856
      vertex -0.630000 1.020000 -0.640000
      vertex -0.630000 -1.020000 -0.640000
    endloop
  endfacet
  facet normal -0.195090 0.000000 0.980785
    outer loop
      vertex -0.643053 -1.020000 -0.640856
      vertex -0.655882 1.020000 -0.643407
      vertex -0.655882 -1.020000 -0.643407
    endloop
  endfacet
  facet normal 0.195090 -0.000000 -0.980785
    outer loop
      vertex -0.655882 -1.020000 -0.643407
      vertex -0.655882 1.020000 -0.643407
      vertex -0.643053 -1.020000 -0.640856
    endloop
  endfacet
  facet normal -0.195090 0.000000 0.980785
    outer loop
      vertex -0.643053 -1.020000 -0.640856
      vertex -0.643053 1.020000 -0.640856
      vertex -0.655882 1.020000 -0.643407
    endloop
  endfacet
  facet normal 0.195090 -0.000000 -0.980785
    outer loop
      vertex -0.655882 1.020000 -0.643407
      vertex -0.643053 1.020000 -0.640856
      vertex -0.643053 -1.020000 -0.640856
    endloop
  endfacet
  facet normal -0.321439 0.000000 0.946930
    outer loop
      vertex -0.655882 -1.020000 -0.643407
      vertex -0.668268 1.020000 -0.647612
      vertex -0.668268 -1.020000 -0.647612
    endloop
  endfacet
  facet normal 0.321439 -0.000000 -0.946930
    outer loop
      vertex -0.668268 -1.020000 -0.647612
      vertex -0.668268 1.020000 -0.647612
      vertex -0.655882 -1.020000 -0.643407
    endloop
  endfacet
  facet normal -0.321439 0.000000 0.946930
    outer loop
      vertex -0.655882 -1.020000 -0.643407
      vertex -0.655882 1.020000 -0.643407
      vertex -0.668268 1.020000 -0.647612
    endloop
  endfacet
  facet normal 0.321439 -0.000000 -0.946930
    outer loop
      vertex -0.668268 1.020000 -0.647612
      vertex -0.655882 1.020000 -0.643407
      vertex -0.655882 -1.020000 -0.643407
    endloop
  endfacet
  facet normal -0.442289 0.000000 0.896873
    outer loop
      vertex -0.668268 -1.020000 -0.647612
      vertex -0.680000 1.020000 -0.653397
      vertex -0.680000 -1.020000 -0.653397
    endloop
  endfacet
  facet normal 0.442289 -0.000000 -0.896873
    outer loop
      vertex -0.680000 -1.020000 -0.653397
      vertex -0.680000 1.020000 -0.653397
      vertex -0.668268 -1.020000 -0.647612
    endloop
  endfacet
  facet normal -0.442289 0.000000 0.896873
    outer loop
      vertex -0.668268 -1.020000 -0.647612
      vertex -0.668268 1.020000 -0.647612
      vertex -0.680000 1.020000 -0.653397
    endloop
  endfacet
  facet normal 0.442289 -0.000000 -0.896873
    outer loop
      vertex -0.680000 1.020000 -0.653397
      vertex -0.668268 1.020000 -0.647612
      vertex -0.668268 -1.020000 -0.647612
    endloop
  endfacet
  facet normal -0.555570 0.000000 0.831470
    outer loop
      vertex -0.680000 -1.020000 -0.653397
      vertex -0.690876 1.020000 -0.660665
      vertex -0.690876 -1.020000 -0.660665
    endloop
  endfacet
  facet normal 0.555570 -0.000000 -0.831470
    outer loop
      vertex -0.690876 -1.020000 -0.660665
      vertex -0.690876 1.020000 -0.660665
      vertex -0.680000 -1.020000 -0.653397
    endloop
  endfacet
  facet normal -0.555570 0.000000 0.831470
    outer loop
      vertex -0.680000 -1.020000 -0.653397
      vertex -0.680000 1.020000 -0.653397
      vertex -0.690876 1.020000 -0.660665
    endloop
  endfacet
  facet normal 0.555570 -0.000000 -0.831470
    outer loop
      vertex -0.690876 1.020000 -0.660665
      vertex -0.680000 1.020000 -0.653397
      vertex -0.680000 -1.020000 -0.653397
    endloop
  endfacet
  facet normal -0.659346 0.000000 0.751840
    outer loop
      vertex -0.690876 -1.020000 -0.660665
      vertex -0.700711 1.020000 -0.669289
      vertex -0.700711 -1.020000 -0.669289
    endloop
  endfacet
  facet normal 0.659346 -0.000000 -0.751840
    outer loop
      vertex -0.700711 -1.020000 -0.669289
      vertex -0.700711 1.020000 -0.669289
      vertex -0.690876 -1.020000 -0.660665
    endloop
  endfacet
  facet normal -0.659346 0.000000 0.751840
    outer loop
      vertex -0.690876 -1.020000 -0.660665
      vertex -0.690876 1.020000 -0.660665
      vertex -0.700711 1.020000 -0.669289
    endloop
  endfacet
  facet normal 0.659346 -0.000000 -0.751840
    outer loop
      vertex -0.700711 1.020000 -0.669289
      vertex -0.690876 1.020000 -0.660665
      vertex -0.690876 -1.020000 -0.660665
    endloop
  endfacet
  facet normal -0.751840 0.000000 0.659346
    outer loop
      vertex -0.700711 -1.020000 -0.669289
      vertex -0.709335 1.020000 -0.679124
      vertex -0.709335 -1.020000 -0.679124
    endloop
  endfacet
  facet normal 0.751840 -0.000000 -0.659346
    outer loop
      vertex -0.709335 -1.020000 -0.679124
      vertex -0.709335 1.020000 -0.679124
      vertex -0.700711 -1.020000 -0.669289
    endloop
  endfacet
  facet normal -0.751840 0.000000 0.659346
    outer loop
      vertex -0.700711 -1.020000 -0.669289
      vertex -0.700711 1.020000 -0.669289
      vertex -0.709335 1.020000 -0.679124
    endloop
  endfacet
  facet normal 0.751840 -0.000000 -0.659346
    outer loop
      vertex -0.709335 1.020000 -0.679124
      vertex -0.700711 1.020000 -0.669289
      vertex -0.700711 -1.020000 -0.669289
    endloop
  endfacet
  facet normal -0.831470 0.000000 0.555570
    outer loop
      vertex -0.709335 -1.020000 -0.679124
      vertex -0.716603 1.020000 -0.690000
      vertex -0.716603 -1.020000 -0.690000
    endloop
  endfacet
  facet normal 0.831470 -0.000000 -0.555570
    outer loop
      vertex -0.716603 -1.020000 -0.690000
      vertex -0.716603 1.020000 -0.690000
      vertex -0.709335 -1.020000 -0.679124
    endloop
  endfacet
  facet normal -0.831470 0.000000 0.555570
    outer loop
      vertex -0.709335 -1.020000 -0.679124
      vertex -0.709335 1.020000 -0.679124
      vertex -0.716603 1.020000 -0.690000
    endloop
  endfacet
  facet normal 0.831470 -0.000000 -0.555570
    outer loop
      vertex -0.716603 1.020000 -0.690000
      vertex -0.709335 1.020000 -0.679124
      vertex -0.709335 -1.020000 -0.679124
    endloop
  endfacet
  facet normal -0.896873 0.000000 0.442289
    outer loop
      vertex -0.716603 -1.020000 -0.690000
      vertex -0.722388 1.020000 -0.701732
      vertex -0.722388 -1.020000 -0.701732
    endloop
  endfacet
  facet normal 0.896873 -0.000000 -0.442289
    outer loop
      vertex -0.722388 -1.020000 -0.701732
      vertex -0.722388 1.020000 -0.701732
      vertex -0.716603 -1.020000 -0.690000
    endloop
  endfacet
  facet normal -0.896873 0.000000 0.442289
    outer loop
      vertex -0.716603 -1.020000 -0.690000
      vertex -0.716603 1.020000 -0.690000
      vertex -0.722388 1.020000 -0.701732
    endloop
  endfacet
  facet normal 0.896873 -0.000000 -0.442289
    outer loop
      vertex -0.722388 1.020000 -0.701732
      vertex -0.716603 1.020000 -0.690000
      vertex -0.716603 -1.020000 -0.690000
    endloop
  endfacet
  facet normal -0.946930 0.000000 0.321439
    outer loop
      vertex -0.722388 -1.020000 -0.701732
      vertex -0.726593 1.020000 -0.714118
      vertex -0.726593 -1.020000 -0.714118
    endloop
  endfacet
  facet normal 0.946930 -0.000000 -0.321439
    outer loop
      vertex -0.726593 -1.020000 -0.714118
      vertex -0.726593 1.020000 -0.714118
      vertex -0.722388 -1.020000 -0.701732
    endloop
  endfacet
  facet normal -0.946930 0.000000 0.321439
    outer loop
      vertex -0.722388 -1.020000 -0.701732
      vertex -0.722388 1.020000 -0.701732
      vertex -0.726593 1.020000 -0.714118
    endloop
  endfacet
  facet normal 0.946930 -0.000000 -0.321439
    outer loop
      vertex -0.726593 1.020000 -0.714118
      vertex -0.722388 1.020000 -0.701732
      vertex -0.722388 -1.020000 -0.701732
    endloop
  endfacet
  facet normal -0.980785 0.000000 0.195090
    outer loop
      vertex -0.726593 -1.020000 -0.714118
      vertex -0.729144 1.020000 -0.726947
      vertex -0.729144 -1.020000 -0.726947
    endloop
  endfacet
  facet normal 0.980785 -0.000000 -0.195090
    outer loop
      vertex -0.729144 -1.020000 -0.726947
      vertex -0.729144 1.020000 -0.726947
      vertex -0.726593 -1.020000 -0.714118
    endloop
  endfacet
  facet normal -0.980785 0.000000 0.195090
    outer loop
      vertex -0.726593 -1.020000 -0.714118
      vertex -0.726593 1.020000 -0.714118
      vertex -0.729144 1.020000 -0.726947
    endloop
  endfacet
  facet normal 0.980785 -0.000000 -0.195090
    outer loop
      vertex -0.729144 1.020000 -0.726947
      vertex -0.726593 1.020000 -0.714118
      vertex -0.726593 -1.020000 -0.714118
    endloop
  endfacet
  facet normal -0.997859 0.000000 0.065403
    outer loop
      vertex -0.729144 -1.020000 -0.726947
      vertex -0.730000 1.020000 -0.740000
      vertex -0.730000 -1.020000 -0.740000
    endloop
  endfacet
  facet normal 0.997859 -0.000000 -0.065403
    outer loop
      vertex -0.730000 -1.020000 -0.740000
      vertex -0.730000 1.020000 -0.740000
      vertex -0.729144 -1.020000 -0.726947
    endloop
  endfacet
  facet normal -0.997859 0.000000 0.065403
    outer loop
      vertex -0.729144 -1.020000 -0.726947
      vertex -0.729144 1.020000 -0.726947
      vertex -0.730000 1.020000 -0.740000
    endloop
  endfacet
  facet normal 0.997859 -0.000000 -0.065403
    outer loop
      vertex -0.730000 1.020000 -0.740000
      vertex -0.729144 1.020000 -0.726947
      vertex -0.729144 -1.020000 -0.726947
    endloop
  endfacet
  facet normal -0.997859 0.000000 -0.065403
    outer loop
      vertex -0.730000 -1.020000 -0.740000
      vertex -0.729144 1.020000 -0.753053
      vertex -0.729144 -1.020000 -0.753053
    endloop
  endfacet
  facet normal 0.997859 -0.000000 0.065403
    outer loop
      vertex -0.729144 -1.020000 -0.753053
      vertex -0.729144 1.020000 -0.753053
      vertex -0.730000 -1.020000 -0.740000
    endloop
  endfacet
  facet normal -0.997859 0.000000 -0.065403
    outer loop
      vertex -0.730000 -1.020000 -0.740000
      vertex -0.730000 1.020000 -0.740000
      vertex -0.729144 1.020000 -0.753053
    endloop
  endfacet
  facet normal 0.997859 -0.000000 0.065403
    outer loop
      vertex -0.729144 1.020000 -0.753053
      vertex -0.730000 1.020000 -0.740000
      vertex -0.730000 -1.020000 -0.740000
    endloop
  endfacet
  facet normal -0.980785 0.000000 -0.195090
    outer loop
      vertex -0.729144 -1.020000 -0.753053
      vertex -0.726593 1.020000 -0.765882
      vertex -0.726593 -1.020000 -0.765882
    endloop
  endfacet
  facet normal 0.980785 -0.000000 0.195090
    outer loop
      vertex -0.726593 -1.020000 -0.765882
      vertex -0.726593 1.020000 -0.765882
      vertex -0.729144 -1.020000 -0.753053
    endloop
  endfacet
  facet normal -0.980785 0.000000 -0.195090
    outer loop
      vertex -0.729144 -1.020000 -0.753053
      vertex -0.729144 1.020000 -0.753053
      vertex -0.726593 1.020000 -0.765882
    endloop
  endfacet
  facet normal 0.980785 -0.000000 0.195090
    outer loop
      vertex -0.726593 1.020000 -0.765882
      vertex -0.729144 1.020000 -0.753053
      vertex -0.729144 -1.020000 -0.753053
    endloop
  endfacet
  facet normal -0.946930 0.000000 -0.321439
    outer loop
      vertex -0.726593 -1.020000 -0.765882
      vertex -0.722388 1.020000 -0.778268
      vertex -0.722388 -1.020000 -0.778268
    endloop
  endfacet
  facet normal 0.946930 -0.000000 0.321439
    outer loop
      vertex -0.722388 -1.020000 -0.778268
      vertex -0.722388 1.020000 -0.778268
      vertex -0.726593 -1.020000 -0.765882
    endloop
  endfacet
  facet normal -0.946930 0.000000 -0.321439
    outer loop
      vertex -0.726593 -1.020000 -0.765882
      vertex -0.726593 1.020000 -0.765882
      vertex -0.722388 1.020000 -0.778268
    endloop
  endfacet
  facet normal 0.946930 -0.000000 0.321439
    outer loop
      vertex -0.722388 1.020000 -0.778268
      vertex -0.726593 1.020000 -0.765882
      vertex -0.726593 -1.020000 -0.765882
    endloop
  endfacet
  facet normal -0.896873 0.000000 -0.442289
    outer loop
      vertex -0.722388 -1.020000 -0.778268
      vertex -0.716603 1.020000 -0.790000
      vertex -0.716603 -1.020000 -0.790000
    endloop
  endfacet
  facet normal 0.896873 -0.000000 0.442289
    outer loop
      vertex -0.716603 -1.020000 -0.790000
      vertex -0.716603 1.020000 -0.790000
      vertex -0.722388 -1.020000 -0.778268
    endloop
  endfacet
  facet normal -0.896873 0.000000 -0.442289
    outer loop
      vertex -0.722388 -1.020000 -0.778268
      vertex -0.722388 1.020000 -0.778268
      vertex -0.716603 1.020000 -0.790000
    endloop
  endfacet
  facet normal 0.896873 -0.000000 0.442289
    outer loop
      vertex -0.716603 1.020000 -0.790000
      vertex -0.722388 1.020000 -0.778268
      vertex -0.722388 -1.020000 -0.778268
    endloop
  endfacet
  facet normal -0.831470 0.000000 -0.555570
    outer loop
      vertex -0.716603 -1.020000 -0.790000
      vertex -0.709335 1.020000 -0.800876
      vertex -0.709335 -1.020000 -0.800876
    endloop
  endfacet
  facet normal 0.831470 -0.000000 0.555570
    outer loop
      vertex -0.709335 -1.020000 -0.800876
      vertex -0.709335 1.020000 -0.800876
      vertex -0.716603 -1.020000 -0.790000
    endloop
  endfacet
  facet normal -0.831470 0.000000 -0.555570
    outer loop
      vertex -0.716603 -1.020000 -0.790000
      vertex -0.716603 1.020000 -0.790000
      vertex -0.709335 1.020000 -0.800876
    endloop
  endfacet
  facet normal 0.831470 -0.000000 0.555570
    outer loop
      vertex -0.709335 1.020000 -0.800876
      vertex -0.716603 1.020000 -0.790000
      vertex -0.716603 -1.020000 -0.790000
    endloop
  endfacet
  facet normal -0.751840 0.000000 -0.659346
    outer loop
      vertex -0.709335 -1.020000 -0.800876
      vertex -0.700711 1.020000 -0.810711
      vertex -0.700711 -1.020000 -0.810711
    endloop
  endfacet
  facet normal 0.751840 -0.000000 0.659346
    outer loop
      vertex -0.700711 -1.020000 -0.810711
      vertex -0.700711 1.020000 -0.810711
      vertex -0.709335 -1.020000 -0.800876
    endloop
  endfacet
  facet normal -0.751840 0.000000 -0.659346
    outer loop
      vertex -0.709335 -1.020000 -0.800876
      vertex -0.709335 1.020000 -0.800876
      vertex -0.700711 1.020000 -0.810711
    endloop
  endfacet
  facet normal 0.751840 -0.000000 0.659346
    outer loop
      vertex -0.700711 1.020000 -0.810711
      vertex -0.709335 1.020000 -0.800876
      vertex -0.709335 -1.020000 -0.800876
    endloop
  endfacet
  facet normal -0.659346 0.000000 -0.751840
    outer loop
      vertex -0.700711 -1.020000 -0.810711
      vertex -0.690876 1.020000 -0.819335
      vertex -0.690876 -1.020000 -0.819335
    endloop
  endfacet
  facet normal 0.659346 -0.000000 0.751840
    outer loop
      vertex -0.690876 -1.020000 -0.819335
      vertex -0.690876 1.020000 -0.819335
      vertex -0.700711 -1.020000 -0.810711
    endloop
  endfacet
  facet normal -0.659346 0.000000 -0.751840
    outer loop
      vertex -0.700711 -1.020000 -0.810711
      vertex -0.700711 1.020000 -0.810711
      vertex -0.690876 1.020000 -0.819335
    endloop
  endfacet
  facet normal 0.659346 -0.000000 0.751840
    outer loop
      vertex -0.690876 1.020000 -0.819335
      vertex -0.700711 1.020000 -0.810711
      vertex -0.700711 -1.020000 -0.810711
    endloop
  endfacet
  facet normal -0.555570 0.000000 -0.831470
    outer loop
      vertex -0.690876 -1.020000 -0.819335
      vertex -0.680000 1.020000 -0.826603
      vertex -0.680000 -1.020000 -0.826603
    endloop
  endfacet
  facet normal 0.555570 -0.000000 0.831470
    outer loop
      vertex -0.680000 -1.020000 -0.826603
      vertex -0.680000 1.020000 -0.826603
      vertex -0.690876 -1.020000 -0.819335
    endloop
  endfacet
  facet normal -0.555570 0.000000 -0.831470
    outer loop
      vertex -0.690876 -1.020000 -0.819335
      vertex -0.690876 1.020000 -0.819335
      vertex -0.680000 1.020000 -0.826603
    endloop
  endfacet
  facet normal 0.555570 -0.000000 0.831470
    outer loop
      vertex -0.680000 1.020000 -0.826603
      vertex -0.690876 1.020000 -0.819335
      vertex -0.690876 -1.020000 -0.819335
    endloop
  endfacet
  facet normal -0.442289 0.000000 -0.896873
    outer loop
      vertex -0.680000 -1.020000 -0.826603
      vertex -0.668268 1.020000 -0.832388
      vertex -0.668268 -1.020000 -0.832388
    endloop
  endfacet
  facet normal 0.442289 -0.000000 0.896873
    outer loop
      vertex -0.668268 -1.020000 -0.832388
      vertex -0.668268 1.020000 -0.832388
      vertex -0.680000 -1.020000 -0.826603
    endloop
  endfacet
  facet normal -0.442289 0.000000 -0.896873
    outer loop
      vertex -0.680000 -1.020000 -0.826603
      vertex -0.680000 1.020000 -0.826603
      vertex -0.668268 1.020000 -0.832388
    endloop
  endfacet
  facet normal 0.442289 -0.000000 0.896873
    outer loop
      vertex -0.668268 1.020000 -0.832388
      vertex -0.680000 1.020000 -0.826603
      vertex -0.680000 -1.020000 -0.826603
    endloop
  endfacet
  facet normal -0.321439 0.000000 -0.946930
    outer loop
      vertex -0.668268 -1.020000 -0.832388
      vertex -0.655882 1.020000 -0.836593
      vertex -0.655882 -1.020000 -0.836593
    endloop
  endfacet
  facet normal 0.321439 -0.000000 0.946930
    outer loop
      vertex -0.655882 -1.020000 -0.836593
      vertex -0.655882 1.020000 -0.836593
      vertex -0.668268 -1.020000 -0.832388
    endloop
  endfacet
  facet normal -0.321439 0.000000 -0.946930
    outer loop
      vertex -0.668268 -1.020000 -0.832388
      vertex -0.668268 1.020000 -0.832388
      vertex -0.655882 1.020000 -0.836593
    endloop
  endfacet
  facet normal 0.321439 -0.000000 0.946930
    outer loop
      vertex -0.655882 1.020000 -0.836593
      vertex -0.668268 1.020000 -0.832388
      vertex -0.668268 -1.020000 -0.832388
    endloop
  endfacet
  facet normal -0.195090 0.000000 -0.980785
    outer loop
      vertex -0.655882 -1.020000 -0.836593
      vertex -0.643053 1.020000 -0.839144
      vertex -0.643053 -1.020000 -0.839144
    endloop
  endfacet
  facet normal 0.195090 -0.000000 0.980785
    outer loop
      vertex -0.643053 -1.020000 -0.839144
      vertex -0.643053 1.020000 -0.839144
      vertex -0.655882 -1.020000 -0.836593
    endloop
  endfacet
  facet normal -0.195090 0.000000 -0.980785
    outer loop
      vertex -0.655882 -1.020000 -0.836593
      vertex -0.655882 1.020000 -0.836593
      vertex -0.643053 1.020000 -0.839144
    endloop
  endfacet
  facet normal 0.195090 -0.000000 0.980785
    outer loop
      vertex -0.643053 1.020000 -0.839144
      vertex -0.655882 1.020000 -0.836593
      vertex -0.655882 -1.020000 -0.836593
    endloop
  endfacet
  facet normal -0.065403 0.000000 -0.997859
    outer loop
      vertex -0.643053 -1.020000 -0.839144
      vertex -0.630000 1.020000 -0.840000
      vertex -0.630000 -1.020000 -0.840000
    endloop
  endfacet
  facet normal 0.065403 -0.000000 0.997859
    outer loop
      vertex -0.630000 -1.020000 -0.840000
      vertex -0.630000 1.020000 -0.840000
      vertex -0.643053 -1.020000 -0.839144
    endloop
  endfacet
  facet normal -0.065403 0.000000 -0.997859
    outer loop
      vertex -0.643053 -1.020000 -0.839144
      vertex -0.643053 1.020000 -0.839144
      vertex -0.630000 1.020000 -0.840000
    endloop
  endfacet
  facet normal 0.065403 -0.000000 0.997859
    outer loop
      vertex -0.630000 1.020000 -0.840000
      vertex -0.643053 1.020000 -0.839144
      vertex -0.643053 -1.020000 -0.839144
    endloop
  endfacet
  facet normal 0.065403 0.000000 -0.997859
    outer loop
      vertex -0.630000 -1.020000 -0.840000
      vertex -0.616947 1.020000 -0.839144
      vertex -0.616947 -1.020000 -0.839144
    endloop
  endfacet
  facet normal -0.065403 -0.000000 0.997859
    outer loop
      vertex -0.616947 -1.020000 -0.839144
      vertex -0.616947 1.020000 -0.839144
      vertex -0.630000 -1.020000 -0.840000
    endloop
  endfacet
  facet normal 0.065403 0.000000 -0.997859
    outer loop
      vertex -0.630000 -1.020000 -0.840000
      vertex -0.630000 1.020000 -0.840000
      vertex -0.616947 1.020000 -0.839144
    endloop
  endfacet
  facet normal -0.065403 -0.000000 0.997859
    outer loop
      vertex -0.616947 1.020000 -0.839144
      vertex -0.630000 1.020000 -0.840000
      vertex -0.630000 -1.020000 -0.840000
    endloop
  endfacet
  facet normal 0.195090 0.000000 -0.980785
    outer loop
      vertex -0.616947 -1.020000 -0.839144
      vertex -0.604118 1.020000 -0.836593
      vertex -0.604118 -1.020000 -0.836593
    endloop
  endfacet
  facet normal -0.195090 -0.000000 0.980785
    outer loop
      vertex -0.604118 -1.020000 -0.836593
      vertex -0.604118 1.020000 -0.836593
      vertex -0.616947 -1.020000 -0.839144
    endloop
  endfacet
  facet normal 0.195090 0.000000 -0.980785
    outer loop
      vertex -0.616947 -1.020000 -0.839144
      vertex -0.616947 1.020000 -0.839144
      vertex -0.604118 1.020000 -0.836593
    endloop
  endfacet
  facet normal -0.195090 -0.000000 0.980785
    outer loop
      vertex -0.604118 1.020000 -0.836593
      vertex -0.616947 1.020000 -0.839144
      vertex -0.616947 -1.020000 -0.839144
    endloop
  endfacet
  facet normal 0.321439 0.000000 -0.946930
    outer loop
      vertex -0.604118 -1.020000 -0.836593
      vertex -0.591732 1.020000 -0.832388
      vertex -0.591732 -1.020000 -0.832388
    endloop
  endfacet
  facet normal -0.321439 -0.000000 0.946930
    outer loop
      vertex -0.591732 -1.020000 -0.832388
      vertex -0.591732 1.020000 -0.832388
      vertex -0.604118 -1.020000 -0.836593
    endloop
  endfacet
  facet normal 0.321439 0.000000 -0.946930
    outer loop
      vertex -0.604118 -1.020000 -0.836593
      vertex -0.604118 1.020000 -0.836593
      vertex -0.591732 1.020000 -0.832388
    endloop
  endfacet
  facet normal -0.321439 -0.000000 0.946930
    outer loop
      vertex -0.591732 1.020000 -0.832388
      vertex -0.604118 1.020000 -0.836593
      vertex -0.604118 -1.020000 -0.836593
    endloop
  endfacet
  facet normal 0.442289 0.000000 -0.896873
    outer loop
      vertex -0.591732 -1.020000 -0.832388
      vertex -0.580000 1.020000 -0.826603
      vertex -0.580000 -1.020000 -0.826603
    endloop
  endfacet
  facet normal -0.442289 -0.000000 0.896873
    outer loop
      vertex -0.580000 -1.020000 -0.826603
      vertex -0.580000 1.020000 -0.826603
      vertex -0.591732 -1.020000 -0.832388
    endloop
  endfacet
  facet normal 0.442289 0.000000 -0.896873
    outer loop
      vertex -0.591732 -1.020000 -0.832388
      vertex -0.591732 1.020000 -0.832388
      vertex -0.580000 1.020000 -0.826603
    endloop
  endfacet
  facet normal -0.442289 -0.000000 0.896873
    outer loop
      vertex -0.580000 1.020000 -0.826603
      vertex -0.591732 1.020000 -0.832388
      vertex -0.591732 -1.020000 -0.832388
    endloop
  endfacet
  facet normal 0.555570 0.000000 -0.831470
    outer loop
      vertex -0.580000 -1.020000 -0.826603
      vertex -0.569124 1.020000 -0.819335
      vertex -0.569124 -1.020000 -0.819335
    endloop
  endfacet
  facet normal -0.555570 -0.000000 0.831470
    outer loop
      vertex -0.569124 -1.020000 -0.819335
      vertex -0.569124 1.020000 -0.819335
      vertex -0.580000 -1.020000 -0.826603
    endloop
  endfacet
  facet normal 0.555570 0.000000 -0.831470
    outer loop
      vertex -0.580000 -1.020000 -0.826603
      vertex -0.580000 1.020000 -0.826603
      vertex -0.569124 1.020000 -0.819335
    endloop
  endfacet
  facet normal -0.555570 -0.000000 0.831470
    outer loop
      vertex -0.569124 1.020000 -0.819335
      vertex -0.580000 1.020000 -0.826603
      vertex -0.580000 -1.020000 -0.826603
    endloop
  endfacet
  facet normal 0.659346 0.000000 -0.751840
    outer loop
      vertex -0.569124 -1.020000 -0.819335
      vertex -0.559289 1.020000 -0.810711
      vertex -0.559289 -1.020000 -0.810711
    endloop
  endfacet
  facet normal -0.659346 -0.000000 0.751840
    outer loop
      vertex -0.559289 -1.020000 -0.810711
      vertex -0.559289 1.020000 -0.810711
      vertex -0.569124 -1.020000 -0.819335
    endloop
  endfacet
  facet normal 0.659346 0.000000 -0.751840
    outer loop
      vertex -0.569124 -1.020000 -0.819335
      vertex -0.569124 1.020000 -0.819335
      vertex -0.559289 1.020000 -0.810711
    endloop
  endfacet
  facet normal -0.659346 -0.000000 0.751840
    outer loop
      vertex -0.559289 1.020000 -0.810711
      vertex -0.569124 1.020000 -0.819335
      vertex -0.569124 -1.020000 -0.819335
    endloop
  endfacet
  facet normal 0.751840 0.000000 -0.659346
    outer loop
      vertex -0.559289 -1.020000 -0.810711
      vertex -0.550665 1.020000 -0.800876
      vertex -0.550665 -1.020000 -0.800876
    endloop
  endfacet
  facet normal -0.751840 -0.000000 0.659346
    outer loop
      vertex -0.550665 -1.020000 -0.800876
      vertex -0.550665 1.020000 -0.800876
      vertex -0.559289 -1.020000 -0.810711
    endloop
  endfacet
  facet normal 0.751840 0.000000 -0.659346
    outer loop
      vertex -0.559289 -1.020000 -0.810711
      vertex -0.559289 1.020000 -0.810711
      vertex -0.550665 1.020000 -0.800876
    endloop
  endfacet
  facet normal -0.751840 -0.000000 0.659346
    outer loop
      vertex -0.550665 1.020000 -0.800876
      vertex -0.559289 1.020000 -0.810711
      vertex -0.559289 -1.020000 -0.810711
    endloop
  endfacet
  facet normal 0.831470 0.000000 -0.555570
    outer loop
      vertex -0.550665 -1.020000 -0.800876
      vertex -0.543397 1.020000 -0.790000
      vertex -0.543397 -1.020000 -0.790000
    endloop
  endfacet
  facet normal -0.831470 -0.000000 0.555570
    outer loop
      vertex -0.543397 -1.020000 -0.790000
      vertex -0.543397 1.020000 -0.790000
      vertex -0.550665 -1.020000 -0.800876
    endloop
  endfacet
  facet normal 0.831470 0.000000 -0.555570
    outer loop
      vertex -0.550665 -1.020000 -0.800876
      vertex -0.550665 1.020000 -0.800876
      vertex -0.543397 1.020000 -0.790000
    endloop
  endfacet
  facet normal -0.831470 -0.000000 0.555570
    outer loop
      vertex -0.543397 1.020000 -0.790000
      vertex -0.550665 1.020000 -0.800876
      vertex -0.550665 -1.020000 -0.800876
    endloop
  endfacet
  facet normal 0.896873 0.000000 -0.442289
    outer loop
      vertex -0.543397 -1.020000 -0.790000
      vertex -0.537612 1.020000 -0.778268
      vertex -0.537612 -1.020000 -0.778268
    endloop
  endfacet
  facet normal -0.896873 -0.000000 0.442289
    outer loop
      vertex -0.537612 -1.020000 -0.778268
      vertex -0.537612 1.020000 -0.778268
      vertex -0.543397 -1.020000 -0.790000
    endloop
  endfacet
  facet normal 0.896873 0.000000 -0.442289
    outer loop
      vertex -0.543397 -1.020000 -0.790000
      vertex -0.543397 1.020000 -0.790000
      vertex -0.537612 1.020000 -0.778268
    endloop
  endfacet
  facet normal -0.896873 -0.000000 0.442289
    outer loop
      vertex -0.537612 1.020000 -0.778268
      vertex -0.543397 1.020000 -0.790000
      vertex -0.543397 -1.020000 -0.790000
    endloop
  endfacet
  facet normal 0.946930 0.000000 -0.321439
    outer loop
      vertex -0.537612 -1.020000 -0.778268
      vertex -0.533407 1.020000 -0.765882
      vertex -0.533407 -1.020000 -0.765882
    endloop
  endfacet
  facet normal -0.946930 -0.000000 0.321439
    outer loop
      vertex -0.533407 -1.020000 -0.765882
      vertex -0.533407 1.020000 -0.765882
      vertex -0.537612 -1.020000 -0.778268
    endloop
  endfacet
  facet normal 0.946930 0.000000 -0.321439
    outer loop
      vertex -0.537612 -1.020000 -0.778268
      vertex -0.537612 1.020000 -0.778268
      vertex -0.533407 1.020000 -0.765882
    endloop
  endfacet
  facet normal -0.946930 -0.000000 0.321439
    outer loop
      vertex -0.533407 1.020000 -0.765882
      vertex -0.537612 1.020000 -0.778268
      vertex -0.537612 -1.020000 -0.778268
    endloop
  endfacet
  facet normal 0.980785 0.000000 -0.195090
    outer loop
      vertex -0.533407 -1.020000 -0.765882
      vertex -0.530856 1.020000 -0.753053
      vertex -0.530856 -1.020000 -0.753053
    endloop
  endfacet
  facet normal -0.980785 -0.000000 0.195090
    outer loop
      vertex -0.530856 -1.020000 -0.753053
      vertex -0.530856 1.020000 -0.753053
      vertex -0.533407 -1.020000 -0.765882
    endloop
  endfacet
  facet normal 0.980785 0.000000 -0.195090
    outer loop
      vertex -0.533407 -1.020000 -0.765882
      vertex -0.533407 1.020000 -0.765882
      vertex -0.530856 1.020000 -0.753053
    endloop
  endfacet
  facet normal -0.980785 -0.000000 0.195090
    outer loop
      vertex -0.530856 1.020000 -0.753053
      vertex -0.533407 1.020000 -0.765882
      vertex -0.533407 -1.020000 -0.765882
    endloop
  endfacet
  facet normal 0.997859 0.000000 -0.065403
    outer loop
      vertex -0.530856 -1.020000 -0.753053
      vertex -0.530000 1.020000 -0.740000
      vertex -0.530000 -1.020000 -0.740000
    endloop
  endfacet
  facet normal -0.997859 -0.000000 0.065403
    outer loop
      vertex -0.530000 -1.020000 -0.740000
      vertex -0.530000 1.020000 -0.740000
      vertex -0.530856 -1.020000 -0.753053
    endloop
  endfacet
  facet normal 0.997859 0.000000 -0.065403
    outer loop
      vertex -0.530856 -1.020000 -0.753053
      vertex -0.530856 1.020000 -0.753053
      vertex -0.530000 1.020000 -0.740000
    endloop
  endfacet
  facet normal -0.997859 -0.000000 0.065403
    outer loop
      vertex -0.530000 1.020000 -0.740000
      vertex -0.530856 1.020000 -0.753053
      vertex -0.530856 -1.020000 -0.753053
    endloop
  endfacet
  facet normal 0.997859 0.000000 0.065403
    outer loop
      vertex -0.530000 -1.020000 -0.740000
      vertex -0.530856 1.020000 -0.726947
      vertex -0.530856 -1.020000 -0.726947
    endloop
  endfacet
  facet normal -0.997859 -0.000000 -0.065403
    outer loop
      vertex -0.530856 -1.020000 -0.726947
      vertex -0.530856 1.020000 -0.726947
      vertex -0.530000 -1.020000 -0.740000
    endloop
  endfacet
  facet normal 0.997859 -0.000000 0.065403
    outer loop
      vertex -0.530000 -1.020000 -0.740000
      vertex -0.530000 1.020000 -0.740000
      vertex -0.530856 1.020000 -0.726947
    endloop
  endfacet
  facet normal -0.997859 0.000000 -0.065403
    outer loop
      vertex -0.530856 1.020000 -0.726947
      vertex -0.530000 1.020000 -0.740000
      vertex -0.530000 -1.020000 -0.740000
    endloop
  endfacet
endsolid mesh
