solid mesh
  facet normal 0.000000 1.000000 0.000000
    outer loop
      vertex -0.959598 -1.020000 0.716225
      vertex -0.963138 -1.020000 0.711399
      vertex -0.961488 -1.020000 0.713900
    endloop
  endfacet
  facet normal -0.000000 -1.000000 -0.000000
    outer loop
      vertex -0.961488 -1.020000 0.713900
      vertex -0.963138 -1.020000 0.711399
      vertex -0.959598 -1.020000 0.716225
    endloop
  endfacet
  facet normal 0.000000 -1.000000 0.000000
    outer loop
      vertex -0.959598 1.020000 0.716225
      vertex -0.961488 1.020000 0.713900
      vertex -0.963138 1.020000 0.711399
    endloop
  endfacet
  facet normal -0.000000 1.000000 -0.000000
    outer loop
      vertex -0.963138 1.020000 0.711399
      vertex -0.961488 1.020000 0.713900
      vertex -0.959598 1.020000 0.716225
    endloop
  endfacet
  facet normal -0.000000 1.000000 0.000000
    outer loop
      vertex -0.959598 -1.020000 0.716225
      vertex -0.955170 -1.020000 0.720252
      vertex -0.963138 -1.020000 0.711399
    endloop
  endfacet
  facet normal 0.000000 -1.000000 -0.000000
    outer loop
      vertex -0.963138 -1.020000 0.711399
      vertex -0.955170 -1.020000 0.720252
      vertex -0.959598 -1.020000 0.716225
    endloop
  endfacet
  facet normal 0.000000 -1.000000 -0.000000
    outer loop
      vertex -0.959598 1.020000 0.716225
      vertex -0.963138 1.020000 0.711399
      vertex -0.955170 1.020000 0.720252
    endloop
  endfacet
  facet normal -0.000000 1.000000 0.000000
    outer loop
      vertex -0.955170 1.020000 0.720252
      vertex -0.963138 1.020000 0.711399
      vertex -0.959598 1.020000 0.716225
    endloop
  endfacet
  facet normal 0.000000 1.000000 0.000000
    outer loop
      vertex -0.959598 -1.020000 0.716225
      vertex -0.957485 -1.020000 0.718349
      vertex -0.955170 -1.020000 0.720252
    endloop
  endfacet
  facet normal -0.000000 -1.000000 -0.000000
    outer loop
      vertex -0.955170 -1.020000 0.720252
      vertex -0.957485 -1.020000 0.718349
      vertex -0.959598 -1.020000 0.716225
    endloop
  endfacet
  facet normal 0.000000 -1.000000 0.000000
    outer loop
      vertex -0.959598 1.020000 0.716225
      vertex -0.955170 1.020000 0.720252
      vertex -0.957485 1.020000 0.718349
    endloop
  endfacet
  facet normal -0.000000 1.000000 -0.000000
    outer loop
      vertex -0.957485 1.020000 0.718349
      vertex -0.955170 1.020000 0.720252
      vertex -0.959598 1.020000 0.716225
    endloop
  endfacet
  facet normal -0.000000 1.000000 0.000000
    outer loop
      vertex -0.955170 -1.020000 0.720252
      vertex -0.950031 -1.020000 0.723320
      vertex -0.963138 -1.020000 0.711399
    endloop
  endfacet
  facet normal 0.000000 -1.000000 -0.000000
    outer loop
      vertex -0.963138 -1.020000 0.711399
      vertex -0.950031 -1.020000 0.723320
      vertex -0.955170 -1.020000 0.720252
    endloop
  endfacet
  facet normal 0.000000 -1.000000 -0.000000
    outer loop
      vertex -0.955170 1.020000 0.720252
      vertex -0.963138 1.020000 0.711399
      vertex -0.950031 1.020000 0.723320
    endloop
  endfacet
  facet normal -0.000000 1.000000 0.000000
    outer loop
      vertex -0.950031 1.020000 0.723320
      vertex -0.963138 1.020000 0.711399
      vertex -0.955170 1.020000 0.720252
    endloop
  endfacet
  facet normal 0.000000 1.000000 0.000000
    outer loop
      vertex -0.955170 -1.020000 0.720252
      vertex -0.952677 -1.020000 0.721914
      vertex -0.950031 -1.020000 0.723320
    endloop
  endfacet
  facet normal -0.000000 -1.000000 -0.000000
    outer loop
      vertex -0.950031 -1.020000 0.723320
      vertex -0.952677 -1.020000 0.721914
      vertex -0.955170 -1.020000 0.720252
    endloop
  endfacet
  facet normal 0.000000 -1.000000 0.000000
    outer loop
      vertex -0.955170 1.020000 0.720252
      vertex -0.950031 1.020000 0.723320
      vertex -0.952677 1.020000 0.721914
    endloop
  endfacet
  facet normal -0.000000 1.000000 -0.000000
    outer loop
      vertex -0.952677 1.020000 0.721914
      vertex -0.950031 1.020000 0.723320
      vertex -0.955170 1.020000 0.720252
    endloop
  endfacet
  facet normal 0.000000 1.000000 0.000000
    outer loop
      vertex -0.950031 -1.020000 0.723320
      vertex -0.967232 -1.020000 0.694161
      vertex -0.963138 -1.020000 0.711399
    endloop
  endfacet
  facet normal -0.000000 -1.000000 -0.000000
    outer loop
      vertex -0.963138 -1.020000 0.711399
      vertex -0.967232 -1.020000 0.694161
      vertex -0.950031 -1.020000 0.723320
    endloop
  endfacet
  facet normal 0.000000 -1.000000 0.000000
    outer loop
      vertex -0.950031 1.020000 0.723320
      vertex -0.963138 1.020000 0.711399
      vertex -0.967232 1.020000 0.694161
    endloop
  endfacet
  facet normal -0.000000 1.000000 -0.000000
    outer loop
      vertex -0.967232 1.020000 0.694161
      vertex -0.963138 1.020000 0.711399
      vertex -0.950031 1.020000 0.723320
    endloop
  endfacet
  facet normal 0.000000 1.000000 0.000000
    outer loop
      vertex -0.950031 -1.020000 0.723320
      vertex -0.903687 -1.020000 0.647126
      vertex -0.967232 -1.020000 0.694161
    endloop
  endfacet
  facet normal -0.000000 -1.000000 -0.000000
    outer loop
      vertex -0.967232 -1.020000 0.694161
      vertex -0.903687 -1.020000 0.647126
      vertex -0.950031 -1.020000 0.723320
    endloop
  endfacet
  facet normal 0.000000 -1.000000 -0.000000
    outer loop
      vertex -0.950031 1.020000 0.723320
      vertex -0.967232 1.020000 0.694161
      vertex -0.903687 1.020000 0.647126
    endloop
  endfacet
  facet normal -0.000000 1.000000 0.000000
    outer loop
      vertex -0.903687 1.020000 0.647126
      vertex -0.967232 1.020000 0.694161
      vertex -0.950031 1.020000 0.723320
    endloop
  endfacet
  facet normal 0.000000 1.000000 0.000000
    outer loop
      vertex -0.950031 -1.020000 0.723320
      vertex -0.890218 -1.020000 0.652705
      vertex -0.903687 -1.020000 0.647126
    endloop
  endfacet
  facet normal -0.000000 -1.000000 -0.000000
    outer loop
      vertex -0.903687 -1.020000 0.647126
      vertex -0.890218 -1.020000 0.652705
      vertex -0.950031 -1.020000 0.723320
    endloop
  endfacet
  facet normal 0.000000 -1.000000 0.000000
    outer loop
      vertex -0.950031 1.020000 0.723320
      vertex -0.903687 1.020000 0.647126
      vertex -0.890218 1.020000 0.652705
    endloop
  endfacet
  facet normal -0.000000 1.000000 -0.000000
    outer loop
      vertex -0.890218 1.020000 0.652705
      vertex -0.903687 1.020000 0.647126
      vertex -0.950031 1.020000 0.723320
    endloop
  endfacet
  facet normal 0.000000 1.000000 0.000000
    outer loop
      vertex -0.950031 -1.020000 0.723320
      vertex -0.876209 -1.020000 0.656741
      vertex -0.890218 -1.020000 0.652705
    endloop
  endfacet
  facet normal -0.000000 -1.000000 -0.000000
    outer loop
      vertex -0.890218 -1.020000 0.652705
      vertex -0.876209 -1.020000 0.656741
      vertex -0.950031 -1.020000 0.723320
    endloop
  endfacet
  facet normal 0.000000 -1.000000 0.000000
    outer loop
      vertex -0.950031 1.020000 0.723320
      vertex -0.890218 1.020000 0.652705
      vertex -0.876209 1.020000 0.656741
    endloop
  endfacet
  facet normal -0.000000 1.000000 -0.000000
    outer loop
      vertex -0.876209 1.020000 0.656741
      vertex -0.890218 1.020000 0.652705
      vertex -0.950031 1.020000 0.723320
    endloop
  endfacet
  facet normal 0.000000 1.000000 0.000000
    outer loop
      vertex -0.950031 -1.020000 0.723320
      vertex -0.861837 -1.020000 0.659183
      vertex -0.876209 -1.020000 0.656741
    endloop
  endfacet
  facet normal -0.000000 -1.000000 -0.000000
    outer loop
      vertex -0.876209 -1.020000 0.656741
      vertex -0.861837 -1.020000 0.659183
      vertex -0.950031 -1.020000 0.723320
    endloop
  endfacet
  facet normal 0.000000 -1.000000 0.000000
    outer loop
      vertex -0.950031 1.020000 0.723320
      vertex -0.876209 1.020000 0.656741
      vertex -0.861837 1.020000 0.659183
    endloop
  endfacet
  facet normal -0.000000 1.000000 -0.000000
    outer loop
      vertex -0.861837 1.020000 0.659183
      vertex -0.876209 1.020000 0.656741
      vertex -0.950031 1.020000 0.723320
    endloop
  endfacet
  facet normal 0.000000 1.000000 0.000000
    outer loop
      vertex -0.950031 -1.020000 0.723320
      vertex -0.847282 -1.020000 0.660000
      vertex -0.861837 -1.020000 0.659183
    endloop
  endfacet
  facet normal -0.000000 -1.000000 -0.000000
    outer loop
      vertex -0.861837 -1.020000 0.659183
      vertex -0.847282 -1.020000 0.660000
      vertex -0.950031 -1.020000 0.723320
    endloop
  endfacet
  facet normal 0.000000 -1.000000 0.000000
    outer loop
      vertex -0.950031 1.020000 0.723320
      vertex -0.861837 1.020000 0.659183
      vertex -0.847282 1.020000 0.660000
    endloop
  endfacet
  facet normal -0.000000 1.000000 -0.000000
    outer loop
      vertex -0.847282 1.020000 0.660000
      vertex -0.861837 1.020000 0.659183
      vertex -0.950031 1.020000 0.723320
    endloop
  endfacet
  facet normal 0.000000 1.000000 0.000000
    outer loop
      vertex -0.950031 -1.020000 0.723320
      vertex -0.832726 -1.020000 0.659183
      vertex -0.847282 -1.020000 0.660000
    endloop
  endfacet
  facet normal -0.000000 -1.000000 -0.000000
    outer loop
      vertex -0.847282 -1.020000 0.660000
      vertex -0.832726 -1.020000 0.659183
      vertex -0.950031 -1.020000 0.723320
    endloop
  endfacet
  facet normal 0.000000 -1.000000 0.000000
    outer loop
      vertex -0.950031 1.020000 0.723320
      vertex -0.847282 1.020000 0.660000
      vertex -0.832726 1.020000 0.659183
    endloop
  endfacet
  facet normal -0.000000 1.000000 -0.000000
    outer loop
      vertex -0.832726 1.020000 0.659183
      vertex -0.847282 1.020000 0.660000
      vertex -0.950031 1.020000 0.723320
    endloop
  endfacet
  facet normal 0.000000 1.000000 0.000000
    outer loop
      vertex -0.950031 -1.020000 0.723320
      vertex -0.818354 -1.020000 0.656741
      vertex -0.832726 -1.020000 0.659183
    endloop
  endfacet
  facet normal -0.000000 -1.000000 -0.000000
    outer loop
      vertex -0.832726 -1.020000 0.659183
      vertex -0.818354 -1.020000 0.656741
      vertex -0.950031 -1.020000 0.723320
    endloop
  endfacet
  facet normal 0.000000 -1.000000 0.000000
    outer loop
      vertex -0.950031 1.020000 0.723320
      vertex -0.832726 1.020000 0.659183
      vertex -0.818354 1.020000 0.656741
    endloop
  endfacet
  facet normal -0.000000 1.000000 -0.000000
    outer loop
      vertex -0.818354 1.020000 0.656741
      vertex -0.832726 1.020000 0.659183
      vertex -0.950031 1.020000 0.723320
    endloop
  endfacet
  facet normal 0.000000 1.000000 0.000000
    outer loop
      vertex -0.950031 -1.020000 0.723320
      vertex -0.804345 -1.020000 0.652705
      vertex -0.818354 -1.020000 0.656741
    endloop
  endfacet
  facet normal -0.000000 -1.000000 -0.000000
    outer loop
      vertex -0.818354 -1.020000 0.656741
      vertex -0.804345 -1.020000 0.652705
      vertex -0.950031 -1.020000 0.723320
    endloop
  endfacet
  facet normal 0.000000 -1.000000 0.000000
    outer loop
      vertex -0.950031 1.020000 0.723320
      vertex -0.818354 1.020000 0.656741
      vertex -0.804345 1.020000 0.652705
    endloop
  endfacet
  facet normal -0.000000 1.000000 -0.000000
    outer loop
      vertex -0.804345 1.020000 0.652705
      vertex -0.818354 1.020000 0.656741
      vertex -0.950031 1.020000 0.723320
    endloop
  endfacet
  facet normal -0.000000 1.000000 0.000000
    outer loop
      vertex -0.950031 -1.020000 0.723320
      vertex -0.020000 -1.020000 1.159272
      vertex -0.804345 -1.020000 0.652705
    endloop
  endfacet
  facet normal 0.000000 -1.000000 -0.000000
    outer loop
      vertex -0.804345 -1.020000 0.652705
      vertex -0.020000 -1.020000 1.159272
      vertex -0.950031 -1.020000 0.723320
    endloop
  endfacet
  facet normal 0.000000 -1.000000 0.000000
    outer loop
      vertex -0.950031 1.020000 0.723320
      vertex -0.804345 1.020000 0.652705
      vertex -0.020000 1.020000 1.159272
    endloop
  endfacet
  facet normal -0.000000 1.000000 -0.000000
    outer loop
      vertex -0.020000 1.020000 1.159272
      vertex -0.804345 1.020000 0.652705
      vertex -0.950031 1.020000 0.723320
    endloop
  endfacet
  facet normal 0.000000 1.000000 0.000000
    outer loop
      vertex -0.020000 -1.020000 1.159272
      vertex -0.790877 -1.020000 0.647126
      vertex -0.804345 -1.020000 0.652705
    endloop
  endfacet
  facet normal -0.000000 -1.000000 -0.000000
    outer loop
      vertex -0.804345 -1.020000 0.652705
      vertex -0.790877 -1.020000 0.647126
      vertex -0.020000 -1.020000 1.159272
    endloop
  endfacet
  facet normal 0.000000 -1.000000 0.000000
    outer loop
      vertex -0.020000 1.020000 1.159272
      vertex -0.804345 1.020000 0.652705
      vertex -0.790877 1.020000 0.647126
    endloop
  endfacet
  facet normal -0.000000 1.000000 -0.000000
    outer loop
      vertex -0.790877 1.020000 0.647126
      vertex -0.804345 1.020000 0.652705
      vertex -0.020000 1.020000 1.159272
    endloop
  endfacet
  facet normal 0.000000 1.000000 0.000000
    outer loop
      vertex -0.020000 -1.020000 1.159272
      vertex -0.778117 -1.020000 0.640074
      vertex -0.790877 -1.020000 0.647126
    endloop
  endfacet
  facet normal -0.000000 -1.000000 -0.000000
    outer loop
      vertex -0.790877 -1.020000 0.647126
      vertex -0.778117 -1.020000 0.640074
      vertex -0.020000 -1.020000 1.159272
    endloop
  endfacet
  facet normal 0.000000 -1.000000 0.000000
    outer loop
      vertex -0.020000 1.020000 1.159272
      vertex -0.790877 1.020000 0.647126
      vertex -0.778117 1.020000 0.640074
    endloop
  endfacet
  facet normal -0.000000 1.000000 -0.000000
    outer loop
      vertex -0.778117 1.020000 0.640074
      vertex -0.790877 1.020000 0.647126
      vertex -0.020000 1.020000 1.159272
    endloop
  endfacet
  facet normal 0.000000 1.000000 0.000000
    outer loop
      vertex -0.020000 -1.020000 1.159272
      vertex -0.766228 -1.020000 0.631638
      vertex -0.778117 -1.020000 0.640074
    endloop
  endfacet
  facet normal -0.000000 -1.000000 -0.000000
    outer loop
      vertex -0.778117 -1.020000 0.640074
      vertex -0.766228 -1.020000 0.631638
      vertex -0.020000 -1.020000 1.159272
    endloop
  endfacet
  facet normal 0.000000 -1.000000 0.000000
    outer loop
      vertex -0.020000 1.020000 1.159272
      vertex -0.778117 1.020000 0.640074
      vertex -0.766228 1.020000 0.631638
    endloop
  endfacet
  facet normal -0.000000 1.000000 -0.000000
    outer loop
      vertex -0.766228 1.020000 0.631638
      vertex -0.778117 1.020000 0.640074
      vertex -0.020000 1.020000 1.159272
    endloop
  endfacet
  facet normal 0.000000 1.000000 0.000000
    outer loop
      vertex -0.020000 -1.020000 1.159272
      vertex -0.755358 -1.020000 0.621924
      vertex -0.766228 -1.020000 0.631638
    endloop
  endfacet
  facet normal -0.000000 -1.000000 -0.000000
    outer loop
      vertex -0.766228 -1.020000 0.631638
      vertex -0.755358 -1.020000 0.621924
      vertex -0.020000 -1.020000 1.159272
    endloop
  endfacet
  facet normal 0.000000 -1.000000 0.000000
    outer loop
      vertex -0.020000 1.020000 1.159272
      vertex -0.766228 1.020000 0.631638
      vertex -0.755358 1.020000 0.621924
    endloop
  endfacet
  facet normal -0.000000 1.000000 -0.000000
    outer loop
      vertex -0.755358 1.020000 0.621924
      vertex -0.766228 1.020000 0.631638
      vertex -0.020000 1.020000 1.159272
    endloop
  endfacet
  facet normal 0.000000 1.000000 0.000000
    outer loop
      vertex -0.020000 -1.020000 1.159272
      vertex -0.020000 -1.020000 0.684375
      vertex -0.755358 -1.020000 0.621924
    endloop
  endfacet
  facet normal -0.000000 -1.000000 -0.000000
    outer loop
      vertex -0.755358 -1.020000 0.621924
      vertex -0.020000 -1.020000 0.684375
      vertex -0.020000 -1.020000 1.159272
    endloop
  endfacet
  facet normal 0.000000 -1.000000 -0.000000
    outer loop
      vertex -0.020000 1.020000 1.159272
      vertex -0.755358 1.020000 0.621924
      vertex -0.020000 1.020000 0.684375
    endloop
  endfacet
  facet normal -0.000000 1.000000 0.000000
    outer loop
      vertex -0.020000 1.020000 0.684375
      vertex -0.755358 1.020000 0.621924
      vertex -0.020000 1.020000 1.159272
    endloop
  endfacet
  facet normal 0.000000 1.000000 -0.000000
    outer loop
      vertex -0.020000 -1.020000 -1.108743
      vertex -0.440000 -1.020000 -0.750000
      vertex -0.020000 -1.020000 -0.671250
    endloop
  endfacet
  facet normal -0.000000 -1.000000 0.000000
    outer loop
      vertex -0.020000 -1.020000 -0.671250
      vertex -0.440000 -1.020000 -0.750000
      vertex -0.020000 -1.020000 -1.108743
    endloop
  endfacet
  facet normal 0.000000 -1.000000 0.000000
    outer loop
      vertex -0.020000 1.020000 -1.108743
      vertex -0.020000 1.020000 -0.671250
      vertex -0.440000 1.020000 -0.750000
    endloop
  endfacet
  facet normal -0.000000 1.000000 -0.000000
    outer loop
      vertex -0.440000 1.020000 -0.750000
      vertex -0.020000 1.020000 -0.671250
      vertex -0.020000 1.020000 -1.108743
    endloop
  endfacet
  facet normal 0.000000 1.000000 0.000000
    outer loop
      vertex -0.020000 -1.020000 -1.108743
      vertex -0.803614 -1.020000 -1.255671
      vertex -0.440000 -1.020000 -0.750000
    endloop
  endfacet
  facet normal -0.000000 -1.000000 -0.000000
    outer loop
      vertex -0.440000 -1.020000 -0.750000
      vertex -0.803614 -1.020000 -1.255671
      vertex -0.020000 -1.020000 -1.108743
    endloop
  endfacet
  facet normal -0.000000 -1.000000 0.000000
    outer loop
      vertex -0.020000 1.020000 -1.108743
      vertex -0.440000 1.020000 -0.750000
      vertex -0.803614 1.020000 -1.255671
    endloop
  endfacet
  facet normal 0.000000 1.000000 -0.000000
    outer loop
      vertex -0.803614 1.020000 -1.255671
      vertex -0.440000 1.020000 -0.750000
      vertex -0.020000 1.020000 -1.108743
    endloop
  endfacet
  facet normal 0.000000 1.000000 -0.000000
    outer loop
      vertex -0.803614 -1.020000 -1.255671
      vertex -0.839076 -1.020000 -1.228180
      vertex -0.440000 -1.020000 -0.750000
    endloop
  endfacet
  facet normal -0.000000 -1.000000 0.000000
    outer loop
      vertex -0.440000 -1.020000 -0.750000
      vertex -0.839076 -1.020000 -1.228180
      vertex -0.803614 -1.020000 -1.255671
    endloop
  endfacet
  facet normal 0.000000 -1.000000 0.000000
    outer loop
      vertex -0.803614 1.020000 -1.255671
      vertex -0.440000 1.020000 -0.750000
      vertex -0.839076 1.020000 -1.228180
    endloop
  endfacet
  facet normal -0.000000 1.000000 -0.000000
    outer loop
      vertex -0.839076 1.020000 -1.228180
      vertex -0.440000 1.020000 -0.750000
      vertex -0.803614 1.020000 -1.255671
    endloop
  endfacet
  facet normal 0.000000 1.000000 0.000000
    outer loop
      vertex -0.803614 -1.020000 -1.255671
      vertex -0.834504 -1.020000 -1.242209
      vertex -0.839076 -1.020000 -1.228180
    endloop
  endfacet
  facet normal -0.000000 -1.000000 -0.000000
    outer loop
      vertex -0.839076 -1.020000 -1.228180
      vertex -0.834504 -1.020000 -1.242209
      vertex -0.803614 -1.020000 -1.255671
    endloop
  endfacet
  facet normal 0.000000 -1.000000 0.000000
    outer loop
      vertex -0.803614 1.020000 -1.255671
      vertex -0.839076 1.020000 -1.228180
      vertex -0.834504 1.020000 -1.242209
    endloop
  endfacet
  facet normal -0.000000 1.000000 -0.000000
    outer loop
      vertex -0.834504 1.020000 -1.242209
      vertex -0.839076 1.020000 -1.228180
      vertex -0.803614 1.020000 -1.255671
    endloop
  endfacet
  facet normal 0.000000 1.000000 0.000000
    outer loop
      vertex -0.803614 -1.020000 -1.255671
      vertex -0.809545 -1.020000 -1.256182
      vertex -0.834504 -1.020000 -1.242209
    endloop
  endfacet
  facet normal -0.000000 -1.000000 -0.000000
    outer loop
      vertex -0.834504 -1.020000 -1.242209
      vertex -0.809545 -1.020000 -1.256182
      vertex -0.803614 -1.020000 -1.255671
    endloop
  endfacet
  facet normal -0.000000 -1.000000 0.000000
    outer loop
      vertex -0.803614 1.020000 -1.255671
      vertex -0.834504 1.020000 -1.242209
      vertex -0.809545 1.020000 -1.256182
    endloop
  endfacet
  facet normal 0.000000 1.000000 -0.000000
    outer loop
      vertex -0.809545 1.020000 -1.256182
      vertex -0.834504 1.020000 -1.242209
      vertex -0.803614 1.020000 -1.255671
    endloop
  endfacet
  facet normal 0.000000 1.000000 0.000000
    outer loop
      vertex -0.803614 -1.020000 -1.255671
      vertex -0.806567 -1.020000 -1.256074
      vertex -0.809545 -1.020000 -1.256182
    endloop
  endfacet
  facet normal -0.000000 -1.000000 -0.000000
    outer loop
      vertex -0.809545 -1.020000 -1.256182
      vertex -0.806567 -1.020000 -1.256074
      vertex -0.803614 -1.020000 -1.255671
    endloop
  endfacet
  facet normal 0.000000 -1.000000 0.000000
    outer loop
      vertex -0.803614 1.020000 -1.255671
      vertex -0.809545 1.020000 -1.256182
      vertex -0.806567 1.020000 -1.256074
    endloop
  endfacet
  facet normal -0.000000 1.000000 -0.000000
    outer loop
      vertex -0.806567 1.020000 -1.256074
      vertex -0.809545 1.020000 -1.256182
      vertex -0.803614 1.020000 -1.255671
    endloop
  endfacet
  facet normal 0.000000 1.000000 0.000000
    outer loop
      vertex -0.809545 -1.020000 -1.256182
      vertex -0.818339 -1.020000 -1.254740
      vertex -0.834504 -1.020000 -1.242209
    endloop
  endfacet
  facet normal -0.000000 -1.000000 -0.000000
    outer loop
      vertex -0.834504 -1.020000 -1.242209
      vertex -0.818339 -1.020000 -1.254740
      vertex -0.809545 -1.020000 -1.256182
    endloop
  endfacet
  facet normal 0.000000 -1.000000 0.000000
    outer loop
      vertex -0.809545 1.020000 -1.256182
      vertex -0.834504 1.020000 -1.242209
      vertex -0.818339 1.020000 -1.254740
    endloop
  endfacet
  facet normal -0.000000 1.000000 -0.000000
    outer loop
      vertex -0.818339 1.020000 -1.254740
      vertex -0.834504 1.020000 -1.242209
      vertex -0.809545 1.020000 -1.256182
    endloop
  endfacet
  facet normal 0.000000 1.000000 0.000000
    outer loop
      vertex -0.809545 -1.020000 -1.256182
      vertex -0.812519 -1.020000 -1.255994
      vertex -0.818339 -1.020000 -1.254740
    endloop
  endfacet
  facet normal -0.000000 -1.000000 -0.000000
    outer loop
      vertex -0.818339 -1.020000 -1.254740
      vertex -0.812519 -1.020000 -1.255994
      vertex -0.809545 -1.020000 -1.256182
    endloop
  endfacet
  facet normal 0.000000 -1.000000 0.000000
    outer loop
      vertex -0.809545 1.020000 -1.256182
      vertex -0.818339 1.020000 -1.254740
      vertex -0.812519 1.020000 -1.255994
    endloop
  endfacet
  facet normal -0.000000 1.000000 -0.000000
    outer loop
      vertex -0.812519 1.020000 -1.255994
      vertex -0.818339 1.020000 -1.254740
      vertex -0.809545 1.020000 -1.256182
    endloop
  endfacet
  facet normal 0.000000 1.000000 0.000000
    outer loop
      vertex -0.812519 -1.020000 -1.255994
      vertex -0.815461 -1.020000 -1.255512
      vertex -0.818339 -1.020000 -1.254740
    endloop
  endfacet
  facet normal -0.000000 -1.000000 -0.000000
    outer loop
      vertex -0.818339 -1.020000 -1.254740
      vertex -0.815461 -1.020000 -1.255512
      vertex -0.812519 -1.020000 -1.255994
    endloop
  endfacet
  facet normal 0.000000 -1.000000 0.000000
    outer loop
      vertex -0.812519 1.020000 -1.255994
      vertex -0.818339 1.020000 -1.254740
      vertex -0.815461 1.020000 -1.255512
    endloop
  endfacet
  facet normal -0.000000 1.000000 -0.000000
    outer loop
      vertex -0.815461 1.020000 -1.255512
      vertex -0.818339 1.020000 -1.254740
      vertex -0.812519 1.020000 -1.255994
    endloop
  endfacet
  facet normal 0.000000 1.000000 0.000000
    outer loop
      vertex -0.818339 -1.020000 -1.254740
      vertex -0.823797 -1.020000 -1.252362
      vertex -0.834504 -1.020000 -1.242209
    endloop
  endfacet
  facet normal -0.000000 -1.000000 -0.000000
    outer loop
      vertex -0.834504 -1.020000 -1.242209
      vertex -0.823797 -1.020000 -1.252362
      vertex -0.818339 -1.020000 -1.254740
    endloop
  endfacet
  facet normal 0.000000 -1.000000 0.000000
    outer loop
      vertex -0.818339 1.020000 -1.254740
      vertex -0.834504 1.020000 -1.242209
      vertex -0.823797 1.020000 -1.252362
    endloop
  endfacet
  facet normal -0.000000 1.000000 -0.000000
    outer loop
      vertex -0.823797 1.020000 -1.252362
      vertex -0.834504 1.020000 -1.242209
      vertex -0.818339 1.020000 -1.254740
    endloop
  endfacet
  facet normal 0.000000 1.000000 0.000000
    outer loop
      vertex -0.818339 -1.020000 -1.254740
      vertex -0.821127 -1.020000 -1.253687
      vertex -0.823797 -1.020000 -1.252362
    endloop
  endfacet
  facet normal -0.000000 -1.000000 -0.000000
    outer loop
      vertex -0.823797 -1.020000 -1.252362
      vertex -0.821127 -1.020000 -1.253687
      vertex -0.818339 -1.020000 -1.254740
    endloop
  endfacet
  facet normal 0.000000 -1.000000 0.000000
    outer loop
      vertex -0.818339 1.020000 -1.254740
      vertex -0.823797 1.020000 -1.252362
      vertex -0.821127 1.020000 -1.253687
    endloop
  endfacet
  facet normal -0.000000 1.000000 -0.000000
    outer loop
      vertex -0.821127 1.020000 -1.253687
      vertex -0.823797 1.020000 -1.252362
      vertex -0.818339 1.020000 -1.254740
    endloop
  endfacet
  facet normal 0.000000 1.000000 0.000000
    outer loop
      vertex -0.823797 -1.020000 -1.252362
      vertex -0.826322 -1.020000 -1.250778
      vertex -0.834504 -1.020000 -1.242209
    endloop
  endfacet
  facet normal -0.000000 -1.000000 -0.000000
    outer loop
      vertex -0.834504 -1.020000 -1.242209
      vertex -0.826322 -1.020000 -1.250778
      vertex -0.823797 -1.020000 -1.252362
    endloop
  endfacet
  facet normal 0.000000 -1.000000 0.000000
    outer loop
      vertex -0.823797 1.020000 -1.252362
      vertex -0.834504 1.020000 -1.242209
      vertex -0.826322 1.020000 -1.250778
    endloop
  endfacet
  facet normal -0.000000 1.000000 -0.000000
    outer loop
      vertex -0.826322 1.020000 -1.250778
      vertex -0.834504 1.020000 -1.242209
      vertex -0.823797 1.020000 -1.252362
    endloop
  endfacet
  facet normal 0.000000 1.000000 0.000000
    outer loop
      vertex -0.826322 -1.020000 -1.250778
      vertex -0.830840 -1.020000 -1.246902
      vertex -0.834504 -1.020000 -1.242209
    endloop
  endfacet
  facet normal -0.000000 -1.000000 -0.000000
    outer loop
      vertex -0.834504 -1.020000 -1.242209
      vertex -0.830840 -1.020000 -1.246902
      vertex -0.826322 -1.020000 -1.250778
    endloop
  endfacet
  facet normal 0.000000 -1.000000 0.000000
    outer loop
      vertex -0.826322 1.020000 -1.250778
      vertex -0.834504 1.020000 -1.242209
      vertex -0.830840 1.020000 -1.246902
    endloop
  endfacet
  facet normal -0.000000 1.000000 -0.000000
    outer loop
      vertex -0.830840 1.020000 -1.246902
      vertex -0.834504 1.020000 -1.242209
      vertex -0.826322 1.020000 -1.250778
    endloop
  endfacet
  facet normal 0.000000 1.000000 0.000000
    outer loop
      vertex -0.826322 -1.020000 -1.250778
      vertex -0.828678 -1.020000 -1.248952
      vertex -0.830840 -1.020000 -1.246902
    endloop
  endfacet
  facet normal -0.000000 -1.000000 -0.000000
    outer loop
      vertex -0.830840 -1.020000 -1.246902
      vertex -0.828678 -1.020000 -1.248952
      vertex -0.826322 -1.020000 -1.250778
    endloop
  endfacet
  facet normal 0.000000 -1.000000 0.000000
    outer loop
      vertex -0.826322 1.020000 -1.250778
      vertex -0.830840 1.020000 -1.246902
      vertex -0.828678 1.020000 -1.248952
    endloop
  endfacet
  facet normal -0.000000 1.000000 -0.000000
    outer loop
      vertex -0.828678 1.020000 -1.248952
      vertex -0.830840 1.020000 -1.246902
      vertex -0.826322 1.020000 -1.250778
    endloop
  endfacet
  facet normal 0.000000 1.000000 0.000000
    outer loop
      vertex -0.830840 -1.020000 -1.246902
      vertex -0.832789 -1.020000 -1.244647
      vertex -0.834504 -1.020000 -1.242209
    endloop
  endfacet
  facet normal -0.000000 -1.000000 -0.000000
    outer loop
      vertex -0.834504 -1.020000 -1.242209
      vertex -0.832789 -1.020000 -1.244647
      vertex -0.830840 -1.020000 -1.246902
    endloop
  endfacet
  facet normal 0.000000 -1.000000 0.000000
    outer loop
      vertex -0.830840 1.020000 -1.246902
      vertex -0.834504 1.020000 -1.242209
      vertex -0.832789 1.020000 -1.244647
    endloop
  endfacet
  facet normal -0.000000 1.000000 -0.000000
    outer loop
      vertex -0.832789 1.020000 -1.244647
      vertex -0.834504 1.020000 -1.242209
      vertex -0.830840 1.020000 -1.246902
    endloop
  endfacet
  facet normal 0.000000 1.000000 0.000000
    outer loop
      vertex -0.834504 -1.020000 -1.242209
      vertex -0.838092 -1.020000 -1.234052
      vertex -0.839076 -1.020000 -1.228180
    endloop
  endfacet
  facet normal -0.000000 -1.000000 -0.000000
    outer loop
      vertex -0.839076 -1.020000 -1.228180
      vertex -0.838092 -1.020000 -1.234052
      vertex -0.834504 -1.020000 -1.242209
    endloop
  endfacet
  facet normal 0.000000 -1.000000 0.000000
    outer loop
      vertex -0.834504 1.020000 -1.242209
      vertex -0.839076 1.020000 -1.228180
      vertex -0.838092 1.020000 -1.234052
    endloop
  endfacet
  facet normal -0.000000 1.000000 -0.000000
    outer loop
      vertex -0.838092 1.020000 -1.234052
      vertex -0.839076 1.020000 -1.228180
      vertex -0.834504 1.020000 -1.242209
    endloop
  endfacet
  facet normal 0.000000 1.000000 0.000000
    outer loop
      vertex -0.834504 -1.020000 -1.242209
      vertex -0.837169 -1.020000 -1.236886
      vertex -0.838092 -1.020000 -1.234052
    endloop
  endfacet
  facet normal -0.000000 -1.000000 -0.000000
    outer loop
      vertex -0.838092 -1.020000 -1.234052
      vertex -0.837169 -1.020000 -1.236886
      vertex -0.834504 -1.020000 -1.242209
    endloop
  endfacet
  facet normal 0.000000 -1.000000 0.000000
    outer loop
      vertex -0.834504 1.020000 -1.242209
      vertex -0.838092 1.020000 -1.234052
      vertex -0.837169 1.020000 -1.236886
    endloop
  endfacet
  facet normal -0.000000 1.000000 -0.000000
    outer loop
      vertex -0.837169 1.020000 -1.236886
      vertex -0.838092 1.020000 -1.234052
      vertex -0.834504 1.020000 -1.242209
    endloop
  endfacet
  facet normal 0.000000 1.000000 0.000000
    outer loop
      vertex -0.834504 -1.020000 -1.242209
      vertex -0.835969 -1.020000 -1.239614
      vertex -0.837169 -1.020000 -1.236886
    endloop
  endfacet
  facet normal -0.000000 -1.000000 -0.000000
    outer loop
      vertex -0.837169 -1.020000 -1.236886
      vertex -0.835969 -1.020000 -1.239614
      vertex -0.834504 -1.020000 -1.242209
    endloop
  endfacet
  facet normal 0.000000 -1.000000 0.000000
    outer loop
      vertex -0.834504 1.020000 -1.242209
      vertex -0.837169 1.020000 -1.236886
      vertex -0.835969 1.020000 -1.239614
    endloop
  endfacet
  facet normal -0.000000 1.000000 -0.000000
    outer loop
      vertex -0.835969 1.020000 -1.239614
      vertex -0.837169 1.020000 -1.236886
      vertex -0.834504 1.020000 -1.242209
    endloop
  endfacet
  facet normal 0.000000 1.000000 0.000000
    outer loop
      vertex -0.838092 -1.020000 -1.234052
      vertex -0.838730 -1.020000 -1.231141
      vertex -0.839076 -1.020000 -1.228180
    endloop
  endfacet
  facet normal -0.000000 -1.000000 -0.000000
    outer loop
      vertex -0.839076 -1.020000 -1.228180
      vertex -0.838730 -1.020000 -1.231141
      vertex -0.838092 -1.020000 -1.234052
    endloop
  endfacet
  facet normal 0.000000 -1.000000 0.000000
    outer loop
      vertex -0.838092 1.020000 -1.234052
      vertex -0.839076 1.020000 -1.228180
      vertex -0.838730 1.020000 -1.231141
    endloop
  endfacet
  facet normal -0.000000 1.000000 -0.000000
    outer loop
      vertex -0.838730 1.020000 -1.231141
      vertex -0.839076 1.020000 -1.228180
      vertex -0.838092 1.020000 -1.234052
    endloop
  endfacet
  facet normal 0.000000 1.000000 0.000000
    outer loop
      vertex -0.839076 -1.020000 -1.228180
      vertex -0.700334 -1.020000 -0.569144
      vertex -0.440000 -1.020000 -0.750000
    endloop
  endfacet
  facet normal -0.000000 -1.000000 -0.000000
    outer loop
      vertex -0.440000 -1.020000 -0.750000
      vertex -0.700334 -1.020000 -0.569144
      vertex -0.839076 -1.020000 -1.228180
    endloop
  endfacet
  facet normal 0.000000 -1.000000 0.000000
    outer loop
      vertex -0.839076 1.020000 -1.228180
      vertex -0.440000 1.020000 -0.750000
      vertex -0.700334 1.020000 -0.569144
    endloop
  endfacet
  facet normal -0.000000 1.000000 -0.000000
    outer loop
      vertex -0.700334 1.020000 -0.569144
      vertex -0.440000 1.020000 -0.750000
      vertex -0.839076 1.020000 -1.228180
    endloop
  endfacet
  facet normal 0.000000 1.000000 0.000000
    outer loop
      vertex -0.839076 -1.020000 -1.228180
      vertex -0.713164 -1.020000 -0.566593
      vertex -0.700334 -1.020000 -0.569144
    endloop
  endfacet
  facet normal -0.000000 -1.000000 -0.000000
    outer loop
      vertex -0.700334 -1.020000 -0.569144
      vertex -0.713164 -1.020000 -0.566593
      vertex -0.839076 -1.020000 -1.228180
    endloop
  endfacet
  facet normal 0.000000 -1.000000 0.000000
    outer loop
      vertex -0.839076 1.020000 -1.228180
      vertex -0.700334 1.020000 -0.569144
      vertex -0.713164 1.020000 -0.566593
    endloop
  endfacet
  facet normal -0.000000 1.000000 -0.000000
    outer loop
      vertex -0.713164 1.020000 -0.566593
      vertex -0.700334 1.020000 -0.569144
      vertex -0.839076 1.020000 -1.228180
    endloop
  endfacet
  facet normal 0.000000 1.000000 0.000000
    outer loop
      vertex -0.839076 -1.020000 -1.228180
      vertex -0.725550 -1.020000 -0.562388
      vertex -0.713164 -1.020000 -0.566593
    endloop
  endfacet
  facet normal -0.000000 -1.000000 -0.000000
    outer loop
      vertex -0.713164 -1.020000 -0.566593
      vertex -0.725550 -1.020000 -0.562388
      vertex -0.839076 -1.020000 -1.228180
    endloop
  endfacet
  facet normal 0.000000 -1.000000 0.000000
    outer loop
      vertex -0.839076 1.020000 -1.228180
      vertex -0.713164 1.020000 -0.566593
      vertex -0.725550 1.020000 -0.562388
    endloop
  endfacet
  facet normal -0.000000 1.000000 -0.000000
    outer loop
      vertex -0.725550 1.020000 -0.562388
      vertex -0.713164 1.020000 -0.566593
      vertex -0.839076 1.020000 -1.228180
    endloop
  endfacet
  facet normal 0.000000 1.000000 0.000000
    outer loop
      vertex -0.839076 -1.020000 -1.228180
      vertex -0.737282 -1.020000 -0.556603
      vertex -0.725550 -1.020000 -0.562388
    endloop
  endfacet
  facet normal -0.000000 -1.000000 -0.000000
    outer loop
      vertex -0.725550 -1.020000 -0.562388
      vertex -0.737282 -1.020000 -0.556603
      vertex -0.839076 -1.020000 -1.228180
    endloop
  endfacet
  facet normal 0.000000 -1.000000 0.000000
    outer loop
      vertex -0.839076 1.020000 -1.228180
      vertex -0.725550 1.020000 -0.562388
      vertex -0.737282 1.020000 -0.556603
    endloop
  endfacet
  facet normal -0.000000 1.000000 -0.000000
    outer loop
      vertex -0.737282 1.020000 -0.556603
      vertex -0.725550 1.020000 -0.562388
      vertex -0.839076 1.020000 -1.228180
    endloop
  endfacet
  facet normal 0.000000 1.000000 0.000000
    outer loop
      vertex -0.839076 -1.020000 -1.228180
      vertex -0.748158 -1.020000 -0.549335
      vertex -0.737282 -1.020000 -0.556603
    endloop
  endfacet
  facet normal -0.000000 -1.000000 -0.000000
    outer loop
      vertex -0.737282 -1.020000 -0.556603
      vertex -0.748158 -1.020000 -0.549335
      vertex -0.839076 -1.020000 -1.228180
    endloop
  endfacet
  facet normal 0.000000 -1.000000 0.000000
    outer loop
      vertex -0.839076 1.020000 -1.228180
      vertex -0.737282 1.020000 -0.556603
      vertex -0.748158 1.020000 -0.549335
    endloop
  endfacet
  facet normal -0.000000 1.000000 -0.000000
    outer loop
      vertex -0.748158 1.020000 -0.549335
      vertex -0.737282 1.020000 -0.556603
      vertex -0.839076 1.020000 -1.228180
    endloop
  endfacet
  facet normal 0.000000 1.000000 0.000000
    outer loop
      vertex -0.839076 -1.020000 -1.228180
      vertex -0.757992 -1.020000 -0.540711
      vertex -0.748158 -1.020000 -0.549335
    endloop
  endfacet
  facet normal -0.000000 -1.000000 -0.000000
    outer loop
      vertex -0.748158 -1.020000 -0.549335
      vertex -0.757992 -1.020000 -0.540711
      vertex -0.839076 -1.020000 -1.228180
    endloop
  endfacet
  facet normal 0.000000 -1.000000 0.000000
    outer loop
      vertex -0.839076 1.020000 -1.228180
      vertex -0.748158 1.020000 -0.549335
      vertex -0.757992 1.020000 -0.540711
    endloop
  endfacet
  facet normal -0.000000 1.000000 -0.000000
    outer loop
      vertex -0.757992 1.020000 -0.540711
      vertex -0.748158 1.020000 -0.549335
      vertex -0.839076 1.020000 -1.228180
    endloop
  endfacet
  facet normal 0.000000 1.000000 0.000000
    outer loop
      vertex -0.839076 -1.020000 -1.228180
      vertex -0.766617 -1.020000 -0.530876
      vertex -0.757992 -1.020000 -0.540711
    endloop
  endfacet
  facet normal -0.000000 -1.000000 -0.000000
    outer loop
      vertex -0.757992 -1.020000 -0.540711
      vertex -0.766617 -1.020000 -0.530876
      vertex -0.839076 -1.020000 -1.228180
    endloop
  endfacet
  facet normal 0.000000 -1.000000 0.000000
    outer loop
      vertex -0.839076 1.020000 -1.228180
      vertex -0.757992 1.020000 -0.540711
      vertex -0.766617 1.020000 -0.530876
    endloop
  endfacet
  facet normal -0.000000 1.000000 -0.000000
    outer loop
      vertex -0.766617 1.020000 -0.530876
      vertex -0.757992 1.020000 -0.540711
      vertex -0.839076 1.020000 -1.228180
    endloop
  endfacet
  facet normal 0.000000 1.000000 0.000000
    outer loop
      vertex -0.839076 -1.020000 -1.228180
      vertex -0.773884 -1.020000 -0.520000
      vertex -0.766617 -1.020000 -0.530876
    endloop
  endfacet
  facet normal -0.000000 -1.000000 -0.000000
    outer loop
      vertex -0.766617 -1.020000 -0.530876
      vertex -0.773884 -1.020000 -0.520000
      vertex -0.839076 -1.020000 -1.228180
    endloop
  endfacet
  facet normal 0.000000 -1.000000 0.000000
    outer loop
      vertex -0.839076 1.020000 -1.228180
      vertex -0.766617 1.020000 -0.530876
      vertex -0.773884 1.020000 -0.520000
    endloop
  endfacet
  facet normal -0.000000 1.000000 -0.000000
    outer loop
      vertex -0.773884 1.020000 -0.520000
      vertex -0.766617 1.020000 -0.530876
      vertex -0.839076 1.020000 -1.228180
    endloop
  endfacet
  facet normal 0.000000 1.000000 0.000000
    outer loop
      vertex -0.839076 -1.020000 -1.228180
      vertex -0.779670 -1.020000 -0.508268
      vertex -0.773884 -1.020000 -0.520000
    endloop
  endfacet
  facet normal -0.000000 -1.000000 -0.000000
    outer loop
      vertex -0.773884 -1.020000 -0.520000
      vertex -0.779670 -1.020000 -0.508268
      vertex -0.839076 -1.020000 -1.228180
    endloop
  endfacet
  facet normal 0.000000 -1.000000 0.000000
    outer loop
      vertex -0.839076 1.020000 -1.228180
      vertex -0.773884 1.020000 -0.520000
      vertex -0.779670 1.020000 -0.508268
    endloop
  endfacet
  facet normal -0.000000 1.000000 -0.000000
    outer loop
      vertex -0.779670 1.020000 -0.508268
      vertex -0.773884 1.020000 -0.520000
      vertex -0.839076 1.020000 -1.228180
    endloop
  endfacet
  facet normal 0.000000 1.000000 0.000000
    outer loop
      vertex -0.839076 -1.020000 -1.228180
      vertex -0.783874 -1.020000 -0.495882
      vertex -0.779670 -1.020000 -0.508268
    endloop
  endfacet
  facet normal -0.000000 -1.000000 -0.000000
    outer loop
      vertex -0.779670 -1.020000 -0.508268
      vertex -0.783874 -1.020000 -0.495882
      vertex -0.839076 -1.020000 -1.228180
    endloop
  endfacet
  facet normal 0.000000 -1.000000 0.000000
    outer loop
      vertex -0.839076 1.020000 -1.228180
      vertex -0.779670 1.020000 -0.508268
      vertex -0.783874 1.020000 -0.495882
    endloop
  endfacet
  facet normal -0.000000 1.000000 -0.000000
    outer loop
      vertex -0.783874 1.020000 -0.495882
      vertex -0.779670 1.020000 -0.508268
      vertex -0.839076 1.020000 -1.228180
    endloop
  endfacet
  facet normal 0.000000 1.000000 0.000000
    outer loop
      vertex -0.839076 -1.020000 -1.228180
      vertex -0.786426 -1.020000 -0.483053
      vertex -0.783874 -1.020000 -0.495882
    endloop
  endfacet
  facet normal -0.000000 -1.000000 -0.000000
    outer loop
      vertex -0.783874 -1.020000 -0.495882
      vertex -0.786426 -1.020000 -0.483053
      vertex -0.839076 -1.020000 -1.228180
    endloop
  endfacet
  facet normal 0.000000 -1.000000 0.000000
    outer loop
      vertex -0.839076 1.020000 -1.228180
      vertex -0.783874 1.020000 -0.495882
      vertex -0.786426 1.020000 -0.483053
    endloop
  endfacet
  facet normal -0.000000 1.000000 -0.000000
    outer loop
      vertex -0.786426 1.020000 -0.483053
      vertex -0.783874 1.020000 -0.495882
      vertex -0.839076 1.020000 -1.228180
    endloop
  endfacet
  facet normal 0.000000 1.000000 0.000000
    outer loop
      vertex -0.839076 -1.020000 -1.228180
      vertex -0.787282 -1.020000 -0.470000
      vertex -0.786426 -1.020000 -0.483053
    endloop
  endfacet
  facet normal -0.000000 -1.000000 -0.000000
    outer loop
      vertex -0.786426 -1.020000 -0.483053
      vertex -0.787282 -1.020000 -0.470000
      vertex -0.839076 -1.020000 -1.228180
    endloop
  endfacet
  facet normal 0.000000 -1.000000 0.000000
    outer loop
      vertex -0.839076 1.020000 -1.228180
      vertex -0.786426 1.020000 -0.483053
      vertex -0.787282 1.020000 -0.470000
    endloop
  endfacet
  facet normal -0.000000 1.000000 -0.000000
    outer loop
      vertex -0.787282 1.020000 -0.470000
      vertex -0.786426 1.020000 -0.483053
      vertex -0.839076 1.020000 -1.228180
    endloop
  endfacet
  facet normal 0.000000 1.000000 -0.000000
    outer loop
      vertex -0.839076 -1.020000 -1.228180
      vertex -0.951088 -1.020000 0.452002
      vertex -0.787282 -1.020000 -0.470000
    endloop
  endfacet
  facet normal -0.000000 -1.000000 0.000000
    outer loop
      vertex -0.787282 -1.020000 -0.470000
      vertex -0.951088 -1.020000 0.452002
      vertex -0.839076 -1.020000 -1.228180
    endloop
  endfacet
  facet normal 0.000000 -1.000000 0.000000
    outer loop
      vertex -0.839076 1.020000 -1.228180
      vertex -0.787282 1.020000 -0.470000
      vertex -0.951088 1.020000 0.452002
    endloop
  endfacet
  facet normal -0.000000 1.000000 -0.000000
    outer loop
      vertex -0.951088 1.020000 0.452002
      vertex -0.787282 1.020000 -0.470000
      vertex -0.839076 1.020000 -1.228180
    endloop
  endfacet
  facet normal 0.000000 1.000000 0.000000
    outer loop
      vertex -0.951088 -1.020000 0.452002
      vertex -0.786426 -1.020000 -0.456947
      vertex -0.787282 -1.020000 -0.470000
    endloop
  endfacet
  facet normal -0.000000 -1.000000 -0.000000
    outer loop
      vertex -0.787282 -1.020000 -0.470000
      vertex -0.786426 -1.020000 -0.456947
      vertex -0.951088 -1.020000 0.452002
    endloop
  endfacet
  facet normal 0.000000 -1.000000 0.000000
    outer loop
      vertex -0.951088 1.020000 0.452002
      vertex -0.787282 1.020000 -0.470000
      vertex -0.786426 1.020000 -0.456947
    endloop
  endfacet
  facet normal -0.000000 1.000000 -0.000000
    outer loop
      vertex -0.786426 1.020000 -0.456947
      vertex -0.787282 1.020000 -0.470000
      vertex -0.951088 1.020000 0.452002
    endloop
  endfacet
  facet normal 0.000000 1.000000 0.000000
    outer loop
      vertex -0.951088 -1.020000 0.452002
      vertex -0.783874 -1.020000 -0.444118
      vertex -0.786426 -1.020000 -0.456947
    endloop
  endfacet
  facet normal -0.000000 -1.000000 -0.000000
    outer loop
      vertex -0.786426 -1.020000 -0.456947
      vertex -0.783874 -1.020000 -0.444118
      vertex -0.951088 -1.020000 0.452002
    endloop
  endfacet
  facet normal 0.000000 -1.000000 0.000000
    outer loop
      vertex -0.951088 1.020000 0.452002
      vertex -0.786426 1.020000 -0.456947
      vertex -0.783874 1.020000 -0.444118
    endloop
  endfacet
  facet normal -0.000000 1.000000 -0.000000
    outer loop
      vertex -0.783874 1.020000 -0.444118
      vertex -0.786426 1.020000 -0.456947
      vertex -0.951088 1.020000 0.452002
    endloop
  endfacet
  facet normal 0.000000 1.000000 0.000000
    outer loop
      vertex -0.951088 -1.020000 0.452002
      vertex -0.948920 -1.020000 0.448946
      vertex -0.783874 -1.020000 -0.444118
    endloop
  endfacet
  facet normal -0.000000 -1.000000 -0.000000
    outer loop
      vertex -0.783874 -1.020000 -0.444118
      vertex -0.948920 -1.020000 0.448946
      vertex -0.951088 -1.020000 0.452002
    endloop
  endfacet
  facet normal 0.000000 -1.000000 0.000000
    outer loop
      vertex -0.951088 1.020000 0.452002
      vertex -0.783874 1.020000 -0.444118
      vertex -0.948920 1.020000 0.448946
    endloop
  endfacet
  facet normal -0.000000 1.000000 -0.000000
    outer loop
      vertex -0.948920 1.020000 0.448946
      vertex -0.783874 1.020000 -0.444118
      vertex -0.951088 1.020000 0.452002
    endloop
  endfacet
  facet normal 0.000000 0.000000 1.000000
    outer loop
      vertex -0.951088 -1.020000 0.452002
      vertex -0.967232 -1.020000 0.694161
      vertex -0.960517 -1.020000 0.593444
    endloop
  endfacet
  facet normal -0.000000 -0.000000 -1.000000
    outer loop
      vertex -0.960517 -1.020000 0.593444
      vertex -0.967232 -1.020000 0.694161
      vertex -0.951088 -1.020000 0.452002
    endloop
  endfacet
  facet normal 0.000000 0.000000 1.000000
    outer loop
      vertex -0.951088 1.020000 0.452002
      vertex -0.960517 1.020000 0.593444
      vertex -0.967232 1.020000 0.694161
    endloop
  endfacet
  facet normal -0.000000 -0.000000 -1.000000
    outer loop
      vertex -0.967232 1.020000 0.694161
      vertex -0.960517 1.020000 0.593444
      vertex -0.951088 1.020000 0.452002
    endloop
  endfacet
  facet normal 0.000000 1.000000 0.000000
    outer loop
      vertex -0.967232 -1.020000 0.694161
      vertex -0.957356 -1.020000 0.599164
      vertex -0.960517 -1.020000 0.593444
    endloop
  endfacet
  facet normal -0.000000 -1.000000 -0.000000
    outer loop
      vertex -0.960517 -1.020000 0.593444
      vertex -0.957356 -1.020000 0.599164
      vertex -0.967232 -1.020000 0.694161
    endloop
  endfacet
  facet normal 0.000000 -1.000000 0.000000
    outer loop
      vertex -0.967232 1.020000 0.694161
      vertex -0.960517 1.020000 0.593444
      vertex -0.957356 1.020000 0.599164
    endloop
  endfacet
  facet normal -0.000000 1.000000 -0.000000
    outer loop
      vertex -0.957356 1.020000 0.599164
      vertex -0.960517 1.020000 0.593444
      vertex -0.967232 1.020000 0.694161
    endloop
  endfacet
  facet normal 0.000000 1.000000 0.000000
    outer loop
      vertex -0.967232 -1.020000 0.694161
      vertex -0.948920 -1.020000 0.611054
      vertex -0.957356 -1.020000 0.599164
    endloop
  endfacet
  facet normal -0.000000 -1.000000 -0.000000
    outer loop
      vertex -0.957356 -1.020000 0.599164
      vertex -0.948920 -1.020000 0.611054
      vertex -0.967232 -1.020000 0.694161
    endloop
  endfacet
  facet normal 0.000000 -1.000000 0.000000
    outer loop
      vertex -0.967232 1.020000 0.694161
      vertex -0.957356 1.020000 0.599164
      vertex -0.948920 1.020000 0.611054
    endloop
  endfacet
  facet normal -0.000000 1.000000 -0.000000
    outer loop
      vertex -0.948920 1.020000 0.611054
      vertex -0.957356 1.020000 0.599164
      vertex -0.967232 1.020000 0.694161
    endloop
  endfacet
  facet normal 0.000000 1.000000 0.000000
    outer loop
      vertex -0.967232 -1.020000 0.694161
      vertex -0.939206 -1.020000 0.621924
      vertex -0.948920 -1.020000 0.611054
    endloop
  endfacet
  facet normal -0.000000 -1.000000 -0.000000
    outer loop
      vertex -0.948920 -1.020000 0.611054
      vertex -0.939206 -1.020000 0.621924
      vertex -0.967232 -1.020000 0.694161
    endloop
  endfacet
  facet normal 0.000000 -1.000000 0.000000
    outer loop
      vertex -0.967232 1.020000 0.694161
      vertex -0.948920 1.020000 0.611054
      vertex -0.939206 1.020000 0.621924
    endloop
  endfacet
  facet normal -0.000000 1.000000 -0.000000
    outer loop
      vertex -0.939206 1.020000 0.621924
      vertex -0.948920 1.020000 0.611054
      vertex -0.967232 1.020000 0.694161
    endloop
  endfacet
  facet normal 0.000000 1.000000 0.000000
    outer loop
      vertex -0.967232 -1.020000 0.694161
      vertex -0.928335 -1.020000 0.631638
      vertex -0.939206 -1.020000 0.621924
    endloop
  endfacet
  facet normal -0.000000 -1.000000 -0.000000
    outer loop
      vertex -0.939206 -1.020000 0.621924
      vertex -0.928335 -1.020000 0.631638
      vertex -0.967232 -1.020000 0.694161
    endloop
  endfacet
  facet normal 0.000000 -1.000000 0.000000
    outer loop
      vertex -0.967232 1.020000 0.694161
      vertex -0.939206 1.020000 0.621924
      vertex -0.928335 1.020000 0.631638
    endloop
  endfacet
  facet normal -0.000000 1.000000 -0.000000
    outer loop
      vertex -0.928335 1.020000 0.631638
      vertex -0.939206 1.020000 0.621924
      vertex -0.967232 1.020000 0.694161
    endloop
  endfacet
  facet normal 0.000000 1.000000 0.000000
    outer loop
      vertex -0.967232 -1.020000 0.694161
      vertex -0.916446 -1.020000 0.640074
      vertex -0.928335 -1.020000 0.631638
    endloop
  endfacet
  facet normal -0.000000 -1.000000 -0.000000
    outer loop
      vertex -0.928335 -1.020000 0.631638
      vertex -0.916446 -1.020000 0.640074
      vertex -0.967232 -1.020000 0.694161
    endloop
  endfacet
  facet normal 0.000000 -1.000000 0.000000
    outer loop
      vertex -0.967232 1.020000 0.694161
      vertex -0.928335 1.020000 0.631638
      vertex -0.916446 1.020000 0.640074
    endloop
  endfacet
  facet normal -0.000000 1.000000 -0.000000
    outer loop
      vertex -0.916446 1.020000 0.640074
      vertex -0.928335 1.020000 0.631638
      vertex -0.967232 1.020000 0.694161
    endloop
  endfacet
  facet normal 0.000000 1.000000 0.000000
    outer loop
      vertex -0.967232 -1.020000 0.694161
      vertex -0.903687 -1.020000 0.647126
      vertex -0.916446 -1.020000 0.640074
    endloop
  endfacet
  facet normal -0.000000 -1.000000 -0.000000
    outer loop
      vertex -0.916446 -1.020000 0.640074
      vertex -0.903687 -1.020000 0.647126
      vertex -0.967232 -1.020000 0.694161
    endloop
  endfacet
  facet normal 0.000000 -1.000000 0.000000
    outer loop
      vertex -0.967232 1.020000 0.694161
      vertex -0.916446 1.020000 0.640074
      vertex -0.903687 1.020000 0.647126
    endloop
  endfacet
  facet normal -0.000000 1.000000 -0.000000
    outer loop
      vertex -0.903687 1.020000 0.647126
      vertex -0.916446 1.020000 0.640074
      vertex -0.967232 1.020000 0.694161
    endloop
  endfacet
  facet normal -0.000000 1.000000 0.000000
    outer loop
      vertex -0.755358 -1.020000 0.621924
      vertex -0.020000 -1.020000 0.684375
      vertex -0.745644 -1.020000 0.611054
    endloop
  endfacet
  facet normal 0.000000 -1.000000 -0.000000
    outer loop
      vertex -0.745644 -1.020000 0.611054
      vertex -0.020000 -1.020000 0.684375
      vertex -0.755358 -1.020000 0.621924
    endloop
  endfacet
  facet normal 0.000000 -1.000000 0.000000
    outer loop
      vertex -0.755358 1.020000 0.621924
      vertex -0.745644 1.020000 0.611054
      vertex -0.020000 1.020000 0.684375
    endloop
  endfacet
  facet normal -0.000000 1.000000 -0.000000
    outer loop
      vertex -0.020000 1.020000 0.684375
      vertex -0.745644 1.020000 0.611054
      vertex -0.755358 1.020000 0.621924
    endloop
  endfacet
  facet normal 0.000000 1.000000 0.000000
    outer loop
      vertex -0.020000 -1.020000 0.684375
      vertex -0.520000 -1.020000 0.450000
      vertex -0.745644 -1.020000 0.611054
    endloop
  endfacet
  facet normal -0.000000 -1.000000 -0.000000
    outer loop
      vertex -0.745644 -1.020000 0.611054
      vertex -0.520000 -1.020000 0.450000
      vertex -0.020000 -1.020000 0.684375
    endloop
  endfacet
  facet normal 0.000000 -1.000000 0.000000
    outer loop
      vertex -0.020000 1.020000 0.684375
      vertex -0.745644 1.020000 0.611054
      vertex -0.520000 1.020000 0.450000
    endloop
  endfacet
  facet normal -0.000000 1.000000 -0.000000
    outer loop
      vertex -0.520000 1.020000 0.450000
      vertex -0.745644 1.020000 0.611054
      vertex -0.020000 1.020000 0.684375
    endloop
  endfacet
  facet normal 0.000000 1.000000 0.000000
    outer loop
      vertex -0.440000 -1.020000 -0.750000
      vertex -0.588137 -1.020000 -0.483053
      vertex -0.587282 -1.020000 -0.470000
    endloop
  endfacet
  facet normal -0.000000 -1.000000 -0.000000
    outer loop
      vertex -0.587282 -1.020000 -0.470000
      vertex -0.588137 -1.020000 -0.483053
      vertex -0.440000 -1.020000 -0.750000
    endloop
  endfacet
  facet normal 0.000000 -1.000000 0.000000
    outer loop
      vertex -0.440000 1.020000 -0.750000
      vertex -0.587282 1.020000 -0.470000
      vertex -0.588137 1.020000 -0.483053
    endloop
  endfacet
  facet normal -0.000000 1.000000 -0.000000
    outer loop
      vertex -0.588137 1.020000 -0.483053
      vertex -0.587282 1.020000 -0.470000
      vertex -0.440000 1.020000 -0.750000
    endloop
  endfacet
  facet normal 0.000000 1.000000 0.000000
    outer loop
      vertex -0.440000 -1.020000 -0.750000
      vertex -0.590689 -1.020000 -0.495882
      vertex -0.588137 -1.020000 -0.483053
    endloop
  endfacet
  facet normal -0.000000 -1.000000 -0.000000
    outer loop
      vertex -0.588137 -1.020000 -0.483053
      vertex -0.590689 -1.020000 -0.495882
      vertex -0.440000 -1.020000 -0.750000
    endloop
  endfacet
  facet normal 0.000000 -1.000000 0.000000
    outer loop
      vertex -0.440000 1.020000 -0.750000
      vertex -0.588137 1.020000 -0.483053
      vertex -0.590689 1.020000 -0.495882
    endloop
  endfacet
  facet normal -0.000000 1.000000 -0.000000
    outer loop
      vertex -0.590689 1.020000 -0.495882
      vertex -0.588137 1.020000 -0.483053
      vertex -0.440000 1.020000 -0.750000
    endloop
  endfacet
  facet normal 0.000000 1.000000 0.000000
    outer loop
      vertex -0.440000 -1.020000 -0.750000
      vertex -0.594894 -1.020000 -0.508268
      vertex -0.590689 -1.020000 -0.495882
    endloop
  endfacet
  facet normal -0.000000 -1.000000 -0.000000
    outer loop
      vertex -0.590689 -1.020000 -0.495882
      vertex -0.594894 -1.020000 -0.508268
      vertex -0.440000 -1.020000 -0.750000
    endloop
  endfacet
  facet normal 0.000000 -1.000000 0.000000
    outer loop
      vertex -0.440000 1.020000 -0.750000
      vertex -0.590689 1.020000 -0.495882
      vertex -0.594894 1.020000 -0.508268
    endloop
  endfacet
  facet normal -0.000000 1.000000 -0.000000
    outer loop
      vertex -0.594894 1.020000 -0.508268
      vertex -0.590689 1.020000 -0.495882
      vertex -0.440000 1.020000 -0.750000
    endloop
  endfacet
  facet normal 0.000000 1.000000 0.000000
    outer loop
      vertex -0.440000 -1.020000 -0.750000
      vertex -0.600679 -1.020000 -0.520000
      vertex -0.594894 -1.020000 -0.508268
    endloop
  endfacet
  facet normal -0.000000 -1.000000 -0.000000
    outer loop
      vertex -0.594894 -1.020000 -0.508268
      vertex -0.600679 -1.020000 -0.520000
      vertex -0.440000 -1.020000 -0.750000
    endloop
  endfacet
  facet normal 0.000000 -1.000000 0.000000
    outer loop
      vertex -0.440000 1.020000 -0.750000
      vertex -0.594894 1.020000 -0.508268
      vertex -0.600679 1.020000 -0.520000
    endloop
  endfacet
  facet normal -0.000000 1.000000 -0.000000
    outer loop
      vertex -0.600679 1.020000 -0.520000
      vertex -0.594894 1.020000 -0.508268
      vertex -0.440000 1.020000 -0.750000
    endloop
  endfacet
  facet normal 0.000000 1.000000 0.000000
    outer loop
      vertex -0.440000 -1.020000 -0.750000
      vertex -0.607946 -1.020000 -0.530876
      vertex -0.600679 -1.020000 -0.520000
    endloop
  endfacet
  facet normal -0.000000 -1.000000 -0.000000
    outer loop
      vertex -0.600679 -1.020000 -0.520000
      vertex -0.607946 -1.020000 -0.530876
      vertex -0.440000 -1.020000 -0.750000
    endloop
  endfacet
  facet normal 0.000000 -1.000000 0.000000
    outer loop
      vertex -0.440000 1.020000 -0.750000
      vertex -0.600679 1.020000 -0.520000
      vertex -0.607946 1.020000 -0.530876
    endloop
  endfacet
  facet normal -0.000000 1.000000 -0.000000
    outer loop
      vertex -0.607946 1.020000 -0.530876
      vertex -0.600679 1.020000 -0.520000
      vertex -0.440000 1.020000 -0.750000
    endloop
  endfacet
  facet normal 0.000000 1.000000 0.000000
    outer loop
      vertex -0.440000 -1.020000 -0.750000
      vertex -0.616571 -1.020000 -0.540711
      vertex -0.607946 -1.020000 -0.530876
    endloop
  endfacet
  facet normal -0.000000 -1.000000 -0.000000
    outer loop
      vertex -0.607946 -1.020000 -0.530876
      vertex -0.616571 -1.020000 -0.540711
      vertex -0.440000 -1.020000 -0.750000
    endloop
  endfacet
  facet normal 0.000000 -1.000000 0.000000
    outer loop
      vertex -0.440000 1.020000 -0.750000
      vertex -0.607946 1.020000 -0.530876
      vertex -0.616571 1.020000 -0.540711
    endloop
  endfacet
  facet normal -0.000000 1.000000 -0.000000
    outer loop
      vertex -0.616571 1.020000 -0.540711
      vertex -0.607946 1.020000 -0.530876
      vertex -0.440000 1.020000 -0.750000
    endloop
  endfacet
  facet normal 0.000000 1.000000 0.000000
    outer loop
      vertex -0.440000 -1.020000 -0.750000
      vertex -0.626406 -1.020000 -0.549335
      vertex -0.616571 -1.020000 -0.540711
    endloop
  endfacet
  facet normal -0.000000 -1.000000 -0.000000
    outer loop
      vertex -0.616571 -1.020000 -0.540711
      vertex -0.626406 -1.020000 -0.549335
      vertex -0.440000 -1.020000 -0.750000
    endloop
  endfacet
  facet normal 0.000000 -1.000000 0.000000
    outer loop
      vertex -0.440000 1.020000 -0.750000
      vertex -0.616571 1.020000 -0.540711
      vertex -0.626406 1.020000 -0.549335
    endloop
  endfacet
  facet normal -0.000000 1.000000 -0.000000
    outer loop
      vertex -0.626406 1.020000 -0.549335
      vertex -0.616571 1.020000 -0.540711
      vertex -0.440000 1.020000 -0.750000
    endloop
  endfacet
  facet normal 0.000000 1.000000 0.000000
    outer loop
      vertex -0.440000 -1.020000 -0.750000
      vertex -0.637282 -1.020000 -0.556603
      vertex -0.626406 -1.020000 -0.549335
    endloop
  endfacet
  facet normal -0.000000 -1.000000 -0.000000
    outer loop
      vertex -0.626406 -1.020000 -0.549335
      vertex -0.637282 -1.020000 -0.556603
      vertex -0.440000 -1.020000 -0.750000
    endloop
  endfacet
  facet normal 0.000000 -1.000000 0.000000
    outer loop
      vertex -0.440000 1.020000 -0.750000
      vertex -0.626406 1.020000 -0.549335
      vertex -0.637282 1.020000 -0.556603
    endloop
  endfacet
  facet normal -0.000000 1.000000 -0.000000
    outer loop
      vertex -0.637282 1.020000 -0.556603
      vertex -0.626406 1.020000 -0.549335
      vertex -0.440000 1.020000 -0.750000
    endloop
  endfacet
  facet normal 0.000000 1.000000 0.000000
    outer loop
      vertex -0.440000 -1.020000 -0.750000
      vertex -0.649013 -1.020000 -0.562388
      vertex -0.637282 -1.020000 -0.556603
    endloop
  endfacet
  facet normal -0.000000 -1.000000 -0.000000
    outer loop
      vertex -0.637282 -1.020000 -0.556603
      vertex -0.649013 -1.020000 -0.562388
      vertex -0.440000 -1.020000 -0.750000
    endloop
  endfacet
  facet normal 0.000000 -1.000000 0.000000
    outer loop
      vertex -0.440000 1.020000 -0.750000
      vertex -0.637282 1.020000 -0.556603
      vertex -0.649013 1.020000 -0.562388
    endloop
  endfacet
  facet normal -0.000000 1.000000 -0.000000
    outer loop
      vertex -0.649013 1.020000 -0.562388
      vertex -0.637282 1.020000 -0.556603
      vertex -0.440000 1.020000 -0.750000
    endloop
  endfacet
  facet normal 0.000000 1.000000 0.000000
    outer loop
      vertex -0.440000 -1.020000 -0.750000
      vertex -0.661400 -1.020000 -0.566593
      vertex -0.649013 -1.020000 -0.562388
    endloop
  endfacet
  facet normal -0.000000 -1.000000 -0.000000
    outer loop
      vertex -0.649013 -1.020000 -0.562388
      vertex -0.661400 -1.020000 -0.566593
      vertex -0.440000 -1.020000 -0.750000
    endloop
  endfacet
  facet normal 0.000000 -1.000000 0.000000
    outer loop
      vertex -0.440000 1.020000 -0.750000
      vertex -0.649013 1.020000 -0.562388
      vertex -0.661400 1.020000 -0.566593
    endloop
  endfacet
  facet normal -0.000000 1.000000 -0.000000
    outer loop
      vertex -0.661400 1.020000 -0.566593
      vertex -0.649013 1.020000 -0.562388
      vertex -0.440000 1.020000 -0.750000
    endloop
  endfacet
  facet normal 0.000000 1.000000 0.000000
    outer loop
      vertex -0.440000 -1.020000 -0.750000
      vertex -0.674229 -1.020000 -0.569144
      vertex -0.661400 -1.020000 -0.566593
    endloop
  endfacet
  facet normal -0.000000 -1.000000 -0.000000
    outer loop
      vertex -0.661400 -1.020000 -0.566593
      vertex -0.674229 -1.020000 -0.569144
      vertex -0.440000 -1.020000 -0.750000
    endloop
  endfacet
  facet normal 0.000000 -1.000000 0.000000
    outer loop
      vertex -0.440000 1.020000 -0.750000
      vertex -0.661400 1.020000 -0.566593
      vertex -0.674229 1.020000 -0.569144
    endloop
  endfacet
  facet normal -0.000000 1.000000 -0.000000
    outer loop
      vertex -0.674229 1.020000 -0.569144
      vertex -0.661400 1.020000 -0.566593
      vertex -0.440000 1.020000 -0.750000
    endloop
  endfacet
  facet normal 0.000000 1.000000 0.000000
    outer loop
      vertex -0.440000 -1.020000 -0.750000
      vertex -0.687282 -1.020000 -0.570000
      vertex -0.674229 -1.020000 -0.569144
    endloop
  endfacet
  facet normal -0.000000 -1.000000 -0.000000
    outer loop
      vertex -0.674229 -1.020000 -0.569144
      vertex -0.687282 -1.020000 -0.570000
      vertex -0.440000 -1.020000 -0.750000
    endloop
  endfacet
  facet normal 0.000000 -1.000000 0.000000
    outer loop
      vertex -0.440000 1.020000 -0.750000
      vertex -0.674229 1.020000 -0.569144
      vertex -0.687282 1.020000 -0.570000
    endloop
  endfacet
  facet normal -0.000000 1.000000 -0.000000
    outer loop
      vertex -0.687282 1.020000 -0.570000
      vertex -0.674229 1.020000 -0.569144
      vertex -0.440000 1.020000 -0.750000
    endloop
  endfacet
  facet normal 0.000000 1.000000 0.000000
    outer loop
      vertex -0.440000 -1.020000 -0.750000
      vertex -0.700334 -1.020000 -0.569144
      vertex -0.687282 -1.020000 -0.570000
    endloop
  endfacet
  facet normal -0.000000 -1.000000 -0.000000
    outer loop
      vertex -0.687282 -1.020000 -0.570000
      vertex -0.700334 -1.020000 -0.569144
      vertex -0.440000 -1.020000 -0.750000
    endloop
  endfacet
  facet normal 0.000000 -1.000000 0.000000
    outer loop
      vertex -0.440000 1.020000 -0.750000
      vertex -0.687282 1.020000 -0.570000
      vertex -0.700334 1.020000 -0.569144
    endloop
  endfacet
  facet normal -0.000000 1.000000 -0.000000
    outer loop
      vertex -0.700334 1.020000 -0.569144
      vertex -0.687282 1.020000 -0.570000
      vertex -0.440000 1.020000 -0.750000
    endloop
  endfacet
  facet normal 0.000000 1.000000 -0.000000
    outer loop
      vertex -0.783874 -1.020000 -0.444118
      vertex -0.948920 -1.020000 0.448946
      vertex -0.779670 -1.020000 -0.431732
    endloop
  endfacet
  facet normal -0.000000 -1.000000 0.000000
    outer loop
      vertex -0.779670 -1.020000 -0.431732
      vertex -0.948920 -1.020000 0.448946
      vertex -0.783874 -1.020000 -0.444118
    endloop
  endfacet
  facet normal 0.000000 -1.000000 0.000000
    outer loop
      vertex -0.783874 1.020000 -0.444118
      vertex -0.779670 1.020000 -0.431732
      vertex -0.948920 1.020000 0.448946
    endloop
  endfacet
  facet normal -0.000000 1.000000 -0.000000
    outer loop
      vertex -0.948920 1.020000 0.448946
      vertex -0.779670 1.020000 -0.431732
      vertex -0.783874 1.020000 -0.444118
    endloop
  endfacet
  facet normal 0.000000 1.000000 0.000000
    outer loop
      vertex -0.948920 -1.020000 0.448946
      vertex -0.939206 -1.020000 0.438076
      vertex -0.779670 -1.020000 -0.431732
    endloop
  endfacet
  facet normal -0.000000 -1.000000 -0.000000
    outer loop
      vertex -0.779670 -1.020000 -0.431732
      vertex -0.939206 -1.020000 0.438076
      vertex -0.948920 -1.020000 0.448946
    endloop
  endfacet
  facet normal 0.000000 -1.000000 0.000000
    outer loop
      vertex -0.948920 1.020000 0.448946
      vertex -0.779670 1.020000 -0.431732
      vertex -0.939206 1.020000 0.438076
    endloop
  endfacet
  facet normal -0.000000 1.000000 -0.000000
    outer loop
      vertex -0.939206 1.020000 0.438076
      vertex -0.779670 1.020000 -0.431732
      vertex -0.948920 1.020000 0.448946
    endloop
  endfacet
  facet normal 0.000000 1.000000 0.000000
    outer loop
      vertex -0.939206 -1.020000 0.438076
      vertex -0.773884 -1.020000 -0.420000
      vertex -0.779670 -1.020000 -0.431732
    endloop
  endfacet
  facet normal -0.000000 -1.000000 -0.000000
    outer loop
      vertex -0.779670 -1.020000 -0.431732
      vertex -0.773884 -1.020000 -0.420000
      vertex -0.939206 -1.020000 0.438076
    endloop
  endfacet
  facet normal 0.000000 -1.000000 0.000000
    outer loop
      vertex -0.939206 1.020000 0.438076
      vertex -0.779670 1.020000 -0.431732
      vertex -0.773884 1.020000 -0.420000
    endloop
  endfacet
  facet normal -0.000000 1.000000 -0.000000
    outer loop
      vertex -0.773884 1.020000 -0.420000
      vertex -0.779670 1.020000 -0.431732
      vertex -0.939206 1.020000 0.438076
    endloop
  endfacet
  facet normal 0.000000 1.000000 0.000000
    outer loop
      vertex -0.939206 -1.020000 0.438076
      vertex -0.928335 -1.020000 0.428362
      vertex -0.773884 -1.020000 -0.420000
    endloop
  endfacet
  facet normal -0.000000 -1.000000 -0.000000
    outer loop
      vertex -0.773884 -1.020000 -0.420000
      vertex -0.928335 -1.020000 0.428362
      vertex -0.939206 -1.020000 0.438076
    endloop
  endfacet
  facet normal 0.000000 -1.000000 0.000000
    outer loop
      vertex -0.939206 1.020000 0.438076
      vertex -0.773884 1.020000 -0.420000
      vertex -0.928335 1.020000 0.428362
    endloop
  endfacet
  facet normal -0.000000 1.000000 -0.000000
    outer loop
      vertex -0.928335 1.020000 0.428362
      vertex -0.773884 1.020000 -0.420000
      vertex -0.939206 1.020000 0.438076
    endloop
  endfacet
  facet normal 0.000000 1.000000 0.000000
    outer loop
      vertex -0.928335 -1.020000 0.428362
      vertex -0.766617 -1.020000 -0.409124
      vertex -0.773884 -1.020000 -0.420000
    endloop
  endfacet
  facet normal -0.000000 -1.000000 -0.000000
    outer loop
      vertex -0.773884 -1.020000 -0.420000
      vertex -0.766617 -1.020000 -0.409124
      vertex -0.928335 -1.020000 0.428362
    endloop
  endfacet
  facet normal 0.000000 -1.000000 0.000000
    outer loop
      vertex -0.928335 1.020000 0.428362
      vertex -0.773884 1.020000 -0.420000
      vertex -0.766617 1.020000 -0.409124
    endloop
  endfacet
  facet normal -0.000000 1.000000 -0.000000
    outer loop
      vertex -0.766617 1.020000 -0.409124
      vertex -0.773884 1.020000 -0.420000
      vertex -0.928335 1.020000 0.428362
    endloop
  endfacet
  facet normal 0.000000 1.000000 0.000000
    outer loop
      vertex -0.928335 -1.020000 0.428362
      vertex -0.916446 -1.020000 0.419926
      vertex -0.766617 -1.020000 -0.409124
    endloop
  endfacet
  facet normal -0.000000 -1.000000 -0.000000
    outer loop
      vertex -0.766617 -1.020000 -0.409124
      vertex -0.916446 -1.020000 0.419926
      vertex -0.928335 -1.020000 0.428362
    endloop
  endfacet
  facet normal 0.000000 -1.000000 0.000000
    outer loop
      vertex -0.928335 1.020000 0.428362
      vertex -0.766617 1.020000 -0.409124
      vertex -0.916446 1.020000 0.419926
    endloop
  endfacet
  facet normal -0.000000 1.000000 -0.000000
    outer loop
      vertex -0.916446 1.020000 0.419926
      vertex -0.766617 1.020000 -0.409124
      vertex -0.928335 1.020000 0.428362
    endloop
  endfacet
  facet normal 0.000000 1.000000 0.000000
    outer loop
      vertex -0.916446 -1.020000 0.419926
      vertex -0.903687 -1.020000 0.412874
      vertex -0.766617 -1.020000 -0.409124
    endloop
  endfacet
  facet normal -0.000000 -1.000000 -0.000000
    outer loop
      vertex -0.766617 -1.020000 -0.409124
      vertex -0.903687 -1.020000 0.412874
      vertex -0.916446 -1.020000 0.419926
    endloop
  endfacet
  facet normal 0.000000 -1.000000 0.000000
    outer loop
      vertex -0.916446 1.020000 0.419926
      vertex -0.766617 1.020000 -0.409124
      vertex -0.903687 1.020000 0.412874
    endloop
  endfacet
  facet normal -0.000000 1.000000 -0.000000
    outer loop
      vertex -0.903687 1.020000 0.412874
      vertex -0.766617 1.020000 -0.409124
      vertex -0.916446 1.020000 0.419926
    endloop
  endfacet
  facet normal 0.000000 1.000000 0.000000
    outer loop
      vertex -0.903687 -1.020000 0.412874
      vertex -0.757992 -1.020000 -0.399289
      vertex -0.766617 -1.020000 -0.409124
    endloop
  endfacet
  facet normal -0.000000 -1.000000 -0.000000
    outer loop
      vertex -0.766617 -1.020000 -0.409124
      vertex -0.757992 -1.020000 -0.399289
      vertex -0.903687 -1.020000 0.412874
    endloop
  endfacet
  facet normal 0.000000 -1.000000 0.000000
    outer loop
      vertex -0.903687 1.020000 0.412874
      vertex -0.766617 1.020000 -0.409124
      vertex -0.757992 1.020000 -0.399289
    endloop
  endfacet
  facet normal -0.000000 1.000000 -0.000000
    outer loop
      vertex -0.757992 1.020000 -0.399289
      vertex -0.766617 1.020000 -0.409124
      vertex -0.903687 1.020000 0.412874
    endloop
  endfacet
  facet normal 0.000000 1.000000 0.000000
    outer loop
      vertex -0.903687 -1.020000 0.412874
      vertex -0.890218 -1.020000 0.407295
      vertex -0.757992 -1.020000 -0.399289
    endloop
  endfacet
  facet normal -0.000000 -1.000000 -0.000000
    outer loop
      vertex -0.757992 -1.020000 -0.399289
      vertex -0.890218 -1.020000 0.407295
      vertex -0.903687 -1.020000 0.412874
    endloop
  endfacet
  facet normal 0.000000 -1.000000 0.000000
    outer loop
      vertex -0.903687 1.020000 0.412874
      vertex -0.757992 1.020000 -0.399289
      vertex -0.890218 1.020000 0.407295
    endloop
  endfacet
  facet normal -0.000000 1.000000 -0.000000
    outer loop
      vertex -0.890218 1.020000 0.407295
      vertex -0.757992 1.020000 -0.399289
      vertex -0.903687 1.020000 0.412874
    endloop
  endfacet
  facet normal 0.000000 1.000000 0.000000
    outer loop
      vertex -0.890218 -1.020000 0.407295
      vertex -0.748158 -1.020000 -0.390665
      vertex -0.757992 -1.020000 -0.399289
    endloop
  endfacet
  facet normal -0.000000 -1.000000 -0.000000
    outer loop
      vertex -0.757992 -1.020000 -0.399289
      vertex -0.748158 -1.020000 -0.390665
      vertex -0.890218 -1.020000 0.407295
    endloop
  endfacet
  facet normal 0.000000 -1.000000 0.000000
    outer loop
      vertex -0.890218 1.020000 0.407295
      vertex -0.757992 1.020000 -0.399289
      vertex -0.748158 1.020000 -0.390665
    endloop
  endfacet
  facet normal -0.000000 1.000000 -0.000000
    outer loop
      vertex -0.748158 1.020000 -0.390665
      vertex -0.757992 1.020000 -0.399289
      vertex -0.890218 1.020000 0.407295
    endloop
  endfacet
  facet normal 0.000000 1.000000 0.000000
    outer loop
      vertex -0.890218 -1.020000 0.407295
      vertex -0.876209 -1.020000 0.403259
      vertex -0.748158 -1.020000 -0.390665
    endloop
  endfacet
  facet normal -0.000000 -1.000000 -0.000000
    outer loop
      vertex -0.748158 -1.020000 -0.390665
      vertex -0.876209 -1.020000 0.403259
      vertex -0.890218 -1.020000 0.407295
    endloop
  endfacet
  facet normal 0.000000 -1.000000 0.000000
    outer loop
      vertex -0.890218 1.020000 0.407295
      vertex -0.748158 1.020000 -0.390665
      vertex -0.876209 1.020000 0.403259
    endloop
  endfacet
  facet normal -0.000000 1.000000 -0.000000
    outer loop
      vertex -0.876209 1.020000 0.403259
      vertex -0.748158 1.020000 -0.390665
      vertex -0.890218 1.020000 0.407295
    endloop
  endfacet
  facet normal 0.000000 1.000000 0.000000
    outer loop
      vertex -0.876209 -1.020000 0.403259
      vertex -0.737282 -1.020000 -0.383397
      vertex -0.748158 -1.020000 -0.390665
    endloop
  endfacet
  facet normal -0.000000 -1.000000 -0.000000
    outer loop
      vertex -0.748158 -1.020000 -0.390665
      vertex -0.737282 -1.020000 -0.383397
      vertex -0.876209 -1.020000 0.403259
    endloop
  endfacet
  facet normal 0.000000 -1.000000 0.000000
    outer loop
      vertex -0.876209 1.020000 0.403259
      vertex -0.748158 1.020000 -0.390665
      vertex -0.737282 1.020000 -0.383397
    endloop
  endfacet
  facet normal -0.000000 1.000000 -0.000000
    outer loop
      vertex -0.737282 1.020000 -0.383397
      vertex -0.748158 1.020000 -0.390665
      vertex -0.876209 1.020000 0.403259
    endloop
  endfacet
  facet normal 0.000000 1.000000 0.000000
    outer loop
      vertex -0.876209 -1.020000 0.403259
      vertex -0.861837 -1.020000 0.400817
      vertex -0.737282 -1.020000 -0.383397
    endloop
  endfacet
  facet normal -0.000000 -1.000000 -0.000000
    outer loop
      vertex -0.737282 -1.020000 -0.383397
      vertex -0.861837 -1.020000 0.400817
      vertex -0.876209 -1.020000 0.403259
    endloop
  endfacet
  facet normal 0.000000 -1.000000 0.000000
    outer loop
      vertex -0.876209 1.020000 0.403259
      vertex -0.737282 1.020000 -0.383397
      vertex -0.861837 1.020000 0.400817
    endloop
  endfacet
  facet normal -0.000000 1.000000 -0.000000
    outer loop
      vertex -0.861837 1.020000 0.400817
      vertex -0.737282 1.020000 -0.383397
      vertex -0.876209 1.020000 0.403259
    endloop
  endfacet
  facet normal 0.000000 1.000000 0.000000
    outer loop
      vertex -0.861837 -1.020000 0.400817
      vertex -0.725550 -1.020000 -0.377612
      vertex -0.737282 -1.020000 -0.383397
    endloop
  endfacet
  facet normal -0.000000 -1.000000 -0.000000
    outer loop
      vertex -0.737282 -1.020000 -0.383397
      vertex -0.725550 -1.020000 -0.377612
      vertex -0.861837 -1.020000 0.400817
    endloop
  endfacet
  facet normal 0.000000 -1.000000 0.000000
    outer loop
      vertex -0.861837 1.020000 0.400817
      vertex -0.737282 1.020000 -0.383397
      vertex -0.725550 1.020000 -0.377612
    endloop
  endfacet
  facet normal -0.000000 1.000000 -0.000000
    outer loop
      vertex -0.725550 1.020000 -0.377612
      vertex -0.737282 1.020000 -0.383397
      vertex -0.861837 1.020000 0.400817
    endloop
  endfacet
  facet normal 0.000000 1.000000 0.000000
    outer loop
      vertex -0.861837 -1.020000 0.400817
      vertex -0.847282 -1.020000 0.400000
      vertex -0.725550 -1.020000 -0.377612
    endloop
  endfacet
  facet normal -0.000000 -1.000000 -0.000000
    outer loop
      vertex -0.725550 -1.020000 -0.377612
      vertex -0.847282 -1.020000 0.400000
      vertex -0.861837 -1.020000 0.400817
    endloop
  endfacet
  facet normal 0.000000 -1.000000 0.000000
    outer loop
      vertex -0.861837 1.020000 0.400817
      vertex -0.725550 1.020000 -0.377612
      vertex -0.847282 1.020000 0.400000
    endloop
  endfacet
  facet normal -0.000000 1.000000 -0.000000
    outer loop
      vertex -0.847282 1.020000 0.400000
      vertex -0.725550 1.020000 -0.377612
      vertex -0.861837 1.020000 0.400817
    endloop
  endfacet
  facet normal 0.000000 1.000000 0.000000
    outer loop
      vertex -0.847282 -1.020000 0.400000
      vertex -0.713164 -1.020000 -0.373407
      vertex -0.725550 -1.020000 -0.377612
    endloop
  endfacet
  facet normal -0.000000 -1.000000 -0.000000
    outer loop
      vertex -0.725550 -1.020000 -0.377612
      vertex -0.713164 -1.020000 -0.373407
      vertex -0.847282 -1.020000 0.400000
    endloop
  endfacet
  facet normal 0.000000 -1.000000 0.000000
    outer loop
      vertex -0.847282 1.020000 0.400000
      vertex -0.725550 1.020000 -0.377612
      vertex -0.713164 1.020000 -0.373407
    endloop
  endfacet
  facet normal -0.000000 1.000000 -0.000000
    outer loop
      vertex -0.713164 1.020000 -0.373407
      vertex -0.725550 1.020000 -0.377612
      vertex -0.847282 1.020000 0.400000
    endloop
  endfacet
  facet normal -0.000000 1.000000 0.000000
    outer loop
      vertex -0.847282 -1.020000 0.400000
      vertex -0.832726 -1.020000 0.400817
      vertex -0.713164 -1.020000 -0.373407
    endloop
  endfacet
  facet normal 0.000000 -1.000000 -0.000000
    outer loop
      vertex -0.713164 -1.020000 -0.373407
      vertex -0.832726 -1.020000 0.400817
      vertex -0.847282 -1.020000 0.400000
    endloop
  endfacet
  facet normal 0.000000 -1.000000 0.000000
    outer loop
      vertex -0.847282 1.020000 0.400000
      vertex -0.713164 1.020000 -0.373407
      vertex -0.832726 1.020000 0.400817
    endloop
  endfacet
  facet normal -0.000000 1.000000 -0.000000
    outer loop
      vertex -0.832726 1.020000 0.400817
      vertex -0.713164 1.020000 -0.373407
      vertex -0.847282 1.020000 0.400000
    endloop
  endfacet
  facet normal 0.000000 1.000000 0.000000
    outer loop
      vertex -0.832726 -1.020000 0.400817
      vertex -0.700334 -1.020000 -0.370856
      vertex -0.713164 -1.020000 -0.373407
    endloop
  endfacet
  facet normal -0.000000 -1.000000 -0.000000
    outer loop
      vertex -0.713164 -1.020000 -0.373407
      vertex -0.700334 -1.020000 -0.370856
      vertex -0.832726 -1.020000 0.400817
    endloop
  endfacet
  facet normal 0.000000 -1.000000 0.000000
    outer loop
      vertex -0.832726 1.020000 0.400817
      vertex -0.713164 1.020000 -0.373407
      vertex -0.700334 1.020000 -0.370856
    endloop
  endfacet
  facet normal -0.000000 1.000000 -0.000000
    outer loop
      vertex -0.700334 1.020000 -0.370856
      vertex -0.713164 1.020000 -0.373407
      vertex -0.832726 1.020000 0.400817
    endloop
  endfacet
  facet normal -0.000000 1.000000 0.000000
    outer loop
      vertex -0.832726 -1.020000 0.400817
      vertex -0.818354 -1.020000 0.403259
      vertex -0.700334 -1.020000 -0.370856
    endloop
  endfacet
  facet normal 0.000000 -1.000000 -0.000000
    outer loop
      vertex -0.700334 -1.020000 -0.370856
      vertex -0.818354 -1.020000 0.403259
      vertex -0.832726 -1.020000 0.400817
    endloop
  endfacet
  facet normal 0.000000 -1.000000 0.000000
    outer loop
      vertex -0.832726 1.020000 0.400817
      vertex -0.700334 1.020000 -0.370856
      vertex -0.818354 1.020000 0.403259
    endloop
  endfacet
  facet normal -0.000000 1.000000 -0.000000
    outer loop
      vertex -0.818354 1.020000 0.403259
      vertex -0.700334 1.020000 -0.370856
      vertex -0.832726 1.020000 0.400817
    endloop
  endfacet
  facet normal 0.000000 1.000000 0.000000
    outer loop
      vertex -0.818354 -1.020000 0.403259
      vertex -0.687282 -1.020000 -0.370000
      vertex -0.700334 -1.020000 -0.370856
    endloop
  endfacet
  facet normal -0.000000 -1.000000 -0.000000
    outer loop
      vertex -0.700334 -1.020000 -0.370856
      vertex -0.687282 -1.020000 -0.370000
      vertex -0.818354 -1.020000 0.403259
    endloop
  endfacet
  facet normal 0.000000 -1.000000 0.000000
    outer loop
      vertex -0.818354 1.020000 0.403259
      vertex -0.700334 1.020000 -0.370856
      vertex -0.687282 1.020000 -0.370000
    endloop
  endfacet
  facet normal -0.000000 1.000000 -0.000000
    outer loop
      vertex -0.687282 1.020000 -0.370000
      vertex -0.700334 1.020000 -0.370856
      vertex -0.818354 1.020000 0.403259
    endloop
  endfacet
  facet normal -0.000000 1.000000 0.000000
    outer loop
      vertex -0.818354 -1.020000 0.403259
      vertex -0.804345 -1.020000 0.407295
      vertex -0.687282 -1.020000 -0.370000
    endloop
  endfacet
  facet normal 0.000000 -1.000000 -0.000000
    outer loop
      vertex -0.687282 -1.020000 -0.370000
      vertex -0.804345 -1.020000 0.407295
      vertex -0.818354 -1.020000 0.403259
    endloop
  endfacet
  facet normal 0.000000 -1.000000 0.000000
    outer loop
      vertex -0.818354 1.020000 0.403259
      vertex -0.687282 1.020000 -0.370000
      vertex -0.804345 1.020000 0.407295
    endloop
  endfacet
  facet normal -0.000000 1.000000 -0.000000
    outer loop
      vertex -0.804345 1.020000 0.407295
      vertex -0.687282 1.020000 -0.370000
      vertex -0.818354 1.020000 0.403259
    endloop
  endfacet
  facet normal 0.000000 1.000000 0.000000
    outer loop
      vertex -0.804345 -1.020000 0.407295
      vertex -0.674229 -1.020000 -0.370856
      vertex -0.687282 -1.020000 -0.370000
    endloop
  endfacet
  facet normal -0.000000 -1.000000 -0.000000
    outer loop
      vertex -0.687282 -1.020000 -0.370000
      vertex -0.674229 -1.020000 -0.370856
      vertex -0.804345 -1.020000 0.407295
    endloop
  endfacet
  facet normal 0.000000 -1.000000 0.000000
    outer loop
      vertex -0.804345 1.020000 0.407295
      vertex -0.687282 1.020000 -0.370000
      vertex -0.674229 1.020000 -0.370856
    endloop
  endfacet
  facet normal -0.000000 1.000000 -0.000000
    outer loop
      vertex -0.674229 1.020000 -0.370856
      vertex -0.687282 1.020000 -0.370000
      vertex -0.804345 1.020000 0.407295
    endloop
  endfacet
  facet normal -0.000000 1.000000 0.000000
    outer loop
      vertex -0.804345 -1.020000 0.407295
      vertex -0.790877 -1.020000 0.412874
      vertex -0.674229 -1.020000 -0.370856
    endloop
  endfacet
  facet normal 0.000000 -1.000000 -0.000000
    outer loop
      vertex -0.674229 -1.020000 -0.370856
      vertex -0.790877 -1.020000 0.412874
      vertex -0.804345 -1.020000 0.407295
    endloop
  endfacet
  facet normal 0.000000 -1.000000 0.000000
    outer loop
      vertex -0.804345 1.020000 0.407295
      vertex -0.674229 1.020000 -0.370856
      vertex -0.790877 1.020000 0.412874
    endloop
  endfacet
  facet normal -0.000000 1.000000 -0.000000
    outer loop
      vertex -0.790877 1.020000 0.412874
      vertex -0.674229 1.020000 -0.370856
      vertex -0.804345 1.020000 0.407295
    endloop
  endfacet
  facet normal -0.000000 1.000000 0.000000
    outer loop
      vertex -0.790877 -1.020000 0.412874
      vertex -0.520000 -1.020000 0.450000
      vertex -0.674229 -1.020000 -0.370856
    endloop
  endfacet
  facet normal 0.000000 -1.000000 -0.000000
    outer loop
      vertex -0.674229 -1.020000 -0.370856
      vertex -0.520000 -1.020000 0.450000
      vertex -0.790877 -1.020000 0.412874
    endloop
  endfacet
  facet normal 0.000000 -1.000000 0.000000
    outer loop
      vertex -0.790877 1.020000 0.412874
      vertex -0.674229 1.020000 -0.370856
      vertex -0.520000 1.020000 0.450000
    endloop
  endfacet
  facet normal -0.000000 1.000000 -0.000000
    outer loop
      vertex -0.520000 1.020000 0.450000
      vertex -0.674229 1.020000 -0.370856
      vertex -0.790877 1.020000 0.412874
    endloop
  endfacet
  facet normal 0.000000 1.000000 0.000000
    outer loop
      vertex -0.790877 -1.020000 0.412874
      vertex -0.778117 -1.020000 0.419926
      vertex -0.520000 -1.020000 0.450000
    endloop
  endfacet
  facet normal -0.000000 -1.000000 -0.000000
    outer loop
      vertex -0.520000 -1.020000 0.450000
      vertex -0.778117 -1.020000 0.419926
      vertex -0.790877 -1.020000 0.412874
    endloop
  endfacet
  facet normal 0.000000 -1.000000 0.000000
    outer loop
      vertex -0.790877 1.020000 0.412874
      vertex -0.520000 1.020000 0.450000
      vertex -0.778117 1.020000 0.419926
    endloop
  endfacet
  facet normal -0.000000 1.000000 -0.000000
    outer loop
      vertex -0.778117 1.020000 0.419926
      vertex -0.520000 1.020000 0.450000
      vertex -0.790877 1.020000 0.412874
    endloop
  endfacet
  facet normal 0.000000 1.000000 0.000000
    outer loop
      vertex -0.778117 -1.020000 0.419926
      vertex -0.766228 -1.020000 0.428362
      vertex -0.520000 -1.020000 0.450000
    endloop
  endfacet
  facet normal -0.000000 -1.000000 -0.000000
    outer loop
      vertex -0.520000 -1.020000 0.450000
      vertex -0.766228 -1.020000 0.428362
      vertex -0.778117 -1.020000 0.419926
    endloop
  endfacet
  facet normal 0.000000 -1.000000 0.000000
    outer loop
      vertex -0.778117 1.020000 0.419926
      vertex -0.520000 1.020000 0.450000
      vertex -0.766228 1.020000 0.428362
    endloop
  endfacet
  facet normal -0.000000 1.000000 -0.000000
    outer loop
      vertex -0.766228 1.020000 0.428362
      vertex -0.520000 1.020000 0.450000
      vertex -0.778117 1.020000 0.419926
    endloop
  endfacet
  facet normal 0.000000 1.000000 0.000000
    outer loop
      vertex -0.766228 -1.020000 0.428362
      vertex -0.755358 -1.020000 0.438076
      vertex -0.520000 -1.020000 0.450000
    endloop
  endfacet
  facet normal -0.000000 -1.000000 -0.000000
    outer loop
      vertex -0.520000 -1.020000 0.450000
      vertex -0.755358 -1.020000 0.438076
      vertex -0.766228 -1.020000 0.428362
    endloop
  endfacet
  facet normal 0.000000 -1.000000 0.000000
    outer loop
      vertex -0.766228 1.020000 0.428362
      vertex -0.520000 1.020000 0.450000
      vertex -0.755358 1.020000 0.438076
    endloop
  endfacet
  facet normal -0.000000 1.000000 -0.000000
    outer loop
      vertex -0.755358 1.020000 0.438076
      vertex -0.520000 1.020000 0.450000
      vertex -0.766228 1.020000 0.428362
    endloop
  endfacet
  facet normal 0.000000 1.000000 0.000000
    outer loop
      vertex -0.755358 -1.020000 0.438076
      vertex -0.745644 -1.020000 0.448946
      vertex -0.520000 -1.020000 0.450000
    endloop
  endfacet
  facet normal -0.000000 -1.000000 -0.000000
    outer loop
      vertex -0.520000 -1.020000 0.450000
      vertex -0.745644 -1.020000 0.448946
      vertex -0.755358 -1.020000 0.438076
    endloop
  endfacet
  facet normal 0.000000 -1.000000 0.000000
    outer loop
      vertex -0.755358 1.020000 0.438076
      vertex -0.520000 1.020000 0.450000
      vertex -0.745644 1.020000 0.448946
    endloop
  endfacet
  facet normal -0.000000 1.000000 -0.000000
    outer loop
      vertex -0.745644 1.020000 0.448946
      vertex -0.520000 1.020000 0.450000
      vertex -0.755358 1.020000 0.438076
    endloop
  endfacet
  facet normal 0.000000 1.000000 0.000000
    outer loop
      vertex -0.745644 -1.020000 0.448946
      vertex -0.737207 -1.020000 0.460836
      vertex -0.520000 -1.020000 0.450000
    endloop
  endfacet
  facet normal -0.000000 -1.000000 -0.000000
    outer loop
      vertex -0.520000 -1.020000 0.450000
      vertex -0.737207 -1.020000 0.460836
      vertex -0.745644 -1.020000 0.448946
    endloop
  endfacet
  facet normal 0.000000 -1.000000 0.000000
    outer loop
      vertex -0.745644 1.020000 0.448946
      vertex -0.520000 1.020000 0.450000
      vertex -0.737207 1.020000 0.460836
    endloop
  endfacet
  facet normal -0.000000 1.000000 -0.000000
    outer loop
      vertex -0.737207 1.020000 0.460836
      vertex -0.520000 1.020000 0.450000
      vertex -0.745644 1.020000 0.448946
    endloop
  endfacet
  facet normal -0.000000 1.000000 0.000000
    outer loop
      vertex -0.737207 -1.020000 0.460836
      vertex -0.730156 -1.020000 0.473595
      vertex -0.520000 -1.020000 0.450000
    endloop
  endfacet
  facet normal 0.000000 -1.000000 -0.000000
    outer loop
      vertex -0.520000 -1.020000 0.450000
      vertex -0.730156 -1.020000 0.473595
      vertex -0.737207 -1.020000 0.460836
    endloop
  endfacet
  facet normal 0.000000 -1.000000 0.000000
    outer loop
      vertex -0.737207 1.020000 0.460836
      vertex -0.520000 1.020000 0.450000
      vertex -0.730156 1.020000 0.473595
    endloop
  endfacet
  facet normal -0.000000 1.000000 -0.000000
    outer loop
      vertex -0.730156 1.020000 0.473595
      vertex -0.520000 1.020000 0.450000
      vertex -0.737207 1.020000 0.460836
    endloop
  endfacet
  facet normal -0.000000 1.000000 0.000000
    outer loop
      vertex -0.730156 -1.020000 0.473595
      vertex -0.724577 -1.020000 0.487064
      vertex -0.520000 -1.020000 0.450000
    endloop
  endfacet
  facet normal 0.000000 -1.000000 -0.000000
    outer loop
      vertex -0.520000 -1.020000 0.450000
      vertex -0.724577 -1.020000 0.487064
      vertex -0.730156 -1.020000 0.473595
    endloop
  endfacet
  facet normal 0.000000 -1.000000 0.000000
    outer loop
      vertex -0.730156 1.020000 0.473595
      vertex -0.520000 1.020000 0.450000
      vertex -0.724577 1.020000 0.487064
    endloop
  endfacet
  facet normal -0.000000 1.000000 -0.000000
    outer loop
      vertex -0.724577 1.020000 0.487064
      vertex -0.520000 1.020000 0.450000
      vertex -0.730156 1.020000 0.473595
    endloop
  endfacet
  facet normal -0.000000 1.000000 0.000000
    outer loop
      vertex -0.724577 -1.020000 0.487064
      vertex -0.720541 -1.020000 0.501072
      vertex -0.520000 -1.020000 0.450000
    endloop
  endfacet
  facet normal 0.000000 -1.000000 -0.000000
    outer loop
      vertex -0.520000 -1.020000 0.450000
      vertex -0.720541 -1.020000 0.501072
      vertex -0.724577 -1.020000 0.487064
    endloop
  endfacet
  facet normal 0.000000 -1.000000 0.000000
    outer loop
      vertex -0.724577 1.020000 0.487064
      vertex -0.520000 1.020000 0.450000
      vertex -0.720541 1.020000 0.501072
    endloop
  endfacet
  facet normal -0.000000 1.000000 -0.000000
    outer loop
      vertex -0.720541 1.020000 0.501072
      vertex -0.520000 1.020000 0.450000
      vertex -0.724577 1.020000 0.487064
    endloop
  endfacet
  facet normal 0.000000 1.000000 0.000000
    outer loop
      vertex -0.745644 -1.020000 0.611054
      vertex -0.520000 -1.020000 0.450000
      vertex -0.737207 -1.020000 0.599164
    endloop
  endfacet
  facet normal -0.000000 -1.000000 -0.000000
    outer loop
      vertex -0.737207 -1.020000 0.599164
      vertex -0.520000 -1.020000 0.450000
      vertex -0.745644 -1.020000 0.611054
    endloop
  endfacet
  facet normal 0.000000 -1.000000 0.000000
    outer loop
      vertex -0.745644 1.020000 0.611054
      vertex -0.737207 1.020000 0.599164
      vertex -0.520000 1.020000 0.450000
    endloop
  endfacet
  facet normal -0.000000 1.000000 -0.000000
    outer loop
      vertex -0.520000 1.020000 0.450000
      vertex -0.737207 1.020000 0.599164
      vertex -0.745644 1.020000 0.611054
    endloop
  endfacet
  facet normal 0.000000 1.000000 0.000000
    outer loop
      vertex -0.520000 -1.020000 0.450000
      vertex -0.730156 -1.020000 0.586405
      vertex -0.737207 -1.020000 0.599164
    endloop
  endfacet
  facet normal -0.000000 -1.000000 -0.000000
    outer loop
      vertex -0.737207 -1.020000 0.599164
      vertex -0.730156 -1.020000 0.586405
      vertex -0.520000 -1.020000 0.450000
    endloop
  endfacet
  facet normal 0.000000 -1.000000 0.000000
    outer loop
      vertex -0.520000 1.020000 0.450000
      vertex -0.737207 1.020000 0.599164
      vertex -0.730156 1.020000 0.586405
    endloop
  endfacet
  facet normal -0.000000 1.000000 -0.000000
    outer loop
      vertex -0.730156 1.020000 0.586405
      vertex -0.737207 1.020000 0.599164
      vertex -0.520000 1.020000 0.450000
    endloop
  endfacet
  facet normal 0.000000 1.000000 0.000000
    outer loop
      vertex -0.520000 -1.020000 0.450000
      vertex -0.724577 -1.020000 0.572936
      vertex -0.730156 -1.020000 0.586405
    endloop
  endfacet
  facet normal -0.000000 -1.000000 -0.000000
    outer loop
      vertex -0.730156 -1.020000 0.586405
      vertex -0.724577 -1.020000 0.572936
      vertex -0.520000 -1.020000 0.450000
    endloop
  endfacet
  facet normal 0.000000 -1.000000 0.000000
    outer loop
      vertex -0.520000 1.020000 0.450000
      vertex -0.730156 1.020000 0.586405
      vertex -0.724577 1.020000 0.572936
    endloop
  endfacet
  facet normal -0.000000 1.000000 -0.000000
    outer loop
      vertex -0.724577 1.020000 0.572936
      vertex -0.730156 1.020000 0.586405
      vertex -0.520000 1.020000 0.450000
    endloop
  endfacet
  facet normal 0.000000 1.000000 0.000000
    outer loop
      vertex -0.520000 -1.020000 0.450000
      vertex -0.720541 -1.020000 0.558928
      vertex -0.724577 -1.020000 0.572936
    endloop
  endfacet
  facet normal -0.000000 -1.000000 -0.000000
    outer loop
      vertex -0.724577 -1.020000 0.572936
      vertex -0.720541 -1.020000 0.558928
      vertex -0.520000 -1.020000 0.450000
    endloop
  endfacet
  facet normal 0.000000 -1.000000 0.000000
    outer loop
      vertex -0.520000 1.020000 0.450000
      vertex -0.724577 1.020000 0.572936
      vertex -0.720541 1.020000 0.558928
    endloop
  endfacet
  facet normal -0.000000 1.000000 -0.000000
    outer loop
      vertex -0.720541 1.020000 0.558928
      vertex -0.724577 1.020000 0.572936
      vertex -0.520000 1.020000 0.450000
    endloop
  endfacet
  facet normal 0.000000 1.000000 0.000000
    outer loop
      vertex -0.520000 -1.020000 0.450000
      vertex -0.718099 -1.020000 0.544555
      vertex -0.720541 -1.020000 0.558928
    endloop
  endfacet
  facet normal -0.000000 -1.000000 -0.000000
    outer loop
      vertex -0.720541 -1.020000 0.558928
      vertex -0.718099 -1.020000 0.544555
      vertex -0.520000 -1.020000 0.450000
    endloop
  endfacet
  facet normal 0.000000 -1.000000 0.000000
    outer loop
      vertex -0.520000 1.020000 0.450000
      vertex -0.720541 1.020000 0.558928
      vertex -0.718099 1.020000 0.544555
    endloop
  endfacet
  facet normal -0.000000 1.000000 -0.000000
    outer loop
      vertex -0.718099 1.020000 0.544555
      vertex -0.720541 1.020000 0.558928
      vertex -0.520000 1.020000 0.450000
    endloop
  endfacet
  facet normal 0.000000 1.000000 0.000000
    outer loop
      vertex -0.520000 -1.020000 0.450000
      vertex -0.717282 -1.020000 0.530000
      vertex -0.718099 -1.020000 0.544555
    endloop
  endfacet
  facet normal -0.000000 -1.000000 -0.000000
    outer loop
      vertex -0.718099 -1.020000 0.544555
      vertex -0.717282 -1.020000 0.530000
      vertex -0.520000 -1.020000 0.450000
    endloop
  endfacet
  facet normal 0.000000 -1.000000 0.000000
    outer loop
      vertex -0.520000 1.020000 0.450000
      vertex -0.718099 1.020000 0.544555
      vertex -0.717282 1.020000 0.530000
    endloop
  endfacet
  facet normal -0.000000 1.000000 -0.000000
    outer loop
      vertex -0.717282 1.020000 0.530000
      vertex -0.718099 1.020000 0.544555
      vertex -0.520000 1.020000 0.450000
    endloop
  endfacet
  facet normal 0.000000 1.000000 0.000000
    outer loop
      vertex -0.520000 -1.020000 0.450000
      vertex -0.718099 -1.020000 0.515445
      vertex -0.717282 -1.020000 0.530000
    endloop
  endfacet
  facet normal -0.000000 -1.000000 -0.000000
    outer loop
      vertex -0.717282 -1.020000 0.530000
      vertex -0.718099 -1.020000 0.515445
      vertex -0.520000 -1.020000 0.450000
    endloop
  endfacet
  facet normal 0.000000 -1.000000 0.000000
    outer loop
      vertex -0.520000 1.020000 0.450000
      vertex -0.717282 1.020000 0.530000
      vertex -0.718099 1.020000 0.515445
    endloop
  endfacet
  facet normal -0.000000 1.000000 -0.000000
    outer loop
      vertex -0.718099 1.020000 0.515445
      vertex -0.717282 1.020000 0.530000
      vertex -0.520000 1.020000 0.450000
    endloop
  endfacet
  facet normal 0.000000 1.000000 0.000000
    outer loop
      vertex -0.520000 -1.020000 0.450000
      vertex -0.720541 -1.020000 0.501072
      vertex -0.718099 -1.020000 0.515445
    endloop
  endfacet
  facet normal -0.000000 -1.000000 -0.000000
    outer loop
      vertex -0.718099 -1.020000 0.515445
      vertex -0.720541 -1.020000 0.501072
      vertex -0.520000 -1.020000 0.450000
    endloop
  endfacet
  facet normal 0.000000 -1.000000 0.000000
    outer loop
      vertex -0.520000 1.020000 0.450000
      vertex -0.718099 1.020000 0.515445
      vertex -0.720541 1.020000 0.501072
    endloop
  endfacet
  facet normal -0.000000 1.000000 -0.000000
    outer loop
      vertex -0.720541 1.020000 0.501072
      vertex -0.718099 1.020000 0.515445
      vertex -0.520000 1.020000 0.450000
    endloop
  endfacet
  facet normal 0.000000 1.000000 0.000000
    outer loop
      vertex -0.520000 -1.020000 0.450000
      vertex -0.661400 -1.020000 -0.373407
      vertex -0.674229 -1.020000 -0.370856
    endloop
  endfacet
  facet normal -0.000000 -1.000000 -0.000000
    outer loop
      vertex -0.674229 -1.020000 -0.370856
      vertex -0.661400 -1.020000 -0.373407
      vertex -0.520000 -1.020000 0.450000
    endloop
  endfacet
  facet normal 0.000000 -1.000000 0.000000
    outer loop
      vertex -0.520000 1.020000 0.450000
      vertex -0.674229 1.020000 -0.370856
      vertex -0.661400 1.020000 -0.373407
    endloop
  endfacet
  facet normal -0.000000 1.000000 -0.000000
    outer loop
      vertex -0.661400 1.020000 -0.373407
      vertex -0.674229 1.020000 -0.370856
      vertex -0.520000 1.020000 0.450000
    endloop
  endfacet
  facet normal 0.000000 1.000000 0.000000
    outer loop
      vertex -0.520000 -1.020000 0.450000
      vertex -0.649013 -1.020000 -0.377612
      vertex -0.661400 -1.020000 -0.373407
    endloop
  endfacet
  facet normal -0.000000 -1.000000 -0.000000
    outer loop
      vertex -0.661400 -1.020000 -0.373407
      vertex -0.649013 -1.020000 -0.377612
      vertex -0.520000 -1.020000 0.450000
    endloop
  endfacet
  facet normal 0.000000 -1.000000 0.000000
    outer loop
      vertex -0.520000 1.020000 0.450000
      vertex -0.661400 1.020000 -0.373407
      vertex -0.649013 1.020000 -0.377612
    endloop
  endfacet
  facet normal -0.000000 1.000000 -0.000000
    outer loop
      vertex -0.649013 1.020000 -0.377612
      vertex -0.661400 1.020000 -0.373407
      vertex -0.520000 1.020000 0.450000
    endloop
  endfacet
  facet normal 0.000000 1.000000 0.000000
    outer loop
      vertex -0.520000 -1.020000 0.450000
      vertex -0.637282 -1.020000 -0.383397
      vertex -0.649013 -1.020000 -0.377612
    endloop
  endfacet
  facet normal -0.000000 -1.000000 -0.000000
    outer loop
      vertex -0.649013 -1.020000 -0.377612
      vertex -0.637282 -1.020000 -0.383397
      vertex -0.520000 -1.020000 0.450000
    endloop
  endfacet
  facet normal 0.000000 -1.000000 0.000000
    outer loop
      vertex -0.520000 1.020000 0.450000
      vertex -0.649013 1.020000 -0.377612
      vertex -0.637282 1.020000 -0.383397
    endloop
  endfacet
  facet normal -0.000000 1.000000 -0.000000
    outer loop
      vertex -0.637282 1.020000 -0.383397
      vertex -0.649013 1.020000 -0.377612
      vertex -0.520000 1.020000 0.450000
    endloop
  endfacet
  facet normal 0.000000 1.000000 0.000000
    outer loop
      vertex -0.520000 -1.020000 0.450000
      vertex -0.626406 -1.020000 -0.390665
      vertex -0.637282 -1.020000 -0.383397
    endloop
  endfacet
  facet normal -0.000000 -1.000000 -0.000000
    outer loop
      vertex -0.637282 -1.020000 -0.383397
      vertex -0.626406 -1.020000 -0.390665
      vertex -0.520000 -1.020000 0.450000
    endloop
  endfacet
  facet normal 0.000000 -1.000000 0.000000
    outer loop
      vertex -0.520000 1.020000 0.450000
      vertex -0.637282 1.020000 -0.383397
      vertex -0.626406 1.020000 -0.390665
    endloop
  endfacet
  facet normal -0.000000 1.000000 -0.000000
    outer loop
      vertex -0.626406 1.020000 -0.390665
      vertex -0.637282 1.020000 -0.383397
      vertex -0.520000 1.020000 0.450000
    endloop
  endfacet
  facet normal 0.000000 1.000000 0.000000
    outer loop
      vertex -0.520000 -1.020000 0.450000
      vertex -0.616571 -1.020000 -0.399289
      vertex -0.626406 -1.020000 -0.390665
    endloop
  endfacet
  facet normal -0.000000 -1.000000 -0.000000
    outer loop
      vertex -0.626406 -1.020000 -0.390665
      vertex -0.616571 -1.020000 -0.399289
      vertex -0.520000 -1.020000 0.450000
    endloop
  endfacet
  facet normal 0.000000 -1.000000 0.000000
    outer loop
      vertex -0.520000 1.020000 0.450000
      vertex -0.626406 1.020000 -0.390665
      vertex -0.616571 1.020000 -0.399289
    endloop
  endfacet
  facet normal -0.000000 1.000000 -0.000000
    outer loop
      vertex -0.616571 1.020000 -0.399289
      vertex -0.626406 1.020000 -0.390665
      vertex -0.520000 1.020000 0.450000
    endloop
  endfacet
  facet normal 0.000000 1.000000 0.000000
    outer loop
      vertex -0.520000 -1.020000 0.450000
      vertex -0.607946 -1.020000 -0.409124
      vertex -0.616571 -1.020000 -0.399289
    endloop
  endfacet
  facet normal -0.000000 -1.000000 -0.000000
    outer loop
      vertex -0.616571 -1.020000 -0.399289
      vertex -0.607946 -1.020000 -0.409124
      vertex -0.520000 -1.020000 0.450000
    endloop
  endfacet
  facet normal 0.000000 -1.000000 0.000000
    outer loop
      vertex -0.520000 1.020000 0.450000
      vertex -0.616571 1.020000 -0.399289
      vertex -0.607946 1.020000 -0.409124
    endloop
  endfacet
  facet normal -0.000000 1.000000 -0.000000
    outer loop
      vertex -0.607946 1.020000 -0.409124
      vertex -0.616571 1.020000 -0.399289
      vertex -0.520000 1.020000 0.450000
    endloop
  endfacet
  facet normal 0.000000 1.000000 0.000000
    outer loop
      vertex -0.967232 -1.020000 0.694161
      vertex -0.966486 -1.020000 0.703089
      vertex -0.963138 -1.020000 0.711399
    endloop
  endfacet
  facet normal -0.000000 -1.000000 -0.000000
    outer loop
      vertex -0.963138 -1.020000 0.711399
      vertex -0.966486 -1.020000 0.703089
      vertex -0.967232 -1.020000 0.694161
    endloop
  endfacet
  facet normal 0.000000 -1.000000 0.000000
    outer loop
      vertex -0.967232 1.020000 0.694161
      vertex -0.963138 1.020000 0.711399
      vertex -0.966486 1.020000 0.703089
    endloop
  endfacet
  facet normal -0.000000 1.000000 -0.000000
    outer loop
      vertex -0.966486 1.020000 0.703089
      vertex -0.963138 1.020000 0.711399
      vertex -0.967232 1.020000 0.694161
    endloop
  endfacet
  facet normal 0.000000 1.000000 -0.000000
    outer loop
      vertex -0.967232 -1.020000 0.694161
      vertex -0.967282 -1.020000 0.697157
      vertex -0.966486 -1.020000 0.703089
    endloop
  endfacet
  facet normal -0.000000 -1.000000 0.000000
    outer loop
      vertex -0.966486 -1.020000 0.703089
      vertex -0.967282 -1.020000 0.697157
      vertex -0.967232 -1.020000 0.694161
    endloop
  endfacet
  facet normal 0.000000 -1.000000 0.000000
    outer loop
      vertex -0.967232 1.020000 0.694161
      vertex -0.966486 1.020000 0.703089
      vertex -0.967282 1.020000 0.697157
    endloop
  endfacet
  facet normal -0.000000 1.000000 -0.000000
    outer loop
      vertex -0.967282 1.020000 0.697157
      vertex -0.966486 1.020000 0.703089
      vertex -0.967232 1.020000 0.694161
    endloop
  endfacet
  facet normal 0.000000 1.000000 0.000000
    outer loop
      vertex -0.967282 -1.020000 0.697157
      vertex -0.967032 -1.020000 0.700143
      vertex -0.966486 -1.020000 0.703089
    endloop
  endfacet
  facet normal -0.000000 -1.000000 -0.000000
    outer loop
      vertex -0.966486 -1.020000 0.703089
      vertex -0.967032 -1.020000 0.700143
      vertex -0.967282 -1.020000 0.697157
    endloop
  endfacet
  facet normal 0.000000 -1.000000 0.000000
    outer loop
      vertex -0.967282 1.020000 0.697157
      vertex -0.966486 1.020000 0.703089
      vertex -0.967032 1.020000 0.700143
    endloop
  endfacet
  facet normal -0.000000 1.000000 -0.000000
    outer loop
      vertex -0.967032 1.020000 0.700143
      vertex -0.966486 1.020000 0.703089
      vertex -0.967282 1.020000 0.697157
    endloop
  endfacet
  facet normal 0.000000 1.000000 0.000000
    outer loop
      vertex -0.966486 -1.020000 0.703089
      vertex -0.965649 -1.020000 0.705966
      vertex -0.963138 -1.020000 0.711399
    endloop
  endfacet
  facet normal -0.000000 -1.000000 -0.000000
    outer loop
      vertex -0.963138 -1.020000 0.711399
      vertex -0.965649 -1.020000 0.705966
      vertex -0.966486 -1.020000 0.703089
    endloop
  endfacet
  facet normal 0.000000 -1.000000 0.000000
    outer loop
      vertex -0.966486 1.020000 0.703089
      vertex -0.963138 1.020000 0.711399
      vertex -0.965649 1.020000 0.705966
    endloop
  endfacet
  facet normal -0.000000 1.000000 -0.000000
    outer loop
      vertex -0.965649 1.020000 0.705966
      vertex -0.963138 1.020000 0.711399
      vertex -0.966486 1.020000 0.703089
    endloop
  endfacet
  facet normal 0.000000 1.000000 0.000000
    outer loop
      vertex -0.965649 -1.020000 0.705966
      vertex -0.964529 -1.020000 0.708745
      vertex -0.963138 -1.020000 0.711399
    endloop
  endfacet
  facet normal -0.000000 -1.000000 -0.000000
    outer loop
      vertex -0.963138 -1.020000 0.711399
      vertex -0.964529 -1.020000 0.708745
      vertex -0.965649 -1.020000 0.705966
    endloop
  endfacet
  facet normal 0.000000 -1.000000 0.000000
    outer loop
      vertex -0.965649 1.020000 0.705966
      vertex -0.963138 1.020000 0.711399
      vertex -0.964529 1.020000 0.708745
    endloop
  endfacet
  facet normal -0.000000 1.000000 -0.000000
    outer loop
      vertex -0.964529 1.020000 0.708745
      vertex -0.963138 1.020000 0.711399
      vertex -0.965649 1.020000 0.705966
    endloop
  endfacet
  facet normal -0.531231 0.000000 -0.847227
    outer loop
      vertex -0.823797 -1.020000 -1.252362
      vertex -0.826322 -1.020000 -1.250778
      vertex -0.826322 1.020000 -1.250778
    endloop
  endfacet
  facet normal 0.531231 -0.000000 0.847227
    outer loop
      vertex -0.826322 1.020000 -1.250778
      vertex -0.826322 -1.020000 -1.250778
      vertex -0.823797 -1.020000 -1.252362
    endloop
  endfacet
  facet normal -0.531231 0.000000 -0.847227
    outer loop
      vertex -0.823797 -1.020000 -1.252362
      vertex -0.826322 1.020000 -1.250778
      vertex -0.823797 1.020000 -1.252362
    endloop
  endfacet
  facet normal 0.531231 -0.000000 0.847227
    outer loop
      vertex -0.823797 1.020000 -1.252362
      vertex -0.826322 1.020000 -1.250778
      vertex -0.823797 -1.020000 -1.252362
    endloop
  endfacet
  facet normal -0.612674 0.000000 -0.790335
    outer loop
      vertex -0.826322 -1.020000 -1.250778
      vertex -0.828678 -1.020000 -1.248952
      vertex -0.828678 1.020000 -1.248952
    endloop
  endfacet
  facet normal 0.612674 -0.000000 0.790335
    outer loop
      vertex -0.828678 1.020000 -1.248952
      vertex -0.828678 -1.020000 -1.248952
      vertex -0.826322 -1.020000 -1.250778
    endloop
  endfacet
  facet normal -0.612674 0.000000 -0.790335
    outer loop
      vertex -0.826322 -1.020000 -1.250778
      vertex -0.828678 1.020000 -1.248952
      vertex -0.826322 1.020000 -1.250778
    endloop
  endfacet
  facet normal 0.612674 -0.000000 0.790335
    outer loop
      vertex -0.826322 1.020000 -1.250778
      vertex -0.828678 1.020000 -1.248952
      vertex -0.826322 -1.020000 -1.250778
    endloop
  endfacet
  facet normal -0.688071 0.000000 -0.725644
    outer loop
      vertex -0.828678 -1.020000 -1.248952
      vertex -0.830840 -1.020000 -1.246902
      vertex -0.830840 1.020000 -1.246902
    endloop
  endfacet
  facet normal 0.688071 -0.000000 0.725644
    outer loop
      vertex -0.830840 1.020000 -1.246902
      vertex -0.830840 -1.020000 -1.246902
      vertex -0.828678 -1.020000 -1.248952
    endloop
  endfacet
  facet normal -0.688071 0.000000 -0.725644
    outer loop
      vertex -0.828678 -1.020000 -1.248952
      vertex -0.830840 1.020000 -1.246902
      vertex -0.828678 1.020000 -1.248952
    endloop
  endfacet
  facet normal 0.688071 -0.000000 0.725644
    outer loop
      vertex -0.828678 1.020000 -1.248952
      vertex -0.830840 1.020000 -1.246902
      vertex -0.828678 -1.020000 -1.248952
    endloop
  endfacet
  facet normal -0.756676 0.000000 -0.653790
    outer loop
      vertex -0.830840 -1.020000 -1.246902
      vertex -0.832789 -1.020000 -1.244647
      vertex -0.832789 1.020000 -1.244647
    endloop
  endfacet
  facet normal 0.756676 -0.000000 0.653790
    outer loop
      vertex -0.832789 1.020000 -1.244647
      vertex -0.832789 -1.020000 -1.244647
      vertex -0.830840 -1.020000 -1.246902
    endloop
  endfacet
  facet normal -0.756676 0.000000 -0.653790
    outer loop
      vertex -0.830840 -1.020000 -1.246902
      vertex -0.832789 1.020000 -1.244647
      vertex -0.830840 1.020000 -1.246902
    endloop
  endfacet
  facet normal 0.756676 -0.000000 0.653790
    outer loop
      vertex -0.830840 1.020000 -1.246902
      vertex -0.832789 1.020000 -1.244647
      vertex -0.830840 -1.020000 -1.246902
    endloop
  endfacet
  facet normal -0.817813 0.000000 -0.575484
    outer loop
      vertex -0.832789 -1.020000 -1.244647
      vertex -0.834504 -1.020000 -1.242209
      vertex -0.834504 1.020000 -1.242209
    endloop
  endfacet
  facet normal 0.817813 -0.000000 0.575484
    outer loop
      vertex -0.834504 1.020000 -1.242209
      vertex -0.834504 -1.020000 -1.242209
      vertex -0.832789 -1.020000 -1.244647
    endloop
  endfacet
  facet normal -0.817813 0.000000 -0.575484
    outer loop
      vertex -0.832789 -1.020000 -1.244647
      vertex -0.834504 1.020000 -1.242209
      vertex -0.832789 1.020000 -1.244647
    endloop
  endfacet
  facet normal 0.817813 -0.000000 0.575484
    outer loop
      vertex -0.832789 1.020000 -1.244647
      vertex -0.834504 1.020000 -1.242209
      vertex -0.832789 -1.020000 -1.244647
    endloop
  endfacet
  facet normal -0.870879 0.000000 -0.491498
    outer loop
      vertex -0.834504 -1.020000 -1.242209
      vertex -0.835969 -1.020000 -1.239614
      vertex -0.835969 1.020000 -1.239614
    endloop
  endfacet
  facet normal 0.870879 -0.000000 0.491498
    outer loop
      vertex -0.835969 1.020000 -1.239614
      vertex -0.835969 -1.020000 -1.239614
      vertex -0.834504 -1.020000 -1.242209
    endloop
  endfacet
  facet normal -0.870879 0.000000 -0.491498
    outer loop
      vertex -0.834504 -1.020000 -1.242209
      vertex -0.835969 1.020000 -1.239614
      vertex -0.834504 1.020000 -1.242209
    endloop
  endfacet
  facet normal 0.870879 -0.000000 0.491498
    outer loop
      vertex -0.834504 1.020000 -1.242209
      vertex -0.835969 1.020000 -1.239614
      vertex -0.834504 -1.020000 -1.242209
    endloop
  endfacet
  facet normal -0.915349 0.000000 -0.402661
    outer loop
      vertex -0.835969 -1.020000 -1.239614
      vertex -0.837169 -1.020000 -1.236886
      vertex -0.837169 1.020000 -1.236886
    endloop
  endfacet
  facet normal 0.915349 -0.000000 0.402661
    outer loop
      vertex -0.837169 1.020000 -1.236886
      vertex -0.837169 -1.020000 -1.236886
      vertex -0.835969 -1.020000 -1.239614
    endloop
  endfacet
  facet normal -0.915349 0.000000 -0.402661
    outer loop
      vertex -0.835969 -1.020000 -1.239614
      vertex -0.837169 1.020000 -1.236886
      vertex -0.835969 1.020000 -1.239614
    endloop
  endfacet
  facet normal 0.915349 -0.000000 0.402661
    outer loop
      vertex -0.835969 1.020000 -1.239614
      vertex -0.837169 1.020000 -1.236886
      vertex -0.835969 -1.020000 -1.239614
    endloop
  endfacet
  facet normal -0.950785 0.000000 -0.309850
    outer loop
      vertex -0.837169 -1.020000 -1.236886
      vertex -0.838092 -1.020000 -1.234052
      vertex -0.838092 1.020000 -1.234052
    endloop
  endfacet
  facet normal 0.950785 -0.000000 0.309850
    outer loop
      vertex -0.838092 1.020000 -1.234052
      vertex -0.838092 -1.020000 -1.234052
      vertex -0.837169 -1.020000 -1.236886
    endloop
  endfacet
  facet normal -0.950785 0.000000 -0.309850
    outer loop
      vertex -0.837169 -1.020000 -1.236886
      vertex -0.838092 1.020000 -1.234052
      vertex -0.837169 1.020000 -1.236886
    endloop
  endfacet
  facet normal 0.950785 -0.000000 0.309850
    outer loop
      vertex -0.837169 1.020000 -1.236886
      vertex -0.838092 1.020000 -1.234052
      vertex -0.837169 -1.020000 -1.236886
    endloop
  endfacet
  facet normal -0.976838 0.000000 -0.213981
    outer loop
      vertex -0.838092 -1.020000 -1.234052
      vertex -0.838730 -1.020000 -1.231141
      vertex -0.838730 1.020000 -1.231141
    endloop
  endfacet
  facet normal 0.976838 -0.000000 0.213981
    outer loop
      vertex -0.838730 1.020000 -1.231141
      vertex -0.838730 -1.020000 -1.231141
      vertex -0.838092 -1.020000 -1.234052
    endloop
  endfacet
  facet normal -0.976838 0.000000 -0.213981
    outer loop
      vertex -0.838092 -1.020000 -1.234052
      vertex -0.838730 1.020000 -1.231141
      vertex -0.838092 1.020000 -1.234052
    endloop
  endfacet
  facet normal 0.976838 -0.000000 0.213981
    outer loop
      vertex -0.838092 1.020000 -1.234052
      vertex -0.838730 1.020000 -1.231141
      vertex -0.838092 -1.020000 -1.234052
    endloop
  endfacet
  facet normal -0.993249 0.000000 -0.116000
    outer loop
      vertex -0.838730 -1.020000 -1.231141
      vertex -0.839076 -1.020000 -1.228180
      vertex -0.839076 1.020000 -1.228180
    endloop
  endfacet
  facet normal 0.993249 -0.000000 0.116000
    outer loop
      vertex -0.839076 1.020000 -1.228180
      vertex -0.839076 -1.020000 -1.228180
      vertex -0.838730 -1.020000 -1.231141
    endloop
  endfacet
  facet normal -0.993249 0.000000 -0.116000
    outer loop
      vertex -0.838730 -1.020000 -1.231141
      vertex -0.839076 1.020000 -1.228180
      vertex -0.838730 1.020000 -1.231141
    endloop
  endfacet
  facet normal 0.993249 -0.000000 0.116000
    outer loop
      vertex -0.838730 1.020000 -1.231141
      vertex -0.839076 1.020000 -1.228180
      vertex -0.838730 -1.020000 -1.231141
    endloop
  endfacet
  facet normal -0.997785 0.000000 -0.066519
    outer loop
      vertex -0.839076 -1.020000 -1.228180
      vertex -0.951088 -1.020000 0.452002
      vertex -0.951088 1.020000 0.452002
    endloop
  endfacet
  facet normal 0.997785 -0.000000 0.066519
    outer loop
      vertex -0.951088 1.020000 0.452002
      vertex -0.951088 -1.020000 0.452002
      vertex -0.839076 -1.020000 -1.228180
    endloop
  endfacet
  facet normal -0.997785 0.000000 -0.066519
    outer loop
      vertex -0.839076 -1.020000 -1.228180
      vertex -0.951088 1.020000 0.452002
      vertex -0.839076 1.020000 -1.228180
    endloop
  endfacet
  facet normal 0.997785 -0.000000 0.066519
    outer loop
      vertex -0.839076 1.020000 -1.228180
      vertex -0.951088 1.020000 0.452002
      vertex -0.839076 -1.020000 -1.228180
    endloop
  endfacet
  facet normal 0.815561 0.000000 0.578671
    outer loop
      vertex -0.951088 -1.020000 0.452002
      vertex -0.948920 -1.020000 0.448946
      vertex -0.948920 1.020000 0.448946
    endloop
  endfacet
  facet normal -0.815561 -0.000000 -0.578671
    outer loop
      vertex -0.948920 1.020000 0.448946
      vertex -0.948920 -1.020000 0.448946
      vertex -0.951088 -1.020000 0.452002
    endloop
  endfacet
  facet normal 0.815561 -0.000000 0.578671
    outer loop
      vertex -0.951088 -1.020000 0.452002
      vertex -0.948920 1.020000 0.448946
      vertex -0.951088 1.020000 0.452002
    endloop
  endfacet
  facet normal -0.815561 0.000000 -0.578671
    outer loop
      vertex -0.951088 1.020000 0.452002
      vertex -0.948920 1.020000 0.448946
      vertex -0.951088 -1.020000 0.452002
    endloop
  endfacet
  facet normal 0.745642 0.000000 0.666347
    outer loop
      vertex -0.948920 -1.020000 0.448946
      vertex -0.939206 -1.020000 0.438076
      vertex -0.939206 1.020000 0.438076
    endloop
  endfacet
  facet normal -0.745642 -0.000000 -0.666347
    outer loop
      vertex -0.939206 1.020000 0.438076
      vertex -0.939206 -1.020000 0.438076
      vertex -0.948920 -1.020000 0.448946
    endloop
  endfacet
  facet normal 0.745642 -0.000000 0.666347
    outer loop
      vertex -0.948920 -1.020000 0.448946
      vertex -0.939206 1.020000 0.438076
      vertex -0.948920 1.020000 0.448946
    endloop
  endfacet
  facet normal -0.745642 0.000000 -0.666347
    outer loop
      vertex -0.948920 1.020000 0.448946
      vertex -0.939206 1.020000 0.438076
      vertex -0.948920 -1.020000 0.448946
    endloop
  endfacet
  facet normal 0.666347 0.000000 0.745642
    outer loop
      vertex -0.939206 -1.020000 0.438076
      vertex -0.928335 -1.020000 0.428362
      vertex -0.928335 1.020000 0.428362
    endloop
  endfacet
  facet normal -0.666347 -0.000000 -0.745642
    outer loop
      vertex -0.928335 1.020000 0.428362
      vertex -0.928335 -1.020000 0.428362
      vertex -0.939206 -1.020000 0.438076
    endloop
  endfacet
  facet normal 0.666347 -0.000000 0.745642
    outer loop
      vertex -0.939206 -1.020000 0.438076
      vertex -0.928335 1.020000 0.428362
      vertex -0.939206 1.020000 0.438076
    endloop
  endfacet
  facet normal -0.666347 0.000000 -0.745642
    outer loop
      vertex -0.939206 1.020000 0.438076
      vertex -0.928335 1.020000 0.428362
      vertex -0.939206 -1.020000 0.438076
    endloop
  endfacet
  facet normal 0.578671 0.000000 0.815561
    outer loop
      vertex -0.928335 -1.020000 0.428362
      vertex -0.916446 -1.020000 0.419926
      vertex -0.916446 1.020000 0.419926
    endloop
  endfacet
  facet normal -0.578671 -0.000000 -0.815561
    outer loop
      vertex -0.916446 1.020000 0.419926
      vertex -0.916446 -1.020000 0.419926
      vertex -0.928335 -1.020000 0.428362
    endloop
  endfacet
  facet normal 0.578671 -0.000000 0.815561
    outer loop
      vertex -0.928335 -1.020000 0.428362
      vertex -0.916446 1.020000 0.419926
      vertex -0.928335 1.020000 0.428362
    endloop
  endfacet
  facet normal -0.578671 0.000000 -0.815561
    outer loop
      vertex -0.928335 1.020000 0.428362
      vertex -0.916446 1.020000 0.419926
      vertex -0.928335 -1.020000 0.428362
    endloop
  endfacet
  facet normal 0.483719 0.000000 0.875223
    outer loop
      vertex -0.916446 -1.020000 0.419926
      vertex -0.903687 -1.020000 0.412874
      vertex -0.903687 1.020000 0.412874
    endloop
  endfacet
  facet normal -0.483719 -0.000000 -0.875223
    outer loop
      vertex -0.903687 1.020000 0.412874
      vertex -0.903687 -1.020000 0.412874
      vertex -0.916446 -1.020000 0.419926
    endloop
  endfacet
  facet normal 0.483719 -0.000000 0.875223
    outer loop
      vertex -0.916446 -1.020000 0.419926
      vertex -0.903687 1.020000 0.412874
      vertex -0.916446 1.020000 0.419926
    endloop
  endfacet
  facet normal -0.483719 0.000000 -0.875223
    outer loop
      vertex -0.916446 1.020000 0.419926
      vertex -0.903687 1.020000 0.412874
      vertex -0.916446 -1.020000 0.419926
    endloop
  endfacet
  facet normal 0.382683 0.000000 0.923880
    outer loop
      vertex -0.903687 -1.020000 0.412874
      vertex -0.890218 -1.020000 0.407295
      vertex -0.890218 1.020000 0.407295
    endloop
  endfacet
  facet normal -0.382683 -0.000000 -0.923880
    outer loop
      vertex -0.890218 1.020000 0.407295
      vertex -0.890218 -1.020000 0.407295
      vertex -0.903687 -1.020000 0.412874
    endloop
  endfacet
  facet normal 0.382683 -0.000000 0.923880
    outer loop
      vertex -0.903687 -1.020000 0.412874
      vertex -0.890218 1.020000 0.407295
      vertex -0.903687 1.020000 0.412874
    endloop
  endfacet
  facet normal -0.382683 0.000000 -0.923880
    outer loop
      vertex -0.903687 1.020000 0.412874
      vertex -0.890218 1.020000 0.407295
      vertex -0.903687 -1.020000 0.412874
    endloop
  endfacet
  facet normal 0.276836 0.000000 0.960917
    outer loop
      vertex -0.890218 -1.020000 0.407295
      vertex -0.876209 -1.020000 0.403259
      vertex -0.876209 1.020000 0.403259
    endloop
  endfacet
  facet normal -0.276836 -0.000000 -0.960917
    outer loop
      vertex -0.876209 1.020000 0.403259
      vertex -0.876209 -1.020000 0.403259
      vertex -0.890218 -1.020000 0.407295
    endloop
  endfacet
  facet normal 0.276836 -0.000000 0.960917
    outer loop
      vertex -0.890218 -1.020000 0.407295
      vertex -0.876209 1.020000 0.403259
      vertex -0.890218 1.020000 0.407295
    endloop
  endfacet
  facet normal -0.276836 0.000000 -0.960917
    outer loop
      vertex -0.890218 1.020000 0.407295
      vertex -0.876209 1.020000 0.403259
      vertex -0.890218 -1.020000 0.407295
    endloop
  endfacet
  facet normal 0.167506 0.000000 0.985871
    outer loop
      vertex -0.876209 -1.020000 0.403259
      vertex -0.861837 -1.020000 0.400817
      vertex -0.861837 1.020000 0.400817
    endloop
  endfacet
  facet normal -0.167506 -0.000000 -0.985871
    outer loop
      vertex -0.861837 1.020000 0.400817
      vertex -0.861837 -1.020000 0.400817
      vertex -0.876209 -1.020000 0.403259
    endloop
  endfacet
  facet normal 0.167506 -0.000000 0.985871
    outer loop
      vertex -0.876209 -1.020000 0.403259
      vertex -0.861837 1.020000 0.400817
      vertex -0.876209 1.020000 0.403259
    endloop
  endfacet
  facet normal -0.167506 0.000000 -0.985871
    outer loop
      vertex -0.876209 1.020000 0.403259
      vertex -0.861837 1.020000 0.400817
      vertex -0.876209 -1.020000 0.403259
    endloop
  endfacet
  facet normal 0.056070 0.000000 0.998427
    outer loop
      vertex -0.861837 -1.020000 0.400817
      vertex -0.847282 -1.020000 0.400000
      vertex -0.847282 1.020000 0.400000
    endloop
  endfacet
  facet normal -0.056070 -0.000000 -0.998427
    outer loop
      vertex -0.847282 1.020000 0.400000
      vertex -0.847282 -1.020000 0.400000
      vertex -0.861837 -1.020000 0.400817
    endloop
  endfacet
  facet normal 0.056070 -0.000000 0.998427
    outer loop
      vertex -0.861837 -1.020000 0.400817
      vertex -0.847282 1.020000 0.400000
      vertex -0.861837 1.020000 0.400817
    endloop
  endfacet
  facet normal -0.056070 0.000000 -0.998427
    outer loop
      vertex -0.861837 1.020000 0.400817
      vertex -0.847282 1.020000 0.400000
      vertex -0.861837 -1.020000 0.400817
    endloop
  endfacet
  facet normal -0.056070 0.000000 0.998427
    outer loop
      vertex -0.847282 -1.020000 0.400000
      vertex -0.832726 -1.020000 0.400817
      vertex -0.832726 1.020000 0.400817
    endloop
  endfacet
  facet normal 0.056070 -0.000000 -0.998427
    outer loop
      vertex -0.832726 1.020000 0.400817
      vertex -0.832726 -1.020000 0.400817
      vertex -0.847282 -1.020000 0.400000
    endloop
  endfacet
  facet normal -0.056070 0.000000 0.998427
    outer loop
      vertex -0.847282 -1.020000 0.400000
      vertex -0.832726 1.020000 0.400817
      vertex -0.847282 1.020000 0.400000
    endloop
  endfacet
  facet normal 0.056070 -0.000000 -0.998427
    outer loop
      vertex -0.847282 1.020000 0.400000
      vertex -0.832726 1.020000 0.400817
      vertex -0.847282 -1.020000 0.400000
    endloop
  endfacet
  facet normal -0.167506 0.000000 0.985871
    outer loop
      vertex -0.832726 -1.020000 0.400817
      vertex -0.818354 -1.020000 0.403259
      vertex -0.818354 1.020000 0.403259
    endloop
  endfacet
  facet normal 0.167506 -0.000000 -0.985871
    outer loop
      vertex -0.818354 1.020000 0.403259
      vertex -0.818354 -1.020000 0.403259
      vertex -0.832726 -1.020000 0.400817
    endloop
  endfacet
  facet normal -0.167506 0.000000 0.985871
    outer loop
      vertex -0.832726 -1.020000 0.400817
      vertex -0.818354 1.020000 0.403259
      vertex -0.832726 1.020000 0.400817
    endloop
  endfacet
  facet normal 0.167506 -0.000000 -0.985871
    outer loop
      vertex -0.832726 1.020000 0.400817
      vertex -0.818354 1.020000 0.403259
      vertex -0.832726 -1.020000 0.400817
    endloop
  endfacet
  facet normal -0.276836 0.000000 0.960917
    outer loop
      vertex -0.818354 -1.020000 0.403259
      vertex -0.804345 -1.020000 0.407295
      vertex -0.804345 1.020000 0.407295
    endloop
  endfacet
  facet normal 0.276836 -0.000000 -0.960917
    outer loop
      vertex -0.804345 1.020000 0.407295
      vertex -0.804345 -1.020000 0.407295
      vertex -0.818354 -1.020000 0.403259
    endloop
  endfacet
  facet normal -0.276836 0.000000 0.960917
    outer loop
      vertex -0.818354 -1.020000 0.403259
      vertex -0.804345 1.020000 0.407295
      vertex -0.818354 1.020000 0.403259
    endloop
  endfacet
  facet normal 0.276836 -0.000000 -0.960917
    outer loop
      vertex -0.818354 1.020000 0.403259
      vertex -0.804345 1.020000 0.407295
      vertex -0.818354 -1.020000 0.403259
    endloop
  endfacet
  facet normal -0.382683 0.000000 0.923880
    outer loop
      vertex -0.804345 -1.020000 0.407295
      vertex -0.790877 -1.020000 0.412874
      vertex -0.790877 1.020000 0.412874
    endloop
  endfacet
  facet normal 0.382683 -0.000000 -0.923880
    outer loop
      vertex -0.790877 1.020000 0.412874
      vertex -0.790877 -1.020000 0.412874
      vertex -0.804345 -1.020000 0.407295
    endloop
  endfacet
  facet normal -0.382683 0.000000 0.923880
    outer loop
      vertex -0.804345 -1.020000 0.407295
      vertex -0.790877 1.020000 0.412874
      vertex -0.804345 1.020000 0.407295
    endloop
  endfacet
  facet normal 0.382683 -0.000000 -0.923880
    outer loop
      vertex -0.804345 1.020000 0.407295
      vertex -0.790877 1.020000 0.412874
      vertex -0.804345 -1.020000 0.407295
    endloop
  endfacet
  facet normal -0.483719 0.000000 0.875223
    outer loop
      vertex -0.790877 -1.020000 0.412874
      vertex -0.778117 -1.020000 0.419926
      vertex -0.778117 1.020000 0.419926
    endloop
  endfacet
  facet normal 0.483719 -0.000000 -0.875223
    outer loop
      vertex -0.778117 1.020000 0.419926
      vertex -0.778117 -1.020000 0.419926
      vertex -0.790877 -1.020000 0.412874
    endloop
  endfacet
  facet normal -0.483719 0.000000 0.875223
    outer loop
      vertex -0.790877 -1.020000 0.412874
      vertex -0.778117 1.020000 0.419926
      vertex -0.790877 1.020000 0.412874
    endloop
  endfacet
  facet normal 0.483719 -0.000000 -0.875223
    outer loop
      vertex -0.790877 1.020000 0.412874
      vertex -0.778117 1.020000 0.419926
      vertex -0.790877 -1.020000 0.412874
    endloop
  endfacet
  facet normal -0.578671 0.000000 0.815561
    outer loop
      vertex -0.778117 -1.020000 0.419926
      vertex -0.766228 -1.020000 0.428362
      vertex -0.766228 1.020000 0.428362
    endloop
  endfacet
  facet normal 0.578671 -0.000000 -0.815561
    outer loop
      vertex -0.766228 1.020000 0.428362
      vertex -0.766228 -1.020000 0.428362
      vertex -0.778117 -1.020000 0.419926
    endloop
  endfacet
  facet normal -0.578671 0.000000 0.815561
    outer loop
      vertex -0.778117 -1.020000 0.419926
      vertex -0.766228 1.020000 0.428362
      vertex -0.778117 1.020000 0.419926
    endloop
  endfacet
  facet normal 0.578671 -0.000000 -0.815561
    outer loop
      vertex -0.778117 1.020000 0.419926
      vertex -0.766228 1.020000 0.428362
      vertex -0.778117 -1.020000 0.419926
    endloop
  endfacet
  facet normal -0.666347 0.000000 0.745642
    outer loop
      vertex -0.766228 -1.020000 0.428362
      vertex -0.755358 -1.020000 0.438076
      vertex -0.755358 1.020000 0.438076
    endloop
  endfacet
  facet normal 0.666347 -0.000000 -0.745642
    outer loop
      vertex -0.755358 1.020000 0.438076
      vertex -0.755358 -1.020000 0.438076
      vertex -0.766228 -1.020000 0.428362
    endloop
  endfacet
  facet normal -0.666347 0.000000 0.745642
    outer loop
      vertex -0.766228 -1.020000 0.428362
      vertex -0.755358 1.020000 0.438076
      vertex -0.766228 1.020000 0.428362
    endloop
  endfacet
  facet normal 0.666347 -0.000000 -0.745642
    outer loop
      vertex -0.766228 1.020000 0.428362
      vertex -0.755358 1.020000 0.438076
      vertex -0.766228 -1.020000 0.428362
    endloop
  endfacet
  facet normal -0.745642 0.000000 0.666347
    outer loop
      vertex -0.755358 -1.020000 0.438076
      vertex -0.745644 -1.020000 0.448946
      vertex -0.745644 1.020000 0.448946
    endloop
  endfacet
  facet normal 0.745642 -0.000000 -0.666347
    outer loop
      vertex -0.745644 1.020000 0.448946
      vertex -0.745644 -1.020000 0.448946
      vertex -0.755358 -1.020000 0.438076
    endloop
  endfacet
  facet normal -0.745642 0.000000 0.666347
    outer loop
      vertex -0.755358 -1.020000 0.438076
      vertex -0.745644 1.020000 0.448946
      vertex -0.755358 1.020000 0.438076
    endloop
  endfacet
  facet normal 0.745642 -0.000000 -0.666347
    outer loop
      vertex -0.755358 1.020000 0.438076
      vertex -0.745644 1.020000 0.448946
      vertex -0.755358 -1.020000 0.438076
    endloop
  endfacet
  facet normal -0.815561 0.000000 0.578671
    outer loop
      vertex -0.745644 -1.020000 0.448946
      vertex -0.737207 -1.020000 0.460836
      vertex -0.737207 1.020000 0.460836
    endloop
  endfacet
  facet normal 0.815561 -0.000000 -0.578671
    outer loop
      vertex -0.737207 1.020000 0.460836
      vertex -0.737207 -1.020000 0.460836
      vertex -0.745644 -1.020000 0.448946
    endloop
  endfacet
  facet normal -0.815561 0.000000 0.578671
    outer loop
      vertex -0.745644 -1.020000 0.448946
      vertex -0.737207 1.020000 0.460836
      vertex -0.745644 1.020000 0.448946
    endloop
  endfacet
  facet normal 0.815561 -0.000000 -0.578671
    outer loop
      vertex -0.745644 1.020000 0.448946
      vertex -0.737207 1.020000 0.460836
      vertex -0.745644 -1.020000 0.448946
    endloop
  endfacet
  facet normal -0.875223 0.000000 0.483719
    outer loop
      vertex -0.737207 -1.020000 0.460836
      vertex -0.730156 -1.020000 0.473595
      vertex -0.730156 1.020000 0.473595
    endloop
  endfacet
  facet normal 0.875223 -0.000000 -0.483719
    outer loop
      vertex -0.730156 1.020000 0.473595
      vertex -0.730156 -1.020000 0.473595
      vertex -0.737207 -1.020000 0.460836
    endloop
  endfacet
  facet normal -0.875223 0.000000 0.483719
    outer loop
      vertex -0.737207 -1.020000 0.460836
      vertex -0.730156 1.020000 0.473595
      vertex -0.737207 1.020000 0.460836
    endloop
  endfacet
  facet normal 0.875223 -0.000000 -0.483719
    outer loop
      vertex -0.737207 1.020000 0.460836
      vertex -0.730156 1.020000 0.473595
      vertex -0.737207 -1.020000 0.460836
    endloop
  endfacet
  facet normal -0.923880 0.000000 0.382683
    outer loop
      vertex -0.730156 -1.020000 0.473595
      vertex -0.724577 -1.020000 0.487064
      vertex -0.724577 1.020000 0.487064
    endloop
  endfacet
  facet normal 0.923880 -0.000000 -0.382683
    outer loop
      vertex -0.724577 1.020000 0.487064
      vertex -0.724577 -1.020000 0.487064
      vertex -0.730156 -1.020000 0.473595
    endloop
  endfacet
  facet normal -0.923880 0.000000 0.382683
    outer loop
      vertex -0.730156 -1.020000 0.473595
      vertex -0.724577 1.020000 0.487064
      vertex -0.730156 1.020000 0.473595
    endloop
  endfacet
  facet normal 0.923880 -0.000000 -0.382683
    outer loop
      vertex -0.730156 1.020000 0.473595
      vertex -0.724577 1.020000 0.487064
      vertex -0.730156 -1.020000 0.473595
    endloop
  endfacet
  facet normal -0.960917 0.000000 0.276836
    outer loop
      vertex -0.724577 -1.020000 0.487064
      vertex -0.720541 -1.020000 0.501072
      vertex -0.720541 1.020000 0.501072
    endloop
  endfacet
  facet normal 0.960917 -0.000000 -0.276836
    outer loop
      vertex -0.720541 1.020000 0.501072
      vertex -0.720541 -1.020000 0.501072
      vertex -0.724577 -1.020000 0.487064
    endloop
  endfacet
  facet normal -0.960917 0.000000 0.276836
    outer loop
      vertex -0.724577 -1.020000 0.487064
      vertex -0.720541 1.020000 0.501072
      vertex -0.724577 1.020000 0.487064
    endloop
  endfacet
  facet normal 0.960917 -0.000000 -0.276836
    outer loop
      vertex -0.724577 1.020000 0.487064
      vertex -0.720541 1.020000 0.501072
      vertex -0.724577 -1.020000 0.487064
    endloop
  endfacet
  facet normal -0.985871 0.000000 0.167506
    outer loop
      vertex -0.720541 -1.020000 0.501072
      vertex -0.718099 -1.020000 0.515445
      vertex -0.718099 1.020000 0.515445
    endloop
  endfacet
  facet normal 0.985871 -0.000000 -0.167506
    outer loop
      vertex -0.718099 1.020000 0.515445
      vertex -0.718099 -1.020000 0.515445
      vertex -0.720541 -1.020000 0.501072
    endloop
  endfacet
  facet normal -0.985871 0.000000 0.167506
    outer loop
      vertex -0.720541 -1.020000 0.501072
      vertex -0.718099 1.020000 0.515445
      vertex -0.720541 1.020000 0.501072
    endloop
  endfacet
  facet normal 0.985871 -0.000000 -0.167506
    outer loop
      vertex -0.720541 1.020000 0.501072
      vertex -0.718099 1.020000 0.515445
      vertex -0.720541 -1.020000 0.501072
    endloop
  endfacet
  facet normal -0.998427 0.000000 0.056070
    outer loop
      vertex -0.718099 -1.020000 0.515445
      vertex -0.717282 -1.020000 0.530000
      vertex -0.717282 1.020000 0.530000
    endloop
  endfacet
  facet normal 0.998427 -0.000000 -0.056070
    outer loop
      vertex -0.717282 1.020000 0.530000
      vertex -0.717282 -1.020000 0.530000
      vertex -0.718099 -1.020000 0.515445
    endloop
  endfacet
  facet normal -0.998427 0.000000 0.056070
    outer loop
      vertex -0.718099 -1.020000 0.515445
      vertex -0.717282 1.020000 0.530000
      vertex -0.718099 1.020000 0.515445
    endloop
  endfacet
  facet normal 0.998427 -0.000000 -0.056070
    outer loop
      vertex -0.718099 1.020000 0.515445
      vertex -0.717282 1.020000 0.530000
      vertex -0.718099 -1.020000 0.515445
    endloop
  endfacet
  facet normal -0.998427 0.000000 -0.056070
    outer loop
      vertex -0.717282 -1.020000 0.530000
      vertex -0.718099 -1.020000 0.544555
      vertex -0.718099 1.020000 0.544555
    endloop
  endfacet
  facet normal 0.998427 -0.000000 0.056070
    outer loop
      vertex -0.718099 1.020000 0.544555
      vertex -0.718099 -1.020000 0.544555
      vertex -0.717282 -1.020000 0.530000
    endloop
  endfacet
  facet normal -0.998427 0.000000 -0.056070
    outer loop
      vertex -0.717282 -1.020000 0.530000
      vertex -0.718099 1.020000 0.544555
      vertex -0.717282 1.020000 0.530000
    endloop
  endfacet
  facet normal 0.998427 -0.000000 0.056070
    outer loop
      vertex -0.717282 1.020000 0.530000
      vertex -0.718099 1.020000 0.544555
      vertex -0.717282 -1.020000 0.530000
    endloop
  endfacet
  facet normal -0.985871 0.000000 -0.167506
    outer loop
      vertex -0.718099 -1.020000 0.544555
      vertex -0.720541 -1.020000 0.558928
      vertex -0.720541 1.020000 0.558928
    endloop
  endfacet
  facet normal 0.985871 -0.000000 0.167506
    outer loop
      vertex -0.720541 1.020000 0.558928
      vertex -0.720541 -1.020000 0.558928
      vertex -0.718099 -1.020000 0.544555
    endloop
  endfacet
  facet normal -0.985871 0.000000 -0.167506
    outer loop
      vertex -0.718099 -1.020000 0.544555
      vertex -0.720541 1.020000 0.558928
      vertex -0.718099 1.020000 0.544555
    endloop
  endfacet
  facet normal 0.985871 -0.000000 0.167506
    outer loop
      vertex -0.718099 1.020000 0.544555
      vertex -0.720541 1.020000 0.558928
      vertex -0.718099 -1.020000 0.544555
    endloop
  endfacet
  facet normal -0.960917 0.000000 -0.276836
    outer loop
      vertex -0.720541 -1.020000 0.558928
      vertex -0.724577 -1.020000 0.572936
      vertex -0.724577 1.020000 0.572936
    endloop
  endfacet
  facet normal 0.960917 -0.000000 0.276836
    outer loop
      vertex -0.724577 1.020000 0.572936
      vertex -0.724577 -1.020000 0.572936
      vertex -0.720541 -1.020000 0.558928
    endloop
  endfacet
  facet normal -0.960917 0.000000 -0.276836
    outer loop
      vertex -0.720541 -1.020000 0.558928
      vertex -0.724577 1.020000 0.572936
      vertex -0.720541 1.020000 0.558928
    endloop
  endfacet
  facet normal 0.960917 -0.000000 0.276836
    outer loop
      vertex -0.720541 1.020000 0.558928
      vertex -0.724577 1.020000 0.572936
      vertex -0.720541 -1.020000 0.558928
    endloop
  endfacet
  facet normal -0.923880 0.000000 -0.382683
    outer loop
      vertex -0.724577 -1.020000 0.572936
      vertex -0.730156 -1.020000 0.586405
      vertex -0.730156 1.020000 0.586405
    endloop
  endfacet
  facet normal 0.923880 -0.000000 0.382683
    outer loop
      vertex -0.730156 1.020000 0.586405
      vertex -0.730156 -1.020000 0.586405
      vertex -0.724577 -1.020000 0.572936
    endloop
  endfacet
  facet normal -0.923880 0.000000 -0.382683
    outer loop
      vertex -0.724577 -1.020000 0.572936
      vertex -0.730156 1.020000 0.586405
      vertex -0.724577 1.020000 0.572936
    endloop
  endfacet
  facet normal 0.923880 -0.000000 0.382683
    outer loop
      vertex -0.724577 1.020000 0.572936
      vertex -0.730156 1.020000 0.586405
      vertex -0.724577 -1.020000 0.572936
    endloop
  endfacet
  facet normal -0.875223 0.000000 -0.483719
    outer loop
      vertex -0.730156 -1.020000 0.586405
      vertex -0.737207 -1.020000 0.599164
      vertex -0.737207 1.020000 0.599164
    endloop
  endfacet
  facet normal 0.875223 -0.000000 0.483719
    outer loop
      vertex -0.737207 1.020000 0.599164
      vertex -0.737207 -1.020000 0.599164
      vertex -0.730156 -1.020000 0.586405
    endloop
  endfacet
  facet normal -0.875223 0.000000 -0.483719
    outer loop
      vertex -0.730156 -1.020000 0.586405
      vertex -0.737207 1.020000 0.599164
      vertex -0.730156 1.020000 0.586405
    endloop
  endfacet
  facet normal 0.875223 -0.000000 0.483719
    outer loop
      vertex -0.730156 1.020000 0.586405
      vertex -0.737207 1.020000 0.599164
      vertex -0.730156 -1.020000 0.586405
    endloop
  endfacet
  facet normal -0.815561 0.000000 -0.578671
    outer loop
      vertex -0.737207 -1.020000 0.599164
      vertex -0.745644 -1.020000 0.611054
      vertex -0.745644 1.020000 0.611054
    endloop
  endfacet
  facet normal 0.815561 -0.000000 0.578671
    outer loop
      vertex -0.745644 1.020000 0.611054
      vertex -0.745644 -1.020000 0.611054
      vertex -0.737207 -1.020000 0.599164
    endloop
  endfacet
  facet normal -0.815561 0.000000 -0.578671
    outer loop
      vertex -0.737207 -1.020000 0.599164
      vertex -0.745644 1.020000 0.611054
      vertex -0.737207 1.020000 0.599164
    endloop
  endfacet
  facet normal 0.815561 -0.000000 0.578671
    outer loop
      vertex -0.737207 1.020000 0.599164
      vertex -0.745644 1.020000 0.611054
      vertex -0.737207 -1.020000 0.599164
    endloop
  endfacet
  facet normal -0.745642 0.000000 -0.666347
    outer loop
      vertex -0.745644 -1.020000 0.611054
      vertex -0.755358 -1.020000 0.621924
      vertex -0.755358 1.020000 0.621924
    endloop
  endfacet
  facet normal 0.745642 -0.000000 0.666347
    outer loop
      vertex -0.755358 1.020000 0.621924
      vertex -0.755358 -1.020000 0.621924
      vertex -0.745644 -1.020000 0.611054
    endloop
  endfacet
  facet normal -0.745642 0.000000 -0.666347
    outer loop
      vertex -0.745644 -1.020000 0.611054
      vertex -0.755358 1.020000 0.621924
      vertex -0.745644 1.020000 0.611054
    endloop
  endfacet
  facet normal 0.745642 -0.000000 0.666347
    outer loop
      vertex -0.745644 1.020000 0.611054
      vertex -0.755358 1.020000 0.621924
      vertex -0.745644 -1.020000 0.611054
    endloop
  endfacet
  facet normal -0.666347 0.000000 -0.745642
    outer loop
      vertex -0.755358 -1.020000 0.621924
      vertex -0.766228 -1.020000 0.631638
      vertex -0.766228 1.020000 0.631638
    endloop
  endfacet
  facet normal 0.666347 -0.000000 0.745642
    outer loop
      vertex -0.766228 1.020000 0.631638
      vertex -0.766228 -1.020000 0.631638
      vertex -0.755358 -1.020000 0.621924
    endloop
  endfacet
  facet normal -0.666347 0.000000 -0.745642
    outer loop
      vertex -0.755358 -1.020000 0.621924
      vertex -0.766228 1.020000 0.631638
      vertex -0.755358 1.020000 0.621924
    endloop
  endfacet
  facet normal 0.666347 -0.000000 0.745642
    outer loop
      vertex -0.755358 1.020000 0.621924
      vertex -0.766228 1.020000 0.631638
      vertex -0.755358 -1.020000 0.621924
    endloop
  endfacet
  facet normal -0.578671 0.000000 -0.815561
    outer loop
      vertex -0.766228 -1.020000 0.631638
      vertex -0.778117 -1.020000 0.640074
      vertex -0.778117 1.020000 0.640074
    endloop
  endfacet
  facet normal 0.578671 -0.000000 0.815561
    outer loop
      vertex -0.778117 1.020000 0.640074
      vertex -0.778117 -1.020000 0.640074
      vertex -0.766228 -1.020000 0.631638
    endloop
  endfacet
  facet normal -0.578671 0.000000 -0.815561
    outer loop
      vertex -0.766228 -1.020000 0.631638
      vertex -0.778117 1.020000 0.640074
      vertex -0.766228 1.020000 0.631638
    endloop
  endfacet
  facet normal 0.578671 -0.000000 0.815561
    outer loop
      vertex -0.766228 1.020000 0.631638
      vertex -0.778117 1.020000 0.640074
      vertex -0.766228 -1.020000 0.631638
    endloop
  endfacet
  facet normal -0.483719 0.000000 -0.875223
    outer loop
      vertex -0.778117 -1.020000 0.640074
      vertex -0.790877 -1.020000 0.647126
      vertex -0.790877 1.020000 0.647126
    endloop
  endfacet
  facet normal 0.483719 -0.000000 0.875223
    outer loop
      vertex -0.790877 1.020000 0.647126
      vertex -0.790877 -1.020000 0.647126
      vertex -0.778117 -1.020000 0.640074
    endloop
  endfacet
  facet normal -0.483719 0.000000 -0.875223
    outer loop
      vertex -0.778117 -1.020000 0.640074
      vertex -0.790877 1.020000 0.647126
      vertex -0.778117 1.020000 0.640074
    endloop
  endfacet
  facet normal 0.483719 -0.000000 0.875223
    outer loop
      vertex -0.778117 1.020000 0.640074
      vertex -0.790877 1.020000 0.647126
      vertex -0.778117 -1.020000 0.640074
    endloop
  endfacet
  facet normal -0.382683 0.000000 -0.923880
    outer loop
      vertex -0.790877 -1.020000 0.647126
      vertex -0.804345 -1.020000 0.652705
      vertex -0.804345 1.020000 0.652705
    endloop
  endfacet
  facet normal 0.382683 -0.000000 0.923880
    outer loop
      vertex -0.804345 1.020000 0.652705
      vertex -0.804345 -1.020000 0.652705
      vertex -0.790877 -1.020000 0.647126
    endloop
  endfacet
  facet normal -0.382683 0.000000 -0.923880
    outer loop
      vertex -0.790877 -1.020000 0.647126
      vertex -0.804345 1.020000 0.652705
      vertex -0.790877 1.020000 0.647126
    endloop
  endfacet
  facet normal 0.382683 -0.000000 0.923880
    outer loop
      vertex -0.790877 1.020000 0.647126
      vertex -0.804345 1.020000 0.652705
      vertex -0.790877 -1.020000 0.647126
    endloop
  endfacet
  facet normal -0.276836 0.000000 -0.960917
    outer loop
      vertex -0.804345 -1.020000 0.652705
      vertex -0.818354 -1.020000 0.656741
      vertex -0.818354 1.020000 0.656741
    endloop
  endfacet
  facet normal 0.276836 -0.000000 0.960917
    outer loop
      vertex -0.818354 1.020000 0.656741
      vertex -0.818354 -1.020000 0.656741
      vertex -0.804345 -1.020000 0.652705
    endloop
  endfacet
  facet normal -0.276836 0.000000 -0.960917
    outer loop
      vertex -0.804345 -1.020000 0.652705
      vertex -0.818354 1.020000 0.656741
      vertex -0.804345 1.020000 0.652705
    endloop
  endfacet
  facet normal 0.276836 -0.000000 0.960917
    outer loop
      vertex -0.804345 1.020000 0.652705
      vertex -0.818354 1.020000 0.656741
      vertex -0.804345 -1.020000 0.652705
    endloop
  endfacet
  facet normal -0.167506 0.000000 -0.985871
    outer loop
      vertex -0.818354 -1.020000 0.656741
      vertex -0.832726 -1.020000 0.659183
      vertex -0.832726 1.020000 0.659183
    endloop
  endfacet
  facet normal 0.167506 -0.000000 0.985871
    outer loop
      vertex -0.832726 1.020000 0.659183
      vertex -0.832726 -1.020000 0.659183
      vertex -0.818354 -1.020000 0.656741
    endloop
  endfacet
  facet normal -0.167506 0.000000 -0.985871
    outer loop
      vertex -0.818354 -1.020000 0.656741
      vertex -0.832726 1.020000 0.659183
      vertex -0.818354 1.020000 0.656741
    endloop
  endfacet
  facet normal 0.167506 -0.000000 0.985871
    outer loop
      vertex -0.818354 1.020000 0.656741
      vertex -0.832726 1.020000 0.659183
      vertex -0.818354 -1.020000 0.656741
    endloop
  endfacet
  facet normal -0.056070 0.000000 -0.998427
    outer loop
      vertex -0.832726 -1.020000 0.659183
      vertex -0.847282 -1.020000 0.660000
      vertex -0.847282 1.020000 0.660000
    endloop
  endfacet
  facet normal 0.056070 -0.000000 0.998427
    outer loop
      vertex -0.847282 1.020000 0.660000
      vertex -0.847282 -1.020000 0.660000
      vertex -0.832726 -1.020000 0.659183
    endloop
  endfacet
  facet normal -0.056070 0.000000 -0.998427
    outer loop
      vertex -0.832726 -1.020000 0.659183
      vertex -0.847282 1.020000 0.660000
      vertex -0.832726 1.020000 0.659183
    endloop
  endfacet
  facet normal 0.056070 -0.000000 0.998427
    outer loop
      vertex -0.832726 1.020000 0.659183
      vertex -0.847282 1.020000 0.660000
      vertex -0.832726 -1.020000 0.659183
    endloop
  endfacet
  facet normal 0.056070 0.000000 -0.998427
    outer loop
      vertex -0.847282 -1.020000 0.660000
      vertex -0.861837 -1.020000 0.659183
      vertex -0.861837 1.020000 0.659183
    endloop
  endfacet
  facet normal -0.056070 -0.000000 0.998427
    outer loop
      vertex -0.861837 1.020000 0.659183
      vertex -0.861837 -1.020000 0.659183
      vertex -0.847282 -1.020000 0.660000
    endloop
  endfacet
  facet normal 0.056070 0.000000 -0.998427
    outer loop
      vertex -0.847282 -1.020000 0.660000
      vertex -0.861837 1.020000 0.659183
      vertex -0.847282 1.020000 0.660000
    endloop
  endfacet
  facet normal -0.056070 -0.000000 0.998427
    outer loop
      vertex -0.847282 1.020000 0.660000
      vertex -0.861837 1.020000 0.659183
      vertex -0.847282 -1.020000 0.660000
    endloop
  endfacet
  facet normal 0.167506 0.000000 -0.985871
    outer loop
      vertex -0.861837 -1.020000 0.659183
      vertex -0.876209 -1.020000 0.656741
      vertex -0.876209 1.020000 0.656741
    endloop
  endfacet
  facet normal -0.167506 -0.000000 0.985871
    outer loop
      vertex -0.876209 1.020000 0.656741
      vertex -0.876209 -1.020000 0.656741
      vertex -0.861837 -1.020000 0.659183
    endloop
  endfacet
  facet normal 0.167506 0.000000 -0.985871
    outer loop
      vertex -0.861837 -1.020000 0.659183
      vertex -0.876209 1.020000 0.656741
      vertex -0.861837 1.020000 0.659183
    endloop
  endfacet
  facet normal -0.167506 -0.000000 0.985871
    outer loop
      vertex -0.861837 1.020000 0.659183
      vertex -0.876209 1.020000 0.656741
      vertex -0.861837 -1.020000 0.659183
    endloop
  endfacet
  facet normal 0.276836 0.000000 -0.960917
    outer loop
      vertex -0.876209 -1.020000 0.656741
      vertex -0.890218 -1.020000 0.652705
      vertex -0.890218 1.020000 0.652705
    endloop
  endfacet
  facet normal -0.276836 -0.000000 0.960917
    outer loop
      vertex -0.890218 1.020000 0.652705
      vertex -0.890218 -1.020000 0.652705
      vertex -0.876209 -1.020000 0.656741
    endloop
  endfacet
  facet normal 0.276836 0.000000 -0.960917
    outer loop
      vertex -0.876209 -1.020000 0.656741
      vertex -0.890218 1.020000 0.652705
      vertex -0.876209 1.020000 0.656741
    endloop
  endfacet
  facet normal -0.276836 -0.000000 0.960917
    outer loop
      vertex -0.876209 1.020000 0.656741
      vertex -0.890218 1.020000 0.652705
      vertex -0.876209 -1.020000 0.656741
    endloop
  endfacet
  facet normal 0.382683 0.000000 -0.923880
    outer loop
      vertex -0.890218 -1.020000 0.652705
      vertex -0.903687 -1.020000 0.647126
      vertex -0.903687 1.020000 0.647126
    endloop
  endfacet
  facet normal -0.382683 -0.000000 0.923880
    outer loop
      vertex -0.903687 1.020000 0.647126
      vertex -0.903687 -1.020000 0.647126
      vertex -0.890218 -1.020000 0.652705
    endloop
  endfacet
  facet normal 0.382683 0.000000 -0.923880
    outer loop
      vertex -0.890218 -1.020000 0.652705
      vertex -0.903687 1.020000 0.647126
      vertex -0.890218 1.020000 0.652705
    endloop
  endfacet
  facet normal -0.382683 -0.000000 0.923880
    outer loop
      vertex -0.890218 1.020000 0.652705
      vertex -0.903687 1.020000 0.647126
      vertex -0.890218 -1.020000 0.652705
    endloop
  endfacet
  facet normal 0.483719 0.000000 -0.875223
    outer loop
      vertex -0.903687 -1.020000 0.647126
      vertex -0.916446 -1.020000 0.640074
      vertex -0.916446 1.020000 0.640074
    endloop
  endfacet
  facet normal -0.483719 -0.000000 0.875223
    outer loop
      vertex -0.916446 1.020000 0.640074
      vertex -0.916446 -1.020000 0.640074
      vertex -0.903687 -1.020000 0.647126
    endloop
  endfacet
  facet normal 0.483719 0.000000 -0.875223
    outer loop
      vertex -0.903687 -1.020000 0.647126
      vertex -0.916446 1.020000 0.640074
      vertex -0.903687 1.020000 0.647126
    endloop
  endfacet
  facet normal -0.483719 -0.000000 0.875223
    outer loop
      vertex -0.903687 1.020000 0.647126
      vertex -0.916446 1.020000 0.640074
      vertex -0.903687 -1.020000 0.647126
    endloop
  endfacet
  facet normal 0.578671 0.000000 -0.815561
    outer loop
      vertex -0.916446 -1.020000 0.640074
      vertex -0.928335 -1.020000 0.631638
      vertex -0.928335 1.020000 0.631638
    endloop
  endfacet
  facet normal -0.578671 -0.000000 0.815561
    outer loop
      vertex -0.928335 1.020000 0.631638
      vertex -0.928335 -1.020000 0.631638
      vertex -0.916446 -1.020000 0.640074
    endloop
  endfacet
  facet normal 0.578671 0.000000 -0.815561
    outer loop
      vertex -0.916446 -1.020000 0.640074
      vertex -0.928335 1.020000 0.631638
      vertex -0.916446 1.020000 0.640074
    endloop
  endfacet
  facet normal -0.578671 -0.000000 0.815561
    outer loop
      vertex -0.916446 1.020000 0.640074
      vertex -0.928335 1.020000 0.631638
      vertex -0.916446 -1.020000 0.640074
    endloop
  endfacet
  facet normal 0.666347 0.000000 -0.745642
    outer loop
      vertex -0.928335 -1.020000 0.631638
      vertex -0.939206 -1.020000 0.621924
      vertex -0.939206 1.020000 0.621924
    endloop
  endfacet
  facet normal -0.666347 -0.000000 0.745642
    outer loop
      vertex -0.939206 1.020000 0.621924
      vertex -0.939206 -1.020000 0.621924
      vertex -0.928335 -1.020000 0.631638
    endloop
  endfacet
  facet normal 0.666347 0.000000 -0.745642
    outer loop
      vertex -0.928335 -1.020000 0.631638
      vertex -0.939206 1.020000 0.621924
      vertex -0.928335 1.020000 0.631638
    endloop
  endfacet
  facet normal -0.666347 -0.000000 0.745642
    outer loop
      vertex -0.928335 1.020000 0.631638
      vertex -0.939206 1.020000 0.621924
      vertex -0.928335 -1.020000 0.631638
    endloop
  endfacet
  facet normal 0.745642 0.000000 -0.666347
    outer loop
      vertex -0.939206 -1.020000 0.621924
      vertex -0.948920 -1.020000 0.611054
      vertex -0.948920 1.020000 0.611054
    endloop
  endfacet
  facet normal -0.745642 -0.000000 0.666347
    outer loop
      vertex -0.948920 1.020000 0.611054
      vertex -0.948920 -1.020000 0.611054
      vertex -0.939206 -1.020000 0.621924
    endloop
  endfacet
  facet normal 0.745642 0.000000 -0.666347
    outer loop
      vertex -0.939206 -1.020000 0.621924
      vertex -0.948920 1.020000 0.611054
      vertex -0.939206 1.020000 0.621924
    endloop
  endfacet
  facet normal -0.745642 -0.000000 0.666347
    outer loop
      vertex -0.939206 1.020000 0.621924
      vertex -0.948920 1.020000 0.611054
      vertex -0.939206 -1.020000 0.621924
    endloop
  endfacet
  facet normal 0.815561 0.000000 -0.578671
    outer loop
      vertex -0.948920 -1.020000 0.611054
      vertex -0.957356 -1.020000 0.599164
      vertex -0.957356 1.020000 0.599164
    endloop
  endfacet
  facet normal -0.815561 -0.000000 0.578671
    outer loop
      vertex -0.957356 1.020000 0.599164
      vertex -0.957356 -1.020000 0.599164
      vertex -0.948920 -1.020000 0.611054
    endloop
  endfacet
  facet normal 0.815561 0.000000 -0.578671
    outer loop
      vertex -0.948920 -1.020000 0.611054
      vertex -0.957356 1.020000 0.599164
      vertex -0.948920 1.020000 0.611054
    endloop
  endfacet
  facet normal -0.815561 -0.000000 0.578671
    outer loop
      vertex -0.948920 1.020000 0.611054
      vertex -0.957356 1.020000 0.599164
      vertex -0.948920 -1.020000 0.611054
    endloop
  endfacet
  facet normal 0.875223 0.000000 -0.483719
    outer loop
      vertex -0.957356 -1.020000 0.599164
      vertex -0.960517 -1.020000 0.593444
      vertex -0.960517 1.020000 0.593444
    endloop
  endfacet
  facet normal -0.875223 -0.000000 0.483719
    outer loop
      vertex -0.960517 1.020000 0.593444
      vertex -0.960517 -1.020000 0.593444
      vertex -0.957356 -1.020000 0.599164
    endloop
  endfacet
  facet normal 0.875223 0.000000 -0.483719
    outer loop
      vertex -0.957356 -1.020000 0.599164
      vertex -0.960517 1.020000 0.593444
      vertex -0.957356 1.020000 0.599164
    endloop
  endfacet
  facet normal -0.875223 -0.000000 0.483719
    outer loop
      vertex -0.957356 1.020000 0.599164
      vertex -0.960517 1.020000 0.593444
      vertex -0.957356 -1.020000 0.599164
    endloop
  endfacet
  facet normal -0.997785 0.000000 -0.066519
    outer loop
      vertex -0.960517 -1.020000 0.593444
      vertex -0.967232 -1.020000 0.694161
      vertex -0.967232 1.020000 0.694161
    endloop
  endfacet
  facet normal 0.997785 -0.000000 0.066519
    outer loop
      vertex -0.967232 1.020000 0.694161
      vertex -0.967232 -1.020000 0.694161
      vertex -0.960517 -1.020000 0.593444
    endloop
  endfacet
  facet normal -0.997785 0.000000 -0.066519
    outer loop
      vertex -0.960517 -1.020000 0.593444
      vertex -0.967232 1.020000 0.694161
      vertex -0.960517 1.020000 0.593444
    endloop
  endfacet
  facet normal 0.997785 -0.000000 0.066519
    outer loop
      vertex -0.960517 1.020000 0.593444
      vertex -0.967232 1.020000 0.694161
      vertex -0.960517 -1.020000 0.593444
    endloop
  endfacet
  facet normal -0.999862 0.000000 -0.016608
    outer loop
      vertex -0.967232 -1.020000 0.694161
      vertex -0.967282 -1.020000 0.697157
      vertex -0.967282 1.020000 0.697157
    endloop
  endfacet
  facet normal 0.999862 -0.000000 0.016608
    outer loop
      vertex -0.967282 1.020000 0.697157
      vertex -0.967282 -1.020000 0.697157
      vertex -0.967232 -1.020000 0.694161
    endloop
  endfacet
  facet normal -0.999862 0.000000 -0.016608
    outer loop
      vertex -0.967232 -1.020000 0.694161
      vertex -0.967282 1.020000 0.697157
      vertex -0.967232 1.020000 0.694161
    endloop
  endfacet
  facet normal 0.999862 -0.000000 0.016608
    outer loop
      vertex -0.967232 1.020000 0.694161
      vertex -0.967282 1.020000 0.697157
      vertex -0.967232 -1.020000 0.694161
    endloop
  endfacet
  facet normal -0.996532 0.000000 0.083214
    outer loop
      vertex -0.967282 -1.020000 0.697157
      vertex -0.967032 -1.020000 0.700143
      vertex -0.967032 1.020000 0.700143
    endloop
  endfacet
  facet normal 0.996532 -0.000000 -0.083214
    outer loop
      vertex -0.967032 1.020000 0.700143
      vertex -0.967032 -1.020000 0.700143
      vertex -0.967282 -1.020000 0.697157
    endloop
  endfacet
  facet normal -0.996532 0.000000 0.083214
    outer loop
      vertex -0.967282 -1.020000 0.697157
      vertex -0.967032 1.020000 0.700143
      vertex -0.967282 1.020000 0.697157
    endloop
  endfacet
  facet normal 0.996532 -0.000000 -0.083214
    outer loop
      vertex -0.967282 1.020000 0.697157
      vertex -0.967032 1.020000 0.700143
      vertex -0.967282 -1.020000 0.697157
    endloop
  endfacet
  facet normal -0.983260 0.000000 0.182206
    outer loop
      vertex -0.967032 -1.020000 0.700143
      vertex -0.966486 -1.020000 0.703089
      vertex -0.966486 1.020000 0.703089
    endloop
  endfacet
  facet normal 0.983260 -0.000000 -0.182206
    outer loop
      vertex -0.966486 1.020000 0.703089
      vertex -0.966486 -1.020000 0.703089
      vertex -0.967032 -1.020000 0.700143
    endloop
  endfacet
  facet normal -0.983260 0.000000 0.182206
    outer loop
      vertex -0.967032 -1.020000 0.700143
      vertex -0.966486 1.020000 0.703089
      vertex -0.967032 1.020000 0.700143
    endloop
  endfacet
  facet normal 0.983260 -0.000000 -0.182206
    outer loop
      vertex -0.967032 1.020000 0.700143
      vertex -0.966486 1.020000 0.703089
      vertex -0.967032 -1.020000 0.700143
    endloop
  endfacet
  facet normal -0.960181 0.000000 0.279380
    outer loop
      vertex -0.966486 -1.020000 0.703089
      vertex -0.965649 -1.020000 0.705966
      vertex -0.965649 1.020000 0.705966
    endloop
  endfacet
  facet normal 0.960181 -0.000000 -0.279380
    outer loop
      vertex -0.965649 1.020000 0.705966
      vertex -0.965649 -1.020000 0.705966
      vertex -0.966486 -1.020000 0.703089
    endloop
  endfacet
  facet normal -0.960181 0.000000 0.279380
    outer loop
      vertex -0.966486 -1.020000 0.703089
      vertex -0.965649 1.020000 0.705966
      vertex -0.966486 1.020000 0.703089
    endloop
  endfacet
  facet normal 0.960181 -0.000000 -0.279380
    outer loop
      vertex -0.966486 1.020000 0.703089
      vertex -0.965649 1.020000 0.705966
      vertex -0.966486 -1.020000 0.703089
    endloop
  endfacet
  facet normal -0.927523 0.000000 0.373767
    outer loop
      vertex -0.965649 -1.020000 0.705966
      vertex -0.964529 -1.020000 0.708745
      vertex -0.964529 1.020000 0.708745
    endloop
  endfacet
  facet normal 0.927523 -0.000000 -0.373767
    outer loop
      vertex -0.964529 1.020000 0.708745
      vertex -0.964529 -1.020000 0.708745
      vertex -0.965649 -1.020000 0.705966
    endloop
  endfacet
  facet normal -0.927523 0.000000 0.373767
    outer loop
      vertex -0.965649 -1.020000 0.705966
      vertex -0.964529 1.020000 0.708745
      vertex -0.965649 1.020000 0.705966
    endloop
  endfacet
  facet normal 0.927523 -0.000000 -0.373767
    outer loop
      vertex -0.965649 1.020000 0.705966
      vertex -0.964529 1.020000 0.708745
      vertex -0.965649 -1.020000 0.705966
    endloop
  endfacet
  facet normal -0.885612 0.000000 0.464426
    outer loop
      vertex -0.964529 -1.020000 0.708745
      vertex -0.963138 -1.020000 0.711399
      vertex -0.963138 1.020000 0.711399
    endloop
  endfacet
  facet normal 0.885612 -0.000000 -0.464426
    outer loop
      vertex -0.963138 1.020000 0.711399
      vertex -0.963138 -1.020000 0.711399
      vertex -0.964529 -1.020000 0.708745
    endloop
  endfacet
  facet normal -0.885612 0.000000 0.464426
    outer loop
      vertex -0.964529 -1.020000 0.708745
      vertex -0.963138 1.020000 0.711399
      vertex -0.964529 1.020000 0.708745
    endloop
  endfacet
  facet normal 0.885612 -0.000000 -0.464426
    outer loop
      vertex -0.964529 1.020000 0.708745
      vertex -0.963138 1.020000 0.711399
      vertex -0.964529 -1.020000 0.708745
    endloop
  endfacet
  facet normal -0.834867 0.000000 0.550452
    outer loop
      vertex -0.963138 -1.020000 0.711399
      vertex -0.961488 -1.020000 0.713900
      vertex -0.961488 1.020000 0.713900
    endloop
  endfacet
  facet normal 0.834867 -0.000000 -0.550452
    outer loop
      vertex -0.961488 1.020000 0.713900
      vertex -0.961488 -1.020000 0.713900
      vertex -0.963138 -1.020000 0.711399
    endloop
  endfacet
  facet normal -0.834867 0.000000 0.550452
    outer loop
      vertex -0.963138 -1.020000 0.711399
      vertex -0.961488 1.020000 0.713900
      vertex -0.963138 1.020000 0.711399
    endloop
  endfacet
  facet normal 0.834867 -0.000000 -0.550452
    outer loop
      vertex -0.963138 1.020000 0.711399
      vertex -0.961488 1.020000 0.713900
      vertex -0.963138 -1.020000 0.711399
    endloop
  endfacet
  facet normal -0.775794 0.000000 0.630987
    outer loop
      vertex -0.961488 -1.020000 0.713900
      vertex -0.959598 -1.020000 0.716225
      vertex -0.959598 1.020000 0.716225
    endloop
  endfacet
  facet normal 0.775794 -0.000000 -0.630987
    outer loop
      vertex -0.959598 1.020000 0.716225
      vertex -0.959598 -1.020000 0.716225
      vertex -0.961488 -1.020000 0.713900
    endloop
  endfacet
  facet normal -0.775794 0.000000 0.630987
    outer loop
      vertex -0.961488 -1.020000 0.713900
      vertex -0.959598 1.020000 0.716225
      vertex -0.961488 1.020000 0.713900
    endloop
  endfacet
  facet normal 0.775794 -0.000000 -0.630987
    outer loop
      vertex -0.961488 1.020000 0.713900
      vertex -0.959598 1.020000 0.716225
      vertex -0.961488 -1.020000 0.713900
    endloop
  endfacet
  facet normal -0.708982 0.000000 0.705227
    outer loop
      vertex -0.959598 -1.020000 0.716225
      vertex -0.957485 -1.020000 0.718349
      vertex -0.957485 1.020000 0.718349
    endloop
  endfacet
  facet normal 0.708982 -0.000000 -0.705227
    outer loop
      vertex -0.957485 1.020000 0.718349
      vertex -0.957485 -1.020000 0.718349
      vertex -0.959598 -1.020000 0.716225
    endloop
  endfacet
  facet normal -0.708982 0.000000 0.705227
    outer loop
      vertex -0.959598 -1.020000 0.716225
      vertex -0.957485 1.020000 0.718349
      vertex -0.959598 1.020000 0.716225
    endloop
  endfacet
  facet normal 0.708982 -0.000000 -0.705227
    outer loop
      vertex -0.959598 1.020000 0.716225
      vertex -0.957485 1.020000 0.718349
      vertex -0.959598 -1.020000 0.716225
    endloop
  endfacet
  facet normal -0.635097 0.000000 0.772432
    outer loop
      vertex -0.957485 -1.020000 0.718349
      vertex -0.955170 -1.020000 0.720252
      vertex -0.955170 1.020000 0.720252
    endloop
  endfacet
  facet normal 0.635097 -0.000000 -0.772432
    outer loop
      vertex -0.955170 1.020000 0.720252
      vertex -0.955170 -1.020000 0.720252
      vertex -0.957485 -1.020000 0.718349
    endloop
  endfacet
  facet normal -0.635097 0.000000 0.772432
    outer loop
      vertex -0.957485 -1.020000 0.718349
      vertex -0.955170 1.020000 0.720252
      vertex -0.957485 1.020000 0.718349
    endloop
  endfacet
  facet normal 0.635097 -0.000000 -0.772432
    outer loop
      vertex -0.957485 1.020000 0.718349
      vertex -0.955170 1.020000 0.720252
      vertex -0.957485 -1.020000 0.718349
    endloop
  endfacet
  facet normal -0.554877 0.000000 0.831932
    outer loop
      vertex -0.955170 -1.020000 0.720252
      vertex -0.952677 -1.020000 0.721914
      vertex -0.952677 1.020000 0.721914
    endloop
  endfacet
  facet normal 0.554877 -0.000000 -0.831932
    outer loop
      vertex -0.952677 1.020000 0.721914
      vertex -0.952677 -1.020000 0.721914
      vertex -0.955170 -1.020000 0.720252
    endloop
  endfacet
  facet normal -0.554877 0.000000 0.831932
    outer loop
      vertex -0.955170 -1.020000 0.720252
      vertex -0.952677 1.020000 0.721914
      vertex -0.955170 1.020000 0.720252
    endloop
  endfacet
  facet normal 0.554877 -0.000000 -0.831932
    outer loop
      vertex -0.955170 1.020000 0.720252
      vertex -0.952677 1.020000 0.721914
      vertex -0.955170 -1.020000 0.720252
    endloop
  endfacet
  facet normal -0.469122 0.000000 0.883133
    outer loop
      vertex -0.952677 -1.020000 0.721914
      vertex -0.950031 -1.020000 0.723320
      vertex -0.950031 1.020000 0.723320
    endloop
  endfacet
  facet normal 0.469122 -0.000000 -0.883133
    outer loop
      vertex -0.950031 1.020000 0.723320
      vertex -0.950031 -1.020000 0.723320
      vertex -0.952677 -1.020000 0.721914
    endloop
  endfacet
  facet normal -0.469122 0.000000 0.883133
    outer loop
      vertex -0.952677 -1.020000 0.721914
      vertex -0.950031 1.020000 0.723320
      vertex -0.952677 1.020000 0.721914
    endloop
  endfacet
  facet normal 0.469122 -0.000000 -0.883133
    outer loop
      vertex -0.952677 1.020000 0.721914
      vertex -0.950031 1.020000 0.723320
      vertex -0.952677 -1.020000 0.721914
    endloop
  endfacet
  facet normal -0.424434 0.000000 0.905459
    outer loop
      vertex -0.950031 -1.020000 0.723320
      vertex -0.020000 -1.020000 1.159272
      vertex -0.020000 1.020000 1.159272
    endloop
  endfacet
  facet normal 0.424434 -0.000000 -0.905459
    outer loop
      vertex -0.020000 1.020000 1.159272
      vertex -0.020000 -1.020000 1.159272
      vertex -0.950031 -1.020000 0.723320
    endloop
  endfacet
  facet normal -0.424434 0.000000 0.905459
    outer loop
      vertex -0.950031 -1.020000 0.723320
      vertex -0.020000 1.020000 1.159272
      vertex -0.950031 1.020000 0.723320
    endloop
  endfacet
  facet normal 0.424434 -0.000000 -0.905459
    outer loop
      vertex -0.950031 1.020000 0.723320
      vertex -0.020000 1.020000 1.159272
      vertex -0.950031 -1.020000 0.723320
    endloop
  endfacet
  facet normal 1.000000 0.000000 0.000000
    outer loop
      vertex -0.020000 -1.020000 1.159272
      vertex -0.020000 -1.020000 0.684375
      vertex -0.020000 1.020000 0.684375
    endloop
  endfacet
  facet normal -1.000000 -0.000000 -0.000000
    outer loop
      vertex -0.020000 1.020000 0.684375
      vertex -0.020000 -1.020000 0.684375
      vertex -0.020000 -1.020000 1.159272
    endloop
  endfacet
  facet normal 1.000000 -0.000000 0.000000
    outer loop
      vertex -0.020000 -1.020000 1.159272
      vertex -0.020000 1.020000 0.684375
      vertex -0.020000 1.020000 1.159272
    endloop
  endfacet
  facet normal -1.000000 0.000000 -0.000000
    outer loop
      vertex -0.020000 1.020000 1.159272
      vertex -0.020000 1.020000 0.684375
      vertex -0.020000 -1.020000 1.159272
    endloop
  endfacet
  facet normal 0.424434 0.000000 -0.905459
    outer loop
      vertex -0.020000 -1.020000 0.684375
      vertex -0.520000 -1.020000 0.450000
      vertex -0.520000 1.020000 0.450000
    endloop
  endfacet
  facet normal -0.424434 -0.000000 0.905459
    outer loop
      vertex -0.520000 1.020000 0.450000
      vertex -0.520000 -1.020000 0.450000
      vertex -0.020000 -1.020000 0.684375
    endloop
  endfacet
  facet normal 0.424434 0.000000 -0.905459
    outer loop
      vertex -0.020000 -1.020000 0.684375
      vertex -0.520000 1.020000 0.450000
      vertex -0.020000 1.020000 0.684375
    endloop
  endfacet
  facet normal -0.424434 -0.000000 0.905459
    outer loop
      vertex -0.020000 1.020000 0.684375
      vertex -0.520000 1.020000 0.450000
      vertex -0.020000 -1.020000 0.684375
    endloop
  endfacet
  facet normal 0.997785 0.000000 0.066519
    outer loop
      vertex -0.520000 -1.020000 0.450000
      vertex -0.440000 -1.020000 -0.750000
      vertex -0.440000 1.020000 -0.750000
    endloop
  endfacet
  facet normal -0.997785 -0.000000 -0.066519
    outer loop
      vertex -0.440000 1.020000 -0.750000
      vertex -0.440000 -1.020000 -0.750000
      vertex -0.520000 -1.020000 0.450000
    endloop
  endfacet
  facet normal 0.997785 -0.000000 0.066519
    outer loop
      vertex -0.520000 -1.020000 0.450000
      vertex -0.440000 1.020000 -0.750000
      vertex -0.520000 1.020000 0.450000
    endloop
  endfacet
  facet normal -0.997785 0.000000 -0.066519
    outer loop
      vertex -0.520000 1.020000 0.450000
      vertex -0.440000 1.020000 -0.750000
      vertex -0.520000 -1.020000 0.450000
    endloop
  endfacet
  facet normal -0.184289 0.000000 0.982872
    outer loop
      vertex -0.440000 -1.020000 -0.750000
      vertex -0.020000 -1.020000 -0.671250
      vertex -0.020000 1.020000 -0.671250
    endloop
  endfacet
  facet normal 0.184289 -0.000000 -0.982872
    outer loop
      vertex -0.020000 1.020000 -0.671250
      vertex -0.020000 -1.020000 -0.671250
      vertex -0.440000 -1.020000 -0.750000
    endloop
  endfacet
  facet normal -0.184289 0.000000 0.982872
    outer loop
      vertex -0.440000 -1.020000 -0.750000
      vertex -0.020000 1.020000 -0.671250
      vertex -0.440000 1.020000 -0.750000
    endloop
  endfacet
  facet normal 0.184289 -0.000000 -0.982872
    outer loop
      vertex -0.440000 1.020000 -0.750000
      vertex -0.020000 1.020000 -0.671250
      vertex -0.440000 -1.020000 -0.750000
    endloop
  endfacet
  facet normal 1.000000 0.000000 0.000000
    outer loop
      vertex -0.020000 -1.020000 -0.671250
      vertex -0.020000 -1.020000 -1.108743
      vertex -0.020000 1.020000 -1.108743
    endloop
  endfacet
  facet normal -1.000000 -0.000000 -0.000000
    outer loop
      vertex -0.020000 1.020000 -1.108743
      vertex -0.020000 -1.020000 -1.108743
      vertex -0.020000 -1.020000 -0.671250
    endloop
  endfacet
  facet normal 1.000000 -0.000000 0.000000
    outer loop
      vertex -0.020000 -1.020000 -0.671250
      vertex -0.020000 1.020000 -1.108743
      vertex -0.020000 1.020000 -0.671250
    endloop
  endfacet
  facet normal -1.000000 0.000000 -0.000000
    outer loop
      vertex -0.020000 1.020000 -0.671250
      vertex -0.020000 1.020000 -1.108743
      vertex -0.020000 -1.020000 -0.671250
    endloop
  endfacet
  facet normal 0.184289 0.000000 -0.982872
    outer loop
      vertex -0.020000 -1.020000 -1.108743
      vertex -0.803614 -1.020000 -1.255671
      vertex -0.803614 1.020000 -1.255671
    endloop
  endfacet
  facet normal -0.184289 -0.000000 0.982872
    outer loop
      vertex -0.803614 1.020000 -1.255671
      vertex -0.803614 -1.020000 -1.255671
      vertex -0.020000 -1.020000 -1.108743
    endloop
  endfacet
  facet normal 0.184289 0.000000 -0.982872
    outer loop
      vertex -0.020000 -1.020000 -1.108743
      vertex -0.803614 1.020000 -1.255671
      vertex -0.020000 1.020000 -1.108743
    endloop
  endfacet
  facet normal -0.184289 -0.000000 0.982872
    outer loop
      vertex -0.020000 1.020000 -1.108743
      vertex -0.803614 1.020000 -1.255671
      vertex -0.020000 -1.020000 -1.108743
    endloop
  endfacet
  facet normal 0.135239 0.000000 -0.990813
    outer loop
      vertex -0.803614 -1.020000 -1.255671
      vertex -0.806567 -1.020000 -1.256074
      vertex -0.806567 1.020000 -1.256074
    endloop
  endfacet
  facet normal -0.135239 -0.000000 0.990813
    outer loop
      vertex -0.806567 1.020000 -1.256074
      vertex -0.806567 -1.020000 -1.256074
      vertex -0.803614 -1.020000 -1.255671
    endloop
  endfacet
  facet normal 0.135239 0.000000 -0.990813
    outer loop
      vertex -0.803614 -1.020000 -1.255671
      vertex -0.806567 1.020000 -1.256074
      vertex -0.803614 1.020000 -1.255671
    endloop
  endfacet
  facet normal -0.135239 -0.000000 0.990813
    outer loop
      vertex -0.803614 1.020000 -1.255671
      vertex -0.806567 1.020000 -1.256074
      vertex -0.803614 -1.020000 -1.255671
    endloop
  endfacet
  facet normal 0.036260 0.000000 -0.999342
    outer loop
      vertex -0.806567 -1.020000 -1.256074
      vertex -0.809545 -1.020000 -1.256182
      vertex -0.809545 1.020000 -1.256182
    endloop
  endfacet
  facet normal -0.036260 -0.000000 0.999342
    outer loop
      vertex -0.809545 1.020000 -1.256182
      vertex -0.809545 -1.020000 -1.256182
      vertex -0.806567 -1.020000 -1.256074
    endloop
  endfacet
  facet normal 0.036260 0.000000 -0.999342
    outer loop
      vertex -0.806567 -1.020000 -1.256074
      vertex -0.809545 1.020000 -1.256182
      vertex -0.806567 1.020000 -1.256074
    endloop
  endfacet
  facet normal -0.036260 -0.000000 0.999342
    outer loop
      vertex -0.806567 1.020000 -1.256074
      vertex -0.809545 1.020000 -1.256182
      vertex -0.806567 -1.020000 -1.256074
    endloop
  endfacet
  facet normal -0.063077 0.000000 -0.998009
    outer loop
      vertex -0.809545 -1.020000 -1.256182
      vertex -0.812519 -1.020000 -1.255994
      vertex -0.812519 1.020000 -1.255994
    endloop
  endfacet
  facet normal 0.063077 -0.000000 0.998009
    outer loop
      vertex -0.812519 1.020000 -1.255994
      vertex -0.812519 -1.020000 -1.255994
      vertex -0.809545 -1.020000 -1.256182
    endloop
  endfacet
  facet normal -0.063077 0.000000 -0.998009
    outer loop
      vertex -0.809545 -1.020000 -1.256182
      vertex -0.812519 1.020000 -1.255994
      vertex -0.809545 1.020000 -1.256182
    endloop
  endfacet
  facet normal 0.063077 -0.000000 0.998009
    outer loop
      vertex -0.809545 1.020000 -1.256182
      vertex -0.812519 1.020000 -1.255994
      vertex -0.809545 -1.020000 -1.256182
    endloop
  endfacet
  facet normal -0.161792 0.000000 -0.986825
    outer loop
      vertex -0.812519 -1.020000 -1.255994
      vertex -0.815461 -1.020000 -1.255512
      vertex -0.815461 1.020000 -1.255512
    endloop
  endfacet
  facet normal 0.161792 -0.000000 0.986825
    outer loop
      vertex -0.815461 1.020000 -1.255512
      vertex -0.815461 -1.020000 -1.255512
      vertex -0.812519 -1.020000 -1.255994
    endloop
  endfacet
  facet normal -0.161792 0.000000 -0.986825
    outer loop
      vertex -0.812519 -1.020000 -1.255994
      vertex -0.815461 1.020000 -1.255512
      vertex -0.812519 1.020000 -1.255994
    endloop
  endfacet
  facet normal 0.161792 -0.000000 0.986825
    outer loop
      vertex -0.812519 1.020000 -1.255994
      vertex -0.815461 1.020000 -1.255512
      vertex -0.812519 -1.020000 -1.255994
    endloop
  endfacet
  facet normal -0.258909 0.000000 -0.965902
    outer loop
      vertex -0.815461 -1.020000 -1.255512
      vertex -0.818339 -1.020000 -1.254740
      vertex -0.818339 1.020000 -1.254740
    endloop
  endfacet
  facet normal 0.258909 -0.000000 0.965902
    outer loop
      vertex -0.818339 1.020000 -1.254740
      vertex -0.818339 -1.020000 -1.254740
      vertex -0.815461 -1.020000 -1.255512
    endloop
  endfacet
  facet normal -0.258909 0.000000 -0.965902
    outer loop
      vertex -0.815461 -1.020000 -1.255512
      vertex -0.818339 1.020000 -1.254740
      vertex -0.815461 1.020000 -1.255512
    endloop
  endfacet
  facet normal 0.258909 -0.000000 0.965902
    outer loop
      vertex -0.815461 1.020000 -1.255512
      vertex -0.818339 1.020000 -1.254740
      vertex -0.815461 -1.020000 -1.255512
    endloop
  endfacet
  facet normal -0.353472 0.000000 -0.935445
    outer loop
      vertex -0.818339 -1.020000 -1.254740
      vertex -0.821127 -1.020000 -1.253687
      vertex -0.821127 1.020000 -1.253687
    endloop
  endfacet
  facet normal 0.353472 -0.000000 0.935445
    outer loop
      vertex -0.821127 1.020000 -1.253687
      vertex -0.821127 -1.020000 -1.253687
      vertex -0.818339 -1.020000 -1.254740
    endloop
  endfacet
  facet normal -0.353472 0.000000 -0.935445
    outer loop
      vertex -0.818339 -1.020000 -1.254740
      vertex -0.821127 1.020000 -1.253687
      vertex -0.818339 1.020000 -1.254740
    endloop
  endfacet
  facet normal 0.353472 -0.000000 0.935445
    outer loop
      vertex -0.818339 1.020000 -1.254740
      vertex -0.821127 1.020000 -1.253687
      vertex -0.818339 -1.020000 -1.254740
    endloop
  endfacet
  facet normal -0.444545 0.000000 -0.895756
    outer loop
      vertex -0.821127 -1.020000 -1.253687
      vertex -0.823797 -1.020000 -1.252362
      vertex -0.823797 1.020000 -1.252362
    endloop
  endfacet
  facet normal 0.444545 -0.000000 0.895756
    outer loop
      vertex -0.823797 1.020000 -1.252362
      vertex -0.823797 -1.020000 -1.252362
      vertex -0.821127 -1.020000 -1.253687
    endloop
  endfacet
  facet normal -0.444545 0.000000 -0.895756
    outer loop
      vertex -0.821127 -1.020000 -1.253687
      vertex -0.823797 1.020000 -1.252362
      vertex -0.821127 1.020000 -1.253687
    endloop
  endfacet
  facet normal 0.444545 -0.000000 0.895756
    outer loop
      vertex -0.821127 1.020000 -1.253687
      vertex -0.823797 1.020000 -1.252362
      vertex -0.821127 -1.020000 -1.253687
    endloop
  endfacet
  facet normal 0.980785 0.000000 0.195090
    outer loop
      vertex -0.588137 -1.020000 -0.456947
      vertex -0.590689 1.020000 -0.444118
      vertex -0.590689 -1.020000 -0.444118
    endloop
  endfacet
  facet normal -0.980785 -0.000000 -0.195090
    outer loop
      vertex -0.590689 -1.020000 -0.444118
      vertex -0.590689 1.020000 -0.444118
      vertex -0.588137 -1.020000 -0.456947
    endloop
  endfacet
  facet normal 0.980785 -0.000000 0.195090
    outer loop
      vertex -0.588137 -1.020000 -0.456947
      vertex -0.588137 1.020000 -0.456947
      vertex -0.590689 1.020000 -0.444118
    endloop
  endfacet
  facet normal -0.980785 0.000000 -0.195090
    outer loop
      vertex -0.590689 1.020000 -0.444118
      vertex -0.588137 1.020000 -0.456947
      vertex -0.588137 -1.020000 -0.456947
    endloop
  endfacet
  facet normal 0.946930 0.000000 0.321439
    outer loop
      vertex -0.590689 -1.020000 -0.444118
      vertex -0.594894 1.020000 -0.431732
      vertex -0.594894 -1.020000 -0.431732
    endloop
  endfacet
  facet normal -0.946930 -0.000000 -0.321439
    outer loop
      vertex -0.594894 -1.020000 -0.431732
      vertex -0.594894 1.020000 -0.431732
      vertex -0.590689 -1.020000 -0.444118
    endloop
  endfacet
  facet normal 0.946930 -0.000000 0.321439
    outer loop
      vertex -0.590689 -1.020000 -0.444118
      vertex -0.590689 1.020000 -0.444118
      vertex -0.594894 1.020000 -0.431732
    endloop
  endfacet
  facet normal -0.946930 0.000000 -0.321439
    outer loop
      vertex -0.594894 1.020000 -0.431732
      vertex -0.590689 1.020000 -0.444118
      vertex -0.590689 -1.020000 -0.444118
    endloop
  endfacet
  facet normal 0.896873 0.000000 0.442289
    outer loop
      vertex -0.594894 -1.020000 -0.431732
      vertex -0.600679 1.020000 -0.420000
      vertex -0.600679 -1.020000 -0.420000
    endloop
  endfacet
  facet normal -0.896873 -0.000000 -0.442289
    outer loop
      vertex -0.600679 -1.020000 -0.420000
      vertex -0.600679 1.020000 -0.420000
      vertex -0.594894 -1.020000 -0.431732
    endloop
  endfacet
  facet normal 0.896873 -0.000000 0.442289
    outer loop
      vertex -0.594894 -1.020000 -0.431732
      vertex -0.594894 1.020000 -0.431732
      vertex -0.600679 1.020000 -0.420000
    endloop
  endfacet
  facet normal -0.896873 0.000000 -0.442289
    outer loop
      vertex -0.600679 1.020000 -0.420000
      vertex -0.594894 1.020000 -0.431732
      vertex -0.594894 -1.020000 -0.431732
    endloop
  endfacet
  facet normal 0.831470 0.000000 0.555570
    outer loop
      vertex -0.600679 -1.020000 -0.420000
      vertex -0.607946 1.020000 -0.409124
      vertex -0.607946 -1.020000 -0.409124
    endloop
  endfacet
  facet normal -0.831470 -0.000000 -0.555570
    outer loop
      vertex -0.607946 -1.020000 -0.409124
      vertex -0.607946 1.020000 -0.409124
      vertex -0.600679 -1.020000 -0.420000
    endloop
  endfacet
  facet normal 0.831470 -0.000000 0.555570
    outer loop
      vertex -0.600679 -1.020000 -0.420000
      vertex -0.600679 1.020000 -0.420000
      vertex -0.607946 1.020000 -0.409124
    endloop
  endfacet
  facet normal -0.831470 0.000000 -0.555570
    outer loop
      vertex -0.607946 1.020000 -0.409124
      vertex -0.600679 1.020000 -0.420000
      vertex -0.600679 -1.020000 -0.420000
    endloop
  endfacet
  facet normal 0.751840 0.000000 0.659346
    outer loop
      vertex -0.607946 -1.020000 -0.409124
      vertex -0.616571 1.020000 -0.399289
      vertex -0.616571 -1.020000 -0.399289
    endloop
  endfacet
  facet normal -0.751840 -0.000000 -0.659346
    outer loop
      vertex -0.616571 -1.020000 -0.399289
      vertex -0.616571 1.020000 -0.399289
      vertex -0.607946 -1.020000 -0.409124
    endloop
  endfacet
  facet normal 0.751840 -0.000000 0.659346
    outer loop
      vertex -0.607946 -1.020000 -0.409124
      vertex -0.607946 1.020000 -0.409124
      vertex -0.616571 1.020000 -0.399289
    endloop
  endfacet
  facet normal -0.751840 0.000000 -0.659346
    outer loop
      vertex -0.616571 1.020000 -0.399289
      vertex -0.607946 1.020000 -0.409124
      vertex -0.607946 -1.020000 -0.409124
    endloop
  endfacet
  facet normal 0.659346 0.000000 0.751840
    outer loop
      vertex -0.616571 -1.020000 -0.399289
      vertex -0.626406 1.020000 -0.390665
      vertex -0.626406 -1.020000 -0.390665
    endloop
  endfacet
  facet normal -0.659346 -0.000000 -0.751840
    outer loop
      vertex -0.626406 -1.020000 -0.390665
      vertex -0.626406 1.020000 -0.390665
      vertex -0.616571 -1.020000 -0.399289
    endloop
  endfacet
  facet normal 0.659346 -0.000000 0.751840
    outer loop
      vertex -0.616571 -1.020000 -0.399289
      vertex -0.616571 1.020000 -0.399289
      vertex -0.626406 1.020000 -0.390665
    endloop
  endfacet
  facet normal -0.659346 0.000000 -0.751840
    outer loop
      vertex -0.626406 1.020000 -0.390665
      vertex -0.616571 1.020000 -0.399289
      vertex -0.616571 -1.020000 -0.399289
    endloop
  endfacet
  facet normal 0.555570 0.000000 0.831470
    outer loop
      vertex -0.626406 -1.020000 -0.390665
      vertex -0.637282 1.020000 -0.383397
      vertex -0.637282 -1.020000 -0.383397
    endloop
  endfacet
  facet normal -0.555570 -0.000000 -0.831470
    outer loop
      vertex -0.637282 -1.020000 -0.383397
      vertex -0.637282 1.020000 -0.383397
      vertex -0.626406 -1.020000 -0.390665
    endloop
  endfacet
  facet normal 0.555570 -0.000000 0.831470
    outer loop
      vertex -0.626406 -1.020000 -0.390665
      vertex -0.626406 1.020000 -0.390665
      vertex -0.637282 1.020000 -0.383397
    endloop
  endfacet
  facet normal -0.555570 0.000000 -0.831470
    outer loop
      vertex -0.637282 1.020000 -0.383397
      vertex -0.626406 1.020000 -0.390665
      vertex -0.626406 -1.020000 -0.390665
    endloop
  endfacet
  facet normal 0.442289 0.000000 0.896873
    outer loop
      vertex -0.637282 -1.020000 -0.383397
      vertex -0.649013 1.020000 -0.377612
      vertex -0.649013 -1.020000 -0.377612
    endloop
  endfacet
  facet normal -0.442289 -0.000000 -0.896873
    outer loop
      vertex -0.649013 -1.020000 -0.377612
      vertex -0.649013 1.020000 -0.377612
      vertex -0.637282 -1.020000 -0.383397
    endloop
  endfacet
  facet normal 0.442289 -0.000000 0.896873
    outer loop
      vertex -0.637282 -1.020000 -0.383397
      vertex -0.637282 1.020000 -0.383397
      vertex -0.649013 1.020000 -0.377612
    endloop
  endfacet
  facet normal -0.442289 0.000000 -0.896873
    outer loop
      vertex -0.649013 1.020000 -0.377612
      vertex -0.637282 1.020000 -0.383397
      vertex -0.637282 -1.020000 -0.383397
    endloop
  endfacet
  facet normal 0.321439 0.000000 0.946930
    outer loop
      vertex -0.649013 -1.020000 -0.377612
      vertex -0.661400 1.020000 -0.373407
      vertex -0.661400 -1.020000 -0.373407
    endloop
  endfacet
  facet normal -0.321439 -0.000000 -0.946930
    outer loop
      vertex -0.661400 -1.020000 -0.373407
      vertex -0.661400 1.020000 -0.373407
      vertex -0.649013 -1.020000 -0.377612
    endloop
  endfacet
  facet normal 0.321439 -0.000000 0.946930
    outer loop
      vertex -0.649013 -1.020000 -0.377612
      vertex -0.649013 1.020000 -0.377612
      vertex -0.661400 1.020000 -0.373407
    endloop
  endfacet
  facet normal -0.321439 0.000000 -0.946930
    outer loop
      vertex -0.661400 1.020000 -0.373407
      vertex -0.649013 1.020000 -0.377612
      vertex -0.649013 -1.020000 -0.377612
    endloop
  endfacet
  facet normal 0.195090 0.000000 0.980785
    outer loop
      vertex -0.661400 -1.020000 -0.373407
      vertex -0.674229 1.020000 -0.370856
      vertex -0.674229 -1.020000 -0.370856
    endloop
  endfacet
  facet normal -0.195090 -0.000000 -0.980785
    outer loop
      vertex -0.674229 -1.020000 -0.370856
      vertex -0.674229 1.020000 -0.370856
      vertex -0.661400 -1.020000 -0.373407
    endloop
  endfacet
  facet normal 0.195090 -0.000000 0.980785
    outer loop
      vertex -0.661400 -1.020000 -0.373407
      vertex -0.661400 1.020000 -0.373407
      vertex -0.674229 1.020000 -0.370856
    endloop
  endfacet
  facet normal -0.195090 0.000000 -0.980785
    outer loop
      vertex -0.674229 1.020000 -0.370856
      vertex -0.661400 1.020000 -0.373407
      vertex -0.661400 -1.020000 -0.373407
    endloop
  endfacet
  facet normal 0.065403 0.000000 0.997859
    outer loop
      vertex -0.674229 -1.020000 -0.370856
      vertex -0.687282 1.020000 -0.370000
      vertex -0.687282 -1.020000 -0.370000
    endloop
  endfacet
  facet normal -0.065403 -0.000000 -0.997859
    outer loop
      vertex -0.687282 -1.020000 -0.370000
      vertex -0.687282 1.020000 -0.370000
      vertex -0.674229 -1.020000 -0.370856
    endloop
  endfacet
  facet normal 0.065403 -0.000000 0.997859
    outer loop
      vertex -0.674229 -1.020000 -0.370856
      vertex -0.674229 1.020000 -0.370856
      vertex -0.687282 1.020000 -0.370000
    endloop
  endfacet
  facet normal -0.065403 0.000000 -0.997859
    outer loop
      vertex -0.687282 1.020000 -0.370000
      vertex -0.674229 1.020000 -0.370856
      vertex -0.674229 -1.020000 -0.370856
    endloop
  endfacet
  facet normal -0.065403 0.000000 0.997859
    outer loop
      vertex -0.687282 -1.020000 -0.370000
      vertex -0.700334 1.020000 -0.370856
      vertex -0.700334 -1.020000 -0.370856
    endloop
  endfacet
  facet normal 0.065403 -0.000000 -0.997859
    outer loop
      vertex -0.700334 -1.020000 -0.370856
      vertex -0.700334 1.020000 -0.370856
      vertex -0.687282 -1.020000 -0.370000
    endloop
  endfacet
  facet normal -0.065403 0.000000 0.997859
    outer loop
      vertex -0.687282 -1.020000 -0.370000
      vertex -0.687282 1.020000 -0.370000
      vertex -0.700334 1.020000 -0.370856
    endloop
  endfacet
  facet normal 0.065403 -0.000000 -0.997859
    outer loop
      vertex -0.700334 1.020000 -0.370856
      vertex -0.687282 1.020000 -0.370000
      vertex -0.687282 -1.020000 -0.370000
    endloop
  endfacet
  facet normal -0.195090 0.000000 0.980785
    outer loop
      vertex -0.700334 -1.020000 -0.370856
      vertex -0.713164 1.020000 -0.373407
      vertex -0.713164 -1.020000 -0.373407
    endloop
  endfacet
  facet normal 0.195090 -0.000000 -0.980785
    outer loop
      vertex -0.713164 -1.020000 -0.373407
      vertex -0.713164 1.020000 -0.373407
      vertex -0.700334 -1.020000 -0.370856
    endloop
  endfacet
  facet normal -0.195090 0.000000 0.980785
    outer loop
      vertex -0.700334 -1.020000 -0.370856
      vertex -0.700334 1.020000 -0.370856
      vertex -0.713164 1.020000 -0.373407
    endloop
  endfacet
  facet normal 0.195090 -0.000000 -0.980785
    outer loop
      vertex -0.713164 1.020000 -0.373407
      vertex -0.700334 1.020000 -0.370856
      vertex -0.700334 -1.020000 -0.370856
    endloop
  endfacet
  facet normal -0.321439 0.000000 0.946930
    outer loop
      vertex -0.713164 -1.020000 -0.373407
      vertex -0.725550 1.020000 -0.377612
      vertex -0.725550 -1.020000 -0.377612
    endloop
  endfacet
  facet normal 0.321439 -0.000000 -0.946930
    outer loop
      vertex -0.725550 -1.020000 -0.377612
      vertex -0.725550 1.020000 -0.377612
      vertex -0.713164 -1.020000 -0.373407
    endloop
  endfacet
  facet normal -0.321439 0.000000 0.946930
    outer loop
      vertex -0.713164 -1.020000 -0.373407
      vertex -0.713164 1.020000 -0.373407
      vertex -0.725550 1.020000 -0.377612
    endloop
  endfacet
  facet normal 0.321439 -0.000000 -0.946930
    outer loop
      vertex -0.725550 1.020000 -0.377612
      vertex -0.713164 1.020000 -0.373407
      vertex -0.713164 -1.020000 -0.373407
    endloop
  endfacet
  facet normal -0.442289 0.000000 0.896873
    outer loop
      vertex -0.725550 -1.020000 -0.377612
      vertex -0.737282 1.020000 -0.383397
      vertex -0.737282 -1.020000 -0.383397
    endloop
  endfacet
  facet normal 0.442289 -0.000000 -0.896873
    outer loop
      vertex -0.737282 -1.020000 -0.383397
      vertex -0.737282 1.020000 -0.383397
      vertex -0.725550 -1.020000 -0.377612
    endloop
  endfacet
  facet normal -0.442289 0.000000 0.896873
    outer loop
      vertex -0.725550 -1.020000 -0.377612
      vertex -0.725550 1.020000 -0.377612
      vertex -0.737282 1.020000 -0.383397
    endloop
  endfacet
  facet normal 0.442289 -0.000000 -0.896873
    outer loop
      vertex -0.737282 1.020000 -0.383397
      vertex -0.725550 1.020000 -0.377612
      vertex -0.725550 -1.020000 -0.377612
    endloop
  endfacet
  facet normal -0.555570 0.000000 0.831470
    outer loop
      vertex -0.737282 -1.020000 -0.383397
      vertex -0.748158 1.020000 -0.390665
      vertex -0.748158 -1.020000 -0.390665
    endloop
  endfacet
  facet normal 0.555570 -0.000000 -0.831470
    outer loop
      vertex -0.748158 -1.020000 -0.390665
      vertex -0.748158 1.020000 -0.390665
      vertex -0.737282 -1.020000 -0.383397
    endloop
  endfacet
  facet normal -0.555570 0.000000 0.831470
    outer loop
      vertex -0.737282 -1.020000 -0.383397
      vertex -0.737282 1.020000 -0.383397
      vertex -0.748158 1.020000 -0.390665
    endloop
  endfacet
  facet normal 0.555570 -0.000000 -0.831470
    outer loop
      vertex -0.748158 1.020000 -0.390665
      vertex -0.737282 1.020000 -0.383397
      vertex -0.737282 -1.020000 -0.383397
    endloop
  endfacet
  facet normal -0.659346 0.000000 0.751840
    outer loop
      vertex -0.748158 -1.020000 -0.390665
      vertex -0.757992 1.020000 -0.399289
      vertex -0.757992 -1.020000 -0.399289
    endloop
  endfacet
  facet normal 0.659346 -0.000000 -0.751840
    outer loop
      vertex -0.757992 -1.020000 -0.399289
      vertex -0.757992 1.020000 -0.399289
      vertex -0.748158 -1.020000 -0.390665
    endloop
  endfacet
  facet normal -0.659346 0.000000 0.751840
    outer loop
      vertex -0.748158 -1.020000 -0.390665
      vertex -0.748158 1.020000 -0.390665
      vertex -0.757992 1.020000 -0.399289
    endloop
  endfacet
  facet normal 0.659346 -0.000000 -0.751840
    outer loop
      vertex -0.757992 1.020000 -0.399289
      vertex -0.748158 1.020000 -0.390665
      vertex -0.748158 -1.020000 -0.390665
    endloop
  endfacet
  facet normal -0.751840 0.000000 0.659346
    outer loop
      vertex -0.757992 -1.020000 -0.399289
      vertex -0.766617 1.020000 -0.409124
      vertex -0.766617 -1.020000 -0.409124
    endloop
  endfacet
  facet normal 0.751840 -0.000000 -0.659346
    outer loop
      vertex -0.766617 -1.020000 -0.409124
      vertex -0.766617 1.020000 -0.409124
      vertex -0.757992 -1.020000 -0.399289
    endloop
  endfacet
  facet normal -0.751840 0.000000 0.659346
    outer loop
      vertex -0.757992 -1.020000 -0.399289
      vertex -0.757992 1.020000 -0.399289
      vertex -0.766617 1.020000 -0.409124
    endloop
  endfacet
  facet normal 0.751840 -0.000000 -0.659346
    outer loop
      vertex -0.766617 1.020000 -0.409124
      vertex -0.757992 1.020000 -0.399289
      vertex -0.757992 -1.020000 -0.399289
    endloop
  endfacet
  facet normal -0.831470 0.000000 0.555570
    outer loop
      vertex -0.766617 -1.020000 -0.409124
      vertex -0.773884 1.020000 -0.420000
      vertex -0.773884 -1.020000 -0.420000
    endloop
  endfacet
  facet normal 0.831470 -0.000000 -0.555570
    outer loop
      vertex -0.773884 -1.020000 -0.420000
      vertex -0.773884 1.020000 -0.420000
      vertex -0.766617 -1.020000 -0.409124
    endloop
  endfacet
  facet normal -0.831470 0.000000 0.555570
    outer loop
      vertex -0.766617 -1.020000 -0.409124
      vertex -0.766617 1.020000 -0.409124
      vertex -0.773884 1.020000 -0.420000
    endloop
  endfacet
  facet normal 0.831470 -0.000000 -0.555570
    outer loop
      vertex -0.773884 1.020000 -0.420000
      vertex -0.766617 1.020000 -0.409124
      vertex -0.766617 -1.020000 -0.409124
    endloop
  endfacet
  facet normal -0.896873 0.000000 0.442289
    outer loop
      vertex -0.773884 -1.020000 -0.420000
      vertex -0.779670 1.020000 -0.431732
      vertex -0.779670 -1.020000 -0.431732
    endloop
  endfacet
  facet normal 0.896873 -0.000000 -0.442289
    outer loop
      vertex -0.779670 -1.020000 -0.431732
      vertex -0.779670 1.020000 -0.431732
      vertex -0.773884 -1.020000 -0.420000
    endloop
  endfacet
  facet normal -0.896873 0.000000 0.442289
    outer loop
      vertex -0.773884 -1.020000 -0.420000
      vertex -0.773884 1.020000 -0.420000
      vertex -0.779670 1.020000 -0.431732
    endloop
  endfacet
  facet normal 0.896873 -0.000000 -0.442289
    outer loop
      vertex -0.779670 1.020000 -0.431732
      vertex -0.773884 1.020000 -0.420000
      vertex -0.773884 -1.020000 -0.420000
    endloop
  endfacet
  facet normal -0.946930 0.000000 0.321439
    outer loop
      vertex -0.779670 -1.020000 -0.431732
      vertex -0.783874 1.020000 -0.444118
      vertex -0.783874 -1.020000 -0.444118
    endloop
  endfacet
  facet normal 0.946930 -0.000000 -0.321439
    outer loop
      vertex -0.783874 -1.020000 -0.444118
      vertex -0.783874 1.020000 -0.444118
      vertex -0.779670 -1.020000 -0.431732
    endloop
  endfacet
  facet normal -0.946930 0.000000 0.321439
    outer loop
      vertex -0.779670 -1.020000 -0.431732
      vertex -0.779670 1.020000 -0.431732
      vertex -0.783874 1.020000 -0.444118
    endloop
  endfacet
  facet normal 0.946930 -0.000000 -0.321439
    outer loop
      vertex -0.783874 1.020000 -0.444118
      vertex -0.779670 1.020000 -0.431732
      vertex -0.779670 -1.020000 -0.431732
    endloop
  endfacet
  facet normal -0.980785 0.000000 0.195090
    outer loop
      vertex -0.783874 -1.020000 -0.444118
      vertex -0.786426 1.020000 -0.456947
      vertex -0.786426 -1.020000 -0.456947
    endloop
  endfacet
  facet normal 0.980785 -0.000000 -0.195090
    outer loop
      vertex -0.786426 -1.020000 -0.456947
      vertex -0.786426 1.020000 -0.456947
      vertex -0.783874 -1.020000 -0.444118
    endloop
  endfacet
  facet normal -0.980785 0.000000 0.195090
    outer loop
      vertex -0.783874 -1.020000 -0.444118
      vertex -0.783874 1.020000 -0.444118
      vertex -0.786426 1.020000 -0.456947
    endloop
  endfacet
  facet normal 0.980785 -0.000000 -0.195090
    outer loop
      vertex -0.786426 1.020000 -0.456947
      vertex -0.783874 1.020000 -0.444118
      vertex -0.783874 -1.020000 -0.444118
    endloop
  endfacet
  facet normal -0.997859 0.000000 0.065403
    outer loop
      vertex -0.786426 -1.020000 -0.456947
      vertex -0.787282 1.020000 -0.470000
      vertex -0.787282 -1.020000 -0.470000
    endloop
  endfacet
  facet normal 0.997859 -0.000000 -0.065403
    outer loop
      vertex -0.787282 -1.020000 -0.470000
      vertex -0.787282 1.020000 -0.470000
      vertex -0.786426 -1.020000 -0.456947
    endloop
  endfacet
  facet normal -0.997859 0.000000 0.065403
    outer loop
      vertex -0.786426 -1.020000 -0.456947
      vertex -0.786426 1.020000 -0.456947
      vertex -0.787282 1.020000 -0.470000
    endloop
  endfacet
  facet normal 0.997859 -0.000000 -0.065403
    outer loop
      vertex -0.787282 1.020000 -0.470000
      vertex -0.786426 1.020000 -0.456947
      vertex -0.786426 -1.020000 -0.456947
    endloop
  endfacet
  facet normal -0.997859 0.000000 -0.065403
    outer loop
      vertex -0.787282 -1.020000 -0.470000
      vertex -0.786426 1.020000 -0.483053
      vertex -0.786426 -1.020000 -0.483053
    endloop
  endfacet
  facet normal 0.997859 -0.000000 0.065403
    outer loop
      vertex -0.786426 -1.020000 -0.483053
      vertex -0.786426 1.020000 -0.483053
      vertex -0.787282 -1.020000 -0.470000
    endloop
  endfacet
  facet normal -0.997859 0.000000 -0.065403
    outer loop
      vertex -0.787282 -1.020000 -0.470000
      vertex -0.787282 1.020000 -0.470000
      vertex -0.786426 1.020000 -0.483053
    endloop
  endfacet
  facet normal 0.997859 -0.000000 0.065403
    outer loop
      vertex -0.786426 1.020000 -0.483053
      vertex -0.787282 1.020000 -0.470000
      vertex -0.787282 -1.020000 -0.470000
    endloop
  endfacet
  facet normal -0.980785 0.000000 -0.195090
    outer loop
      vertex -0.786426 -1.020000 -0.483053
      vertex -0.783874 1.020000 -0.495882
      vertex -0.783874 -1.020000 -0.495882
    endloop
  endfacet
  facet normal 0.980785 -0.000000 0.195090
    outer loop
      vertex -0.783874 -1.020000 -0.495882
      vertex -0.783874 1.020000 -0.495882
      vertex -0.786426 -1.020000 -0.483053
    endloop
  endfacet
  facet normal -0.980785 0.000000 -0.195090
    outer loop
      vertex -0.786426 -1.020000 -0.483053
      vertex -0.786426 1.020000 -0.483053
      vertex -0.783874 1.020000 -0.495882
    endloop
  endfacet
  facet normal 0.980785 -0.000000 0.195090
    outer loop
      vertex -0.783874 1.020000 -0.495882
      vertex -0.786426 1.020000 -0.483053
      vertex -0.786426 -1.020000 -0.483053
    endloop
  endfacet
  facet normal -0.946930 0.000000 -0.321439
    outer loop
      vertex -0.783874 -1.020000 -0.495882
      vertex -0.779670 1.020000 -0.508268
      vertex -0.779670 -1.020000 -0.508268
    endloop
  endfacet
  facet normal 0.946930 -0.000000 0.321439
    outer loop
      vertex -0.779670 -1.020000 -0.508268
      vertex -0.779670 1.020000 -0.508268
      vertex -0.783874 -1.020000 -0.495882
    endloop
  endfacet
  facet normal -0.946930 0.000000 -0.321439
    outer loop
      vertex -0.783874 -1.020000 -0.495882
      vertex -0.783874 1.020000 -0.495882
      vertex -0.779670 1.020000 -0.508268
    endloop
  endfacet
  facet normal 0.946930 -0.000000 0.321439
    outer loop
      vertex -0.779670 1.020000 -0.508268
      vertex -0.783874 1.020000 -0.495882
      vertex -0.783874 -1.020000 -0.495882
    endloop
  endfacet
  facet normal -0.896873 0.000000 -0.442289
    outer loop
      vertex -0.779670 -1.020000 -0.508268
      vertex -0.773884 1.020000 -0.520000
      vertex -0.773884 -1.020000 -0.520000
    endloop
  endfacet
  facet normal 0.896873 -0.000000 0.442289
    outer loop
      vertex -0.773884 -1.020000 -0.520000
      vertex -0.773884 1.020000 -0.520000
      vertex -0.779670 -1.020000 -0.508268
    endloop
  endfacet
  facet normal -0.896873 0.000000 -0.442289
    outer loop
      vertex -0.779670 -1.020000 -0.508268
      vertex -0.779670 1.020000 -0.508268
      vertex -0.773884 1.020000 -0.520000
    endloop
  endfacet
  facet normal 0.896873 -0.000000 0.442289
    outer loop
      vertex -0.773884 1.020000 -0.520000
      vertex -0.779670 1.020000 -0.508268
      vertex -0.779670 -1.020000 -0.508268
    endloop
  endfacet
  facet normal -0.831470 0.000000 -0.555570
    outer loop
      vertex -0.773884 -1.020000 -0.520000
      vertex -0.766617 1.020000 -0.530876
      vertex -0.766617 -1.020000 -0.530876
    endloop
  endfacet
  facet normal 0.831470 -0.000000 0.555570
    outer loop
      vertex -0.766617 -1.020000 -0.530876
      vertex -0.766617 1.020000 -0.530876
      vertex -0.773884 -1.020000 -0.520000
    endloop
  endfacet
  facet normal -0.831470 0.000000 -0.555570
    outer loop
      vertex -0.773884 -1.020000 -0.520000
      vertex -0.773884 1.020000 -0.520000
      vertex -0.766617 1.020000 -0.530876
    endloop
  endfacet
  facet normal 0.831470 -0.000000 0.555570
    outer loop
      vertex -0.766617 1.020000 -0.530876
      vertex -0.773884 1.020000 -0.520000
      vertex -0.773884 -1.020000 -0.520000
    endloop
  endfacet
  facet normal -0.751840 0.000000 -0.659346
    outer loop
      vertex -0.766617 -1.020000 -0.530876
      vertex -0.757992 1.020000 -0.540711
      vertex -0.757992 -1.020000 -0.540711
    endloop
  endfacet
  facet normal 0.751840 -0.000000 0.659346
    outer loop
      vertex -0.757992 -1.020000 -0.540711
      vertex -0.757992 1.020000 -0.540711
      vertex -0.766617 -1.020000 -0.530876
    endloop
  endfacet
  facet normal -0.751840 0.000000 -0.659346
    outer loop
      vertex -0.766617 -1.020000 -0.530876
      vertex -0.766617 1.020000 -0.530876
      vertex -0.757992 1.020000 -0.540711
    endloop
  endfacet
  facet normal 0.751840 -0.000000 0.659346
    outer loop
      vertex -0.757992 1.020000 -0.540711
      vertex -0.766617 1.020000 -0.530876
      vertex -0.766617 -1.020000 -0.530876
    endloop
  endfacet
  facet normal -0.659346 0.000000 -0.751840
    outer loop
      vertex -0.757992 -1.020000 -0.540711
      vertex -0.748158 1.020000 -0.549335
      vertex -0.748158 -1.020000 -0.549335
    endloop
  endfacet
  facet normal 0.659346 -0.000000 0.751840
    outer loop
      vertex -0.748158 -1.020000 -0.549335
      vertex -0.748158 1.020000 -0.549335
      vertex -0.757992 -1.020000 -0.540711
    endloop
  endfacet
  facet normal -0.659346 0.000000 -0.751840
    outer loop
      vertex -0.757992 -1.020000 -0.540711
      vertex -0.757992 1.020000 -0.540711
      vertex -0.748158 1.020000 -0.549335
    endloop
  endfacet
  facet normal 0.659346 -0.000000 0.751840
    outer loop
      vertex -0.748158 1.020000 -0.549335
      vertex -0.757992 1.020000 -0.540711
      vertex -0.757992 -1.020000 -0.540711
    endloop
  endfacet
  facet normal -0.555570 0.000000 -0.831470
    outer loop
      vertex -0.748158 -1.020000 -0.549335
      vertex -0.737282 1.020000 -0.556603
      vertex -0.737282 -1.020000 -0.556603
    endloop
  endfacet
  facet normal 0.555570 -0.000000 0.831470
    outer loop
      vertex -0.737282 -1.020000 -0.556603
      vertex -0.737282 1.020000 -0.556603
      vertex -0.748158 -1.020000 -0.549335
    endloop
  endfacet
  facet normal -0.555570 0.000000 -0.831470
    outer loop
      vertex -0.748158 -1.020000 -0.549335
      vertex -0.748158 1.020000 -0.549335
      vertex -0.737282 1.020000 -0.556603
    endloop
  endfacet
  facet normal 0.555570 -0.000000 0.831470
    outer loop
      vertex -0.737282 1.020000 -0.556603
      vertex -0.748158 1.020000 -0.549335
      vertex -0.748158 -1.020000 -0.549335
    endloop
  endfacet
  facet normal -0.442289 0.000000 -0.896873
    outer loop
      vertex -0.737282 -1.020000 -0.556603
      vertex -0.725550 1.020000 -0.562388
      vertex -0.725550 -1.020000 -0.562388
    endloop
  endfacet
  facet normal 0.442289 -0.000000 0.896873
    outer loop
      vertex -0.725550 -1.020000 -0.562388
      vertex -0.725550 1.020000 -0.562388
      vertex -0.737282 -1.020000 -0.556603
    endloop
  endfacet
  facet normal -0.442289 0.000000 -0.896873
    outer loop
      vertex -0.737282 -1.020000 -0.556603
      vertex -0.737282 1.020000 -0.556603
      vertex -0.725550 1.020000 -0.562388
    endloop
  endfacet
  facet normal 0.442289 -0.000000 0.896873
    outer loop
      vertex -0.725550 1.020000 -0.562388
      vertex -0.737282 1.020000 -0.556603
      vertex -0.737282 -1.020000 -0.556603
    endloop
  endfacet
  facet normal -0.321439 0.000000 -0.946930
    outer loop
      vertex -0.725550 -1.020000 -0.562388
      vertex -0.713164 1.020000 -0.566593
      vertex -0.713164 -1.020000 -0.566593
    endloop
  endfacet
  facet normal 0.321439 -0.000000 0.946930
    outer loop
      vertex -0.713164 -1.020000 -0.566593
      vertex -0.713164 1.020000 -0.566593
      vertex -0.725550 -1.020000 -0.562388
    endloop
  endfacet
  facet normal -0.321439 0.000000 -0.946930
    outer loop
      vertex -0.725550 -1.020000 -0.562388
      vertex -0.725550 1.020000 -0.562388
      vertex -0.713164 1.020000 -0.566593
    endloop
  endfacet
  facet normal 0.321439 -0.000000 0.946930
    outer loop
      vertex -0.713164 1.020000 -0.566593
      vertex -0.725550 1.020000 -0.562388
      vertex -0.725550 -1.020000 -0.562388
    endloop
  endfacet
  facet normal -0.195090 0.000000 -0.980785
    outer loop
      vertex -0.713164 -1.020000 -0.566593
      vertex -0.700334 1.020000 -0.569144
      vertex -0.700334 -1.020000 -0.569144
    endloop
  endfacet
  facet normal 0.195090 -0.000000 0.980785
    outer loop
      vertex -0.700334 -1.020000 -0.569144
      vertex -0.700334 1.020000 -0.569144
      vertex -0.713164 -1.020000 -0.566593
    endloop
  endfacet
  facet normal -0.195090 0.000000 -0.980785
    outer loop
      vertex -0.713164 -1.020000 -0.566593
      vertex -0.713164 1.020000 -0.566593
      vertex -0.700334 1.020000 -0.569144
    endloop
  endfacet
  facet normal 0.195090 -0.000000 0.980785
    outer loop
      vertex -0.700334 1.020000 -0.569144
      vertex -0.713164 1.020000 -0.566593
      vertex -0.713164 -1.020000 -0.566593
    endloop
  endfacet
  facet normal -0.065403 0.000000 -0.997859
    outer loop
      vertex -0.700334 -1.020000 -0.569144
      vertex -0.687282 1.020000 -0.570000
      vertex -0.687282 -1.020000 -0.570000
    endloop
  endfacet
  facet normal 0.065403 -0.000000 0.997859
    outer loop
      vertex -0.687282 -1.020000 -0.570000
      vertex -0.687282 1.020000 -0.570000
      vertex -0.700334 -1.020000 -0.569144
    endloop
  endfacet
  facet normal -0.065403 0.000000 -0.997859
    outer loop
      vertex -0.700334 -1.020000 -0.569144
      vertex -0.700334 1.020000 -0.569144
      vertex -0.687282 1.020000 -0.570000
    endloop
  endfacet
  facet normal 0.065403 -0.000000 0.997859
    outer loop
      vertex -0.687282 1.020000 -0.570000
      vertex -0.700334 1.020000 -0.569144
      vertex -0.700334 -1.020000 -0.569144
    endloop
  endfacet
  facet normal 0.065403 0.000000 -0.997859
    outer loop
      vertex -0.687282 -1.020000 -0.570000
      vertex -0.674229 1.020000 -0.569144
      vertex -0.674229 -1.020000 -0.569144
    endloop
  endfacet
  facet normal -0.065403 -0.000000 0.997859
    outer loop
      vertex -0.674229 -1.020000 -0.569144
      vertex -0.674229 1.020000 -0.569144
      vertex -0.687282 -1.020000 -0.570000
    endloop
  endfacet
  facet normal 0.065403 0.000000 -0.997859
    outer loop
      vertex -0.687282 -1.020000 -0.570000
      vertex -0.687282 1.020000 -0.570000
      vertex -0.674229 1.020000 -0.569144
    endloop
  endfacet
  facet normal -0.065403 -0.000000 0.997859
    outer loop
      vertex -0.674229 1.020000 -0.569144
      vertex -0.687282 1.020000 -0.570000
      vertex -0.687282 -1.020000 -0.570000
    endloop
  endfacet
  facet normal 0.195090 0.000000 -0.980785
    outer loop
      vertex -0.674229 -1.020000 -0.569144
      vertex -0.661400 1.020000 -0.566593
      vertex -0.661400 -1.020000 -0.566593
    endloop
  endfacet
  facet normal -0.195090 -0.000000 0.980785
    outer loop
      vertex -0.661400 -1.020000 -0.566593
      vertex -0.661400 1.020000 -0.566593
      vertex -0.674229 -1.020000 -0.569144
    endloop
  endfacet
  facet normal 0.195090 0.000000 -0.980785
    outer loop
      vertex -0.674229 -1.020000 -0.569144
      vertex -0.674229 1.020000 -0.569144
      vertex -0.661400 1.020000 -0.566593
    endloop
  endfacet
  facet normal -0.195090 -0.000000 0.980785
    outer loop
      vertex -0.661400 1.020000 -0.566593
      vertex -0.674229 1.020000 -0.569144
      vertex -0.674229 -1.020000 -0.569144
    endloop
  endfacet
  facet normal 0.321439 0.000000 -0.946930
    outer loop
      vertex -0.661400 -1.020000 -0.566593
      vertex -0.649013 1.020000 -0.562388
      vertex -0.649013 -1.020000 -0.562388
    endloop
  endfacet
  facet normal -0.321439 -0.000000 0.946930
    outer loop
      vertex -0.649013 -1.020000 -0.562388
      vertex -0.649013 1.020000 -0.562388
      vertex -0.661400 -1.020000 -0.566593
    endloop
  endfacet
  facet normal 0.321439 0.000000 -0.946930
    outer loop
      vertex -0.661400 -1.020000 -0.566593
      vertex -0.661400 1.020000 -0.566593
      vertex -0.649013 1.020000 -0.562388
    endloop
  endfacet
  facet normal -0.321439 -0.000000 0.946930
    outer loop
      vertex -0.649013 1.020000 -0.562388
      vertex -0.661400 1.020000 -0.566593
      vertex -0.661400 -1.020000 -0.566593
    endloop
  endfacet
  facet normal 0.442289 0.000000 -0.896873
    outer loop
      vertex -0.649013 -1.020000 -0.562388
      vertex -0.637282 1.020000 -0.556603
      vertex -0.637282 -1.020000 -0.556603
    endloop
  endfacet
  facet normal -0.442289 -0.000000 0.896873
    outer loop
      vertex -0.637282 -1.020000 -0.556603
      vertex -0.637282 1.020000 -0.556603
      vertex -0.649013 -1.020000 -0.562388
    endloop
  endfacet
  facet normal 0.442289 0.000000 -0.896873
    outer loop
      vertex -0.649013 -1.020000 -0.562388
      vertex -0.649013 1.020000 -0.562388
      vertex -0.637282 1.020000 -0.556603
    endloop
  endfacet
  facet normal -0.442289 -0.000000 0.896873
    outer loop
      vertex -0.637282 1.020000 -0.556603
      vertex -0.649013 1.020000 -0.562388
      vertex -0.649013 -1.020000 -0.562388
    endloop
  endfacet
  facet normal 0.555570 0.000000 -0.831470
    outer loop
      vertex -0.637282 -1.020000 -0.556603
      vertex -0.626406 1.020000 -0.549335
      vertex -0.626406 -1.020000 -0.549335
    endloop
  endfacet
  facet normal -0.555570 -0.000000 0.831470
    outer loop
      vertex -0.626406 -1.020000 -0.549335
      vertex -0.626406 1.020000 -0.549335
      vertex -0.637282 -1.020000 -0.556603
    endloop
  endfacet
  facet normal 0.555570 0.000000 -0.831470
    outer loop
      vertex -0.637282 -1.020000 -0.556603
      vertex -0.637282 1.020000 -0.556603
      vertex -0.626406 1.020000 -0.549335
    endloop
  endfacet
  facet normal -0.555570 -0.000000 0.831470
    outer loop
      vertex -0.626406 1.020000 -0.549335
      vertex -0.637282 1.020000 -0.556603
      vertex -0.637282 -1.020000 -0.556603
    endloop
  endfacet
  facet normal 0.659346 0.000000 -0.751840
    outer loop
      vertex -0.626406 -1.020000 -0.549335
      vertex -0.616571 1.020000 -0.540711
      vertex -0.616571 -1.020000 -0.540711
    endloop
  endfacet
  facet normal -0.659346 -0.000000 0.751840
    outer loop
      vertex -0.616571 -1.020000 -0.540711
      vertex -0.616571 1.020000 -0.540711
      vertex -0.626406 -1.020000 -0.549335
    endloop
  endfacet
  facet normal 0.659346 0.000000 -0.751840
    outer loop
      vertex -0.626406 -1.020000 -0.549335
      vertex -0.626406 1.020000 -0.549335
      vertex -0.616571 1.020000 -0.540711
    endloop
  endfacet
  facet normal -0.659346 -0.000000 0.751840
    outer loop
      vertex -0.616571 1.020000 -0.540711
      vertex -0.626406 1.020000 -0.549335
      vertex -0.626406 -1.020000 -0.549335
    endloop
  endfacet
  facet normal 0.751840 0.000000 -0.659346
    outer loop
      vertex -0.616571 -1.020000 -0.540711
      vertex -0.607946 1.020000 -0.530876
      vertex -0.607946 -1.020000 -0.530876
    endloop
  endfacet
  facet normal -0.751840 -0.000000 0.659346
    outer loop
      vertex -0.607946 -1.020000 -0.530876
      vertex -0.607946 1.020000 -0.530876
      vertex -0.616571 -1.020000 -0.540711
    endloop
  endfacet
  facet normal 0.751840 0.000000 -0.659346
    outer loop
      vertex -0.616571 -1.020000 -0.540711
      vertex -0.616571 1.020000 -0.540711
      vertex -0.607946 1.020000 -0.530876
    endloop
  endfacet
  facet normal -0.751840 -0.000000 0.659346
    outer loop
      vertex -0.607946 1.020000 -0.530876
      vertex -0.616571 1.020000 -0.540711
      vertex -0.616571 -1.020000 -0.540711
    endloop
  endfacet
  facet normal 0.831470 0.000000 -0.555570
    outer loop
      vertex -0.607946 -1.020000 -0.530876
      vertex -0.600679 1.020000 -0.520000
      vertex -0.600679 -1.020000 -0.520000
    endloop
  endfacet
  facet normal -0.831470 -0.000000 0.555570
    outer loop
      vertex -0.600679 -1.020000 -0.520000
      vertex -0.600679 1.020000 -0.520000
      vertex -0.607946 -1.020000 -0.530876
    endloop
  endfacet
  facet normal 0.831470 0.000000 -0.555570
    outer loop
      vertex -0.607946 -1.020000 -0.530876
      vertex -0.607946 1.020000 -0.530876
      vertex -0.600679 1.020000 -0.520000
    endloop
  endfacet
  facet normal -0.831470 -0.000000 0.555570
    outer loop
      vertex -0.600679 1.020000 -0.520000
      vertex -0.607946 1.020000 -0.530876
      vertex -0.607946 -1.020000 -0.530876
    endloop
  endfacet
  facet normal 0.896873 0.000000 -0.442289
    outer loop
      vertex -0.600679 -1.020000 -0.520000
      vertex -0.594894 1.020000 -0.508268
      vertex -0.594894 -1.020000 -0.508268
    endloop
  endfacet
  facet normal -0.896873 -0.000000 0.442289
    outer loop
      vertex -0.594894 -1.020000 -0.508268
      vertex -0.594894 1.020000 -0.508268
      vertex -0.600679 -1.020000 -0.520000
    endloop
  endfacet
  facet normal 0.896873 0.000000 -0.442289
    outer loop
      vertex -0.600679 -1.020000 -0.520000
      vertex -0.600679 1.020000 -0.520000
      vertex -0.594894 1.020000 -0.508268
    endloop
  endfacet
  facet normal -0.896873 -0.000000 0.442289
    outer loop
      vertex -0.594894 1.020000 -0.508268
      vertex -0.600679 1.020000 -0.520000
      vertex -0.600679 -1.020000 -0.520000
    endloop
  endfacet
  facet normal 0.946930 0.000000 -0.321439
    outer loop
      vertex -0.594894 -1.020000 -0.508268
      vertex -0.590689 1.020000 -0.495882
      vertex -0.590689 -1.020000 -0.495882
    endloop
  endfacet
  facet normal -0.946930 -0.000000 0.321439
    outer loop
      vertex -0.590689 -1.020000 -0.495882
      vertex -0.590689 1.020000 -0.495882
      vertex -0.594894 -1.020000 -0.508268
    endloop
  endfacet
  facet normal 0.946930 0.000000 -0.321439
    outer loop
      vertex -0.594894 -1.020000 -0.508268
      vertex -0.594894 1.020000 -0.508268
      vertex -0.590689 1.020000 -0.495882
    endloop
  endfacet
  facet normal -0.946930 -0.000000 0.321439
    outer loop
      vertex -0.590689 1.020000 -0.495882
      vertex -0.594894 1.020000 -0.508268
      vertex -0.594894 -1.020000 -0.508268
    endloop
  endfacet
  facet normal 0.980785 0.000000 -0.195090
    outer loop
      vertex -0.590689 -1.020000 -0.495882
      vertex -0.588137 1.020000 -0.483053
      vertex -0.588137 -1.020000 -0.483053
    endloop
  endfacet
  facet normal -0.980785 -0.000000 0.195090
    outer loop
      vertex -0.588137 -1.020000 -0.483053
      vertex -0.588137 1.020000 -0.483053
      vertex -0.590689 -1.020000 -0.495882
    endloop
  endfacet
  facet normal 0.980785 0.000000 -0.195090
    outer loop
      vertex -0.590689 -1.020000 -0.495882
      vertex -0.590689 1.020000 -0.495882
      vertex -0.588137 1.020000 -0.483053
    endloop
  endfacet
  facet normal -0.980785 -0.000000 0.195090
    outer loop
      vertex -0.588137 1.020000 -0.483053
      vertex -0.590689 1.020000 -0.495882
      vertex -0.590689 -1.020000 -0.495882
    endloop
  endfacet
  facet normal 0.997859 0.000000 -0.065403
    outer loop
      vertex -0.588137 -1.020000 -0.483053
      vertex -0.587282 1.020000 -0.470000
      vertex -0.587282 -1.020000 -0.470000
    endloop
  endfacet
  facet normal -0.997859 -0.000000 0.065403
    outer loop
      vertex -0.587282 -1.020000 -0.470000
      vertex -0.587282 1.020000 -0.470000
      vertex -0.588137 -1.020000 -0.483053
    endloop
  endfacet
  facet normal 0.997859 0.000000 -0.065403
    outer loop
      vertex -0.588137 -1.020000 -0.483053
      vertex -0.588137 1.020000 -0.483053
      vertex -0.587282 1.020000 -0.470000
    endloop
  endfacet
  facet normal -0.997859 -0.000000 0.065403
    outer loop
      vertex -0.587282 1.020000 -0.470000
      vertex -0.588137 1.020000 -0.483053
      vertex -0.588137 -1.020000 -0.483053
    endloop
  endfacet
  facet normal 0.997859 0.000000 0.065403
    outer loop
      vertex -0.587282 -1.020000 -0.470000
      vertex -0.588137 1.020000 -0.456947
      vertex -0.588137 -1.020000 -0.456947
    endloop
  endfacet
  facet normal -0.997859 -0.000000 -0.065403
    outer loop
      vertex -0.588137 -1.020000 -0.456947
      vertex -0.588137 1.020000 -0.456947
      vertex -0.587282 -1.020000 -0.470000
    endloop
  endfacet
  facet normal 0.997859 -0.000000 0.065403
    outer loop
      vertex -0.587282 -1.020000 -0.470000
      vertex -0.587282 1.020000 -0.470000
      vertex -0.588137 1.020000 -0.456947
    endloop
  endfacet
  facet normal -0.997859 0.000000 -0.065403
    outer loop
      vertex -0.588137 1.020000 -0.456947
      vertex -0.587282 1.020000 -0.470000
      vertex -0.587282 -1.020000 -0.470000
    endloop
  endfacet
endsolid mesh
