solid mesh
  facet normal 0.000000 1.000000 0.000000
    outer loop
      vertex -0.796213 -1.020000 1.321213
      vertex -0.799944 -1.020000 1.316667
      vertex -0.798190 -1.020000 1.319032
    endloop
  endfacet
  facet normal -0.000000 -1.000000 -0.000000
    outer loop
      vertex -0.798190 -1.020000 1.319032
      vertex -0.799944 -1.020000 1.316667
      vertex -0.796213 -1.020000 1.321213
    endloop
  endfacet
  facet normal 0.000000 -1.000000 0.000000
    outer loop
      vertex -0.796213 1.020000 1.321213
      vertex -0.798190 1.020000 1.319032
      vertex -0.799944 1.020000 1.316667
    endloop
  endfacet
  facet normal -0.000000 1.000000 -0.000000
    outer loop
      vertex -0.799944 1.020000 1.316667
      vertex -0.798190 1.020000 1.319032
      vertex -0.796213 1.020000 1.321213
    endloop
  endfacet
  facet normal 0.000000 1.000000 0.000000
    outer loop
      vertex -0.796213 -1.020000 1.321213
      vertex -0.801458 -1.020000 1.314142
      vertex -0.799944 -1.020000 1.316667
    endloop
  endfacet
  facet normal -0.000000 -1.000000 -0.000000
    outer loop
      vertex -0.799944 -1.020000 1.316667
      vertex -0.801458 -1.020000 1.314142
      vertex -0.796213 -1.020000 1.321213
    endloop
  endfacet
  facet normal 0.000000 -1.000000 0.000000
    outer loop
      vertex -0.796213 1.020000 1.321213
      vertex -0.799944 1.020000 1.316667
      vertex -0.801458 1.020000 1.314142
    endloop
  endfacet
  facet normal -0.000000 1.000000 -0.000000
    outer loop
      vertex -0.801458 1.020000 1.314142
      vertex -0.799944 1.020000 1.316667
      vertex -0.796213 1.020000 1.321213
    endloop
  endfacet
  facet normal -0.000000 1.000000 0.000000
    outer loop
      vertex -0.796213 -1.020000 1.321213
      vertex -0.775000 -1.020000 1.330000
      vertex -0.801458 -1.020000 1.314142
    endloop
  endfacet
  facet normal 0.000000 -1.000000 -0.000000
    outer loop
      vertex -0.801458 -1.020000 1.314142
      vertex -0.775000 -1.020000 1.330000
      vertex -0.796213 -1.020000 1.321213
    endloop
  endfacet
  facet normal 0.000000 -1.000000 -0.000000
    outer loop
      vertex -0.796213 1.020000 1.321213
      vertex -0.801458 1.020000 1.314142
      vertex -0.775000 1.020000 1.330000
    endloop
  endfacet
  facet normal -0.000000 1.000000 0.000000
    outer loop
      vertex -0.775000 1.020000 1.330000
      vertex -0.801458 1.020000 1.314142
      vertex -0.796213 1.020000 1.321213
    endloop
  endfacet
  facet normal 0.000000 1.000000 0.000000
    outer loop
      vertex -0.796213 -1.020000 1.321213
      vertex -0.786481 -1.020000 1.327716
      vertex -0.775000 -1.020000 1.330000
    endloop
  endfacet
  facet normal -0.000000 -1.000000 -0.000000
    outer loop
      vertex -0.775000 -1.020000 1.330000
      vertex -0.786481 -1.020000 1.327716
      vertex -0.796213 -1.020000 1.321213
    endloop
  endfacet
  facet normal 0.000000 -1.000000 0.000000
    outer loop
      vertex -0.796213 1.020000 1.321213
      vertex -0.775000 1.020000 1.330000
      vertex -0.786481 1.020000 1.327716
    endloop
  endfacet
  facet normal -0.000000 1.000000 -0.000000
    outer loop
      vertex -0.786481 1.020000 1.327716
      vertex -0.775000 1.020000 1.330000
      vertex -0.796213 1.020000 1.321213
    endloop
  endfacet
  facet normal 0.000000 1.000000 0.000000
    outer loop
      vertex -0.796213 -1.020000 1.321213
      vertex -0.794032 -1.020000 1.323190
      vertex -0.786481 -1.020000 1.327716
    endloop
  endfacet
  facet normal -0.000000 -1.000000 -0.000000
    outer loop
      vertex -0.786481 -1.020000 1.327716
      vertex -0.794032 -1.020000 1.323190
      vertex -0.796213 -1.020000 1.321213
    endloop
  endfacet
  facet normal 0.000000 -1.000000 0.000000
    outer loop
      vertex -0.796213 1.020000 1.321213
      vertex -0.786481 1.020000 1.327716
      vertex -0.794032 1.020000 1.323190
    endloop
  endfacet
  facet normal -0.000000 1.000000 -0.000000
    outer loop
      vertex -0.794032 1.020000 1.323190
      vertex -0.786481 1.020000 1.327716
      vertex -0.796213 1.020000 1.321213
    endloop
  endfacet
  facet normal 0.000000 1.000000 0.000000
    outer loop
      vertex -0.794032 -1.020000 1.323190
      vertex -0.791667 -1.020000 1.324944
      vertex -0.786481 -1.020000 1.327716
    endloop
  endfacet
  facet normal -0.000000 -1.000000 -0.000000
    outer loop
      vertex -0.786481 -1.020000 1.327716
      vertex -0.791667 -1.020000 1.324944
      vertex -0.794032 -1.020000 1.323190
    endloop
  endfacet
  facet normal 0.000000 -1.000000 0.000000
    outer loop
      vertex -0.794032 1.020000 1.323190
      vertex -0.786481 1.020000 1.327716
      vertex -0.791667 1.020000 1.324944
    endloop
  endfacet
  facet normal -0.000000 1.000000 -0.000000
    outer loop
      vertex -0.791667 1.020000 1.324944
      vertex -0.786481 1.020000 1.327716
      vertex -0.794032 1.020000 1.323190
    endloop
  endfacet
  facet normal 0.000000 1.000000 0.000000
    outer loop
      vertex -0.791667 -1.020000 1.324944
      vertex -0.789142 -1.020000 1.326458
      vertex -0.786481 -1.020000 1.327716
    endloop
  endfacet
  facet normal -0.000000 -1.000000 -0.000000
    outer loop
      vertex -0.786481 -1.020000 1.327716
      vertex -0.789142 -1.020000 1.326458
      vertex -0.791667 -1.020000 1.324944
    endloop
  endfacet
  facet normal 0.000000 -1.000000 0.000000
    outer loop
      vertex -0.791667 1.020000 1.324944
      vertex -0.786481 1.020000 1.327716
      vertex -0.789142 1.020000 1.326458
    endloop
  endfacet
  facet normal -0.000000 1.000000 -0.000000
    outer loop
      vertex -0.789142 1.020000 1.326458
      vertex -0.786481 1.020000 1.327716
      vertex -0.791667 1.020000 1.324944
    endloop
  endfacet
  facet normal 0.000000 1.000000 0.000000
    outer loop
      vertex -0.786481 -1.020000 1.327716
      vertex -0.780853 -1.020000 1.329424
      vertex -0.775000 -1.020000 1.330000
    endloop
  endfacet
  facet normal -0.000000 -1.000000 -0.000000
    outer loop
      vertex -0.775000 -1.020000 1.330000
      vertex -0.780853 -1.020000 1.329424
      vertex -0.786481 -1.020000 1.327716
    endloop
  endfacet
  facet normal 0.000000 -1.000000 0.000000
    outer loop
      vertex -0.786481 1.020000 1.327716
      vertex -0.775000 1.020000 1.330000
      vertex -0.780853 1.020000 1.329424
    endloop
  endfacet
  facet normal -0.000000 1.000000 -0.000000
    outer loop
      vertex -0.780853 1.020000 1.329424
      vertex -0.775000 1.020000 1.330000
      vertex -0.786481 1.020000 1.327716
    endloop
  endfacet
  facet normal 0.000000 1.000000 0.000000
    outer loop
      vertex -0.786481 -1.020000 1.327716
      vertex -0.783709 -1.020000 1.328708
      vertex -0.780853 -1.020000 1.329424
    endloop
  endfacet
  facet normal -0.000000 -1.000000 -0.000000
    outer loop
      vertex -0.780853 -1.020000 1.329424
      vertex -0.783709 -1.020000 1.328708
      vertex -0.786481 -1.020000 1.327716
    endloop
  endfacet
  facet normal 0.000000 -1.000000 0.000000
    outer loop
      vertex -0.786481 1.020000 1.327716
      vertex -0.780853 1.020000 1.329424
      vertex -0.783709 1.020000 1.328708
    endloop
  endfacet
  facet normal -0.000000 1.000000 -0.000000
    outer loop
      vertex -0.783709 1.020000 1.328708
      vertex -0.780853 1.020000 1.329424
      vertex -0.786481 1.020000 1.327716
    endloop
  endfacet
  facet normal 0.000000 1.000000 0.000000
    outer loop
      vertex -0.780853 -1.020000 1.329424
      vertex -0.777941 -1.020000 1.329856
      vertex -0.775000 -1.020000 1.330000
    endloop
  endfacet
  facet normal -0.000000 -1.000000 -0.000000
    outer loop
      vertex -0.775000 -1.020000 1.330000
      vertex -0.777941 -1.020000 1.329856
      vertex -0.780853 -1.020000 1.329424
    endloop
  endfacet
  facet normal 0.000000 -1.000000 0.000000
    outer loop
      vertex -0.780853 1.020000 1.329424
      vertex -0.775000 1.020000 1.330000
      vertex -0.777941 1.020000 1.329856
    endloop
  endfacet
  facet normal -0.000000 1.000000 -0.000000
    outer loop
      vertex -0.777941 1.020000 1.329856
      vertex -0.775000 1.020000 1.330000
      vertex -0.780853 1.020000 1.329424
    endloop
  endfacet
  facet normal 0.000000 1.000000 0.000000
    outer loop
      vertex -0.775000 -1.020000 1.330000
      vertex -0.805000 -1.020000 1.300000
      vertex -0.801458 -1.020000 1.314142
    endloop
  endfacet
  facet normal -0.000000 -1.000000 -0.000000
    outer loop
      vertex -0.801458 -1.020000 1.314142
      vertex -0.805000 -1.020000 1.300000
      vertex -0.775000 -1.020000 1.330000
    endloop
  endfacet
  facet normal 0.000000 -1.000000 0.000000
    outer loop
      vertex -0.775000 1.020000 1.330000
      vertex -0.801458 1.020000 1.314142
      vertex -0.805000 1.020000 1.300000
    endloop
  endfacet
  facet normal -0.000000 1.000000 -0.000000
    outer loop
      vertex -0.805000 1.020000 1.300000
      vertex -0.801458 1.020000 1.314142
      vertex -0.775000 1.020000 1.330000
    endloop
  endfacet
  facet normal 0.000000 1.000000 0.000000
    outer loop
      vertex -0.775000 -1.020000 1.330000
      vertex -0.375000 -1.020000 0.900000
      vertex -0.805000 -1.020000 1.300000
    endloop
  endfacet
  facet normal -0.000000 -1.000000 -0.000000
    outer loop
      vertex -0.805000 -1.020000 1.300000
      vertex -0.375000 -1.020000 0.900000
      vertex -0.775000 -1.020000 1.330000
    endloop
  endfacet
  facet normal 0.000000 -1.000000 -0.000000
    outer loop
      vertex -0.775000 1.020000 1.330000
      vertex -0.805000 1.020000 1.300000
      vertex -0.375000 1.020000 0.900000
    endloop
  endfacet
  facet normal -0.000000 1.000000 0.000000
    outer loop
      vertex -0.375000 1.020000 0.900000
      vertex -0.805000 1.020000 1.300000
      vertex -0.775000 1.020000 1.330000
    endloop
  endfacet
  facet normal -0.000000 1.000000 0.000000
    outer loop
      vertex -0.775000 -1.020000 1.330000
      vertex -0.020000 -1.020000 1.330000
      vertex -0.375000 -1.020000 0.900000
    endloop
  endfacet
  facet normal 0.000000 -1.000000 -0.000000
    outer loop
      vertex -0.375000 -1.020000 0.900000
      vertex -0.020000 -1.020000 1.330000
      vertex -0.775000 -1.020000 1.330000
    endloop
  endfacet
  facet normal 0.000000 -1.000000 0.000000
    outer loop
      vertex -0.775000 1.020000 1.330000
      vertex -0.375000 1.020000 0.900000
      vertex -0.020000 1.020000 1.330000
    endloop
  endfacet
  facet normal -0.000000 1.000000 -0.000000
    outer loop
      vertex -0.020000 1.020000 1.330000
      vertex -0.375000 1.020000 0.900000
      vertex -0.775000 1.020000 1.330000
    endloop
  endfacet
  facet normal 0.000000 1.000000 0.000000
    outer loop
      vertex -0.020000 -1.020000 1.330000
      vertex -0.020000 -1.020000 0.900000
      vertex -0.375000 -1.020000 0.900000
    endloop
  endfacet
  facet normal -0.000000 -1.000000 -0.000000
    outer loop
      vertex -0.375000 -1.020000 0.900000
      vertex -0.020000 -1.020000 0.900000
      vertex -0.020000 -1.020000 1.330000
    endloop
  endfacet
  facet normal 0.000000 -1.000000 -0.000000
    outer loop
      vertex -0.020000 1.020000 1.330000
      vertex -0.375000 1.020000 0.900000
      vertex -0.020000 1.020000 0.900000
    endloop
  endfacet
  facet normal -0.000000 1.000000 0.000000
    outer loop
      vertex -0.020000 1.020000 0.900000
      vertex -0.375000 1.020000 0.900000
      vertex -0.020000 1.020000 1.330000
    endloop
  endfacet
  facet normal 0.000000 1.000000 -0.000000
    outer loop
      vertex -0.020000 -1.020000 -1.330000
      vertex -0.375000 -1.020000 -0.900000
      vertex -0.020000 -1.020000 -0.900000
    endloop
  endfacet
  facet normal -0.000000 -1.000000 0.000000
    outer loop
      vertex -0.020000 -1.020000 -0.900000
      vertex -0.375000 -1.020000 -0.900000
      vertex -0.020000 -1.020000 -1.330000
    endloop
  endfacet
  facet normal 0.000000 -1.000000 0.000000
    outer loop
      vertex -0.020000 1.020000 -1.330000
      vertex -0.020000 1.020000 -0.900000
      vertex -0.375000 1.020000 -0.900000
    endloop
  endfacet
  facet normal -0.000000 1.000000 -0.000000
    outer loop
      vertex -0.375000 1.020000 -0.900000
      vertex -0.020000 1.020000 -0.900000
      vertex -0.020000 1.020000 -1.330000
    endloop
  endfacet
  facet normal 0.000000 1.000000 0.000000
    outer loop
      vertex -0.020000 -1.020000 -1.330000
      vertex -0.775000 -1.020000 -1.330000
      vertex -0.375000 -1.020000 -0.900000
    endloop
  endfacet
  facet normal -0.000000 -1.000000 -0.000000
    outer loop
      vertex -0.375000 -1.020000 -0.900000
      vertex -0.775000 -1.020000 -1.330000
      vertex -0.020000 -1.020000 -1.330000
    endloop
  endfacet
  facet normal 0.000000 -1.000000 0.000000
    outer loop
      vertex -0.020000 1.020000 -1.330000
      vertex -0.375000 1.020000 -0.900000
      vertex -0.775000 1.020000 -1.330000
    endloop
  endfacet
  facet normal -0.000000 1.000000 -0.000000
    outer loop
      vertex -0.775000 1.020000 -1.330000
      vertex -0.375000 1.020000 -0.900000
      vertex -0.020000 1.020000 -1.330000
    endloop
  endfacet
  facet normal 0.000000 1.000000 -0.000000
    outer loop
      vertex -0.775000 -1.020000 -1.330000
      vertex -0.805000 -1.020000 -1.300000
      vertex -0.375000 -1.020000 -0.900000
    endloop
  endfacet
  facet normal -0.000000 -1.000000 0.000000
    outer loop
      vertex -0.375000 -1.020000 -0.900000
      vertex -0.805000 -1.020000 -1.300000
      vertex -0.775000 -1.020000 -1.330000
    endloop
  endfacet
  facet normal 0.000000 -1.000000 0.000000
    outer loop
      vertex -0.775000 1.020000 -1.330000
      vertex -0.375000 1.020000 -0.900000
      vertex -0.805000 1.020000 -1.300000
    endloop
  endfacet
  facet normal -0.000000 1.000000 -0.000000
    outer loop
      vertex -0.805000 1.020000 -1.300000
      vertex -0.375000 1.020000 -0.900000
      vertex -0.775000 1.020000 -1.330000
    endloop
  endfacet
  facet normal 0.000000 1.000000 0.000000
    outer loop
      vertex -0.775000 -1.020000 -1.330000
      vertex -0.804856 -1.020000 -1.302941
      vertex -0.805000 -1.020000 -1.300000
    endloop
  endfacet
  facet normal -0.000000 -1.000000 -0.000000
    outer loop
      vertex -0.805000 -1.020000 -1.300000
      vertex -0.804856 -1.020000 -1.302941
      vertex -0.775000 -1.020000 -1.330000
    endloop
  endfacet
  facet normal 0.000000 -1.000000 0.000000
    outer loop
      vertex -0.775000 1.020000 -1.330000
      vertex -0.805000 1.020000 -1.300000
      vertex -0.804856 1.020000 -1.302941
    endloop
  endfacet
  facet normal -0.000000 1.000000 -0.000000
    outer loop
      vertex -0.804856 1.020000 -1.302941
      vertex -0.805000 1.020000 -1.300000
      vertex -0.775000 1.020000 -1.330000
    endloop
  endfacet
  facet normal 0.000000 1.000000 0.000000
    outer loop
      vertex -0.775000 -1.020000 -1.330000
      vertex -0.796213 -1.020000 -1.321213
      vertex -0.804856 -1.020000 -1.302941
    endloop
  endfacet
  facet normal -0.000000 -1.000000 -0.000000
    outer loop
      vertex -0.804856 -1.020000 -1.302941
      vertex -0.796213 -1.020000 -1.321213
      vertex -0.775000 -1.020000 -1.330000
    endloop
  endfacet
  facet normal 0.000000 -1.000000 0.000000
    outer loop
      vertex -0.775000 1.020000 -1.330000
      vertex -0.804856 1.020000 -1.302941
      vertex -0.796213 1.020000 -1.321213
    endloop
  endfacet
  facet normal -0.000000 1.000000 -0.000000
    outer loop
      vertex -0.796213 1.020000 -1.321213
      vertex -0.804856 1.020000 -1.302941
      vertex -0.775000 1.020000 -1.330000
    endloop
  endfacet
  facet normal 0.000000 1.000000 0.000000
    outer loop
      vertex -0.775000 -1.020000 -1.330000
      vertex -0.791667 -1.020000 -1.324944
      vertex -0.796213 -1.020000 -1.321213
    endloop
  endfacet
  facet normal -0.000000 -1.000000 -0.000000
    outer loop
      vertex -0.796213 -1.020000 -1.321213
      vertex -0.791667 -1.020000 -1.324944
      vertex -0.775000 -1.020000 -1.330000
    endloop
  endfacet
  facet normal 0.000000 -1.000000 0.000000
    outer loop
      vertex -0.775000 1.020000 -1.330000
      vertex -0.796213 1.020000 -1.321213
      vertex -0.791667 1.020000 -1.324944
    endloop
  endfacet
  facet normal -0.000000 1.000000 -0.000000
    outer loop
      vertex -0.791667 1.020000 -1.324944
      vertex -0.796213 1.020000 -1.321213
      vertex -0.775000 1.020000 -1.330000
    endloop
  endfacet
  facet normal 0.000000 1.000000 0.000000
    outer loop
      vertex -0.775000 -1.020000 -1.330000
      vertex -0.786481 -1.020000 -1.327716
      vertex -0.791667 -1.020000 -1.324944
    endloop
  endfacet
  facet normal -0.000000 -1.000000 -0.000000
    outer loop
      vertex -0.791667 -1.020000 -1.324944
      vertex -0.786481 -1.020000 -1.327716
      vertex -0.775000 -1.020000 -1.330000
    endloop
  endfacet
  facet normal 0.000000 -1.000000 0.000000
    outer loop
      vertex -0.775000 1.020000 -1.330000
      vertex -0.791667 1.020000 -1.324944
      vertex -0.786481 1.020000 -1.327716
    endloop
  endfacet
  facet normal -0.000000 1.000000 -0.000000
    outer loop
      vertex -0.786481 1.020000 -1.327716
      vertex -0.791667 1.020000 -1.324944
      vertex -0.775000 1.020000 -1.330000
    endloop
  endfacet
  facet normal 0.000000 1.000000 0.000000
    outer loop
      vertex -0.775000 -1.020000 -1.330000
      vertex -0.783709 -1.020000 -1.328708
      vertex -0.786481 -1.020000 -1.327716
    endloop
  endfacet
  facet normal -0.000000 -1.000000 -0.000000
    outer loop
      vertex -0.786481 -1.020000 -1.327716
      vertex -0.783709 -1.020000 -1.328708
      vertex -0.775000 -1.020000 -1.330000
    endloop
  endfacet
  facet normal 0.000000 -1.000000 0.000000
    outer loop
      vertex -0.775000 1.020000 -1.330000
      vertex -0.786481 1.020000 -1.327716
      vertex -0.783709 1.020000 -1.328708
    endloop
  endfacet
  facet normal -0.000000 1.000000 -0.000000
    outer loop
      vertex -0.783709 1.020000 -1.328708
      vertex -0.786481 1.020000 -1.327716
      vertex -0.775000 1.020000 -1.330000
    endloop
  endfacet
  facet normal 0.000000 1.000000 0.000000
    outer loop
      vertex -0.775000 -1.020000 -1.330000
      vertex -0.780853 -1.020000 -1.329424
      vertex -0.783709 -1.020000 -1.328708
    endloop
  endfacet
  facet normal -0.000000 -1.000000 -0.000000
    outer loop
      vertex -0.783709 -1.020000 -1.328708
      vertex -0.780853 -1.020000 -1.329424
      vertex -0.775000 -1.020000 -1.330000
    endloop
  endfacet
  facet normal 0.000000 -1.000000 0.000000
    outer loop
      vertex -0.775000 1.020000 -1.330000
      vertex -0.783709 1.020000 -1.328708
      vertex -0.780853 1.020000 -1.329424
    endloop
  endfacet
  facet normal -0.000000 1.000000 -0.000000
    outer loop
      vertex -0.780853 1.020000 -1.329424
      vertex -0.783709 1.020000 -1.328708
      vertex -0.775000 1.020000 -1.330000
    endloop
  endfacet
  facet normal 0.000000 1.000000 0.000000
    outer loop
      vertex -0.775000 -1.020000 -1.330000
      vertex -0.777941 -1.020000 -1.329856
      vertex -0.780853 -1.020000 -1.329424
    endloop
  endfacet
  facet normal -0.000000 -1.000000 -0.000000
    outer loop
      vertex -0.780853 -1.020000 -1.329424
      vertex -0.777941 -1.020000 -1.329856
      vertex -0.775000 -1.020000 -1.330000
    endloop
  endfacet
  facet normal 0.000000 -1.000000 0.000000
    outer loop
      vertex -0.775000 1.020000 -1.330000
      vertex -0.780853 1.020000 -1.329424
      vertex -0.777941 1.020000 -1.329856
    endloop
  endfacet
  facet normal -0.000000 1.000000 -0.000000
    outer loop
      vertex -0.777941 1.020000 -1.329856
      vertex -0.780853 1.020000 -1.329424
      vertex -0.775000 1.020000 -1.330000
    endloop
  endfacet
  facet normal 0.000000 1.000000 0.000000
    outer loop
      vertex -0.786481 -1.020000 -1.327716
      vertex -0.789142 -1.020000 -1.326458
      vertex -0.791667 -1.020000 -1.324944
    endloop
  endfacet
  facet normal -0.000000 -1.000000 -0.000000
    outer loop
      vertex -0.791667 -1.020000 -1.324944
      vertex -0.789142 -1.020000 -1.326458
      vertex -0.786481 -1.020000 -1.327716
    endloop
  endfacet
  facet normal 0.000000 -1.000000 0.000000
    outer loop
      vertex -0.786481 1.020000 -1.327716
      vertex -0.791667 1.020000 -1.324944
      vertex -0.789142 1.020000 -1.326458
    endloop
  endfacet
  facet normal -0.000000 1.000000 -0.000000
    outer loop
      vertex -0.789142 1.020000 -1.326458
      vertex -0.791667 1.020000 -1.324944
      vertex -0.786481 1.020000 -1.327716
    endloop
  endfacet
  facet normal 0.000000 1.000000 0.000000
    outer loop
      vertex -0.791667 -1.020000 -1.324944
      vertex -0.794032 -1.020000 -1.323190
      vertex -0.796213 -1.020000 -1.321213
    endloop
  endfacet
  facet normal -0.000000 -1.000000 -0.000000
    outer loop
      vertex -0.796213 -1.020000 -1.321213
      vertex -0.794032 -1.020000 -1.323190
      vertex -0.791667 -1.020000 -1.324944
    endloop
  endfacet
  facet normal 0.000000 -1.000000 0.000000
    outer loop
      vertex -0.791667 1.020000 -1.324944
      vertex -0.796213 1.020000 -1.321213
      vertex -0.794032 1.020000 -1.323190
    endloop
  endfacet
  facet normal -0.000000 1.000000 -0.000000
    outer loop
      vertex -0.794032 1.020000 -1.323190
      vertex -0.796213 1.020000 -1.321213
      vertex -0.791667 1.020000 -1.324944
    endloop
  endfacet
  facet normal 0.000000 1.000000 0.000000
    outer loop
      vertex -0.796213 -1.020000 -1.321213
      vertex -0.799944 -1.020000 -1.316667
      vertex -0.804856 -1.020000 -1.302941
    endloop
  endfacet
  facet normal -0.000000 -1.000000 -0.000000
    outer loop
      vertex -0.804856 -1.020000 -1.302941
      vertex -0.799944 -1.020000 -1.316667
      vertex -0.796213 -1.020000 -1.321213
    endloop
  endfacet
  facet normal 0.000000 -1.000000 0.000000
    outer loop
      vertex -0.796213 1.020000 -1.321213
      vertex -0.804856 1.020000 -1.302941
      vertex -0.799944 1.020000 -1.316667
    endloop
  endfacet
  facet normal -0.000000 1.000000 -0.000000
    outer loop
      vertex -0.799944 1.020000 -1.316667
      vertex -0.804856 1.020000 -1.302941
      vertex -0.796213 1.020000 -1.321213
    endloop
  endfacet
  facet normal 0.000000 1.000000 0.000000
    outer loop
      vertex -0.796213 -1.020000 -1.321213
      vertex -0.798190 -1.020000 -1.319032
      vertex -0.799944 -1.020000 -1.316667
    endloop
  endfacet
  facet normal -0.000000 -1.000000 -0.000000
    outer loop
      vertex -0.799944 -1.020000 -1.316667
      vertex -0.798190 -1.020000 -1.319032
      vertex -0.796213 -1.020000 -1.321213
    endloop
  endfacet
  facet normal 0.000000 -1.000000 0.000000
    outer loop
      vertex -0.796213 1.020000 -1.321213
      vertex -0.799944 1.020000 -1.316667
      vertex -0.798190 1.020000 -1.319032
    endloop
  endfacet
  facet normal -0.000000 1.000000 -0.000000
    outer loop
      vertex -0.798190 1.020000 -1.319032
      vertex -0.799944 1.020000 -1.316667
      vertex -0.796213 1.020000 -1.321213
    endloop
  endfacet
  facet normal 0.000000 1.000000 0.000000
    outer loop
      vertex -0.799944 -1.020000 -1.316667
      vertex -0.803708 -1.020000 -1.308709
      vertex -0.804856 -1.020000 -1.302941
    endloop
  endfacet
  facet normal -0.000000 -1.000000 -0.000000
    outer loop
      vertex -0.804856 -1.020000 -1.302941
      vertex -0.803708 -1.020000 -1.308709
      vertex -0.799944 -1.020000 -1.316667
    endloop
  endfacet
  facet normal 0.000000 -1.000000 0.000000
    outer loop
      vertex -0.799944 1.020000 -1.316667
      vertex -0.804856 1.020000 -1.302941
      vertex -0.803708 1.020000 -1.308709
    endloop
  endfacet
  facet normal -0.000000 1.000000 -0.000000
    outer loop
      vertex -0.803708 1.020000 -1.308709
      vertex -0.804856 1.020000 -1.302941
      vertex -0.799944 1.020000 -1.316667
    endloop
  endfacet
  facet normal 0.000000 1.000000 0.000000
    outer loop
      vertex -0.799944 -1.020000 -1.316667
      vertex -0.802716 -1.020000 -1.311481
      vertex -0.803708 -1.020000 -1.308709
    endloop
  endfacet
  facet normal -0.000000 -1.000000 -0.000000
    outer loop
      vertex -0.803708 -1.020000 -1.308709
      vertex -0.802716 -1.020000 -1.311481
      vertex -0.799944 -1.020000 -1.316667
    endloop
  endfacet
  facet normal 0.000000 -1.000000 0.000000
    outer loop
      vertex -0.799944 1.020000 -1.316667
      vertex -0.803708 1.020000 -1.308709
      vertex -0.802716 1.020000 -1.311481
    endloop
  endfacet
  facet normal -0.000000 1.000000 -0.000000
    outer loop
      vertex -0.802716 1.020000 -1.311481
      vertex -0.803708 1.020000 -1.308709
      vertex -0.799944 1.020000 -1.316667
    endloop
  endfacet
  facet normal 0.000000 1.000000 0.000000
    outer loop
      vertex -0.799944 -1.020000 -1.316667
      vertex -0.801458 -1.020000 -1.314142
      vertex -0.802716 -1.020000 -1.311481
    endloop
  endfacet
  facet normal -0.000000 -1.000000 -0.000000
    outer loop
      vertex -0.802716 -1.020000 -1.311481
      vertex -0.801458 -1.020000 -1.314142
      vertex -0.799944 -1.020000 -1.316667
    endloop
  endfacet
  facet normal 0.000000 -1.000000 0.000000
    outer loop
      vertex -0.799944 1.020000 -1.316667
      vertex -0.802716 1.020000 -1.311481
      vertex -0.801458 1.020000 -1.314142
    endloop
  endfacet
  facet normal -0.000000 1.000000 -0.000000
    outer loop
      vertex -0.801458 1.020000 -1.314142
      vertex -0.802716 1.020000 -1.311481
      vertex -0.799944 1.020000 -1.316667
    endloop
  endfacet
  facet normal 0.000000 1.000000 0.000000
    outer loop
      vertex -0.803708 -1.020000 -1.308709
      vertex -0.804424 -1.020000 -1.305853
      vertex -0.804856 -1.020000 -1.302941
    endloop
  endfacet
  facet normal -0.000000 -1.000000 -0.000000
    outer loop
      vertex -0.804856 -1.020000 -1.302941
      vertex -0.804424 -1.020000 -1.305853
      vertex -0.803708 -1.020000 -1.308709
    endloop
  endfacet
  facet normal 0.000000 -1.000000 0.000000
    outer loop
      vertex -0.803708 1.020000 -1.308709
      vertex -0.804856 1.020000 -1.302941
      vertex -0.804424 1.020000 -1.305853
    endloop
  endfacet
  facet normal -0.000000 1.000000 -0.000000
    outer loop
      vertex -0.804424 1.020000 -1.305853
      vertex -0.804856 1.020000 -1.302941
      vertex -0.803708 1.020000 -1.308709
    endloop
  endfacet
  facet normal 0.000000 1.000000 0.000000
    outer loop
      vertex -0.805000 -1.020000 -1.300000
      vertex -0.563268 -1.020000 -0.712388
      vertex -0.375000 -1.020000 -0.900000
    endloop
  endfacet
  facet normal -0.000000 -1.000000 -0.000000
    outer loop
      vertex -0.375000 -1.020000 -0.900000
      vertex -0.563268 -1.020000 -0.712388
      vertex -0.805000 -1.020000 -1.300000
    endloop
  endfacet
  facet normal 0.000000 -1.000000 0.000000
    outer loop
      vertex -0.805000 1.020000 -1.300000
      vertex -0.375000 1.020000 -0.900000
      vertex -0.563268 1.020000 -0.712388
    endloop
  endfacet
  facet normal -0.000000 1.000000 -0.000000
    outer loop
      vertex -0.563268 1.020000 -0.712388
      vertex -0.375000 1.020000 -0.900000
      vertex -0.805000 1.020000 -1.300000
    endloop
  endfacet
  facet normal 0.000000 1.000000 0.000000
    outer loop
      vertex -0.805000 -1.020000 -1.300000
      vertex -0.575000 -1.020000 -0.706603
      vertex -0.563268 -1.020000 -0.712388
    endloop
  endfacet
  facet normal -0.000000 -1.000000 -0.000000
    outer loop
      vertex -0.563268 -1.020000 -0.712388
      vertex -0.575000 -1.020000 -0.706603
      vertex -0.805000 -1.020000 -1.300000
    endloop
  endfacet
  facet normal 0.000000 -1.000000 0.000000
    outer loop
      vertex -0.805000 1.020000 -1.300000
      vertex -0.563268 1.020000 -0.712388
      vertex -0.575000 1.020000 -0.706603
    endloop
  endfacet
  facet normal -0.000000 1.000000 -0.000000
    outer loop
      vertex -0.575000 1.020000 -0.706603
      vertex -0.563268 1.020000 -0.712388
      vertex -0.805000 1.020000 -1.300000
    endloop
  endfacet
  facet normal 0.000000 1.000000 0.000000
    outer loop
      vertex -0.805000 -1.020000 -1.300000
      vertex -0.585876 -1.020000 -0.699335
      vertex -0.575000 -1.020000 -0.706603
    endloop
  endfacet
  facet normal -0.000000 -1.000000 -0.000000
    outer loop
      vertex -0.575000 -1.020000 -0.706603
      vertex -0.585876 -1.020000 -0.699335
      vertex -0.805000 -1.020000 -1.300000
    endloop
  endfacet
  facet normal 0.000000 -1.000000 0.000000
    outer loop
      vertex -0.805000 1.020000 -1.300000
      vertex -0.575000 1.020000 -0.706603
      vertex -0.585876 1.020000 -0.699335
    endloop
  endfacet
  facet normal -0.000000 1.000000 -0.000000
    outer loop
      vertex -0.585876 1.020000 -0.699335
      vertex -0.575000 1.020000 -0.706603
      vertex -0.805000 1.020000 -1.300000
    endloop
  endfacet
  facet normal 0.000000 1.000000 0.000000
    outer loop
      vertex -0.805000 -1.020000 -1.300000
      vertex -0.595711 -1.020000 -0.690711
      vertex -0.585876 -1.020000 -0.699335
    endloop
  endfacet
  facet normal -0.000000 -1.000000 -0.000000
    outer loop
      vertex -0.585876 -1.020000 -0.699335
      vertex -0.595711 -1.020000 -0.690711
      vertex -0.805000 -1.020000 -1.300000
    endloop
  endfacet
  facet normal 0.000000 -1.000000 0.000000
    outer loop
      vertex -0.805000 1.020000 -1.300000
      vertex -0.585876 1.020000 -0.699335
      vertex -0.595711 1.020000 -0.690711
    endloop
  endfacet
  facet normal -0.000000 1.000000 -0.000000
    outer loop
      vertex -0.595711 1.020000 -0.690711
      vertex -0.585876 1.020000 -0.699335
      vertex -0.805000 1.020000 -1.300000
    endloop
  endfacet
  facet normal 0.000000 1.000000 0.000000
    outer loop
      vertex -0.805000 -1.020000 -1.300000
      vertex -0.604335 -1.020000 -0.680876
      vertex -0.595711 -1.020000 -0.690711
    endloop
  endfacet
  facet normal -0.000000 -1.000000 -0.000000
    outer loop
      vertex -0.595711 -1.020000 -0.690711
      vertex -0.604335 -1.020000 -0.680876
      vertex -0.805000 -1.020000 -1.300000
    endloop
  endfacet
  facet normal 0.000000 -1.000000 0.000000
    outer loop
      vertex -0.805000 1.020000 -1.300000
      vertex -0.595711 1.020000 -0.690711
      vertex -0.604335 1.020000 -0.680876
    endloop
  endfacet
  facet normal -0.000000 1.000000 -0.000000
    outer loop
      vertex -0.604335 1.020000 -0.680876
      vertex -0.595711 1.020000 -0.690711
      vertex -0.805000 1.020000 -1.300000
    endloop
  endfacet
  facet normal 0.000000 1.000000 0.000000
    outer loop
      vertex -0.805000 -1.020000 -1.300000
      vertex -0.611603 -1.020000 -0.670000
      vertex -0.604335 -1.020000 -0.680876
    endloop
  endfacet
  facet normal -0.000000 -1.000000 -0.000000
    outer loop
      vertex -0.604335 -1.020000 -0.680876
      vertex -0.611603 -1.020000 -0.670000
      vertex -0.805000 -1.020000 -1.300000
    endloop
  endfacet
  facet normal 0.000000 -1.000000 0.000000
    outer loop
      vertex -0.805000 1.020000 -1.300000
      vertex -0.604335 1.020000 -0.680876
      vertex -0.611603 1.020000 -0.670000
    endloop
  endfacet
  facet normal -0.000000 1.000000 -0.000000
    outer loop
      vertex -0.611603 1.020000 -0.670000
      vertex -0.604335 1.020000 -0.680876
      vertex -0.805000 1.020000 -1.300000
    endloop
  endfacet
  facet normal 0.000000 1.000000 0.000000
    outer loop
      vertex -0.805000 -1.020000 -1.300000
      vertex -0.617388 -1.020000 -0.658268
      vertex -0.611603 -1.020000 -0.670000
    endloop
  endfacet
  facet normal -0.000000 -1.000000 -0.000000
    outer loop
      vertex -0.611603 -1.020000 -0.670000
      vertex -0.617388 -1.020000 -0.658268
      vertex -0.805000 -1.020000 -1.300000
    endloop
  endfacet
  facet normal 0.000000 -1.000000 0.000000
    outer loop
      vertex -0.805000 1.020000 -1.300000
      vertex -0.611603 1.020000 -0.670000
      vertex -0.617388 1.020000 -0.658268
    endloop
  endfacet
  facet normal -0.000000 1.000000 -0.000000
    outer loop
      vertex -0.617388 1.020000 -0.658268
      vertex -0.611603 1.020000 -0.670000
      vertex -0.805000 1.020000 -1.300000
    endloop
  endfacet
  facet normal 0.000000 1.000000 0.000000
    outer loop
      vertex -0.805000 -1.020000 -1.300000
      vertex -0.621593 -1.020000 -0.645882
      vertex -0.617388 -1.020000 -0.658268
    endloop
  endfacet
  facet normal -0.000000 -1.000000 -0.000000
    outer loop
      vertex -0.617388 -1.020000 -0.658268
      vertex -0.621593 -1.020000 -0.645882
      vertex -0.805000 -1.020000 -1.300000
    endloop
  endfacet
  facet normal 0.000000 -1.000000 0.000000
    outer loop
      vertex -0.805000 1.020000 -1.300000
      vertex -0.617388 1.020000 -0.658268
      vertex -0.621593 1.020000 -0.645882
    endloop
  endfacet
  facet normal -0.000000 1.000000 -0.000000
    outer loop
      vertex -0.621593 1.020000 -0.645882
      vertex -0.617388 1.020000 -0.658268
      vertex -0.805000 1.020000 -1.300000
    endloop
  endfacet
  facet normal 0.000000 1.000000 0.000000
    outer loop
      vertex -0.805000 -1.020000 -1.300000
      vertex -0.624144 -1.020000 -0.633053
      vertex -0.621593 -1.020000 -0.645882
    endloop
  endfacet
  facet normal -0.000000 -1.000000 -0.000000
    outer loop
      vertex -0.621593 -1.020000 -0.645882
      vertex -0.624144 -1.020000 -0.633053
      vertex -0.805000 -1.020000 -1.300000
    endloop
  endfacet
  facet normal 0.000000 -1.000000 0.000000
    outer loop
      vertex -0.805000 1.020000 -1.300000
      vertex -0.621593 1.020000 -0.645882
      vertex -0.624144 1.020000 -0.633053
    endloop
  endfacet
  facet normal -0.000000 1.000000 -0.000000
    outer loop
      vertex -0.624144 1.020000 -0.633053
      vertex -0.621593 1.020000 -0.645882
      vertex -0.805000 1.020000 -1.300000
    endloop
  endfacet
  facet normal 0.000000 1.000000 0.000000
    outer loop
      vertex -0.805000 -1.020000 -1.300000
      vertex -0.625000 -1.020000 -0.620000
      vertex -0.624144 -1.020000 -0.633053
    endloop
  endfacet
  facet normal -0.000000 -1.000000 -0.000000
    outer loop
      vertex -0.624144 -1.020000 -0.633053
      vertex -0.625000 -1.020000 -0.620000
      vertex -0.805000 -1.020000 -1.300000
    endloop
  endfacet
  facet normal 0.000000 -1.000000 0.000000
    outer loop
      vertex -0.805000 1.020000 -1.300000
      vertex -0.624144 1.020000 -0.633053
      vertex -0.625000 1.020000 -0.620000
    endloop
  endfacet
  facet normal -0.000000 1.000000 -0.000000
    outer loop
      vertex -0.625000 1.020000 -0.620000
      vertex -0.624144 1.020000 -0.633053
      vertex -0.805000 1.020000 -1.300000
    endloop
  endfacet
  facet normal 0.000000 1.000000 0.000000
    outer loop
      vertex -0.805000 -1.020000 -1.300000
      vertex -0.624144 -1.020000 -0.606947
      vertex -0.625000 -1.020000 -0.620000
    endloop
  endfacet
  facet normal -0.000000 -1.000000 -0.000000
    outer loop
      vertex -0.625000 -1.020000 -0.620000
      vertex -0.624144 -1.020000 -0.606947
      vertex -0.805000 -1.020000 -1.300000
    endloop
  endfacet
  facet normal 0.000000 -1.000000 0.000000
    outer loop
      vertex -0.805000 1.020000 -1.300000
      vertex -0.625000 1.020000 -0.620000
      vertex -0.624144 1.020000 -0.606947
    endloop
  endfacet
  facet normal -0.000000 1.000000 -0.000000
    outer loop
      vertex -0.624144 1.020000 -0.606947
      vertex -0.625000 1.020000 -0.620000
      vertex -0.805000 1.020000 -1.300000
    endloop
  endfacet
  facet normal 0.000000 1.000000 0.000000
    outer loop
      vertex -0.805000 -1.020000 -1.300000
      vertex -0.802126 -1.020000 0.623595
      vertex -0.624144 -1.020000 -0.606947
    endloop
  endfacet
  facet normal -0.000000 -1.000000 -0.000000
    outer loop
      vertex -0.624144 -1.020000 -0.606947
      vertex -0.802126 -1.020000 0.623595
      vertex -0.805000 -1.020000 -1.300000
    endloop
  endfacet
  facet normal 0.000000 -1.000000 0.000000
    outer loop
      vertex -0.805000 1.020000 -1.300000
      vertex -0.624144 1.020000 -0.606947
      vertex -0.802126 1.020000 0.623595
    endloop
  endfacet
  facet normal -0.000000 1.000000 -0.000000
    outer loop
      vertex -0.802126 1.020000 0.623595
      vertex -0.624144 1.020000 -0.606947
      vertex -0.805000 1.020000 -1.300000
    endloop
  endfacet
  facet normal 0.000000 1.000000 0.000000
    outer loop
      vertex -0.805000 -1.020000 -1.300000
      vertex -0.805000 -1.020000 0.630534
      vertex -0.802126 -1.020000 0.623595
    endloop
  endfacet
  facet normal -0.000000 -1.000000 -0.000000
    outer loop
      vertex -0.802126 -1.020000 0.623595
      vertex -0.805000 -1.020000 0.630534
      vertex -0.805000 -1.020000 -1.300000
    endloop
  endfacet
  facet normal 0.000000 -1.000000 0.000000
    outer loop
      vertex -0.805000 1.020000 -1.300000
      vertex -0.802126 1.020000 0.623595
      vertex -0.805000 1.020000 0.630534
    endloop
  endfacet
  facet normal -0.000000 1.000000 -0.000000
    outer loop
      vertex -0.805000 1.020000 0.630534
      vertex -0.802126 1.020000 0.623595
      vertex -0.805000 1.020000 -1.300000
    endloop
  endfacet
  facet normal 0.000000 1.000000 0.000000
    outer loop
      vertex -0.805000 -1.020000 0.729466
      vertex -0.805000 -1.020000 1.300000
      vertex -0.802126 -1.020000 0.736405
    endloop
  endfacet
  facet normal -0.000000 -1.000000 -0.000000
    outer loop
      vertex -0.802126 -1.020000 0.736405
      vertex -0.805000 -1.020000 1.300000
      vertex -0.805000 -1.020000 0.729466
    endloop
  endfacet
  facet normal 0.000000 -1.000000 0.000000
    outer loop
      vertex -0.805000 1.020000 0.729466
      vertex -0.802126 1.020000 0.736405
      vertex -0.805000 1.020000 1.300000
    endloop
  endfacet
  facet normal -0.000000 1.000000 -0.000000
    outer loop
      vertex -0.805000 1.020000 1.300000
      vertex -0.802126 1.020000 0.736405
      vertex -0.805000 1.020000 0.729466
    endloop
  endfacet
  facet normal 0.000000 1.000000 0.000000
    outer loop
      vertex -0.805000 -1.020000 1.300000
      vertex -0.795074 -1.020000 0.749164
      vertex -0.802126 -1.020000 0.736405
    endloop
  endfacet
  facet normal -0.000000 -1.000000 -0.000000
    outer loop
      vertex -0.802126 -1.020000 0.736405
      vertex -0.795074 -1.020000 0.749164
      vertex -0.805000 -1.020000 1.300000
    endloop
  endfacet
  facet normal 0.000000 -1.000000 0.000000
    outer loop
      vertex -0.805000 1.020000 1.300000
      vertex -0.802126 1.020000 0.736405
      vertex -0.795074 1.020000 0.749164
    endloop
  endfacet
  facet normal -0.000000 1.000000 -0.000000
    outer loop
      vertex -0.795074 1.020000 0.749164
      vertex -0.802126 1.020000 0.736405
      vertex -0.805000 1.020000 1.300000
    endloop
  endfacet
  facet normal 0.000000 1.000000 0.000000
    outer loop
      vertex -0.805000 -1.020000 1.300000
      vertex -0.786638 -1.020000 0.761054
      vertex -0.795074 -1.020000 0.749164
    endloop
  endfacet
  facet normal -0.000000 -1.000000 -0.000000
    outer loop
      vertex -0.795074 -1.020000 0.749164
      vertex -0.786638 -1.020000 0.761054
      vertex -0.805000 -1.020000 1.300000
    endloop
  endfacet
  facet normal 0.000000 -1.000000 0.000000
    outer loop
      vertex -0.805000 1.020000 1.300000
      vertex -0.795074 1.020000 0.749164
      vertex -0.786638 1.020000 0.761054
    endloop
  endfacet
  facet normal -0.000000 1.000000 -0.000000
    outer loop
      vertex -0.786638 1.020000 0.761054
      vertex -0.795074 1.020000 0.749164
      vertex -0.805000 1.020000 1.300000
    endloop
  endfacet
  facet normal 0.000000 1.000000 0.000000
    outer loop
      vertex -0.805000 -1.020000 1.300000
      vertex -0.776924 -1.020000 0.771924
      vertex -0.786638 -1.020000 0.761054
    endloop
  endfacet
  facet normal -0.000000 -1.000000 -0.000000
    outer loop
      vertex -0.786638 -1.020000 0.761054
      vertex -0.776924 -1.020000 0.771924
      vertex -0.805000 -1.020000 1.300000
    endloop
  endfacet
  facet normal 0.000000 -1.000000 0.000000
    outer loop
      vertex -0.805000 1.020000 1.300000
      vertex -0.786638 1.020000 0.761054
      vertex -0.776924 1.020000 0.771924
    endloop
  endfacet
  facet normal -0.000000 1.000000 -0.000000
    outer loop
      vertex -0.776924 1.020000 0.771924
      vertex -0.786638 1.020000 0.761054
      vertex -0.805000 1.020000 1.300000
    endloop
  endfacet
  facet normal 0.000000 1.000000 0.000000
    outer loop
      vertex -0.805000 -1.020000 1.300000
      vertex -0.766054 -1.020000 0.781638
      vertex -0.776924 -1.020000 0.771924
    endloop
  endfacet
  facet normal -0.000000 -1.000000 -0.000000
    outer loop
      vertex -0.776924 -1.020000 0.771924
      vertex -0.766054 -1.020000 0.781638
      vertex -0.805000 -1.020000 1.300000
    endloop
  endfacet
  facet normal 0.000000 -1.000000 0.000000
    outer loop
      vertex -0.805000 1.020000 1.300000
      vertex -0.776924 1.020000 0.771924
      vertex -0.766054 1.020000 0.781638
    endloop
  endfacet
  facet normal -0.000000 1.000000 -0.000000
    outer loop
      vertex -0.766054 1.020000 0.781638
      vertex -0.776924 1.020000 0.771924
      vertex -0.805000 1.020000 1.300000
    endloop
  endfacet
  facet normal 0.000000 1.000000 0.000000
    outer loop
      vertex -0.805000 -1.020000 1.300000
      vertex -0.754164 -1.020000 0.790074
      vertex -0.766054 -1.020000 0.781638
    endloop
  endfacet
  facet normal -0.000000 -1.000000 -0.000000
    outer loop
      vertex -0.766054 -1.020000 0.781638
      vertex -0.754164 -1.020000 0.790074
      vertex -0.805000 -1.020000 1.300000
    endloop
  endfacet
  facet normal 0.000000 -1.000000 0.000000
    outer loop
      vertex -0.805000 1.020000 1.300000
      vertex -0.766054 1.020000 0.781638
      vertex -0.754164 1.020000 0.790074
    endloop
  endfacet
  facet normal -0.000000 1.000000 -0.000000
    outer loop
      vertex -0.754164 1.020000 0.790074
      vertex -0.766054 1.020000 0.781638
      vertex -0.805000 1.020000 1.300000
    endloop
  endfacet
  facet normal 0.000000 1.000000 0.000000
    outer loop
      vertex -0.805000 -1.020000 1.300000
      vertex -0.741405 -1.020000 0.797126
      vertex -0.754164 -1.020000 0.790074
    endloop
  endfacet
  facet normal -0.000000 -1.000000 -0.000000
    outer loop
      vertex -0.754164 -1.020000 0.790074
      vertex -0.741405 -1.020000 0.797126
      vertex -0.805000 -1.020000 1.300000
    endloop
  endfacet
  facet normal 0.000000 -1.000000 0.000000
    outer loop
      vertex -0.805000 1.020000 1.300000
      vertex -0.754164 1.020000 0.790074
      vertex -0.741405 1.020000 0.797126
    endloop
  endfacet
  facet normal -0.000000 1.000000 -0.000000
    outer loop
      vertex -0.741405 1.020000 0.797126
      vertex -0.754164 1.020000 0.790074
      vertex -0.805000 1.020000 1.300000
    endloop
  endfacet
  facet normal 0.000000 1.000000 0.000000
    outer loop
      vertex -0.805000 -1.020000 1.300000
      vertex -0.727936 -1.020000 0.802705
      vertex -0.741405 -1.020000 0.797126
    endloop
  endfacet
  facet normal -0.000000 -1.000000 -0.000000
    outer loop
      vertex -0.741405 -1.020000 0.797126
      vertex -0.727936 -1.020000 0.802705
      vertex -0.805000 -1.020000 1.300000
    endloop
  endfacet
  facet normal 0.000000 -1.000000 0.000000
    outer loop
      vertex -0.805000 1.020000 1.300000
      vertex -0.741405 1.020000 0.797126
      vertex -0.727936 1.020000 0.802705
    endloop
  endfacet
  facet normal -0.000000 1.000000 -0.000000
    outer loop
      vertex -0.727936 1.020000 0.802705
      vertex -0.741405 1.020000 0.797126
      vertex -0.805000 1.020000 1.300000
    endloop
  endfacet
  facet normal 0.000000 1.000000 0.000000
    outer loop
      vertex -0.805000 -1.020000 1.300000
      vertex -0.713928 -1.020000 0.806741
      vertex -0.727936 -1.020000 0.802705
    endloop
  endfacet
  facet normal -0.000000 -1.000000 -0.000000
    outer loop
      vertex -0.727936 -1.020000 0.802705
      vertex -0.713928 -1.020000 0.806741
      vertex -0.805000 -1.020000 1.300000
    endloop
  endfacet
  facet normal 0.000000 -1.000000 0.000000
    outer loop
      vertex -0.805000 1.020000 1.300000
      vertex -0.727936 1.020000 0.802705
      vertex -0.713928 1.020000 0.806741
    endloop
  endfacet
  facet normal -0.000000 1.000000 -0.000000
    outer loop
      vertex -0.713928 1.020000 0.806741
      vertex -0.727936 1.020000 0.802705
      vertex -0.805000 1.020000 1.300000
    endloop
  endfacet
  facet normal 0.000000 1.000000 0.000000
    outer loop
      vertex -0.805000 -1.020000 1.300000
      vertex -0.699555 -1.020000 0.809183
      vertex -0.713928 -1.020000 0.806741
    endloop
  endfacet
  facet normal -0.000000 -1.000000 -0.000000
    outer loop
      vertex -0.713928 -1.020000 0.806741
      vertex -0.699555 -1.020000 0.809183
      vertex -0.805000 -1.020000 1.300000
    endloop
  endfacet
  facet normal 0.000000 -1.000000 0.000000
    outer loop
      vertex -0.805000 1.020000 1.300000
      vertex -0.713928 1.020000 0.806741
      vertex -0.699555 1.020000 0.809183
    endloop
  endfacet
  facet normal -0.000000 1.000000 -0.000000
    outer loop
      vertex -0.699555 1.020000 0.809183
      vertex -0.713928 1.020000 0.806741
      vertex -0.805000 1.020000 1.300000
    endloop
  endfacet
  facet normal 0.000000 1.000000 0.000000
    outer loop
      vertex -0.805000 -1.020000 1.300000
      vertex -0.685000 -1.020000 0.810000
      vertex -0.699555 -1.020000 0.809183
    endloop
  endfacet
  facet normal -0.000000 -1.000000 -0.000000
    outer loop
      vertex -0.699555 -1.020000 0.809183
      vertex -0.685000 -1.020000 0.810000
      vertex -0.805000 -1.020000 1.300000
    endloop
  endfacet
  facet normal 0.000000 -1.000000 0.000000
    outer loop
      vertex -0.805000 1.020000 1.300000
      vertex -0.699555 1.020000 0.809183
      vertex -0.685000 1.020000 0.810000
    endloop
  endfacet
  facet normal -0.000000 1.000000 -0.000000
    outer loop
      vertex -0.685000 1.020000 0.810000
      vertex -0.699555 1.020000 0.809183
      vertex -0.805000 1.020000 1.300000
    endloop
  endfacet
  facet normal 0.000000 1.000000 0.000000
    outer loop
      vertex -0.805000 -1.020000 1.300000
      vertex -0.670445 -1.020000 0.809183
      vertex -0.685000 -1.020000 0.810000
    endloop
  endfacet
  facet normal -0.000000 -1.000000 -0.000000
    outer loop
      vertex -0.685000 -1.020000 0.810000
      vertex -0.670445 -1.020000 0.809183
      vertex -0.805000 -1.020000 1.300000
    endloop
  endfacet
  facet normal 0.000000 -1.000000 0.000000
    outer loop
      vertex -0.805000 1.020000 1.300000
      vertex -0.685000 1.020000 0.810000
      vertex -0.670445 1.020000 0.809183
    endloop
  endfacet
  facet normal -0.000000 1.000000 -0.000000
    outer loop
      vertex -0.670445 1.020000 0.809183
      vertex -0.685000 1.020000 0.810000
      vertex -0.805000 1.020000 1.300000
    endloop
  endfacet
  facet normal 0.000000 1.000000 0.000000
    outer loop
      vertex -0.805000 -1.020000 1.300000
      vertex -0.656072 -1.020000 0.806741
      vertex -0.670445 -1.020000 0.809183
    endloop
  endfacet
  facet normal -0.000000 -1.000000 -0.000000
    outer loop
      vertex -0.670445 -1.020000 0.809183
      vertex -0.656072 -1.020000 0.806741
      vertex -0.805000 -1.020000 1.300000
    endloop
  endfacet
  facet normal 0.000000 -1.000000 0.000000
    outer loop
      vertex -0.805000 1.020000 1.300000
      vertex -0.670445 1.020000 0.809183
      vertex -0.656072 1.020000 0.806741
    endloop
  endfacet
  facet normal -0.000000 1.000000 -0.000000
    outer loop
      vertex -0.656072 1.020000 0.806741
      vertex -0.670445 1.020000 0.809183
      vertex -0.805000 1.020000 1.300000
    endloop
  endfacet
  facet normal 0.000000 1.000000 0.000000
    outer loop
      vertex -0.805000 -1.020000 1.300000
      vertex -0.375000 -1.020000 0.900000
      vertex -0.656072 -1.020000 0.806741
    endloop
  endfacet
  facet normal -0.000000 -1.000000 -0.000000
    outer loop
      vertex -0.656072 -1.020000 0.806741
      vertex -0.375000 -1.020000 0.900000
      vertex -0.805000 -1.020000 1.300000
    endloop
  endfacet
  facet normal 0.000000 -1.000000 0.000000
    outer loop
      vertex -0.805000 1.020000 1.300000
      vertex -0.656072 1.020000 0.806741
      vertex -0.375000 1.020000 0.900000
    endloop
  endfacet
  facet normal -0.000000 1.000000 -0.000000
    outer loop
      vertex -0.375000 1.020000 0.900000
      vertex -0.656072 1.020000 0.806741
      vertex -0.805000 1.020000 1.300000
    endloop
  endfacet
  facet normal 0.000000 1.000000 0.000000
    outer loop
      vertex -0.375000 -1.020000 0.900000
      vertex -0.642064 -1.020000 0.802705
      vertex -0.656072 -1.020000 0.806741
    endloop
  endfacet
  facet normal -0.000000 -1.000000 -0.000000
    outer loop
      vertex -0.656072 -1.020000 0.806741
      vertex -0.642064 -1.020000 0.802705
      vertex -0.375000 -1.020000 0.900000
    endloop
  endfacet
  facet normal 0.000000 -1.000000 0.000000
    outer loop
      vertex -0.375000 1.020000 0.900000
      vertex -0.656072 1.020000 0.806741
      vertex -0.642064 1.020000 0.802705
    endloop
  endfacet
  facet normal -0.000000 1.000000 -0.000000
    outer loop
      vertex -0.642064 1.020000 0.802705
      vertex -0.656072 1.020000 0.806741
      vertex -0.375000 1.020000 0.900000
    endloop
  endfacet
  facet normal 0.000000 1.000000 0.000000
    outer loop
      vertex -0.375000 -1.020000 0.900000
      vertex -0.628595 -1.020000 0.797126
      vertex -0.642064 -1.020000 0.802705
    endloop
  endfacet
  facet normal -0.000000 -1.000000 -0.000000
    outer loop
      vertex -0.642064 -1.020000 0.802705
      vertex -0.628595 -1.020000 0.797126
      vertex -0.375000 -1.020000 0.900000
    endloop
  endfacet
  facet normal 0.000000 -1.000000 0.000000
    outer loop
      vertex -0.375000 1.020000 0.900000
      vertex -0.642064 1.020000 0.802705
      vertex -0.628595 1.020000 0.797126
    endloop
  endfacet
  facet normal -0.000000 1.000000 -0.000000
    outer loop
      vertex -0.628595 1.020000 0.797126
      vertex -0.642064 1.020000 0.802705
      vertex -0.375000 1.020000 0.900000
    endloop
  endfacet
  facet normal 0.000000 1.000000 0.000000
    outer loop
      vertex -0.375000 -1.020000 0.900000
      vertex -0.615836 -1.020000 0.790074
      vertex -0.628595 -1.020000 0.797126
    endloop
  endfacet
  facet normal -0.000000 -1.000000 -0.000000
    outer loop
      vertex -0.628595 -1.020000 0.797126
      vertex -0.615836 -1.020000 0.790074
      vertex -0.375000 -1.020000 0.900000
    endloop
  endfacet
  facet normal 0.000000 -1.000000 0.000000
    outer loop
      vertex -0.375000 1.020000 0.900000
      vertex -0.628595 1.020000 0.797126
      vertex -0.615836 1.020000 0.790074
    endloop
  endfacet
  facet normal -0.000000 1.000000 -0.000000
    outer loop
      vertex -0.615836 1.020000 0.790074
      vertex -0.628595 1.020000 0.797126
      vertex -0.375000 1.020000 0.900000
    endloop
  endfacet
  facet normal 0.000000 1.000000 0.000000
    outer loop
      vertex -0.375000 -1.020000 0.900000
      vertex -0.603946 -1.020000 0.781638
      vertex -0.615836 -1.020000 0.790074
    endloop
  endfacet
  facet normal -0.000000 -1.000000 -0.000000
    outer loop
      vertex -0.615836 -1.020000 0.790074
      vertex -0.603946 -1.020000 0.781638
      vertex -0.375000 -1.020000 0.900000
    endloop
  endfacet
  facet normal 0.000000 -1.000000 0.000000
    outer loop
      vertex -0.375000 1.020000 0.900000
      vertex -0.615836 1.020000 0.790074
      vertex -0.603946 1.020000 0.781638
    endloop
  endfacet
  facet normal -0.000000 1.000000 -0.000000
    outer loop
      vertex -0.603946 1.020000 0.781638
      vertex -0.615836 1.020000 0.790074
      vertex -0.375000 1.020000 0.900000
    endloop
  endfacet
  facet normal 0.000000 1.000000 0.000000
    outer loop
      vertex -0.375000 -1.020000 0.900000
      vertex -0.593076 -1.020000 0.771924
      vertex -0.603946 -1.020000 0.781638
    endloop
  endfacet
  facet normal -0.000000 -1.000000 -0.000000
    outer loop
      vertex -0.603946 -1.020000 0.781638
      vertex -0.593076 -1.020000 0.771924
      vertex -0.375000 -1.020000 0.900000
    endloop
  endfacet
  facet normal 0.000000 -1.000000 0.000000
    outer loop
      vertex -0.375000 1.020000 0.900000
      vertex -0.603946 1.020000 0.781638
      vertex -0.593076 1.020000 0.771924
    endloop
  endfacet
  facet normal -0.000000 1.000000 -0.000000
    outer loop
      vertex -0.593076 1.020000 0.771924
      vertex -0.603946 1.020000 0.781638
      vertex -0.375000 1.020000 0.900000
    endloop
  endfacet
  facet normal 0.000000 1.000000 0.000000
    outer loop
      vertex -0.375000 -1.020000 0.900000
      vertex -0.583362 -1.020000 0.761054
      vertex -0.593076 -1.020000 0.771924
    endloop
  endfacet
  facet normal -0.000000 -1.000000 -0.000000
    outer loop
      vertex -0.593076 -1.020000 0.771924
      vertex -0.583362 -1.020000 0.761054
      vertex -0.375000 -1.020000 0.900000
    endloop
  endfacet
  facet normal 0.000000 -1.000000 0.000000
    outer loop
      vertex -0.375000 1.020000 0.900000
      vertex -0.593076 1.020000 0.771924
      vertex -0.583362 1.020000 0.761054
    endloop
  endfacet
  facet normal -0.000000 1.000000 -0.000000
    outer loop
      vertex -0.583362 1.020000 0.761054
      vertex -0.593076 1.020000 0.771924
      vertex -0.375000 1.020000 0.900000
    endloop
  endfacet
  facet normal 0.000000 1.000000 0.000000
    outer loop
      vertex -0.375000 -1.020000 0.900000
      vertex -0.574926 -1.020000 0.749164
      vertex -0.583362 -1.020000 0.761054
    endloop
  endfacet
  facet normal -0.000000 -1.000000 -0.000000
    outer loop
      vertex -0.583362 -1.020000 0.761054
      vertex -0.574926 -1.020000 0.749164
      vertex -0.375000 -1.020000 0.900000
    endloop
  endfacet
  facet normal 0.000000 -1.000000 0.000000
    outer loop
      vertex -0.375000 1.020000 0.900000
      vertex -0.583362 1.020000 0.761054
      vertex -0.574926 1.020000 0.749164
    endloop
  endfacet
  facet normal -0.000000 1.000000 -0.000000
    outer loop
      vertex -0.574926 1.020000 0.749164
      vertex -0.583362 1.020000 0.761054
      vertex -0.375000 1.020000 0.900000
    endloop
  endfacet
  facet normal 0.000000 1.000000 0.000000
    outer loop
      vertex -0.375000 -1.020000 0.900000
      vertex -0.567874 -1.020000 0.736405
      vertex -0.574926 -1.020000 0.749164
    endloop
  endfacet
  facet normal -0.000000 -1.000000 -0.000000
    outer loop
      vertex -0.574926 -1.020000 0.749164
      vertex -0.567874 -1.020000 0.736405
      vertex -0.375000 -1.020000 0.900000
    endloop
  endfacet
  facet normal 0.000000 -1.000000 0.000000
    outer loop
      vertex -0.375000 1.020000 0.900000
      vertex -0.574926 1.020000 0.749164
      vertex -0.567874 1.020000 0.736405
    endloop
  endfacet
  facet normal -0.000000 1.000000 -0.000000
    outer loop
      vertex -0.567874 1.020000 0.736405
      vertex -0.574926 1.020000 0.749164
      vertex -0.375000 1.020000 0.900000
    endloop
  endfacet
  facet normal 0.000000 1.000000 0.000000
    outer loop
      vertex -0.375000 -1.020000 0.900000
      vertex -0.562295 -1.020000 0.722936
      vertex -0.567874 -1.020000 0.736405
    endloop
  endfacet
  facet normal -0.000000 -1.000000 -0.000000
    outer loop
      vertex -0.567874 -1.020000 0.736405
      vertex -0.562295 -1.020000 0.722936
      vertex -0.375000 -1.020000 0.900000
    endloop
  endfacet
  facet normal 0.000000 -1.000000 0.000000
    outer loop
      vertex -0.375000 1.020000 0.900000
      vertex -0.567874 1.020000 0.736405
      vertex -0.562295 1.020000 0.722936
    endloop
  endfacet
  facet normal -0.000000 1.000000 -0.000000
    outer loop
      vertex -0.562295 1.020000 0.722936
      vertex -0.567874 1.020000 0.736405
      vertex -0.375000 1.020000 0.900000
    endloop
  endfacet
  facet normal 0.000000 1.000000 0.000000
    outer loop
      vertex -0.375000 -1.020000 0.900000
      vertex -0.558259 -1.020000 0.708928
      vertex -0.562295 -1.020000 0.722936
    endloop
  endfacet
  facet normal -0.000000 -1.000000 -0.000000
    outer loop
      vertex -0.562295 -1.020000 0.722936
      vertex -0.558259 -1.020000 0.708928
      vertex -0.375000 -1.020000 0.900000
    endloop
  endfacet
  facet normal 0.000000 -1.000000 0.000000
    outer loop
      vertex -0.375000 1.020000 0.900000
      vertex -0.562295 1.020000 0.722936
      vertex -0.558259 1.020000 0.708928
    endloop
  endfacet
  facet normal -0.000000 1.000000 -0.000000
    outer loop
      vertex -0.558259 1.020000 0.708928
      vertex -0.562295 1.020000 0.722936
      vertex -0.375000 1.020000 0.900000
    endloop
  endfacet
  facet normal 0.000000 1.000000 0.000000
    outer loop
      vertex -0.375000 -1.020000 0.900000
      vertex -0.555817 -1.020000 0.694555
      vertex -0.558259 -1.020000 0.708928
    endloop
  endfacet
  facet normal -0.000000 -1.000000 -0.000000
    outer loop
      vertex -0.558259 -1.020000 0.708928
      vertex -0.555817 -1.020000 0.694555
      vertex -0.375000 -1.020000 0.900000
    endloop
  endfacet
  facet normal 0.000000 -1.000000 0.000000
    outer loop
      vertex -0.375000 1.020000 0.900000
      vertex -0.558259 1.020000 0.708928
      vertex -0.555817 1.020000 0.694555
    endloop
  endfacet
  facet normal -0.000000 1.000000 -0.000000
    outer loop
      vertex -0.555817 1.020000 0.694555
      vertex -0.558259 1.020000 0.708928
      vertex -0.375000 1.020000 0.900000
    endloop
  endfacet
  facet normal 0.000000 1.000000 0.000000
    outer loop
      vertex -0.375000 -1.020000 0.900000
      vertex -0.555000 -1.020000 0.680000
      vertex -0.555817 -1.020000 0.694555
    endloop
  endfacet
  facet normal -0.000000 -1.000000 -0.000000
    outer loop
      vertex -0.555817 -1.020000 0.694555
      vertex -0.555000 -1.020000 0.680000
      vertex -0.375000 -1.020000 0.900000
    endloop
  endfacet
  facet normal 0.000000 -1.000000 0.000000
    outer loop
      vertex -0.375000 1.020000 0.900000
      vertex -0.555817 1.020000 0.694555
      vertex -0.555000 1.020000 0.680000
    endloop
  endfacet
  facet normal -0.000000 1.000000 -0.000000
    outer loop
      vertex -0.555000 1.020000 0.680000
      vertex -0.555817 1.020000 0.694555
      vertex -0.375000 1.020000 0.900000
    endloop
  endfacet
  facet normal 0.000000 1.000000 0.000000
    outer loop
      vertex -0.375000 -1.020000 0.900000
      vertex -0.555817 -1.020000 0.665445
      vertex -0.555000 -1.020000 0.680000
    endloop
  endfacet
  facet normal -0.000000 -1.000000 -0.000000
    outer loop
      vertex -0.555000 -1.020000 0.680000
      vertex -0.555817 -1.020000 0.665445
      vertex -0.375000 -1.020000 0.900000
    endloop
  endfacet
  facet normal 0.000000 -1.000000 0.000000
    outer loop
      vertex -0.375000 1.020000 0.900000
      vertex -0.555000 1.020000 0.680000
      vertex -0.555817 1.020000 0.665445
    endloop
  endfacet
  facet normal -0.000000 1.000000 -0.000000
    outer loop
      vertex -0.555817 1.020000 0.665445
      vertex -0.555000 1.020000 0.680000
      vertex -0.375000 1.020000 0.900000
    endloop
  endfacet
  facet normal 0.000000 1.000000 0.000000
    outer loop
      vertex -0.375000 -1.020000 0.900000
      vertex -0.558259 -1.020000 0.651072
      vertex -0.555817 -1.020000 0.665445
    endloop
  endfacet
  facet normal -0.000000 -1.000000 -0.000000
    outer loop
      vertex -0.555817 -1.020000 0.665445
      vertex -0.558259 -1.020000 0.651072
      vertex -0.375000 -1.020000 0.900000
    endloop
  endfacet
  facet normal 0.000000 -1.000000 0.000000
    outer loop
      vertex -0.375000 1.020000 0.900000
      vertex -0.555817 1.020000 0.665445
      vertex -0.558259 1.020000 0.651072
    endloop
  endfacet
  facet normal -0.000000 1.000000 -0.000000
    outer loop
      vertex -0.558259 1.020000 0.651072
      vertex -0.555817 1.020000 0.665445
      vertex -0.375000 1.020000 0.900000
    endloop
  endfacet
  facet normal -0.000000 1.000000 0.000000
    outer loop
      vertex -0.375000 -1.020000 0.900000
      vertex -0.020000 -1.020000 0.900000
      vertex -0.558259 -1.020000 0.651072
    endloop
  endfacet
  facet normal 0.000000 -1.000000 -0.000000
    outer loop
      vertex -0.558259 -1.020000 0.651072
      vertex -0.020000 -1.020000 0.900000
      vertex -0.375000 -1.020000 0.900000
    endloop
  endfacet
  facet normal 0.000000 -1.000000 -0.000000
    outer loop
      vertex -0.375000 1.020000 0.900000
      vertex -0.558259 1.020000 0.651072
      vertex -0.020000 1.020000 0.900000
    endloop
  endfacet
  facet normal -0.000000 1.000000 0.000000
    outer loop
      vertex -0.020000 1.020000 0.900000
      vertex -0.558259 1.020000 0.651072
      vertex -0.375000 1.020000 0.900000
    endloop
  endfacet
  facet normal 0.000000 1.000000 0.000000
    outer loop
      vertex -0.020000 -1.020000 0.900000
      vertex -0.464124 -1.020000 -0.540665
      vertex -0.583362 -1.020000 0.598946
    endloop
  endfacet
  facet normal -0.000000 -1.000000 -0.000000
    outer loop
      vertex -0.583362 -1.020000 0.598946
      vertex -0.464124 -1.020000 -0.540665
      vertex -0.020000 -1.020000 0.900000
    endloop
  endfacet
  facet normal 0.000000 -1.000000 0.000000
    outer loop
      vertex -0.020000 1.020000 0.900000
      vertex -0.583362 1.020000 0.598946
      vertex -0.464124 1.020000 -0.540665
    endloop
  endfacet
  facet normal -0.000000 1.000000 -0.000000
    outer loop
      vertex -0.464124 1.020000 -0.540665
      vertex -0.583362 1.020000 0.598946
      vertex -0.020000 1.020000 0.900000
    endloop
  endfacet
  facet normal 0.000000 1.000000 0.000000
    outer loop
      vertex -0.375000 -1.020000 -0.900000
      vertex -0.432612 -1.020000 -0.658268
      vertex -0.428407 -1.020000 -0.645882
    endloop
  endfacet
  facet normal -0.000000 -1.000000 -0.000000
    outer loop
      vertex -0.428407 -1.020000 -0.645882
      vertex -0.432612 -1.020000 -0.658268
      vertex -0.375000 -1.020000 -0.900000
    endloop
  endfacet
  facet normal 0.000000 -1.000000 0.000000
    outer loop
      vertex -0.375000 1.020000 -0.900000
      vertex -0.428407 1.020000 -0.645882
      vertex -0.432612 1.020000 -0.658268
    endloop
  endfacet
  facet normal -0.000000 1.000000 -0.000000
    outer loop
      vertex -0.432612 1.020000 -0.658268
      vertex -0.428407 1.020000 -0.645882
      vertex -0.375000 1.020000 -0.900000
    endloop
  endfacet
  facet normal 0.000000 1.000000 0.000000
    outer loop
      vertex -0.375000 -1.020000 -0.900000
      vertex -0.438397 -1.020000 -0.670000
      vertex -0.432612 -1.020000 -0.658268
    endloop
  endfacet
  facet normal -0.000000 -1.000000 -0.000000
    outer loop
      vertex -0.432612 -1.020000 -0.658268
      vertex -0.438397 -1.020000 -0.670000
      vertex -0.375000 -1.020000 -0.900000
    endloop
  endfacet
  facet normal 0.000000 -1.000000 0.000000
    outer loop
      vertex -0.375000 1.020000 -0.900000
      vertex -0.432612 1.020000 -0.658268
      vertex -0.438397 1.020000 -0.670000
    endloop
  endfacet
  facet normal -0.000000 1.000000 -0.000000
    outer loop
      vertex -0.438397 1.020000 -0.670000
      vertex -0.432612 1.020000 -0.658268
      vertex -0.375000 1.020000 -0.900000
    endloop
  endfacet
  facet normal 0.000000 1.000000 0.000000
    outer loop
      vertex -0.375000 -1.020000 -0.900000
      vertex -0.445665 -1.020000 -0.680876
      vertex -0.438397 -1.020000 -0.670000
    endloop
  endfacet
  facet normal -0.000000 -1.000000 -0.000000
    outer loop
      vertex -0.438397 -1.020000 -0.670000
      vertex -0.445665 -1.020000 -0.680876
      vertex -0.375000 -1.020000 -0.900000
    endloop
  endfacet
  facet normal 0.000000 -1.000000 0.000000
    outer loop
      vertex -0.375000 1.020000 -0.900000
      vertex -0.438397 1.020000 -0.670000
      vertex -0.445665 1.020000 -0.680876
    endloop
  endfacet
  facet normal -0.000000 1.000000 -0.000000
    outer loop
      vertex -0.445665 1.020000 -0.680876
      vertex -0.438397 1.020000 -0.670000
      vertex -0.375000 1.020000 -0.900000
    endloop
  endfacet
  facet normal 0.000000 1.000000 0.000000
    outer loop
      vertex -0.375000 -1.020000 -0.900000
      vertex -0.454289 -1.020000 -0.690711
      vertex -0.445665 -1.020000 -0.680876
    endloop
  endfacet
  facet normal -0.000000 -1.000000 -0.000000
    outer loop
      vertex -0.445665 -1.020000 -0.680876
      vertex -0.454289 -1.020000 -0.690711
      vertex -0.375000 -1.020000 -0.900000
    endloop
  endfacet
  facet normal 0.000000 -1.000000 0.000000
    outer loop
      vertex -0.375000 1.020000 -0.900000
      vertex -0.445665 1.020000 -0.680876
      vertex -0.454289 1.020000 -0.690711
    endloop
  endfacet
  facet normal -0.000000 1.000000 -0.000000
    outer loop
      vertex -0.454289 1.020000 -0.690711
      vertex -0.445665 1.020000 -0.680876
      vertex -0.375000 1.020000 -0.900000
    endloop
  endfacet
  facet normal 0.000000 1.000000 0.000000
    outer loop
      vertex -0.375000 -1.020000 -0.900000
      vertex -0.464124 -1.020000 -0.699335
      vertex -0.454289 -1.020000 -0.690711
    endloop
  endfacet
  facet normal -0.000000 -1.000000 -0.000000
    outer loop
      vertex -0.454289 -1.020000 -0.690711
      vertex -0.464124 -1.020000 -0.699335
      vertex -0.375000 -1.020000 -0.900000
    endloop
  endfacet
  facet normal 0.000000 -1.000000 0.000000
    outer loop
      vertex -0.375000 1.020000 -0.900000
      vertex -0.454289 1.020000 -0.690711
      vertex -0.464124 1.020000 -0.699335
    endloop
  endfacet
  facet normal -0.000000 1.000000 -0.000000
    outer loop
      vertex -0.464124 1.020000 -0.699335
      vertex -0.454289 1.020000 -0.690711
      vertex -0.375000 1.020000 -0.900000
    endloop
  endfacet
  facet normal 0.000000 1.000000 0.000000
    outer loop
      vertex -0.375000 -1.020000 -0.900000
      vertex -0.475000 -1.020000 -0.706603
      vertex -0.464124 -1.020000 -0.699335
    endloop
  endfacet
  facet normal -0.000000 -1.000000 -0.000000
    outer loop
      vertex -0.464124 -1.020000 -0.699335
      vertex -0.475000 -1.020000 -0.706603
      vertex -0.375000 -1.020000 -0.900000
    endloop
  endfacet
  facet normal 0.000000 -1.000000 0.000000
    outer loop
      vertex -0.375000 1.020000 -0.900000
      vertex -0.464124 1.020000 -0.699335
      vertex -0.475000 1.020000 -0.706603
    endloop
  endfacet
  facet normal -0.000000 1.000000 -0.000000
    outer loop
      vertex -0.475000 1.020000 -0.706603
      vertex -0.464124 1.020000 -0.699335
      vertex -0.375000 1.020000 -0.900000
    endloop
  endfacet
  facet normal 0.000000 1.000000 0.000000
    outer loop
      vertex -0.375000 -1.020000 -0.900000
      vertex -0.486732 -1.020000 -0.712388
      vertex -0.475000 -1.020000 -0.706603
    endloop
  endfacet
  facet normal -0.000000 -1.000000 -0.000000
    outer loop
      vertex -0.475000 -1.020000 -0.706603
      vertex -0.486732 -1.020000 -0.712388
      vertex -0.375000 -1.020000 -0.900000
    endloop
  endfacet
  facet normal 0.000000 -1.000000 0.000000
    outer loop
      vertex -0.375000 1.020000 -0.900000
      vertex -0.475000 1.020000 -0.706603
      vertex -0.486732 1.020000 -0.712388
    endloop
  endfacet
  facet normal -0.000000 1.000000 -0.000000
    outer loop
      vertex -0.486732 1.020000 -0.712388
      vertex -0.475000 1.020000 -0.706603
      vertex -0.375000 1.020000 -0.900000
    endloop
  endfacet
  facet normal 0.000000 1.000000 0.000000
    outer loop
      vertex -0.375000 -1.020000 -0.900000
      vertex -0.499118 -1.020000 -0.716593
      vertex -0.486732 -1.020000 -0.712388
    endloop
  endfacet
  facet normal -0.000000 -1.000000 -0.000000
    outer loop
      vertex -0.486732 -1.020000 -0.712388
      vertex -0.499118 -1.020000 -0.716593
      vertex -0.375000 -1.020000 -0.900000
    endloop
  endfacet
  facet normal 0.000000 -1.000000 0.000000
    outer loop
      vertex -0.375000 1.020000 -0.900000
      vertex -0.486732 1.020000 -0.712388
      vertex -0.499118 1.020000 -0.716593
    endloop
  endfacet
  facet normal -0.000000 1.000000 -0.000000
    outer loop
      vertex -0.499118 1.020000 -0.716593
      vertex -0.486732 1.020000 -0.712388
      vertex -0.375000 1.020000 -0.900000
    endloop
  endfacet
  facet normal 0.000000 1.000000 0.000000
    outer loop
      vertex -0.375000 -1.020000 -0.900000
      vertex -0.511947 -1.020000 -0.719144
      vertex -0.499118 -1.020000 -0.716593
    endloop
  endfacet
  facet normal -0.000000 -1.000000 -0.000000
    outer loop
      vertex -0.499118 -1.020000 -0.716593
      vertex -0.511947 -1.020000 -0.719144
      vertex -0.375000 -1.020000 -0.900000
    endloop
  endfacet
  facet normal 0.000000 -1.000000 0.000000
    outer loop
      vertex -0.375000 1.020000 -0.900000
      vertex -0.499118 1.020000 -0.716593
      vertex -0.511947 1.020000 -0.719144
    endloop
  endfacet
  facet normal -0.000000 1.000000 -0.000000
    outer loop
      vertex -0.511947 1.020000 -0.719144
      vertex -0.499118 1.020000 -0.716593
      vertex -0.375000 1.020000 -0.900000
    endloop
  endfacet
  facet normal 0.000000 1.000000 0.000000
    outer loop
      vertex -0.375000 -1.020000 -0.900000
      vertex -0.525000 -1.020000 -0.720000
      vertex -0.511947 -1.020000 -0.719144
    endloop
  endfacet
  facet normal -0.000000 -1.000000 -0.000000
    outer loop
      vertex -0.511947 -1.020000 -0.719144
      vertex -0.525000 -1.020000 -0.720000
      vertex -0.375000 -1.020000 -0.900000
    endloop
  endfacet
  facet normal 0.000000 -1.000000 0.000000
    outer loop
      vertex -0.375000 1.020000 -0.900000
      vertex -0.511947 1.020000 -0.719144
      vertex -0.525000 1.020000 -0.720000
    endloop
  endfacet
  facet normal -0.000000 1.000000 -0.000000
    outer loop
      vertex -0.525000 1.020000 -0.720000
      vertex -0.511947 1.020000 -0.719144
      vertex -0.375000 1.020000 -0.900000
    endloop
  endfacet
  facet normal 0.000000 1.000000 0.000000
    outer loop
      vertex -0.375000 -1.020000 -0.900000
      vertex -0.538053 -1.020000 -0.719144
      vertex -0.525000 -1.020000 -0.720000
    endloop
  endfacet
  facet normal -0.000000 -1.000000 -0.000000
    outer loop
      vertex -0.525000 -1.020000 -0.720000
      vertex -0.538053 -1.020000 -0.719144
      vertex -0.375000 -1.020000 -0.900000
    endloop
  endfacet
  facet normal 0.000000 -1.000000 0.000000
    outer loop
      vertex -0.375000 1.020000 -0.900000
      vertex -0.525000 1.020000 -0.720000
      vertex -0.538053 1.020000 -0.719144
    endloop
  endfacet
  facet normal -0.000000 1.000000 -0.000000
    outer loop
      vertex -0.538053 1.020000 -0.719144
      vertex -0.525000 1.020000 -0.720000
      vertex -0.375000 1.020000 -0.900000
    endloop
  endfacet
  facet normal 0.000000 1.000000 0.000000
    outer loop
      vertex -0.375000 -1.020000 -0.900000
      vertex -0.550882 -1.020000 -0.716593
      vertex -0.538053 -1.020000 -0.719144
    endloop
  endfacet
  facet normal -0.000000 -1.000000 -0.000000
    outer loop
      vertex -0.538053 -1.020000 -0.719144
      vertex -0.550882 -1.020000 -0.716593
      vertex -0.375000 -1.020000 -0.900000
    endloop
  endfacet
  facet normal 0.000000 -1.000000 0.000000
    outer loop
      vertex -0.375000 1.020000 -0.900000
      vertex -0.538053 1.020000 -0.719144
      vertex -0.550882 1.020000 -0.716593
    endloop
  endfacet
  facet normal -0.000000 1.000000 -0.000000
    outer loop
      vertex -0.550882 1.020000 -0.716593
      vertex -0.538053 1.020000 -0.719144
      vertex -0.375000 1.020000 -0.900000
    endloop
  endfacet
  facet normal 0.000000 1.000000 0.000000
    outer loop
      vertex -0.375000 -1.020000 -0.900000
      vertex -0.563268 -1.020000 -0.712388
      vertex -0.550882 -1.020000 -0.716593
    endloop
  endfacet
  facet normal -0.000000 -1.000000 -0.000000
    outer loop
      vertex -0.550882 -1.020000 -0.716593
      vertex -0.563268 -1.020000 -0.712388
      vertex -0.375000 -1.020000 -0.900000
    endloop
  endfacet
  facet normal 0.000000 -1.000000 0.000000
    outer loop
      vertex -0.375000 1.020000 -0.900000
      vertex -0.550882 1.020000 -0.716593
      vertex -0.563268 1.020000 -0.712388
    endloop
  endfacet
  facet normal -0.000000 1.000000 -0.000000
    outer loop
      vertex -0.563268 1.020000 -0.712388
      vertex -0.550882 1.020000 -0.716593
      vertex -0.375000 1.020000 -0.900000
    endloop
  endfacet
  facet normal 0.000000 1.000000 -0.000000
    outer loop
      vertex -0.624144 -1.020000 -0.606947
      vertex -0.802126 -1.020000 0.623595
      vertex -0.621593 -1.020000 -0.594118
    endloop
  endfacet
  facet normal -0.000000 -1.000000 0.000000
    outer loop
      vertex -0.621593 -1.020000 -0.594118
      vertex -0.802126 -1.020000 0.623595
      vertex -0.624144 -1.020000 -0.606947
    endloop
  endfacet
  facet normal 0.000000 -1.000000 0.000000
    outer loop
      vertex -0.624144 1.020000 -0.606947
      vertex -0.621593 1.020000 -0.594118
      vertex -0.802126 1.020000 0.623595
    endloop
  endfacet
  facet normal -0.000000 1.000000 -0.000000
    outer loop
      vertex -0.802126 1.020000 0.623595
      vertex -0.621593 1.020000 -0.594118
      vertex -0.624144 1.020000 -0.606947
    endloop
  endfacet
  facet normal 0.000000 1.000000 0.000000
    outer loop
      vertex -0.802126 -1.020000 0.623595
      vertex -0.795074 -1.020000 0.610836
      vertex -0.621593 -1.020000 -0.594118
    endloop
  endfacet
  facet normal -0.000000 -1.000000 -0.000000
    outer loop
      vertex -0.621593 -1.020000 -0.594118
      vertex -0.795074 -1.020000 0.610836
      vertex -0.802126 -1.020000 0.623595
    endloop
  endfacet
  facet normal 0.000000 -1.000000 0.000000
    outer loop
      vertex -0.802126 1.020000 0.623595
      vertex -0.621593 1.020000 -0.594118
      vertex -0.795074 1.020000 0.610836
    endloop
  endfacet
  facet normal -0.000000 1.000000 -0.000000
    outer loop
      vertex -0.795074 1.020000 0.610836
      vertex -0.621593 1.020000 -0.594118
      vertex -0.802126 1.020000 0.623595
    endloop
  endfacet
  facet normal 0.000000 1.000000 0.000000
    outer loop
      vertex -0.795074 -1.020000 0.610836
      vertex -0.617388 -1.020000 -0.581732
      vertex -0.621593 -1.020000 -0.594118
    endloop
  endfacet
  facet normal -0.000000 -1.000000 -0.000000
    outer loop
      vertex -0.621593 -1.020000 -0.594118
      vertex -0.617388 -1.020000 -0.581732
      vertex -0.795074 -1.020000 0.610836
    endloop
  endfacet
  facet normal 0.000000 -1.000000 0.000000
    outer loop
      vertex -0.795074 1.020000 0.610836
      vertex -0.621593 1.020000 -0.594118
      vertex -0.617388 1.020000 -0.581732
    endloop
  endfacet
  facet normal -0.000000 1.000000 -0.000000
    outer loop
      vertex -0.617388 1.020000 -0.581732
      vertex -0.621593 1.020000 -0.594118
      vertex -0.795074 1.020000 0.610836
    endloop
  endfacet
  facet normal 0.000000 1.000000 0.000000
    outer loop
      vertex -0.795074 -1.020000 0.610836
      vertex -0.786638 -1.020000 0.598946
      vertex -0.617388 -1.020000 -0.581732
    endloop
  endfacet
  facet normal -0.000000 -1.000000 -0.000000
    outer loop
      vertex -0.617388 -1.020000 -0.581732
      vertex -0.786638 -1.020000 0.598946
      vertex -0.795074 -1.020000 0.610836
    endloop
  endfacet
  facet normal 0.000000 -1.000000 0.000000
    outer loop
      vertex -0.795074 1.020000 0.610836
      vertex -0.617388 1.020000 -0.581732
      vertex -0.786638 1.020000 0.598946
    endloop
  endfacet
  facet normal -0.000000 1.000000 -0.000000
    outer loop
      vertex -0.786638 1.020000 0.598946
      vertex -0.617388 1.020000 -0.581732
      vertex -0.795074 1.020000 0.610836
    endloop
  endfacet
  facet normal 0.000000 1.000000 0.000000
    outer loop
      vertex -0.786638 -1.020000 0.598946
      vertex -0.776924 -1.020000 0.588076
      vertex -0.617388 -1.020000 -0.581732
    endloop
  endfacet
  facet normal -0.000000 -1.000000 -0.000000
    outer loop
      vertex -0.617388 -1.020000 -0.581732
      vertex -0.776924 -1.020000 0.588076
      vertex -0.786638 -1.020000 0.598946
    endloop
  endfacet
  facet normal 0.000000 -1.000000 0.000000
    outer loop
      vertex -0.786638 1.020000 0.598946
      vertex -0.617388 1.020000 -0.581732
      vertex -0.776924 1.020000 0.588076
    endloop
  endfacet
  facet normal -0.000000 1.000000 -0.000000
    outer loop
      vertex -0.776924 1.020000 0.588076
      vertex -0.617388 1.020000 -0.581732
      vertex -0.786638 1.020000 0.598946
    endloop
  endfacet
  facet normal 0.000000 1.000000 0.000000
    outer loop
      vertex -0.776924 -1.020000 0.588076
      vertex -0.611603 -1.020000 -0.570000
      vertex -0.617388 -1.020000 -0.581732
    endloop
  endfacet
  facet normal -0.000000 -1.000000 -0.000000
    outer loop
      vertex -0.617388 -1.020000 -0.581732
      vertex -0.611603 -1.020000 -0.570000
      vertex -0.776924 -1.020000 0.588076
    endloop
  endfacet
  facet normal 0.000000 -1.000000 0.000000
    outer loop
      vertex -0.776924 1.020000 0.588076
      vertex -0.617388 1.020000 -0.581732
      vertex -0.611603 1.020000 -0.570000
    endloop
  endfacet
  facet normal -0.000000 1.000000 -0.000000
    outer loop
      vertex -0.611603 1.020000 -0.570000
      vertex -0.617388 1.020000 -0.581732
      vertex -0.776924 1.020000 0.588076
    endloop
  endfacet
  facet normal 0.000000 1.000000 0.000000
    outer loop
      vertex -0.776924 -1.020000 0.588076
      vertex -0.766054 -1.020000 0.578362
      vertex -0.611603 -1.020000 -0.570000
    endloop
  endfacet
  facet normal -0.000000 -1.000000 -0.000000
    outer loop
      vertex -0.611603 -1.020000 -0.570000
      vertex -0.766054 -1.020000 0.578362
      vertex -0.776924 -1.020000 0.588076
    endloop
  endfacet
  facet normal 0.000000 -1.000000 0.000000
    outer loop
      vertex -0.776924 1.020000 0.588076
      vertex -0.611603 1.020000 -0.570000
      vertex -0.766054 1.020000 0.578362
    endloop
  endfacet
  facet normal -0.000000 1.000000 -0.000000
    outer loop
      vertex -0.766054 1.020000 0.578362
      vertex -0.611603 1.020000 -0.570000
      vertex -0.776924 1.020000 0.588076
    endloop
  endfacet
  facet normal 0.000000 1.000000 0.000000
    outer loop
      vertex -0.766054 -1.020000 0.578362
      vertex -0.604335 -1.020000 -0.559124
      vertex -0.611603 -1.020000 -0.570000
    endloop
  endfacet
  facet normal -0.000000 -1.000000 -0.000000
    outer loop
      vertex -0.611603 -1.020000 -0.570000
      vertex -0.604335 -1.020000 -0.559124
      vertex -0.766054 -1.020000 0.578362
    endloop
  endfacet
  facet normal 0.000000 -1.000000 0.000000
    outer loop
      vertex -0.766054 1.020000 0.578362
      vertex -0.611603 1.020000 -0.570000
      vertex -0.604335 1.020000 -0.559124
    endloop
  endfacet
  facet normal -0.000000 1.000000 -0.000000
    outer loop
      vertex -0.604335 1.020000 -0.559124
      vertex -0.611603 1.020000 -0.570000
      vertex -0.766054 1.020000 0.578362
    endloop
  endfacet
  facet normal 0.000000 1.000000 0.000000
    outer loop
      vertex -0.766054 -1.020000 0.578362
      vertex -0.754164 -1.020000 0.569926
      vertex -0.604335 -1.020000 -0.559124
    endloop
  endfacet
  facet normal -0.000000 -1.000000 -0.000000
    outer loop
      vertex -0.604335 -1.020000 -0.559124
      vertex -0.754164 -1.020000 0.569926
      vertex -0.766054 -1.020000 0.578362
    endloop
  endfacet
  facet normal 0.000000 -1.000000 0.000000
    outer loop
      vertex -0.766054 1.020000 0.578362
      vertex -0.604335 1.020000 -0.559124
      vertex -0.754164 1.020000 0.569926
    endloop
  endfacet
  facet normal -0.000000 1.000000 -0.000000
    outer loop
      vertex -0.754164 1.020000 0.569926
      vertex -0.604335 1.020000 -0.559124
      vertex -0.766054 1.020000 0.578362
    endloop
  endfacet
  facet normal 0.000000 1.000000 0.000000
    outer loop
      vertex -0.754164 -1.020000 0.569926
      vertex -0.595711 -1.020000 -0.549289
      vertex -0.604335 -1.020000 -0.559124
    endloop
  endfacet
  facet normal -0.000000 -1.000000 -0.000000
    outer loop
      vertex -0.604335 -1.020000 -0.559124
      vertex -0.595711 -1.020000 -0.549289
      vertex -0.754164 -1.020000 0.569926
    endloop
  endfacet
  facet normal 0.000000 -1.000000 0.000000
    outer loop
      vertex -0.754164 1.020000 0.569926
      vertex -0.604335 1.020000 -0.559124
      vertex -0.595711 1.020000 -0.549289
    endloop
  endfacet
  facet normal -0.000000 1.000000 -0.000000
    outer loop
      vertex -0.595711 1.020000 -0.549289
      vertex -0.604335 1.020000 -0.559124
      vertex -0.754164 1.020000 0.569926
    endloop
  endfacet
  facet normal 0.000000 1.000000 0.000000
    outer loop
      vertex -0.754164 -1.020000 0.569926
      vertex -0.741405 -1.020000 0.562874
      vertex -0.595711 -1.020000 -0.549289
    endloop
  endfacet
  facet normal -0.000000 -1.000000 -0.000000
    outer loop
      vertex -0.595711 -1.020000 -0.549289
      vertex -0.741405 -1.020000 0.562874
      vertex -0.754164 -1.020000 0.569926
    endloop
  endfacet
  facet normal 0.000000 -1.000000 0.000000
    outer loop
      vertex -0.754164 1.020000 0.569926
      vertex -0.595711 1.020000 -0.549289
      vertex -0.741405 1.020000 0.562874
    endloop
  endfacet
  facet normal -0.000000 1.000000 -0.000000
    outer loop
      vertex -0.741405 1.020000 0.562874
      vertex -0.595711 1.020000 -0.549289
      vertex -0.754164 1.020000 0.569926
    endloop
  endfacet
  facet normal 0.000000 1.000000 0.000000
    outer loop
      vertex -0.741405 -1.020000 0.562874
      vertex -0.585876 -1.020000 -0.540665
      vertex -0.595711 -1.020000 -0.549289
    endloop
  endfacet
  facet normal -0.000000 -1.000000 -0.000000
    outer loop
      vertex -0.595711 -1.020000 -0.549289
      vertex -0.585876 -1.020000 -0.540665
      vertex -0.741405 -1.020000 0.562874
    endloop
  endfacet
  facet normal 0.000000 -1.000000 0.000000
    outer loop
      vertex -0.741405 1.020000 0.562874
      vertex -0.595711 1.020000 -0.549289
      vertex -0.585876 1.020000 -0.540665
    endloop
  endfacet
  facet normal -0.000000 1.000000 -0.000000
    outer loop
      vertex -0.585876 1.020000 -0.540665
      vertex -0.595711 1.020000 -0.549289
      vertex -0.741405 1.020000 0.562874
    endloop
  endfacet
  facet normal 0.000000 1.000000 0.000000
    outer loop
      vertex -0.741405 -1.020000 0.562874
      vertex -0.727936 -1.020000 0.557295
      vertex -0.585876 -1.020000 -0.540665
    endloop
  endfacet
  facet normal -0.000000 -1.000000 -0.000000
    outer loop
      vertex -0.585876 -1.020000 -0.540665
      vertex -0.727936 -1.020000 0.557295
      vertex -0.741405 -1.020000 0.562874
    endloop
  endfacet
  facet normal 0.000000 -1.000000 0.000000
    outer loop
      vertex -0.741405 1.020000 0.562874
      vertex -0.585876 1.020000 -0.540665
      vertex -0.727936 1.020000 0.557295
    endloop
  endfacet
  facet normal -0.000000 1.000000 -0.000000
    outer loop
      vertex -0.727936 1.020000 0.557295
      vertex -0.585876 1.020000 -0.540665
      vertex -0.741405 1.020000 0.562874
    endloop
  endfacet
  facet normal 0.000000 1.000000 0.000000
    outer loop
      vertex -0.727936 -1.020000 0.557295
      vertex -0.575000 -1.020000 -0.533397
      vertex -0.585876 -1.020000 -0.540665
    endloop
  endfacet
  facet normal -0.000000 -1.000000 -0.000000
    outer loop
      vertex -0.585876 -1.020000 -0.540665
      vertex -0.575000 -1.020000 -0.533397
      vertex -0.727936 -1.020000 0.557295
    endloop
  endfacet
  facet normal 0.000000 -1.000000 0.000000
    outer loop
      vertex -0.727936 1.020000 0.557295
      vertex -0.585876 1.020000 -0.540665
      vertex -0.575000 1.020000 -0.533397
    endloop
  endfacet
  facet normal -0.000000 1.000000 -0.000000
    outer loop
      vertex -0.575000 1.020000 -0.533397
      vertex -0.585876 1.020000 -0.540665
      vertex -0.727936 1.020000 0.557295
    endloop
  endfacet
  facet normal 0.000000 1.000000 0.000000
    outer loop
      vertex -0.727936 -1.020000 0.557295
      vertex -0.713928 -1.020000 0.553259
      vertex -0.575000 -1.020000 -0.533397
    endloop
  endfacet
  facet normal -0.000000 -1.000000 -0.000000
    outer loop
      vertex -0.575000 -1.020000 -0.533397
      vertex -0.713928 -1.020000 0.553259
      vertex -0.727936 -1.020000 0.557295
    endloop
  endfacet
  facet normal 0.000000 -1.000000 0.000000
    outer loop
      vertex -0.727936 1.020000 0.557295
      vertex -0.575000 1.020000 -0.533397
      vertex -0.713928 1.020000 0.553259
    endloop
  endfacet
  facet normal -0.000000 1.000000 -0.000000
    outer loop
      vertex -0.713928 1.020000 0.553259
      vertex -0.575000 1.020000 -0.533397
      vertex -0.727936 1.020000 0.557295
    endloop
  endfacet
  facet normal 0.000000 1.000000 0.000000
    outer loop
      vertex -0.713928 -1.020000 0.553259
      vertex -0.563268 -1.020000 -0.527612
      vertex -0.575000 -1.020000 -0.533397
    endloop
  endfacet
  facet normal -0.000000 -1.000000 -0.000000
    outer loop
      vertex -0.575000 -1.020000 -0.533397
      vertex -0.563268 -1.020000 -0.527612
      vertex -0.713928 -1.020000 0.553259
    endloop
  endfacet
  facet normal 0.000000 -1.000000 0.000000
    outer loop
      vertex -0.713928 1.020000 0.553259
      vertex -0.575000 1.020000 -0.533397
      vertex -0.563268 1.020000 -0.527612
    endloop
  endfacet
  facet normal -0.000000 1.000000 -0.000000
    outer loop
      vertex -0.563268 1.020000 -0.527612
      vertex -0.575000 1.020000 -0.533397
      vertex -0.713928 1.020000 0.553259
    endloop
  endfacet
  facet normal 0.000000 1.000000 0.000000
    outer loop
      vertex -0.713928 -1.020000 0.553259
      vertex -0.699555 -1.020000 0.550817
      vertex -0.563268 -1.020000 -0.527612
    endloop
  endfacet
  facet normal -0.000000 -1.000000 -0.000000
    outer loop
      vertex -0.563268 -1.020000 -0.527612
      vertex -0.699555 -1.020000 0.550817
      vertex -0.713928 -1.020000 0.553259
    endloop
  endfacet
  facet normal 0.000000 -1.000000 0.000000
    outer loop
      vertex -0.713928 1.020000 0.553259
      vertex -0.563268 1.020000 -0.527612
      vertex -0.699555 1.020000 0.550817
    endloop
  endfacet
  facet normal -0.000000 1.000000 -0.000000
    outer loop
      vertex -0.699555 1.020000 0.550817
      vertex -0.563268 1.020000 -0.527612
      vertex -0.713928 1.020000 0.553259
    endloop
  endfacet
  facet normal 0.000000 1.000000 0.000000
    outer loop
      vertex -0.699555 -1.020000 0.550817
      vertex -0.550882 -1.020000 -0.523407
      vertex -0.563268 -1.020000 -0.527612
    endloop
  endfacet
  facet normal -0.000000 -1.000000 -0.000000
    outer loop
      vertex -0.563268 -1.020000 -0.527612
      vertex -0.550882 -1.020000 -0.523407
      vertex -0.699555 -1.020000 0.550817
    endloop
  endfacet
  facet normal 0.000000 -1.000000 0.000000
    outer loop
      vertex -0.699555 1.020000 0.550817
      vertex -0.563268 1.020000 -0.527612
      vertex -0.550882 1.020000 -0.523407
    endloop
  endfacet
  facet normal -0.000000 1.000000 -0.000000
    outer loop
      vertex -0.550882 1.020000 -0.523407
      vertex -0.563268 1.020000 -0.527612
      vertex -0.699555 1.020000 0.550817
    endloop
  endfacet
  facet normal 0.000000 1.000000 0.000000
    outer loop
      vertex -0.699555 -1.020000 0.550817
      vertex -0.685000 -1.020000 0.550000
      vertex -0.550882 -1.020000 -0.523407
    endloop
  endfacet
  facet normal -0.000000 -1.000000 -0.000000
    outer loop
      vertex -0.550882 -1.020000 -0.523407
      vertex -0.685000 -1.020000 0.550000
      vertex -0.699555 -1.020000 0.550817
    endloop
  endfacet
  facet normal 0.000000 -1.000000 0.000000
    outer loop
      vertex -0.699555 1.020000 0.550817
      vertex -0.550882 1.020000 -0.523407
      vertex -0.685000 1.020000 0.550000
    endloop
  endfacet
  facet normal -0.000000 1.000000 -0.000000
    outer loop
      vertex -0.685000 1.020000 0.550000
      vertex -0.550882 1.020000 -0.523407
      vertex -0.699555 1.020000 0.550817
    endloop
  endfacet
  facet normal 0.000000 1.000000 0.000000
    outer loop
      vertex -0.685000 -1.020000 0.550000
      vertex -0.538053 -1.020000 -0.520856
      vertex -0.550882 -1.020000 -0.523407
    endloop
  endfacet
  facet normal -0.000000 -1.000000 -0.000000
    outer loop
      vertex -0.550882 -1.020000 -0.523407
      vertex -0.538053 -1.020000 -0.520856
      vertex -0.685000 -1.020000 0.550000
    endloop
  endfacet
  facet normal 0.000000 -1.000000 0.000000
    outer loop
      vertex -0.685000 1.020000 0.550000
      vertex -0.550882 1.020000 -0.523407
      vertex -0.538053 1.020000 -0.520856
    endloop
  endfacet
  facet normal -0.000000 1.000000 -0.000000
    outer loop
      vertex -0.538053 1.020000 -0.520856
      vertex -0.550882 1.020000 -0.523407
      vertex -0.685000 1.020000 0.550000
    endloop
  endfacet
  facet normal -0.000000 1.000000 0.000000
    outer loop
      vertex -0.685000 -1.020000 0.550000
      vertex -0.670445 -1.020000 0.550817
      vertex -0.538053 -1.020000 -0.520856
    endloop
  endfacet
  facet normal 0.000000 -1.000000 -0.000000
    outer loop
      vertex -0.538053 -1.020000 -0.520856
      vertex -0.670445 -1.020000 0.550817
      vertex -0.685000 -1.020000 0.550000
    endloop
  endfacet
  facet normal 0.000000 -1.000000 0.000000
    outer loop
      vertex -0.685000 1.020000 0.550000
      vertex -0.538053 1.020000 -0.520856
      vertex -0.670445 1.020000 0.550817
    endloop
  endfacet
  facet normal -0.000000 1.000000 -0.000000
    outer loop
      vertex -0.670445 1.020000 0.550817
      vertex -0.538053 1.020000 -0.520856
      vertex -0.685000 1.020000 0.550000
    endloop
  endfacet
  facet normal -0.000000 1.000000 0.000000
    outer loop
      vertex -0.670445 -1.020000 0.550817
      vertex -0.656072 -1.020000 0.553259
      vertex -0.538053 -1.020000 -0.520856
    endloop
  endfacet
  facet normal 0.000000 -1.000000 -0.000000
    outer loop
      vertex -0.538053 -1.020000 -0.520856
      vertex -0.656072 -1.020000 0.553259
      vertex -0.670445 -1.020000 0.550817
    endloop
  endfacet
  facet normal 0.000000 -1.000000 0.000000
    outer loop
      vertex -0.670445 1.020000 0.550817
      vertex -0.538053 1.020000 -0.520856
      vertex -0.656072 1.020000 0.553259
    endloop
  endfacet
  facet normal -0.000000 1.000000 -0.000000
    outer loop
      vertex -0.656072 1.020000 0.553259
      vertex -0.538053 1.020000 -0.520856
      vertex -0.670445 1.020000 0.550817
    endloop
  endfacet
  facet normal 0.000000 1.000000 0.000000
    outer loop
      vertex -0.656072 -1.020000 0.553259
      vertex -0.525000 -1.020000 -0.520000
      vertex -0.538053 -1.020000 -0.520856
    endloop
  endfacet
  facet normal -0.000000 -1.000000 -0.000000
    outer loop
      vertex -0.538053 -1.020000 -0.520856
      vertex -0.525000 -1.020000 -0.520000
      vertex -0.656072 -1.020000 0.553259
    endloop
  endfacet
  facet normal 0.000000 -1.000000 0.000000
    outer loop
      vertex -0.656072 1.020000 0.553259
      vertex -0.538053 1.020000 -0.520856
      vertex -0.525000 1.020000 -0.520000
    endloop
  endfacet
  facet normal -0.000000 1.000000 -0.000000
    outer loop
      vertex -0.525000 1.020000 -0.520000
      vertex -0.538053 1.020000 -0.520856
      vertex -0.656072 1.020000 0.553259
    endloop
  endfacet
  facet normal -0.000000 1.000000 0.000000
    outer loop
      vertex -0.656072 -1.020000 0.553259
      vertex -0.642064 -1.020000 0.557295
      vertex -0.525000 -1.020000 -0.520000
    endloop
  endfacet
  facet normal 0.000000 -1.000000 -0.000000
    outer loop
      vertex -0.525000 -1.020000 -0.520000
      vertex -0.642064 -1.020000 0.557295
      vertex -0.656072 -1.020000 0.553259
    endloop
  endfacet
  facet normal 0.000000 -1.000000 0.000000
    outer loop
      vertex -0.656072 1.020000 0.553259
      vertex -0.525000 1.020000 -0.520000
      vertex -0.642064 1.020000 0.557295
    endloop
  endfacet
  facet normal -0.000000 1.000000 -0.000000
    outer loop
      vertex -0.642064 1.020000 0.557295
      vertex -0.525000 1.020000 -0.520000
      vertex -0.656072 1.020000 0.553259
    endloop
  endfacet
  facet normal 0.000000 1.000000 0.000000
    outer loop
      vertex -0.642064 -1.020000 0.557295
      vertex -0.511947 -1.020000 -0.520856
      vertex -0.525000 -1.020000 -0.520000
    endloop
  endfacet
  facet normal -0.000000 -1.000000 -0.000000
    outer loop
      vertex -0.525000 -1.020000 -0.520000
      vertex -0.511947 -1.020000 -0.520856
      vertex -0.642064 -1.020000 0.557295
    endloop
  endfacet
  facet normal 0.000000 -1.000000 0.000000
    outer loop
      vertex -0.642064 1.020000 0.557295
      vertex -0.525000 1.020000 -0.520000
      vertex -0.511947 1.020000 -0.520856
    endloop
  endfacet
  facet normal -0.000000 1.000000 -0.000000
    outer loop
      vertex -0.511947 1.020000 -0.520856
      vertex -0.525000 1.020000 -0.520000
      vertex -0.642064 1.020000 0.557295
    endloop
  endfacet
  facet normal -0.000000 1.000000 0.000000
    outer loop
      vertex -0.642064 -1.020000 0.557295
      vertex -0.628595 -1.020000 0.562874
      vertex -0.511947 -1.020000 -0.520856
    endloop
  endfacet
  facet normal 0.000000 -1.000000 -0.000000
    outer loop
      vertex -0.511947 -1.020000 -0.520856
      vertex -0.628595 -1.020000 0.562874
      vertex -0.642064 -1.020000 0.557295
    endloop
  endfacet
  facet normal 0.000000 -1.000000 0.000000
    outer loop
      vertex -0.642064 1.020000 0.557295
      vertex -0.511947 1.020000 -0.520856
      vertex -0.628595 1.020000 0.562874
    endloop
  endfacet
  facet normal -0.000000 1.000000 -0.000000
    outer loop
      vertex -0.628595 1.020000 0.562874
      vertex -0.511947 1.020000 -0.520856
      vertex -0.642064 1.020000 0.557295
    endloop
  endfacet
  facet normal 0.000000 1.000000 0.000000
    outer loop
      vertex -0.628595 -1.020000 0.562874
      vertex -0.499118 -1.020000 -0.523407
      vertex -0.511947 -1.020000 -0.520856
    endloop
  endfacet
  facet normal -0.000000 -1.000000 -0.000000
    outer loop
      vertex -0.511947 -1.020000 -0.520856
      vertex -0.499118 -1.020000 -0.523407
      vertex -0.628595 -1.020000 0.562874
    endloop
  endfacet
  facet normal 0.000000 -1.000000 0.000000
    outer loop
      vertex -0.628595 1.020000 0.562874
      vertex -0.511947 1.020000 -0.520856
      vertex -0.499118 1.020000 -0.523407
    endloop
  endfacet
  facet normal -0.000000 1.000000 -0.000000
    outer loop
      vertex -0.499118 1.020000 -0.523407
      vertex -0.511947 1.020000 -0.520856
      vertex -0.628595 1.020000 0.562874
    endloop
  endfacet
  facet normal -0.000000 1.000000 0.000000
    outer loop
      vertex -0.628595 -1.020000 0.562874
      vertex -0.615836 -1.020000 0.569926
      vertex -0.499118 -1.020000 -0.523407
    endloop
  endfacet
  facet normal 0.000000 -1.000000 -0.000000
    outer loop
      vertex -0.499118 -1.020000 -0.523407
      vertex -0.615836 -1.020000 0.569926
      vertex -0.628595 -1.020000 0.562874
    endloop
  endfacet
  facet normal 0.000000 -1.000000 0.000000
    outer loop
      vertex -0.628595 1.020000 0.562874
      vertex -0.499118 1.020000 -0.523407
      vertex -0.615836 1.020000 0.569926
    endloop
  endfacet
  facet normal -0.000000 1.000000 -0.000000
    outer loop
      vertex -0.615836 1.020000 0.569926
      vertex -0.499118 1.020000 -0.523407
      vertex -0.628595 1.020000 0.562874
    endloop
  endfacet
  facet normal 0.000000 1.000000 0.000000
    outer loop
      vertex -0.615836 -1.020000 0.569926
      vertex -0.486732 -1.020000 -0.527612
      vertex -0.499118 -1.020000 -0.523407
    endloop
  endfacet
  facet normal -0.000000 -1.000000 -0.000000
    outer loop
      vertex -0.499118 -1.020000 -0.523407
      vertex -0.486732 -1.020000 -0.527612
      vertex -0.615836 -1.020000 0.569926
    endloop
  endfacet
  facet normal 0.000000 -1.000000 0.000000
    outer loop
      vertex -0.615836 1.020000 0.569926
      vertex -0.499118 1.020000 -0.523407
      vertex -0.486732 1.020000 -0.527612
    endloop
  endfacet
  facet normal -0.000000 1.000000 -0.000000
    outer loop
      vertex -0.486732 1.020000 -0.527612
      vertex -0.499118 1.020000 -0.523407
      vertex -0.615836 1.020000 0.569926
    endloop
  endfacet
  facet normal -0.000000 1.000000 0.000000
    outer loop
      vertex -0.615836 -1.020000 0.569926
      vertex -0.603946 -1.020000 0.578362
      vertex -0.486732 -1.020000 -0.527612
    endloop
  endfacet
  facet normal 0.000000 -1.000000 -0.000000
    outer loop
      vertex -0.486732 -1.020000 -0.527612
      vertex -0.603946 -1.020000 0.578362
      vertex -0.615836 -1.020000 0.569926
    endloop
  endfacet
  facet normal 0.000000 -1.000000 0.000000
    outer loop
      vertex -0.615836 1.020000 0.569926
      vertex -0.486732 1.020000 -0.527612
      vertex -0.603946 1.020000 0.578362
    endloop
  endfacet
  facet normal -0.000000 1.000000 -0.000000
    outer loop
      vertex -0.603946 1.020000 0.578362
      vertex -0.486732 1.020000 -0.527612
      vertex -0.615836 1.020000 0.569926
    endloop
  endfacet
  facet normal 0.000000 1.000000 0.000000
    outer loop
      vertex -0.603946 -1.020000 0.578362
      vertex -0.475000 -1.020000 -0.533397
      vertex -0.486732 -1.020000 -0.527612
    endloop
  endfacet
  facet normal -0.000000 -1.000000 -0.000000
    outer loop
      vertex -0.486732 -1.020000 -0.527612
      vertex -0.475000 -1.020000 -0.533397
      vertex -0.603946 -1.020000 0.578362
    endloop
  endfacet
  facet normal 0.000000 -1.000000 0.000000
    outer loop
      vertex -0.603946 1.020000 0.578362
      vertex -0.486732 1.020000 -0.527612
      vertex -0.475000 1.020000 -0.533397
    endloop
  endfacet
  facet normal -0.000000 1.000000 -0.000000
    outer loop
      vertex -0.475000 1.020000 -0.533397
      vertex -0.486732 1.020000 -0.527612
      vertex -0.603946 1.020000 0.578362
    endloop
  endfacet
  facet normal -0.000000 1.000000 0.000000
    outer loop
      vertex -0.603946 -1.020000 0.578362
      vertex -0.593076 -1.020000 0.588076
      vertex -0.475000 -1.020000 -0.533397
    endloop
  endfacet
  facet normal 0.000000 -1.000000 -0.000000
    outer loop
      vertex -0.475000 -1.020000 -0.533397
      vertex -0.593076 -1.020000 0.588076
      vertex -0.603946 -1.020000 0.578362
    endloop
  endfacet
  facet normal 0.000000 -1.000000 0.000000
    outer loop
      vertex -0.603946 1.020000 0.578362
      vertex -0.475000 1.020000 -0.533397
      vertex -0.593076 1.020000 0.588076
    endloop
  endfacet
  facet normal -0.000000 1.000000 -0.000000
    outer loop
      vertex -0.593076 1.020000 0.588076
      vertex -0.475000 1.020000 -0.533397
      vertex -0.603946 1.020000 0.578362
    endloop
  endfacet
  facet normal 0.000000 1.000000 0.000000
    outer loop
      vertex -0.593076 -1.020000 0.588076
      vertex -0.464124 -1.020000 -0.540665
      vertex -0.475000 -1.020000 -0.533397
    endloop
  endfacet
  facet normal -0.000000 -1.000000 -0.000000
    outer loop
      vertex -0.475000 -1.020000 -0.533397
      vertex -0.464124 -1.020000 -0.540665
      vertex -0.593076 -1.020000 0.588076
    endloop
  endfacet
  facet normal 0.000000 -1.000000 0.000000
    outer loop
      vertex -0.593076 1.020000 0.588076
      vertex -0.475000 1.020000 -0.533397
      vertex -0.464124 1.020000 -0.540665
    endloop
  endfacet
  facet normal -0.000000 1.000000 -0.000000
    outer loop
      vertex -0.464124 1.020000 -0.540665
      vertex -0.475000 1.020000 -0.533397
      vertex -0.593076 1.020000 0.588076
    endloop
  endfacet
  facet normal -0.000000 1.000000 0.000000
    outer loop
      vertex -0.593076 -1.020000 0.588076
      vertex -0.583362 -1.020000 0.598946
      vertex -0.464124 -1.020000 -0.540665
    endloop
  endfacet
  facet normal 0.000000 -1.000000 -0.000000
    outer loop
      vertex -0.464124 -1.020000 -0.540665
      vertex -0.583362 -1.020000 0.598946
      vertex -0.593076 -1.020000 0.588076
    endloop
  endfacet
  facet normal 0.000000 -1.000000 0.000000
    outer loop
      vertex -0.593076 1.020000 0.588076
      vertex -0.464124 1.020000 -0.540665
      vertex -0.583362 1.020000 0.598946
    endloop
  endfacet
  facet normal -0.000000 1.000000 -0.000000
    outer loop
      vertex -0.583362 1.020000 0.598946
      vertex -0.464124 1.020000 -0.540665
      vertex -0.593076 1.020000 0.588076
    endloop
  endfacet
  facet normal 0.000000 1.000000 0.000000
    outer loop
      vertex -0.805000 -1.020000 1.300000
      vertex -0.804424 -1.020000 1.305853
      vertex -0.801458 -1.020000 1.314142
    endloop
  endfacet
  facet normal -0.000000 -1.000000 -0.000000
    outer loop
      vertex -0.801458 -1.020000 1.314142
      vertex -0.804424 -1.020000 1.305853
      vertex -0.805000 -1.020000 1.300000
    endloop
  endfacet
  facet normal 0.000000 -1.000000 0.000000
    outer loop
      vertex -0.805000 1.020000 1.300000
      vertex -0.801458 1.020000 1.314142
      vertex -0.804424 1.020000 1.305853
    endloop
  endfacet
  facet normal -0.000000 1.000000 -0.000000
    outer loop
      vertex -0.804424 1.020000 1.305853
      vertex -0.801458 1.020000 1.314142
      vertex -0.805000 1.020000 1.300000
    endloop
  endfacet
  facet normal 0.000000 1.000000 0.000000
    outer loop
      vertex -0.805000 -1.020000 1.300000
      vertex -0.804856 -1.020000 1.302941
      vertex -0.804424 -1.020000 1.305853
    endloop
  endfacet
  facet normal -0.000000 -1.000000 -0.000000
    outer loop
      vertex -0.804424 -1.020000 1.305853
      vertex -0.804856 -1.020000 1.302941
      vertex -0.805000 -1.020000 1.300000
    endloop
  endfacet
  facet normal 0.000000 -1.000000 0.000000
    outer loop
      vertex -0.805000 1.020000 1.300000
      vertex -0.804424 1.020000 1.305853
      vertex -0.804856 1.020000 1.302941
    endloop
  endfacet
  facet normal -0.000000 1.000000 -0.000000
    outer loop
      vertex -0.804856 1.020000 1.302941
      vertex -0.804424 1.020000 1.305853
      vertex -0.805000 1.020000 1.300000
    endloop
  endfacet
  facet normal 0.000000 1.000000 0.000000
    outer loop
      vertex -0.804424 -1.020000 1.305853
      vertex -0.803708 -1.020000 1.308709
      vertex -0.801458 -1.020000 1.314142
    endloop
  endfacet
  facet normal -0.000000 -1.000000 -0.000000
    outer loop
      vertex -0.801458 -1.020000 1.314142
      vertex -0.803708 -1.020000 1.308709
      vertex -0.804424 -1.020000 1.305853
    endloop
  endfacet
  facet normal 0.000000 -1.000000 0.000000
    outer loop
      vertex -0.804424 1.020000 1.305853
      vertex -0.801458 1.020000 1.314142
      vertex -0.803708 1.020000 1.308709
    endloop
  endfacet
  facet normal -0.000000 1.000000 -0.000000
    outer loop
      vertex -0.803708 1.020000 1.308709
      vertex -0.801458 1.020000 1.314142
      vertex -0.804424 1.020000 1.305853
    endloop
  endfacet
  facet normal 0.000000 1.000000 0.000000
    outer loop
      vertex -0.803708 -1.020000 1.308709
      vertex -0.802716 -1.020000 1.311481
      vertex -0.801458 -1.020000 1.314142
    endloop
  endfacet
  facet normal -0.000000 -1.000000 -0.000000
    outer loop
      vertex -0.801458 -1.020000 1.314142
      vertex -0.802716 -1.020000 1.311481
      vertex -0.803708 -1.020000 1.308709
    endloop
  endfacet
  facet normal 0.000000 -1.000000 0.000000
    outer loop
      vertex -0.803708 1.020000 1.308709
      vertex -0.801458 1.020000 1.314142
      vertex -0.802716 1.020000 1.311481
    endloop
  endfacet
  facet normal -0.000000 1.000000 -0.000000
    outer loop
      vertex -0.802716 1.020000 1.311481
      vertex -0.801458 1.020000 1.314142
      vertex -0.803708 1.020000 1.308709
    endloop
  endfacet
  facet normal -0.671559 0.000000 -0.740951
    outer loop
      vertex -0.794032 -1.020000 -1.323190
      vertex -0.796213 -1.020000 -1.321213
      vertex -0.796213 1.020000 -1.321213
    endloop
  endfacet
  facet normal 0.671559 -0.000000 0.740951
    outer loop
      vertex -0.796213 1.020000 -1.321213
      vertex -0.796213 -1.020000 -1.321213
      vertex -0.794032 -1.020000 -1.323190
    endloop
  endfacet
  facet normal -0.671559 0.000000 -0.740951
    outer loop
      vertex -0.794032 -1.020000 -1.323190
      vertex -0.796213 1.020000 -1.321213
      vertex -0.794032 1.020000 -1.323190
    endloop
  endfacet
  facet normal 0.671559 -0.000000 0.740951
    outer loop
      vertex -0.794032 1.020000 -1.323190
      vertex -0.796213 1.020000 -1.321213
      vertex -0.794032 -1.020000 -1.323190
    endloop
  endfacet
  facet normal -0.740951 0.000000 -0.671559
    outer loop
      vertex -0.796213 -1.020000 -1.321213
      vertex -0.798190 -1.020000 -1.319032
      vertex -0.798190 1.020000 -1.319032
    endloop
  endfacet
  facet normal 0.740951 -0.000000 0.671559
    outer loop
      vertex -0.798190 1.020000 -1.319032
      vertex -0.798190 -1.020000 -1.319032
      vertex -0.796213 -1.020000 -1.321213
    endloop
  endfacet
  facet normal -0.740951 0.000000 -0.671559
    outer loop
      vertex -0.796213 -1.020000 -1.321213
      vertex -0.798190 1.020000 -1.319032
      vertex -0.796213 1.020000 -1.321213
    endloop
  endfacet
  facet normal 0.740951 -0.000000 0.671559
    outer loop
      vertex -0.796213 1.020000 -1.321213
      vertex -0.798190 1.020000 -1.319032
      vertex -0.796213 -1.020000 -1.321213
    endloop
  endfacet
  facet normal -0.803208 0.000000 -0.595699
    outer loop
      vertex -0.798190 -1.020000 -1.319032
      vertex -0.799944 -1.020000 -1.316667
      vertex -0.799944 1.020000 -1.316667
    endloop
  endfacet
  facet normal 0.803208 -0.000000 0.595699
    outer loop
      vertex -0.799944 1.020000 -1.316667
      vertex -0.799944 -1.020000 -1.316667
      vertex -0.798190 -1.020000 -1.319032
    endloop
  endfacet
  facet normal -0.803208 0.000000 -0.595699
    outer loop
      vertex -0.798190 -1.020000 -1.319032
      vertex -0.799944 1.020000 -1.316667
      vertex -0.798190 1.020000 -1.319032
    endloop
  endfacet
  facet normal 0.803208 -0.000000 0.595699
    outer loop
      vertex -0.798190 1.020000 -1.319032
      vertex -0.799944 1.020000 -1.316667
      vertex -0.798190 -1.020000 -1.319032
    endloop
  endfacet
  facet normal -0.857729 0.000000 -0.514103
    outer loop
      vertex -0.799944 -1.020000 -1.316667
      vertex -0.801458 -1.020000 -1.314142
      vertex -0.801458 1.020000 -1.314142
    endloop
  endfacet
  facet normal 0.857729 -0.000000 0.514103
    outer loop
      vertex -0.801458 1.020000 -1.314142
      vertex -0.801458 -1.020000 -1.314142
      vertex -0.799944 -1.020000 -1.316667
    endloop
  endfacet
  facet normal -0.857729 0.000000 -0.514103
    outer loop
      vertex -0.799944 -1.020000 -1.316667
      vertex -0.801458 1.020000 -1.314142
      vertex -0.799944 1.020000 -1.316667
    endloop
  endfacet
  facet normal 0.857729 -0.000000 0.514103
    outer loop
      vertex -0.799944 1.020000 -1.316667
      vertex -0.801458 1.020000 -1.314142
      vertex -0.799944 -1.020000 -1.316667
    endloop
  endfacet
  facet normal -0.903989 0.000000 -0.427555
    outer loop
      vertex -0.801458 -1.020000 -1.314142
      vertex -0.802716 -1.020000 -1.311481
      vertex -0.802716 1.020000 -1.311481
    endloop
  endfacet
  facet normal 0.903989 -0.000000 0.427555
    outer loop
      vertex -0.802716 1.020000 -1.311481
      vertex -0.802716 -1.020000 -1.311481
      vertex -0.801458 -1.020000 -1.314142
    endloop
  endfacet
  facet normal -0.903989 0.000000 -0.427555
    outer loop
      vertex -0.801458 -1.020000 -1.314142
      vertex -0.802716 1.020000 -1.311481
      vertex -0.801458 1.020000 -1.314142
    endloop
  endfacet
  facet normal 0.903989 -0.000000 0.427555
    outer loop
      vertex -0.801458 1.020000 -1.314142
      vertex -0.802716 1.020000 -1.311481
      vertex -0.801458 -1.020000 -1.314142
    endloop
  endfacet
  facet normal -0.941544 0.000000 -0.336890
    outer loop
      vertex -0.802716 -1.020000 -1.311481
      vertex -0.803708 -1.020000 -1.308709
      vertex -0.803708 1.020000 -1.308709
    endloop
  endfacet
  facet normal 0.941544 -0.000000 0.336890
    outer loop
      vertex -0.803708 1.020000 -1.308709
      vertex -0.803708 -1.020000 -1.308709
      vertex -0.802716 -1.020000 -1.311481
    endloop
  endfacet
  facet normal -0.941544 0.000000 -0.336890
    outer loop
      vertex -0.802716 -1.020000 -1.311481
      vertex -0.803708 1.020000 -1.308709
      vertex -0.802716 1.020000 -1.311481
    endloop
  endfacet
  facet normal 0.941544 -0.000000 0.336890
    outer loop
      vertex -0.802716 1.020000 -1.311481
      vertex -0.803708 1.020000 -1.308709
      vertex -0.802716 -1.020000 -1.311481
    endloop
  endfacet
  facet normal -0.970031 0.000000 -0.242980
    outer loop
      vertex -0.803708 -1.020000 -1.308709
      vertex -0.804424 -1.020000 -1.305853
      vertex -0.804424 1.020000 -1.305853
    endloop
  endfacet
  facet normal 0.970031 -0.000000 0.242980
    outer loop
      vertex -0.804424 1.020000 -1.305853
      vertex -0.804424 -1.020000 -1.305853
      vertex -0.803708 -1.020000 -1.308709
    endloop
  endfacet
  facet normal -0.970031 0.000000 -0.242980
    outer loop
      vertex -0.803708 -1.020000 -1.308709
      vertex -0.804424 1.020000 -1.305853
      vertex -0.803708 1.020000 -1.308709
    endloop
  endfacet
  facet normal 0.970031 -0.000000 0.242980
    outer loop
      vertex -0.803708 1.020000 -1.308709
      vertex -0.804424 1.020000 -1.305853
      vertex -0.803708 -1.020000 -1.308709
    endloop
  endfacet
  facet normal -0.989177 0.000000 -0.146730
    outer loop
      vertex -0.804424 -1.020000 -1.305853
      vertex -0.804856 -1.020000 -1.302941
      vertex -0.804856 1.020000 -1.302941
    endloop
  endfacet
  facet normal 0.989177 -0.000000 0.146730
    outer loop
      vertex -0.804856 1.020000 -1.302941
      vertex -0.804856 -1.020000 -1.302941
      vertex -0.804424 -1.020000 -1.305853
    endloop
  endfacet
  facet normal -0.989177 0.000000 -0.146730
    outer loop
      vertex -0.804424 -1.020000 -1.305853
      vertex -0.804856 1.020000 -1.302941
      vertex -0.804424 1.020000 -1.305853
    endloop
  endfacet
  facet normal 0.989177 -0.000000 0.146730
    outer loop
      vertex -0.804424 1.020000 -1.305853
      vertex -0.804856 1.020000 -1.302941
      vertex -0.804424 -1.020000 -1.305853
    endloop
  endfacet
  facet normal -0.998795 0.000000 -0.049068
    outer loop
      vertex -0.804856 -1.020000 -1.302941
      vertex -0.805000 -1.020000 -1.300000
      vertex -0.805000 1.020000 -1.300000
    endloop
  endfacet
  facet normal 0.998795 -0.000000 0.049068
    outer loop
      vertex -0.805000 1.020000 -1.300000
      vertex -0.805000 -1.020000 -1.300000
      vertex -0.804856 -1.020000 -1.302941
    endloop
  endfacet
  facet normal -0.998795 0.000000 -0.049068
    outer loop
      vertex -0.804856 -1.020000 -1.302941
      vertex -0.805000 1.020000 -1.300000
      vertex -0.804856 1.020000 -1.302941
    endloop
  endfacet
  facet normal 0.998795 -0.000000 0.049068
    outer loop
      vertex -0.804856 1.020000 -1.302941
      vertex -0.805000 1.020000 -1.300000
      vertex -0.804856 -1.020000 -1.302941
    endloop
  endfacet
  facet normal -1.000000 0.000000 0.000000
    outer loop
      vertex -0.805000 -1.020000 -1.300000
      vertex -0.805000 -1.020000 0.630534
      vertex -0.805000 1.020000 0.630534
    endloop
  endfacet
  facet normal 1.000000 -0.000000 -0.000000
    outer loop
      vertex -0.805000 1.020000 0.630534
      vertex -0.805000 -1.020000 0.630534
      vertex -0.805000 -1.020000 -1.300000
    endloop
  endfacet
  facet normal -1.000000 0.000000 0.000000
    outer loop
      vertex -0.805000 -1.020000 -1.300000
      vertex -0.805000 1.020000 0.630534
      vertex -0.805000 1.020000 -1.300000
    endloop
  endfacet
  facet normal 1.000000 -0.000000 -0.000000
    outer loop
      vertex -0.805000 1.020000 -1.300000
      vertex -0.805000 1.020000 0.630534
      vertex -0.805000 -1.020000 -1.300000
    endloop
  endfacet
  facet normal 0.923880 0.000000 0.382683
    outer loop
      vertex -0.805000 -1.020000 0.630534
      vertex -0.802126 -1.020000 0.623595
      vertex -0.802126 1.020000 0.623595
    endloop
  endfacet
  facet normal -0.923880 -0.000000 -0.382683
    outer loop
      vertex -0.802126 1.020000 0.623595
      vertex -0.802126 -1.020000 0.623595
      vertex -0.805000 -1.020000 0.630534
    endloop
  endfacet
  facet normal 0.923880 -0.000000 0.382683
    outer loop
      vertex -0.805000 -1.020000 0.630534
      vertex -0.802126 1.020000 0.623595
      vertex -0.805000 1.020000 0.630534
    endloop
  endfacet
  facet normal -0.923880 0.000000 -0.382683
    outer loop
      vertex -0.805000 1.020000 0.630534
      vertex -0.802126 1.020000 0.623595
      vertex -0.805000 -1.020000 0.630534
    endloop
  endfacet
  facet normal 0.875223 0.000000 0.483719
    outer loop
      vertex -0.802126 -1.020000 0.623595
      vertex -0.795074 -1.020000 0.610836
      vertex -0.795074 1.020000 0.610836
    endloop
  endfacet
  facet normal -0.875223 -0.000000 -0.483719
    outer loop
      vertex -0.795074 1.020000 0.610836
      vertex -0.795074 -1.020000 0.610836
      vertex -0.802126 -1.020000 0.623595
    endloop
  endfacet
  facet normal 0.875223 -0.000000 0.483719
    outer loop
      vertex -0.802126 -1.020000 0.623595
      vertex -0.795074 1.020000 0.610836
      vertex -0.802126 1.020000 0.623595
    endloop
  endfacet
  facet normal -0.875223 0.000000 -0.483719
    outer loop
      vertex -0.802126 1.020000 0.623595
      vertex -0.795074 1.020000 0.610836
      vertex -0.802126 -1.020000 0.623595
    endloop
  endfacet
  facet normal 0.815561 0.000000 0.578671
    outer loop
      vertex -0.795074 -1.020000 0.610836
      vertex -0.786638 -1.020000 0.598946
      vertex -0.786638 1.020000 0.598946
    endloop
  endfacet
  facet normal -0.815561 -0.000000 -0.578671
    outer loop
      vertex -0.786638 1.020000 0.598946
      vertex -0.786638 -1.020000 0.598946
      vertex -0.795074 -1.020000 0.610836
    endloop
  endfacet
  facet normal 0.815561 -0.000000 0.578671
    outer loop
      vertex -0.795074 -1.020000 0.610836
      vertex -0.786638 1.020000 0.598946
      vertex -0.795074 1.020000 0.610836
    endloop
  endfacet
  facet normal -0.815561 0.000000 -0.578671
    outer loop
      vertex -0.795074 1.020000 0.610836
      vertex -0.786638 1.020000 0.598946
      vertex -0.795074 -1.020000 0.610836
    endloop
  endfacet
  facet normal 0.745642 0.000000 0.666347
    outer loop
      vertex -0.786638 -1.020000 0.598946
      vertex -0.776924 -1.020000 0.588076
      vertex -0.776924 1.020000 0.588076
    endloop
  endfacet
  facet normal -0.745642 -0.000000 -0.666347
    outer loop
      vertex -0.776924 1.020000 0.588076
      vertex -0.776924 -1.020000 0.588076
      vertex -0.786638 -1.020000 0.598946
    endloop
  endfacet
  facet normal 0.745642 -0.000000 0.666347
    outer loop
      vertex -0.786638 -1.020000 0.598946
      vertex -0.776924 1.020000 0.588076
      vertex -0.786638 1.020000 0.598946
    endloop
  endfacet
  facet normal -0.745642 0.000000 -0.666347
    outer loop
      vertex -0.786638 1.020000 0.598946
      vertex -0.776924 1.020000 0.588076
      vertex -0.786638 -1.020000 0.598946
    endloop
  endfacet
  facet normal 0.666347 0.000000 0.745642
    outer loop
      vertex -0.776924 -1.020000 0.588076
      vertex -0.766054 -1.020000 0.578362
      vertex -0.766054 1.020000 0.578362
    endloop
  endfacet
  facet normal -0.666347 -0.000000 -0.745642
    outer loop
      vertex -0.766054 1.020000 0.578362
      vertex -0.766054 -1.020000 0.578362
      vertex -0.776924 -1.020000 0.588076
    endloop
  endfacet
  facet normal 0.666347 -0.000000 0.745642
    outer loop
      vertex -0.776924 -1.020000 0.588076
      vertex -0.766054 1.020000 0.578362
      vertex -0.776924 1.020000 0.588076
    endloop
  endfacet
  facet normal -0.666347 0.000000 -0.745642
    outer loop
      vertex -0.776924 1.020000 0.588076
      vertex -0.766054 1.020000 0.578362
      vertex -0.776924 -1.020000 0.588076
    endloop
  endfacet
  facet normal 0.578671 0.000000 0.815561
    outer loop
      vertex -0.766054 -1.020000 0.578362
      vertex -0.754164 -1.020000 0.569926
      vertex -0.754164 1.020000 0.569926
    endloop
  endfacet
  facet normal -0.578671 -0.000000 -0.815561
    outer loop
      vertex -0.754164 1.020000 0.569926
      vertex -0.754164 -1.020000 0.569926
      vertex -0.766054 -1.020000 0.578362
    endloop
  endfacet
  facet normal 0.578671 -0.000000 0.815561
    outer loop
      vertex -0.766054 -1.020000 0.578362
      vertex -0.754164 1.020000 0.569926
      vertex -0.766054 1.020000 0.578362
    endloop
  endfacet
  facet normal -0.578671 0.000000 -0.815561
    outer loop
      vertex -0.766054 1.020000 0.578362
      vertex -0.754164 1.020000 0.569926
      vertex -0.766054 -1.020000 0.578362
    endloop
  endfacet
  facet normal 0.483719 0.000000 0.875223
    outer loop
      vertex -0.754164 -1.020000 0.569926
      vertex -0.741405 -1.020000 0.562874
      vertex -0.741405 1.020000 0.562874
    endloop
  endfacet
  facet normal -0.483719 -0.000000 -0.875223
    outer loop
      vertex -0.741405 1.020000 0.562874
      vertex -0.741405 -1.020000 0.562874
      vertex -0.754164 -1.020000 0.569926
    endloop
  endfacet
  facet normal 0.483719 -0.000000 0.875223
    outer loop
      vertex -0.754164 -1.020000 0.569926
      vertex -0.741405 1.020000 0.562874
      vertex -0.754164 1.020000 0.569926
    endloop
  endfacet
  facet normal -0.483719 0.000000 -0.875223
    outer loop
      vertex -0.754164 1.020000 0.569926
      vertex -0.741405 1.020000 0.562874
      vertex -0.754164 -1.020000 0.569926
    endloop
  endfacet
  facet normal 0.382683 0.000000 0.923880
    outer loop
      vertex -0.741405 -1.020000 0.562874
      vertex -0.727936 -1.020000 0.557295
      vertex -0.727936 1.020000 0.557295
    endloop
  endfacet
  facet normal -0.382683 -0.000000 -0.923880
    outer loop
      vertex -0.727936 1.020000 0.557295
      vertex -0.727936 -1.020000 0.557295
      vertex -0.741405 -1.020000 0.562874
    endloop
  endfacet
  facet normal 0.382683 -0.000000 0.923880
    outer loop
      vertex -0.741405 -1.020000 0.562874
      vertex -0.727936 1.020000 0.557295
      vertex -0.741405 1.020000 0.562874
    endloop
  endfacet
  facet normal -0.382683 0.000000 -0.923880
    outer loop
      vertex -0.741405 1.020000 0.562874
      vertex -0.727936 1.020000 0.557295
      vertex -0.741405 -1.020000 0.562874
    endloop
  endfacet
  facet normal 0.276836 0.000000 0.960917
    outer loop
      vertex -0.727936 -1.020000 0.557295
      vertex -0.713928 -1.020000 0.553259
      vertex -0.713928 1.020000 0.553259
    endloop
  endfacet
  facet normal -0.276836 -0.000000 -0.960917
    outer loop
      vertex -0.713928 1.020000 0.553259
      vertex -0.713928 -1.020000 0.553259
      vertex -0.727936 -1.020000 0.557295
    endloop
  endfacet
  facet normal 0.276836 -0.000000 0.960917
    outer loop
      vertex -0.727936 -1.020000 0.557295
      vertex -0.713928 1.020000 0.553259
      vertex -0.727936 1.020000 0.557295
    endloop
  endfacet
  facet normal -0.276836 0.000000 -0.960917
    outer loop
      vertex -0.727936 1.020000 0.557295
      vertex -0.713928 1.020000 0.553259
      vertex -0.727936 -1.020000 0.557295
    endloop
  endfacet
  facet normal 0.167506 0.000000 0.985871
    outer loop
      vertex -0.713928 -1.020000 0.553259
      vertex -0.699555 -1.020000 0.550817
      vertex -0.699555 1.020000 0.550817
    endloop
  endfacet
  facet normal -0.167506 -0.000000 -0.985871
    outer loop
      vertex -0.699555 1.020000 0.550817
      vertex -0.699555 -1.020000 0.550817
      vertex -0.713928 -1.020000 0.553259
    endloop
  endfacet
  facet normal 0.167506 -0.000000 0.985871
    outer loop
      vertex -0.713928 -1.020000 0.553259
      vertex -0.699555 1.020000 0.550817
      vertex -0.713928 1.020000 0.553259
    endloop
  endfacet
  facet normal -0.167506 0.000000 -0.985871
    outer loop
      vertex -0.713928 1.020000 0.553259
      vertex -0.699555 1.020000 0.550817
      vertex -0.713928 -1.020000 0.553259
    endloop
  endfacet
  facet normal 0.056070 0.000000 0.998427
    outer loop
      vertex -0.699555 -1.020000 0.550817
      vertex -0.685000 -1.020000 0.550000
      vertex -0.685000 1.020000 0.550000
    endloop
  endfacet
  facet normal -0.056070 -0.000000 -0.998427
    outer loop
      vertex -0.685000 1.020000 0.550000
      vertex -0.685000 -1.020000 0.550000
      vertex -0.699555 -1.020000 0.550817
    endloop
  endfacet
  facet normal 0.056070 -0.000000 0.998427
    outer loop
      vertex -0.699555 -1.020000 0.550817
      vertex -0.685000 1.020000 0.550000
      vertex -0.699555 1.020000 0.550817
    endloop
  endfacet
  facet normal -0.056070 0.000000 -0.998427
    outer loop
      vertex -0.699555 1.020000 0.550817
      vertex -0.685000 1.020000 0.550000
      vertex -0.699555 -1.020000 0.550817
    endloop
  endfacet
  facet normal -0.056070 0.000000 0.998427
    outer loop
      vertex -0.685000 -1.020000 0.550000
      vertex -0.670445 -1.020000 0.550817
      vertex -0.670445 1.020000 0.550817
    endloop
  endfacet
  facet normal 0.056070 -0.000000 -0.998427
    outer loop
      vertex -0.670445 1.020000 0.550817
      vertex -0.670445 -1.020000 0.550817
      vertex -0.685000 -1.020000 0.550000
    endloop
  endfacet
  facet normal -0.056070 0.000000 0.998427
    outer loop
      vertex -0.685000 -1.020000 0.550000
      vertex -0.670445 1.020000 0.550817
      vertex -0.685000 1.020000 0.550000
    endloop
  endfacet
  facet normal 0.056070 -0.000000 -0.998427
    outer loop
      vertex -0.685000 1.020000 0.550000
      vertex -0.670445 1.020000 0.550817
      vertex -0.685000 -1.020000 0.550000
    endloop
  endfacet
  facet normal -0.167506 0.000000 0.985871
    outer loop
      vertex -0.670445 -1.020000 0.550817
      vertex -0.656072 -1.020000 0.553259
      vertex -0.656072 1.020000 0.553259
    endloop
  endfacet
  facet normal 0.167506 -0.000000 -0.985871
    outer loop
      vertex -0.656072 1.020000 0.553259
      vertex -0.656072 -1.020000 0.553259
      vertex -0.670445 -1.020000 0.550817
    endloop
  endfacet
  facet normal -0.167506 0.000000 0.985871
    outer loop
      vertex -0.670445 -1.020000 0.550817
      vertex -0.656072 1.020000 0.553259
      vertex -0.670445 1.020000 0.550817
    endloop
  endfacet
  facet normal 0.167506 -0.000000 -0.985871
    outer loop
      vertex -0.670445 1.020000 0.550817
      vertex -0.656072 1.020000 0.553259
      vertex -0.670445 -1.020000 0.550817
    endloop
  endfacet
  facet normal -0.276836 0.000000 0.960917
    outer loop
      vertex -0.656072 -1.020000 0.553259
      vertex -0.642064 -1.020000 0.557295
      vertex -0.642064 1.020000 0.557295
    endloop
  endfacet
  facet normal 0.276836 -0.000000 -0.960917
    outer loop
      vertex -0.642064 1.020000 0.557295
      vertex -0.642064 -1.020000 0.557295
      vertex -0.656072 -1.020000 0.553259
    endloop
  endfacet
  facet normal -0.276836 0.000000 0.960917
    outer loop
      vertex -0.656072 -1.020000 0.553259
      vertex -0.642064 1.020000 0.557295
      vertex -0.656072 1.020000 0.553259
    endloop
  endfacet
  facet normal 0.276836 -0.000000 -0.960917
    outer loop
      vertex -0.656072 1.020000 0.553259
      vertex -0.642064 1.020000 0.557295
      vertex -0.656072 -1.020000 0.553259
    endloop
  endfacet
  facet normal -0.382683 0.000000 0.923880
    outer loop
      vertex -0.642064 -1.020000 0.557295
      vertex -0.628595 -1.020000 0.562874
      vertex -0.628595 1.020000 0.562874
    endloop
  endfacet
  facet normal 0.382683 -0.000000 -0.923880
    outer loop
      vertex -0.628595 1.020000 0.562874
      vertex -0.628595 -1.020000 0.562874
      vertex -0.642064 -1.020000 0.557295
    endloop
  endfacet
  facet normal -0.382683 0.000000 0.923880
    outer loop
      vertex -0.642064 -1.020000 0.557295
      vertex -0.628595 1.020000 0.562874
      vertex -0.642064 1.020000 0.557295
    endloop
  endfacet
  facet normal 0.382683 -0.000000 -0.923880
    outer loop
      vertex -0.642064 1.020000 0.557295
      vertex -0.628595 1.020000 0.562874
      vertex -0.642064 -1.020000 0.557295
    endloop
  endfacet
  facet normal -0.483719 0.000000 0.875223
    outer loop
      vertex -0.628595 -1.020000 0.562874
      vertex -0.615836 -1.020000 0.569926
      vertex -0.615836 1.020000 0.569926
    endloop
  endfacet
  facet normal 0.483719 -0.000000 -0.875223
    outer loop
      vertex -0.615836 1.020000 0.569926
      vertex -0.615836 -1.020000 0.569926
      vertex -0.628595 -1.020000 0.562874
    endloop
  endfacet
  facet normal -0.483719 0.000000 0.875223
    outer loop
      vertex -0.628595 -1.020000 0.562874
      vertex -0.615836 1.020000 0.569926
      vertex -0.628595 1.020000 0.562874
    endloop
  endfacet
  facet normal 0.483719 -0.000000 -0.875223
    outer loop
      vertex -0.628595 1.020000 0.562874
      vertex -0.615836 1.020000 0.569926
      vertex -0.628595 -1.020000 0.562874
    endloop
  endfacet
  facet normal -0.578671 0.000000 0.815561
    outer loop
      vertex -0.615836 -1.020000 0.569926
      vertex -0.603946 -1.020000 0.578362
      vertex -0.603946 1.020000 0.578362
    endloop
  endfacet
  facet normal 0.578671 -0.000000 -0.815561
    outer loop
      vertex -0.603946 1.020000 0.578362
      vertex -0.603946 -1.020000 0.578362
      vertex -0.615836 -1.020000 0.569926
    endloop
  endfacet
  facet normal -0.578671 0.000000 0.815561
    outer loop
      vertex -0.615836 -1.020000 0.569926
      vertex -0.603946 1.020000 0.578362
      vertex -0.615836 1.020000 0.569926
    endloop
  endfacet
  facet normal 0.578671 -0.000000 -0.815561
    outer loop
      vertex -0.615836 1.020000 0.569926
      vertex -0.603946 1.020000 0.578362
      vertex -0.615836 -1.020000 0.569926
    endloop
  endfacet
  facet normal -0.666347 0.000000 0.745642
    outer loop
      vertex -0.603946 -1.020000 0.578362
      vertex -0.593076 -1.020000 0.588076
      vertex -0.593076 1.020000 0.588076
    endloop
  endfacet
  facet normal 0.666347 -0.000000 -0.745642
    outer loop
      vertex -0.593076 1.020000 0.588076
      vertex -0.593076 -1.020000 0.588076
      vertex -0.603946 -1.020000 0.578362
    endloop
  endfacet
  facet normal -0.666347 0.000000 0.745642
    outer loop
      vertex -0.603946 -1.020000 0.578362
      vertex -0.593076 1.020000 0.588076
      vertex -0.603946 1.020000 0.578362
    endloop
  endfacet
  facet normal 0.666347 -0.000000 -0.745642
    outer loop
      vertex -0.603946 1.020000 0.578362
      vertex -0.593076 1.020000 0.588076
      vertex -0.603946 -1.020000 0.578362
    endloop
  endfacet
  facet normal -0.745642 0.000000 0.666347
    outer loop
      vertex -0.593076 -1.020000 0.588076
      vertex -0.583362 -1.020000 0.598946
      vertex -0.583362 1.020000 0.598946
    endloop
  endfacet
  facet normal 0.745642 -0.000000 -0.666347
    outer loop
      vertex -0.583362 1.020000 0.598946
      vertex -0.583362 -1.020000 0.598946
      vertex -0.593076 -1.020000 0.588076
    endloop
  endfacet
  facet normal -0.745642 0.000000 0.666347
    outer loop
      vertex -0.593076 -1.020000 0.588076
      vertex -0.583362 1.020000 0.598946
      vertex -0.593076 1.020000 0.588076
    endloop
  endfacet
  facet normal 0.745642 -0.000000 -0.666347
    outer loop
      vertex -0.593076 1.020000 0.588076
      vertex -0.583362 1.020000 0.598946
      vertex -0.593076 -1.020000 0.588076
    endloop
  endfacet
  facet normal -0.815561 0.000000 0.578671
    outer loop
      vertex -0.583362 -1.020000 0.598946
      vertex -0.574926 -1.020000 0.610836
      vertex -0.574926 1.020000 0.610836
    endloop
  endfacet
  facet normal 0.815561 -0.000000 -0.578671
    outer loop
      vertex -0.574926 1.020000 0.610836
      vertex -0.574926 -1.020000 0.610836
      vertex -0.583362 -1.020000 0.598946
    endloop
  endfacet
  facet normal -0.815561 0.000000 0.578671
    outer loop
      vertex -0.583362 -1.020000 0.598946
      vertex -0.574926 1.020000 0.610836
      vertex -0.583362 1.020000 0.598946
    endloop
  endfacet
  facet normal 0.815561 -0.000000 -0.578671
    outer loop
      vertex -0.583362 1.020000 0.598946
      vertex -0.574926 1.020000 0.610836
      vertex -0.583362 -1.020000 0.598946
    endloop
  endfacet
  facet normal -0.875223 0.000000 0.483719
    outer loop
      vertex -0.574926 -1.020000 0.610836
      vertex -0.567874 -1.020000 0.623595
      vertex -0.567874 1.020000 0.623595
    endloop
  endfacet
  facet normal 0.875223 -0.000000 -0.483719
    outer loop
      vertex -0.567874 1.020000 0.623595
      vertex -0.567874 -1.020000 0.623595
      vertex -0.574926 -1.020000 0.610836
    endloop
  endfacet
  facet normal -0.875223 0.000000 0.483719
    outer loop
      vertex -0.574926 -1.020000 0.610836
      vertex -0.567874 1.020000 0.623595
      vertex -0.574926 1.020000 0.610836
    endloop
  endfacet
  facet normal 0.875223 -0.000000 -0.483719
    outer loop
      vertex -0.574926 1.020000 0.610836
      vertex -0.567874 1.020000 0.623595
      vertex -0.574926 -1.020000 0.610836
    endloop
  endfacet
  facet normal -0.923880 0.000000 0.382683
    outer loop
      vertex -0.567874 -1.020000 0.623595
      vertex -0.562295 -1.020000 0.637064
      vertex -0.562295 1.020000 0.637064
    endloop
  endfacet
  facet normal 0.923880 -0.000000 -0.382683
    outer loop
      vertex -0.562295 1.020000 0.637064
      vertex -0.562295 -1.020000 0.637064
      vertex -0.567874 -1.020000 0.623595
    endloop
  endfacet
  facet normal -0.923880 0.000000 0.382683
    outer loop
      vertex -0.567874 -1.020000 0.623595
      vertex -0.562295 1.020000 0.637064
      vertex -0.567874 1.020000 0.623595
    endloop
  endfacet
  facet normal 0.923880 -0.000000 -0.382683
    outer loop
      vertex -0.567874 1.020000 0.623595
      vertex -0.562295 1.020000 0.637064
      vertex -0.567874 -1.020000 0.623595
    endloop
  endfacet
  facet normal -0.960917 0.000000 0.276836
    outer loop
      vertex -0.562295 -1.020000 0.637064
      vertex -0.558259 -1.020000 0.651072
      vertex -0.558259 1.020000 0.651072
    endloop
  endfacet
  facet normal 0.960917 -0.000000 -0.276836
    outer loop
      vertex -0.558259 1.020000 0.651072
      vertex -0.558259 -1.020000 0.651072
      vertex -0.562295 -1.020000 0.637064
    endloop
  endfacet
  facet normal -0.960917 0.000000 0.276836
    outer loop
      vertex -0.562295 -1.020000 0.637064
      vertex -0.558259 1.020000 0.651072
      vertex -0.562295 1.020000 0.637064
    endloop
  endfacet
  facet normal 0.960917 -0.000000 -0.276836
    outer loop
      vertex -0.562295 1.020000 0.637064
      vertex -0.558259 1.020000 0.651072
      vertex -0.562295 -1.020000 0.637064
    endloop
  endfacet
  facet normal -0.985871 0.000000 0.167506
    outer loop
      vertex -0.558259 -1.020000 0.651072
      vertex -0.555817 -1.020000 0.665445
      vertex -0.555817 1.020000 0.665445
    endloop
  endfacet
  facet normal 0.985871 -0.000000 -0.167506
    outer loop
      vertex -0.555817 1.020000 0.665445
      vertex -0.555817 -1.020000 0.665445
      vertex -0.558259 -1.020000 0.651072
    endloop
  endfacet
  facet normal -0.985871 0.000000 0.167506
    outer loop
      vertex -0.558259 -1.020000 0.651072
      vertex -0.555817 1.020000 0.665445
      vertex -0.558259 1.020000 0.651072
    endloop
  endfacet
  facet normal 0.985871 -0.000000 -0.167506
    outer loop
      vertex -0.558259 1.020000 0.651072
      vertex -0.555817 1.020000 0.665445
      vertex -0.558259 -1.020000 0.651072
    endloop
  endfacet
  facet normal -0.998427 0.000000 0.056070
    outer loop
      vertex -0.555817 -1.020000 0.665445
      vertex -0.555000 -1.020000 0.680000
      vertex -0.555000 1.020000 0.680000
    endloop
  endfacet
  facet normal 0.998427 -0.000000 -0.056070
    outer loop
      vertex -0.555000 1.020000 0.680000
      vertex -0.555000 -1.020000 0.680000
      vertex -0.555817 -1.020000 0.665445
    endloop
  endfacet
  facet normal -0.998427 0.000000 0.056070
    outer loop
      vertex -0.555817 -1.020000 0.665445
      vertex -0.555000 1.020000 0.680000
      vertex -0.555817 1.020000 0.665445
    endloop
  endfacet
  facet normal 0.998427 -0.000000 -0.056070
    outer loop
      vertex -0.555817 1.020000 0.665445
      vertex -0.555000 1.020000 0.680000
      vertex -0.555817 -1.020000 0.665445
    endloop
  endfacet
  facet normal -0.998427 0.000000 -0.056070
    outer loop
      vertex -0.555000 -1.020000 0.680000
      vertex -0.555817 -1.020000 0.694555
      vertex -0.555817 1.020000 0.694555
    endloop
  endfacet
  facet normal 0.998427 -0.000000 0.056070
    outer loop
      vertex -0.555817 1.020000 0.694555
      vertex -0.555817 -1.020000 0.694555
      vertex -0.555000 -1.020000 0.680000
    endloop
  endfacet
  facet normal -0.998427 0.000000 -0.056070
    outer loop
      vertex -0.555000 -1.020000 0.680000
      vertex -0.555817 1.020000 0.694555
      vertex -0.555000 1.020000 0.680000
    endloop
  endfacet
  facet normal 0.998427 -0.000000 0.056070
    outer loop
      vertex -0.555000 1.020000 0.680000
      vertex -0.555817 1.020000 0.694555
      vertex -0.555000 -1.020000 0.680000
    endloop
  endfacet
  facet normal -0.985871 0.000000 -0.167506
    outer loop
      vertex -0.555817 -1.020000 0.694555
      vertex -0.558259 -1.020000 0.708928
      vertex -0.558259 1.020000 0.708928
    endloop
  endfacet
  facet normal 0.985871 -0.000000 0.167506
    outer loop
      vertex -0.558259 1.020000 0.708928
      vertex -0.558259 -1.020000 0.708928
      vertex -0.555817 -1.020000 0.694555
    endloop
  endfacet
  facet normal -0.985871 0.000000 -0.167506
    outer loop
      vertex -0.555817 -1.020000 0.694555
      vertex -0.558259 1.020000 0.708928
      vertex -0.555817 1.020000 0.694555
    endloop
  endfacet
  facet normal 0.985871 -0.000000 0.167506
    outer loop
      vertex -0.555817 1.020000 0.694555
      vertex -0.558259 1.020000 0.708928
      vertex -0.555817 -1.020000 0.694555
    endloop
  endfacet
  facet normal -0.960917 0.000000 -0.276836
    outer loop
      vertex -0.558259 -1.020000 0.708928
      vertex -0.562295 -1.020000 0.722936
      vertex -0.562295 1.020000 0.722936
    endloop
  endfacet
  facet normal 0.960917 -0.000000 0.276836
    outer loop
      vertex -0.562295 1.020000 0.722936
      vertex -0.562295 -1.020000 0.722936
      vertex -0.558259 -1.020000 0.708928
    endloop
  endfacet
  facet normal -0.960917 0.000000 -0.276836
    outer loop
      vertex -0.558259 -1.020000 0.708928
      vertex -0.562295 1.020000 0.722936
      vertex -0.558259 1.020000 0.708928
    endloop
  endfacet
  facet normal 0.960917 -0.000000 0.276836
    outer loop
      vertex -0.558259 1.020000 0.708928
      vertex -0.562295 1.020000 0.722936
      vertex -0.558259 -1.020000 0.708928
    endloop
  endfacet
  facet normal -0.923880 0.000000 -0.382683
    outer loop
      vertex -0.562295 -1.020000 0.722936
      vertex -0.567874 -1.020000 0.736405
      vertex -0.567874 1.020000 0.736405
    endloop
  endfacet
  facet normal 0.923880 -0.000000 0.382683
    outer loop
      vertex -0.567874 1.020000 0.736405
      vertex -0.567874 -1.020000 0.736405
      vertex -0.562295 -1.020000 0.722936
    endloop
  endfacet
  facet normal -0.923880 0.000000 -0.382683
    outer loop
      vertex -0.562295 -1.020000 0.722936
      vertex -0.567874 1.020000 0.736405
      vertex -0.562295 1.020000 0.722936
    endloop
  endfacet
  facet normal 0.923880 -0.000000 0.382683
    outer loop
      vertex -0.562295 1.020000 0.722936
      vertex -0.567874 1.020000 0.736405
      vertex -0.562295 -1.020000 0.722936
    endloop
  endfacet
  facet normal -0.875223 0.000000 -0.483719
    outer loop
      vertex -0.567874 -1.020000 0.736405
      vertex -0.574926 -1.020000 0.749164
      vertex -0.574926 1.020000 0.749164
    endloop
  endfacet
  facet normal 0.875223 -0.000000 0.483719
    outer loop
      vertex -0.574926 1.020000 0.749164
      vertex -0.574926 -1.020000 0.749164
      vertex -0.567874 -1.020000 0.736405
    endloop
  endfacet
  facet normal -0.875223 0.000000 -0.483719
    outer loop
      vertex -0.567874 -1.020000 0.736405
      vertex -0.574926 1.020000 0.749164
      vertex -0.567874 1.020000 0.736405
    endloop
  endfacet
  facet normal 0.875223 -0.000000 0.483719
    outer loop
      vertex -0.567874 1.020000 0.736405
      vertex -0.574926 1.020000 0.749164
      vertex -0.567874 -1.020000 0.736405
    endloop
  endfacet
  facet normal -0.815561 0.000000 -0.578671
    outer loop
      vertex -0.574926 -1.020000 0.749164
      vertex -0.583362 -1.020000 0.761054
      vertex -0.583362 1.020000 0.761054
    endloop
  endfacet
  facet normal 0.815561 -0.000000 0.578671
    outer loop
      vertex -0.583362 1.020000 0.761054
      vertex -0.583362 -1.020000 0.761054
      vertex -0.574926 -1.020000 0.749164
    endloop
  endfacet
  facet normal -0.815561 0.000000 -0.578671
    outer loop
      vertex -0.574926 -1.020000 0.749164
      vertex -0.583362 1.020000 0.761054
      vertex -0.574926 1.020000 0.749164
    endloop
  endfacet
  facet normal 0.815561 -0.000000 0.578671
    outer loop
      vertex -0.574926 1.020000 0.749164
      vertex -0.583362 1.020000 0.761054
      vertex -0.574926 -1.020000 0.749164
    endloop
  endfacet
  facet normal -0.745642 0.000000 -0.666347
    outer loop
      vertex -0.583362 -1.020000 0.761054
      vertex -0.593076 -1.020000 0.771924
      vertex -0.593076 1.020000 0.771924
    endloop
  endfacet
  facet normal 0.745642 -0.000000 0.666347
    outer loop
      vertex -0.593076 1.020000 0.771924
      vertex -0.593076 -1.020000 0.771924
      vertex -0.583362 -1.020000 0.761054
    endloop
  endfacet
  facet normal -0.745642 0.000000 -0.666347
    outer loop
      vertex -0.583362 -1.020000 0.761054
      vertex -0.593076 1.020000 0.771924
      vertex -0.583362 1.020000 0.761054
    endloop
  endfacet
  facet normal 0.745642 -0.000000 0.666347
    outer loop
      vertex -0.583362 1.020000 0.761054
      vertex -0.593076 1.020000 0.771924
      vertex -0.583362 -1.020000 0.761054
    endloop
  endfacet
  facet normal -0.666347 0.000000 -0.745642
    outer loop
      vertex -0.593076 -1.020000 0.771924
      vertex -0.603946 -1.020000 0.781638
      vertex -0.603946 1.020000 0.781638
    endloop
  endfacet
  facet normal 0.666347 -0.000000 0.745642
    outer loop
      vertex -0.603946 1.020000 0.781638
      vertex -0.603946 -1.020000 0.781638
      vertex -0.593076 -1.020000 0.771924
    endloop
  endfacet
  facet normal -0.666347 0.000000 -0.745642
    outer loop
      vertex -0.593076 -1.020000 0.771924
      vertex -0.603946 1.020000 0.781638
      vertex -0.593076 1.020000 0.771924
    endloop
  endfacet
  facet normal 0.666347 -0.000000 0.745642
    outer loop
      vertex -0.593076 1.020000 0.771924
      vertex -0.603946 1.020000 0.781638
      vertex -0.593076 -1.020000 0.771924
    endloop
  endfacet
  facet normal -0.578671 0.000000 -0.815561
    outer loop
      vertex -0.603946 -1.020000 0.781638
      vertex -0.615836 -1.020000 0.790074
      vertex -0.615836 1.020000 0.790074
    endloop
  endfacet
  facet normal 0.578671 -0.000000 0.815561
    outer loop
      vertex -0.615836 1.020000 0.790074
      vertex -0.615836 -1.020000 0.790074
      vertex -0.603946 -1.020000 0.781638
    endloop
  endfacet
  facet normal -0.578671 0.000000 -0.815561
    outer loop
      vertex -0.603946 -1.020000 0.781638
      vertex -0.615836 1.020000 0.790074
      vertex -0.603946 1.020000 0.781638
    endloop
  endfacet
  facet normal 0.578671 -0.000000 0.815561
    outer loop
      vertex -0.603946 1.020000 0.781638
      vertex -0.615836 1.020000 0.790074
      vertex -0.603946 -1.020000 0.781638
    endloop
  endfacet
  facet normal -0.483719 0.000000 -0.875223
    outer loop
      vertex -0.615836 -1.020000 0.790074
      vertex -0.628595 -1.020000 0.797126
      vertex -0.628595 1.020000 0.797126
    endloop
  endfacet
  facet normal 0.483719 -0.000000 0.875223
    outer loop
      vertex -0.628595 1.020000 0.797126
      vertex -0.628595 -1.020000 0.797126
      vertex -0.615836 -1.020000 0.790074
    endloop
  endfacet
  facet normal -0.483719 0.000000 -0.875223
    outer loop
      vertex -0.615836 -1.020000 0.790074
      vertex -0.628595 1.020000 0.797126
      vertex -0.615836 1.020000 0.790074
    endloop
  endfacet
  facet normal 0.483719 -0.000000 0.875223
    outer loop
      vertex -0.615836 1.020000 0.790074
      vertex -0.628595 1.020000 0.797126
      vertex -0.615836 -1.020000 0.790074
    endloop
  endfacet
  facet normal -0.382683 0.000000 -0.923880
    outer loop
      vertex -0.628595 -1.020000 0.797126
      vertex -0.642064 -1.020000 0.802705
      vertex -0.642064 1.020000 0.802705
    endloop
  endfacet
  facet normal 0.382683 -0.000000 0.923880
    outer loop
      vertex -0.642064 1.020000 0.802705
      vertex -0.642064 -1.020000 0.802705
      vertex -0.628595 -1.020000 0.797126
    endloop
  endfacet
  facet normal -0.382683 0.000000 -0.923880
    outer loop
      vertex -0.628595 -1.020000 0.797126
      vertex -0.642064 1.020000 0.802705
      vertex -0.628595 1.020000 0.797126
    endloop
  endfacet
  facet normal 0.382683 -0.000000 0.923880
    outer loop
      vertex -0.628595 1.020000 0.797126
      vertex -0.642064 1.020000 0.802705
      vertex -0.628595 -1.020000 0.797126
    endloop
  endfacet
  facet normal -0.276836 0.000000 -0.960917
    outer loop
      vertex -0.642064 -1.020000 0.802705
      vertex -0.656072 -1.020000 0.806741
      vertex -0.656072 1.020000 0.806741
    endloop
  endfacet
  facet normal 0.276836 -0.000000 0.960917
    outer loop
      vertex -0.656072 1.020000 0.806741
      vertex -0.656072 -1.020000 0.806741
      vertex -0.642064 -1.020000 0.802705
    endloop
  endfacet
  facet normal -0.276836 0.000000 -0.960917
    outer loop
      vertex -0.642064 -1.020000 0.802705
      vertex -0.656072 1.020000 0.806741
      vertex -0.642064 1.020000 0.802705
    endloop
  endfacet
  facet normal 0.276836 -0.000000 0.960917
    outer loop
      vertex -0.642064 1.020000 0.802705
      vertex -0.656072 1.020000 0.806741
      vertex -0.642064 -1.020000 0.802705
    endloop
  endfacet
  facet normal -0.167506 0.000000 -0.985871
    outer loop
      vertex -0.656072 -1.020000 0.806741
      vertex -0.670445 -1.020000 0.809183
      vertex -0.670445 1.020000 0.809183
    endloop
  endfacet
  facet normal 0.167506 -0.000000 0.985871
    outer loop
      vertex -0.670445 1.020000 0.809183
      vertex -0.670445 -1.020000 0.809183
      vertex -0.656072 -1.020000 0.806741
    endloop
  endfacet
  facet normal -0.167506 0.000000 -0.985871
    outer loop
      vertex -0.656072 -1.020000 0.806741
      vertex -0.670445 1.020000 0.809183
      vertex -0.656072 1.020000 0.806741
    endloop
  endfacet
  facet normal 0.167506 -0.000000 0.985871
    outer loop
      vertex -0.656072 1.020000 0.806741
      vertex -0.670445 1.020000 0.809183
      vertex -0.656072 -1.020000 0.806741
    endloop
  endfacet
  facet normal -0.056070 0.000000 -0.998427
    outer loop
      vertex -0.670445 -1.020000 0.809183
      vertex -0.685000 -1.020000 0.810000
      vertex -0.685000 1.020000 0.810000
    endloop
  endfacet
  facet normal 0.056070 -0.000000 0.998427
    outer loop
      vertex -0.685000 1.020000 0.810000
      vertex -0.685000 -1.020000 0.810000
      vertex -0.670445 -1.020000 0.809183
    endloop
  endfacet
  facet normal -0.056070 0.000000 -0.998427
    outer loop
      vertex -0.670445 -1.020000 0.809183
      vertex -0.685000 1.020000 0.810000
      vertex -0.670445 1.020000 0.809183
    endloop
  endfacet
  facet normal 0.056070 -0.000000 0.998427
    outer loop
      vertex -0.670445 1.020000 0.809183
      vertex -0.685000 1.020000 0.810000
      vertex -0.670445 -1.020000 0.809183
    endloop
  endfacet
  facet normal 0.056070 0.000000 -0.998427
    outer loop
      vertex -0.685000 -1.020000 0.810000
      vertex -0.699555 -1.020000 0.809183
      vertex -0.699555 1.020000 0.809183
    endloop
  endfacet
  facet normal -0.056070 -0.000000 0.998427
    outer loop
      vertex -0.699555 1.020000 0.809183
      vertex -0.699555 -1.020000 0.809183
      vertex -0.685000 -1.020000 0.810000
    endloop
  endfacet
  facet normal 0.056070 0.000000 -0.998427
    outer loop
      vertex -0.685000 -1.020000 0.810000
      vertex -0.699555 1.020000 0.809183
      vertex -0.685000 1.020000 0.810000
    endloop
  endfacet
  facet normal -0.056070 -0.000000 0.998427
    outer loop
      vertex -0.685000 1.020000 0.810000
      vertex -0.699555 1.020000 0.809183
      vertex -0.685000 -1.020000 0.810000
    endloop
  endfacet
  facet normal 0.167506 0.000000 -0.985871
    outer loop
      vertex -0.699555 -1.020000 0.809183
      vertex -0.713928 -1.020000 0.806741
      vertex -0.713928 1.020000 0.806741
    endloop
  endfacet
  facet normal -0.167506 -0.000000 0.985871
    outer loop
      vertex -0.713928 1.020000 0.806741
      vertex -0.713928 -1.020000 0.806741
      vertex -0.699555 -1.020000 0.809183
    endloop
  endfacet
  facet normal 0.167506 0.000000 -0.985871
    outer loop
      vertex -0.699555 -1.020000 0.809183
      vertex -0.713928 1.020000 0.806741
      vertex -0.699555 1.020000 0.809183
    endloop
  endfacet
  facet normal -0.167506 -0.000000 0.985871
    outer loop
      vertex -0.699555 1.020000 0.809183
      vertex -0.713928 1.020000 0.806741
      vertex -0.699555 -1.020000 0.809183
    endloop
  endfacet
  facet normal 0.276836 0.000000 -0.960917
    outer loop
      vertex -0.713928 -1.020000 0.806741
      vertex -0.727936 -1.020000 0.802705
      vertex -0.727936 1.020000 0.802705
    endloop
  endfacet
  facet normal -0.276836 -0.000000 0.960917
    outer loop
      vertex -0.727936 1.020000 0.802705
      vertex -0.727936 -1.020000 0.802705
      vertex -0.713928 -1.020000 0.806741
    endloop
  endfacet
  facet normal 0.276836 0.000000 -0.960917
    outer loop
      vertex -0.713928 -1.020000 0.806741
      vertex -0.727936 1.020000 0.802705
      vertex -0.713928 1.020000 0.806741
    endloop
  endfacet
  facet normal -0.276836 -0.000000 0.960917
    outer loop
      vertex -0.713928 1.020000 0.806741
      vertex -0.727936 1.020000 0.802705
      vertex -0.713928 -1.020000 0.806741
    endloop
  endfacet
  facet normal 0.382683 0.000000 -0.923880
    outer loop
      vertex -0.727936 -1.020000 0.802705
      vertex -0.741405 -1.020000 0.797126
      vertex -0.741405 1.020000 0.797126
    endloop
  endfacet
  facet normal -0.382683 -0.000000 0.923880
    outer loop
      vertex -0.741405 1.020000 0.797126
      vertex -0.741405 -1.020000 0.797126
      vertex -0.727936 -1.020000 0.802705
    endloop
  endfacet
  facet normal 0.382683 0.000000 -0.923880
    outer loop
      vertex -0.727936 -1.020000 0.802705
      vertex -0.741405 1.020000 0.797126
      vertex -0.727936 1.020000 0.802705
    endloop
  endfacet
  facet normal -0.382683 -0.000000 0.923880
    outer loop
      vertex -0.727936 1.020000 0.802705
      vertex -0.741405 1.020000 0.797126
      vertex -0.727936 -1.020000 0.802705
    endloop
  endfacet
  facet normal 0.483719 0.000000 -0.875223
    outer loop
      vertex -0.741405 -1.020000 0.797126
      vertex -0.754164 -1.020000 0.790074
      vertex -0.754164 1.020000 0.790074
    endloop
  endfacet
  facet normal -0.483719 -0.000000 0.875223
    outer loop
      vertex -0.754164 1.020000 0.790074
      vertex -0.754164 -1.020000 0.790074
      vertex -0.741405 -1.020000 0.797126
    endloop
  endfacet
  facet normal 0.483719 0.000000 -0.875223
    outer loop
      vertex -0.741405 -1.020000 0.797126
      vertex -0.754164 1.020000 0.790074
      vertex -0.741405 1.020000 0.797126
    endloop
  endfacet
  facet normal -0.483719 -0.000000 0.875223
    outer loop
      vertex -0.741405 1.020000 0.797126
      vertex -0.754164 1.020000 0.790074
      vertex -0.741405 -1.020000 0.797126
    endloop
  endfacet
  facet normal 0.578671 0.000000 -0.815561
    outer loop
      vertex -0.754164 -1.020000 0.790074
      vertex -0.766054 -1.020000 0.781638
      vertex -0.766054 1.020000 0.781638
    endloop
  endfacet
  facet normal -0.578671 -0.000000 0.815561
    outer loop
      vertex -0.766054 1.020000 0.781638
      vertex -0.766054 -1.020000 0.781638
      vertex -0.754164 -1.020000 0.790074
    endloop
  endfacet
  facet normal 0.578671 0.000000 -0.815561
    outer loop
      vertex -0.754164 -1.020000 0.790074
      vertex -0.766054 1.020000 0.781638
      vertex -0.754164 1.020000 0.790074
    endloop
  endfacet
  facet normal -0.578671 -0.000000 0.815561
    outer loop
      vertex -0.754164 1.020000 0.790074
      vertex -0.766054 1.020000 0.781638
      vertex -0.754164 -1.020000 0.790074
    endloop
  endfacet
  facet normal 0.666347 0.000000 -0.745642
    outer loop
      vertex -0.766054 -1.020000 0.781638
      vertex -0.776924 -1.020000 0.771924
      vertex -0.776924 1.020000 0.771924
    endloop
  endfacet
  facet normal -0.666347 -0.000000 0.745642
    outer loop
      vertex -0.776924 1.020000 0.771924
      vertex -0.776924 -1.020000 0.771924
      vertex -0.766054 -1.020000 0.781638
    endloop
  endfacet
  facet normal 0.666347 0.000000 -0.745642
    outer loop
      vertex -0.766054 -1.020000 0.781638
      vertex -0.776924 1.020000 0.771924
      vertex -0.766054 1.020000 0.781638
    endloop
  endfacet
  facet normal -0.666347 -0.000000 0.745642
    outer loop
      vertex -0.766054 1.020000 0.781638
      vertex -0.776924 1.020000 0.771924
      vertex -0.766054 -1.020000 0.781638
    endloop
  endfacet
  facet normal 0.745642 0.000000 -0.666347
    outer loop
      vertex -0.776924 -1.020000 0.771924
      vertex -0.786638 -1.020000 0.761054
      vertex -0.786638 1.020000 0.761054
    endloop
  endfacet
  facet normal -0.745642 -0.000000 0.666347
    outer loop
      vertex -0.786638 1.020000 0.761054
      vertex -0.786638 -1.020000 0.761054
      vertex -0.776924 -1.020000 0.771924
    endloop
  endfacet
  facet normal 0.745642 0.000000 -0.666347
    outer loop
      vertex -0.776924 -1.020000 0.771924
      vertex -0.786638 1.020000 0.761054
      vertex -0.776924 1.020000 0.771924
    endloop
  endfacet
  facet normal -0.745642 -0.000000 0.666347
    outer loop
      vertex -0.776924 1.020000 0.771924
      vertex -0.786638 1.020000 0.761054
      vertex -0.776924 -1.020000 0.771924
    endloop
  endfacet
  facet normal 0.815561 0.000000 -0.578671
    outer loop
      vertex -0.786638 -1.020000 0.761054
      vertex -0.795074 -1.020000 0.749164
      vertex -0.795074 1.020000 0.749164
    endloop
  endfacet
  facet normal -0.815561 -0.000000 0.578671
    outer loop
      vertex -0.795074 1.020000 0.749164
      vertex -0.795074 -1.020000 0.749164
      vertex -0.786638 -1.020000 0.761054
    endloop
  endfacet
  facet normal 0.815561 0.000000 -0.578671
    outer loop
      vertex -0.786638 -1.020000 0.761054
      vertex -0.795074 1.020000 0.749164
      vertex -0.786638 1.020000 0.761054
    endloop
  endfacet
  facet normal -0.815561 -0.000000 0.578671
    outer loop
      vertex -0.786638 1.020000 0.761054
      vertex -0.795074 1.020000 0.749164
      vertex -0.786638 -1.020000 0.761054
    endloop
  endfacet
  facet normal 0.875223 0.000000 -0.483719
    outer loop
      vertex -0.795074 -1.020000 0.749164
      vertex -0.802126 -1.020000 0.736405
      vertex -0.802126 1.020000 0.736405
    endloop
  endfacet
  facet normal -0.875223 -0.000000 0.483719
    outer loop
      vertex -0.802126 1.020000 0.736405
      vertex -0.802126 -1.020000 0.736405
      vertex -0.795074 -1.020000 0.749164
    endloop
  endfacet
  facet normal 0.875223 0.000000 -0.483719
    outer loop
      vertex -0.795074 -1.020000 0.749164
      vertex -0.802126 1.020000 0.736405
      vertex -0.795074 1.020000 0.749164
    endloop
  endfacet
  facet normal -0.875223 -0.000000 0.483719
    outer loop
      vertex -0.795074 1.020000 0.749164
      vertex -0.802126 1.020000 0.736405
      vertex -0.795074 -1.020000 0.749164
    endloop
  endfacet
  facet normal 0.923880 0.000000 -0.382683
    outer loop
      vertex -0.802126 -1.020000 0.736405
      vertex -0.805000 -1.020000 0.729466
      vertex -0.805000 1.020000 0.729466
    endloop
  endfacet
  facet normal -0.923880 -0.000000 0.382683
    outer loop
      vertex -0.805000 1.020000 0.729466
      vertex -0.805000 -1.020000 0.729466
      vertex -0.802126 -1.020000 0.736405
    endloop
  endfacet
  facet normal 0.923880 0.000000 -0.382683
    outer loop
      vertex -0.802126 -1.020000 0.736405
      vertex -0.805000 1.020000 0.729466
      vertex -0.802126 1.020000 0.736405
    endloop
  endfacet
  facet normal -0.923880 -0.000000 0.382683
    outer loop
      vertex -0.802126 1.020000 0.736405
      vertex -0.805000 1.020000 0.729466
      vertex -0.802126 -1.020000 0.736405
    endloop
  endfacet
  facet normal -1.000000 0.000000 0.000000
    outer loop
      vertex -0.805000 -1.020000 0.729466
      vertex -0.805000 -1.020000 1.300000
      vertex -0.805000 1.020000 1.300000
    endloop
  endfacet
  facet normal 1.000000 -0.000000 -0.000000
    outer loop
      vertex -0.805000 1.020000 1.300000
      vertex -0.805000 -1.020000 1.300000
      vertex -0.805000 -1.020000 0.729466
    endloop
  endfacet
  facet normal -1.000000 0.000000 0.000000
    outer loop
      vertex -0.805000 -1.020000 0.729466
      vertex -0.805000 1.020000 1.300000
      vertex -0.805000 1.020000 0.729466
    endloop
  endfacet
  facet normal 1.000000 -0.000000 -0.000000
    outer loop
      vertex -0.805000 1.020000 0.729466
      vertex -0.805000 1.020000 1.300000
      vertex -0.805000 -1.020000 0.729466
    endloop
  endfacet
  facet normal -0.998795 0.000000 0.049068
    outer loop
      vertex -0.805000 -1.020000 1.300000
      vertex -0.804856 -1.020000 1.302941
      vertex -0.804856 1.020000 1.302941
    endloop
  endfacet
  facet normal 0.998795 -0.000000 -0.049068
    outer loop
      vertex -0.804856 1.020000 1.302941
      vertex -0.804856 -1.020000 1.302941
      vertex -0.805000 -1.020000 1.300000
    endloop
  endfacet
  facet normal -0.998795 0.000000 0.049068
    outer loop
      vertex -0.805000 -1.020000 1.300000
      vertex -0.804856 1.020000 1.302941
      vertex -0.805000 1.020000 1.300000
    endloop
  endfacet
  facet normal 0.998795 -0.000000 -0.049068
    outer loop
      vertex -0.805000 1.020000 1.300000
      vertex -0.804856 1.020000 1.302941
      vertex -0.805000 -1.020000 1.300000
    endloop
  endfacet
  facet normal -0.989177 0.000000 0.146730
    outer loop
      vertex -0.804856 -1.020000 1.302941
      vertex -0.804424 -1.020000 1.305853
      vertex -0.804424 1.020000 1.305853
    endloop
  endfacet
  facet normal 0.989177 -0.000000 -0.146730
    outer loop
      vertex -0.804424 1.020000 1.305853
      vertex -0.804424 -1.020000 1.305853
      vertex -0.804856 -1.020000 1.302941
    endloop
  endfacet
  facet normal -0.989177 0.000000 0.146730
    outer loop
      vertex -0.804856 -1.020000 1.302941
      vertex -0.804424 1.020000 1.305853
      vertex -0.804856 1.020000 1.302941
    endloop
  endfacet
  facet normal 0.989177 -0.000000 -0.146730
    outer loop
      vertex -0.804856 1.020000 1.302941
      vertex -0.804424 1.020000 1.305853
      vertex -0.804856 -1.020000 1.302941
    endloop
  endfacet
  facet normal -0.970031 0.000000 0.242980
    outer loop
      vertex -0.804424 -1.020000 1.305853
      vertex -0.803708 -1.020000 1.308709
      vertex -0.803708 1.020000 1.308709
    endloop
  endfacet
  facet normal 0.970031 -0.000000 -0.242980
    outer loop
      vertex -0.803708 1.020000 1.308709
      vertex -0.803708 -1.020000 1.308709
      vertex -0.804424 -1.020000 1.305853
    endloop
  endfacet
  facet normal -0.970031 0.000000 0.242980
    outer loop
      vertex -0.804424 -1.020000 1.305853
      vertex -0.803708 1.020000 1.308709
      vertex -0.804424 1.020000 1.305853
    endloop
  endfacet
  facet normal 0.970031 -0.000000 -0.242980
    outer loop
      vertex -0.804424 1.020000 1.305853
      vertex -0.803708 1.020000 1.308709
      vertex -0.804424 -1.020000 1.305853
    endloop
  endfacet
  facet normal -0.941544 0.000000 0.336890
    outer loop
      vertex -0.803708 -1.020000 1.308709
      vertex -0.802716 -1.020000 1.311481
      vertex -0.802716 1.020000 1.311481
    endloop
  endfacet
  facet normal 0.941544 -0.000000 -0.336890
    outer loop
      vertex -0.802716 1.020000 1.311481
      vertex -0.802716 -1.020000 1.311481
      vertex -0.803708 -1.020000 1.308709
    endloop
  endfacet
  facet normal -0.941544 0.000000 0.336890
    outer loop
      vertex -0.803708 -1.020000 1.308709
      vertex -0.802716 1.020000 1.311481
      vertex -0.803708 1.020000 1.308709
    endloop
  endfacet
  facet normal 0.941544 -0.000000 -0.336890
    outer loop
      vertex -0.803708 1.020000 1.308709
      vertex -0.802716 1.020000 1.311481
      vertex -0.803708 -1.020000 1.308709
    endloop
  endfacet
  facet normal -0.903989 0.000000 0.427555
    outer loop
      vertex -0.802716 -1.020000 1.311481
      vertex -0.801458 -1.020000 1.314142
      vertex -0.801458 1.020000 1.314142
    endloop
  endfacet
  facet normal 0.903989 -0.000000 -0.427555
    outer loop
      vertex -0.801458 1.020000 1.314142
      vertex -0.801458 -1.020000 1.314142
      vertex -0.802716 -1.020000 1.311481
    endloop
  endfacet
  facet normal -0.903989 0.000000 0.427555
    outer loop
      vertex -0.802716 -1.020000 1.311481
      vertex -0.801458 1.020000 1.314142
      vertex -0.802716 1.020000 1.311481
    endloop
  endfacet
  facet normal 0.903989 -0.000000 -0.427555
    outer loop
      vertex -0.802716 1.020000 1.311481
      vertex -0.801458 1.020000 1.314142
      vertex -0.802716 -1.020000 1.311481
    endloop
  endfacet
  facet normal -0.857729 0.000000 0.514103
    outer loop
      vertex -0.801458 -1.020000 1.314142
      vertex -0.799944 -1.020000 1.316667
      vertex -0.799944 1.020000 1.316667
    endloop
  endfacet
  facet normal 0.857729 -0.000000 -0.514103
    outer loop
      vertex -0.799944 1.020000 1.316667
      vertex -0.799944 -1.020000 1.316667
      vertex -0.801458 -1.020000 1.314142
    endloop
  endfacet
  facet normal -0.857729 0.000000 0.514103
    outer loop
      vertex -0.801458 -1.020000 1.314142
      vertex -0.799944 1.020000 1.316667
      vertex -0.801458 1.020000 1.314142
    endloop
  endfacet
  facet normal 0.857729 -0.000000 -0.514103
    outer loop
      vertex -0.801458 1.020000 1.314142
      vertex -0.799944 1.020000 1.316667
      vertex -0.801458 -1.020000 1.314142
    endloop
  endfacet
  facet normal -0.803208 0.000000 0.595699
    outer loop
      vertex -0.799944 -1.020000 1.316667
      vertex -0.798190 -1.020000 1.319032
      vertex -0.798190 1.020000 1.319032
    endloop
  endfacet
  facet normal 0.803208 -0.000000 -0.595699
    outer loop
      vertex -0.798190 1.020000 1.319032
      vertex -0.798190 -1.020000 1.319032
      vertex -0.799944 -1.020000 1.316667
    endloop
  endfacet
  facet normal -0.803208 0.000000 0.595699
    outer loop
      vertex -0.799944 -1.020000 1.316667
      vertex -0.798190 1.020000 1.319032
      vertex -0.799944 1.020000 1.316667
    endloop
  endfacet
  facet normal 0.803208 -0.000000 -0.595699
    outer loop
      vertex -0.799944 1.020000 1.316667
      vertex -0.798190 1.020000 1.319032
      vertex -0.799944 -1.020000 1.316667
    endloop
  endfacet
  facet normal -0.740951 0.000000 0.671559
    outer loop
      vertex -0.798190 -1.020000 1.319032
      vertex -0.796213 -1.020000 1.321213
      vertex -0.796213 1.020000 1.321213
    endloop
  endfacet
  facet normal 0.740951 -0.000000 -0.671559
    outer loop
      vertex -0.796213 1.020000 1.321213
      vertex -0.796213 -1.020000 1.321213
      vertex -0.798190 -1.020000 1.319032
    endloop
  endfacet
  facet normal -0.740951 0.000000 0.671559
    outer loop
      vertex -0.798190 -1.020000 1.319032
      vertex -0.796213 1.020000 1.321213
      vertex -0.798190 1.020000 1.319032
    endloop
  endfacet
  facet normal 0.740951 -0.000000 -0.671559
    outer loop
      vertex -0.798190 1.020000 1.319032
      vertex -0.796213 1.020000 1.321213
      vertex -0.798190 -1.020000 1.319032
    endloop
  endfacet
  facet normal -0.671559 0.000000 0.740951
    outer loop
      vertex -0.796213 -1.020000 1.321213
      vertex -0.794032 -1.020000 1.323190
      vertex -0.794032 1.020000 1.323190
    endloop
  endfacet
  facet normal 0.671559 -0.000000 -0.740951
    outer loop
      vertex -0.794032 1.020000 1.323190
      vertex -0.794032 -1.020000 1.323190
      vertex -0.796213 -1.020000 1.321213
    endloop
  endfacet
  facet normal -0.671559 0.000000 0.740951
    outer loop
      vertex -0.796213 -1.020000 1.321213
      vertex -0.794032 1.020000 1.323190
      vertex -0.796213 1.020000 1.321213
    endloop
  endfacet
  facet normal 0.671559 -0.000000 -0.740951
    outer loop
      vertex -0.796213 1.020000 1.321213
      vertex -0.794032 1.020000 1.323190
      vertex -0.796213 -1.020000 1.321213
    endloop
  endfacet
  facet normal -0.595699 0.000000 0.803208
    outer loop
      vertex -0.794032 -1.020000 1.323190
      vertex -0.791667 -1.020000 1.324944
      vertex -0.791667 1.020000 1.324944
    endloop
  endfacet
  facet normal 0.595699 -0.000000 -0.803208
    outer loop
      vertex -0.791667 1.020000 1.324944
      vertex -0.791667 -1.020000 1.324944
      vertex -0.794032 -1.020000 1.323190
    endloop
  endfacet
  facet normal -0.595699 0.000000 0.803208
    outer loop
      vertex -0.794032 -1.020000 1.323190
      vertex -0.791667 1.020000 1.324944
      vertex -0.794032 1.020000 1.323190
    endloop
  endfacet
  facet normal 0.595699 -0.000000 -0.803208
    outer loop
      vertex -0.794032 1.020000 1.323190
      vertex -0.791667 1.020000 1.324944
      vertex -0.794032 -1.020000 1.323190
    endloop
  endfacet
  facet normal -0.514103 0.000000 0.857729
    outer loop
      vertex -0.791667 -1.020000 1.324944
      vertex -0.789142 -1.020000 1.326458
      vertex -0.789142 1.020000 1.326458
    endloop
  endfacet
  facet normal 0.514103 -0.000000 -0.857729
    outer loop
      vertex -0.789142 1.020000 1.326458
      vertex -0.789142 -1.020000 1.326458
      vertex -0.791667 -1.020000 1.324944
    endloop
  endfacet
  facet normal -0.514103 0.000000 0.857729
    outer loop
      vertex -0.791667 -1.020000 1.324944
      vertex -0.789142 1.020000 1.326458
      vertex -0.791667 1.020000 1.324944
    endloop
  endfacet
  facet normal 0.514103 -0.000000 -0.857729
    outer loop
      vertex -0.791667 1.020000 1.324944
      vertex -0.789142 1.020000 1.326458
      vertex -0.791667 -1.020000 1.324944
    endloop
  endfacet
  facet normal -0.427555 0.000000 0.903989
    outer loop
      vertex -0.789142 -1.020000 1.326458
      vertex -0.786481 -1.020000 1.327716
      vertex -0.786481 1.020000 1.327716
    endloop
  endfacet
  facet normal 0.427555 -0.000000 -0.903989
    outer loop
      vertex -0.786481 1.020000 1.327716
      vertex -0.786481 -1.020000 1.327716
      vertex -0.789142 -1.020000 1.326458
    endloop
  endfacet
  facet normal -0.427555 0.000000 0.903989
    outer loop
      vertex -0.789142 -1.020000 1.326458
      vertex -0.786481 1.020000 1.327716
      vertex -0.789142 1.020000 1.326458
    endloop
  endfacet
  facet normal 0.427555 -0.000000 -0.903989
    outer loop
      vertex -0.789142 1.020000 1.326458
      vertex -0.786481 1.020000 1.327716
      vertex -0.789142 -1.020000 1.326458
    endloop
  endfacet
  facet normal -0.336890 0.000000 0.941544
    outer loop
      vertex -0.786481 -1.020000 1.327716
      vertex -0.783709 -1.020000 1.328708
      vertex -0.783709 1.020000 1.328708
    endloop
  endfacet
  facet normal 0.336890 -0.000000 -0.941544
    outer loop
      vertex -0.783709 1.020000 1.328708
      vertex -0.783709 -1.020000 1.328708
      vertex -0.786481 -1.020000 1.327716
    endloop
  endfacet
  facet normal -0.336890 0.000000 0.941544
    outer loop
      vertex -0.786481 -1.020000 1.327716
      vertex -0.783709 1.020000 1.328708
      vertex -0.786481 1.020000 1.327716
    endloop
  endfacet
  facet normal 0.336890 -0.000000 -0.941544
    outer loop
      vertex -0.786481 1.020000 1.327716
      vertex -0.783709 1.020000 1.328708
      vertex -0.786481 -1.020000 1.327716
    endloop
  endfacet
  facet normal -0.242980 0.000000 0.970031
    outer loop
      vertex -0.783709 -1.020000 1.328708
      vertex -0.780853 -1.020000 1.329424
      vertex -0.780853 1.020000 1.329424
    endloop
  endfacet
  facet normal 0.242980 -0.000000 -0.970031
    outer loop
      vertex -0.780853 1.020000 1.329424
      vertex -0.780853 -1.020000 1.329424
      vertex -0.783709 -1.020000 1.328708
    endloop
  endfacet
  facet normal -0.242980 0.000000 0.970031
    outer loop
      vertex -0.783709 -1.020000 1.328708
      vertex -0.780853 1.020000 1.329424
      vertex -0.783709 1.020000 1.328708
    endloop
  endfacet
  facet normal 0.242980 -0.000000 -0.970031
    outer loop
      vertex -0.783709 1.020000 1.328708
      vertex -0.780853 1.020000 1.329424
      vertex -0.783709 -1.020000 1.328708
    endloop
  endfacet
  facet normal -0.146730 0.000000 0.989177
    outer loop
      vertex -0.780853 -1.020000 1.329424
      vertex -0.777941 -1.020000 1.329856
      vertex -0.777941 1.020000 1.329856
    endloop
  endfacet
  facet normal 0.146730 -0.000000 -0.989177
    outer loop
      vertex -0.777941 1.020000 1.329856
      vertex -0.777941 -1.020000 1.329856
      vertex -0.780853 -1.020000 1.329424
    endloop
  endfacet
  facet normal -0.146730 0.000000 0.989177
    outer loop
      vertex -0.780853 -1.020000 1.329424
      vertex -0.777941 1.020000 1.329856
      vertex -0.780853 1.020000 1.329424
    endloop
  endfacet
  facet normal 0.146730 -0.000000 -0.989177
    outer loop
      vertex -0.780853 1.020000 1.329424
      vertex -0.777941 1.020000 1.329856
      vertex -0.780853 -1.020000 1.329424
    endloop
  endfacet
  facet normal -0.049068 0.000000 0.998795
    outer loop
      vertex -0.777941 -1.020000 1.329856
      vertex -0.775000 -1.020000 1.330000
      vertex -0.775000 1.020000 1.330000
    endloop
  endfacet
  facet normal 0.049068 -0.000000 -0.998795
    outer loop
      vertex -0.775000 1.020000 1.330000
      vertex -0.775000 -1.020000 1.330000
      vertex -0.777941 -1.020000 1.329856
    endloop
  endfacet
  facet normal -0.049068 0.000000 0.998795
    outer loop
      vertex -0.777941 -1.020000 1.329856
      vertex -0.775000 1.020000 1.330000
      vertex -0.777941 1.020000 1.329856
    endloop
  endfacet
  facet normal 0.049068 -0.000000 -0.998795
    outer loop
      vertex -0.777941 1.020000 1.329856
      vertex -0.775000 1.020000 1.330000
      vertex -0.777941 -1.020000 1.329856
    endloop
  endfacet
  facet normal 0.000000 0.000000 1.000000
    outer loop
      vertex -0.775000 -1.020000 1.330000
      vertex -0.020000 -1.020000 1.330000
      vertex -0.020000 1.020000 1.330000
    endloop
  endfacet
  facet normal -0.000000 -0.000000 -1.000000
    outer loop
      vertex -0.020000 1.020000 1.330000
      vertex -0.020000 -1.020000 1.330000
      vertex -0.775000 -1.020000 1.330000
    endloop
  endfacet
  facet normal 0.000000 0.000000 1.000000
    outer loop
      vertex -0.775000 -1.020000 1.330000
      vertex -0.020000 1.020000 1.330000
      vertex -0.775000 1.020000 1.330000
    endloop
  endfacet
  facet normal -0.000000 -0.000000 -1.000000
    outer loop
      vertex -0.775000 1.020000 1.330000
      vertex -0.020000 1.020000 1.330000
      vertex -0.775000 -1.020000 1.330000
    endloop
  endfacet
  facet normal 1.000000 0.000000 0.000000
    outer loop
      vertex -0.020000 -1.020000 1.330000
      vertex -0.020000 -1.020000 0.900000
      vertex -0.020000 1.020000 0.900000
    endloop
  endfacet
  facet normal -1.000000 -0.000000 -0.000000
    outer loop
      vertex -0.020000 1.020000 0.900000
      vertex -0.020000 -1.020000 0.900000
      vertex -0.020000 -1.020000 1.330000
    endloop
  endfacet
  facet normal 1.000000 -0.000000 0.000000
    outer loop
      vertex -0.020000 -1.020000 1.330000
      vertex -0.020000 1.020000 0.900000
      vertex -0.020000 1.020000 1.330000
    endloop
  endfacet
  facet normal -1.000000 0.000000 -0.000000
    outer loop
      vertex -0.020000 1.020000 1.330000
      vertex -0.020000 1.020000 0.900000
      vertex -0.020000 -1.020000 1.330000
    endloop
  endfacet
  facet normal 0.000000 0.000000 -1.000000
    outer loop
      vertex -0.020000 -1.020000 0.900000
      vertex -0.375000 -1.020000 0.900000
      vertex -0.375000 1.020000 0.900000
    endloop
  endfacet
  facet normal -0.000000 -0.000000 1.000000
    outer loop
      vertex -0.375000 1.020000 0.900000
      vertex -0.375000 -1.020000 0.900000
      vertex -0.020000 -1.020000 0.900000
    endloop
  endfacet
  facet normal 0.000000 0.000000 -1.000000
    outer loop
      vertex -0.020000 -1.020000 0.900000
      vertex -0.375000 1.020000 0.900000
      vertex -0.020000 1.020000 0.900000
    endloop
  endfacet
  facet normal -0.000000 -0.000000 1.000000
    outer loop
      vertex -0.020000 1.020000 0.900000
      vertex -0.375000 1.020000 0.900000
      vertex -0.020000 -1.020000 0.900000
    endloop
  endfacet
  facet normal 1.000000 0.000000 0.000000
    outer loop
      vertex -0.375000 -1.020000 0.900000
      vertex -0.375000 -1.020000 -0.900000
      vertex -0.375000 1.020000 -0.900000
    endloop
  endfacet
  facet normal -1.000000 -0.000000 -0.000000
    outer loop
      vertex -0.375000 1.020000 -0.900000
      vertex -0.375000 -1.020000 -0.900000
      vertex -0.375000 -1.020000 0.900000
    endloop
  endfacet
  facet normal 1.000000 -0.000000 0.000000
    outer loop
      vertex -0.375000 -1.020000 0.900000
      vertex -0.375000 1.020000 -0.900000
      vertex -0.375000 1.020000 0.900000
    endloop
  endfacet
  facet normal -1.000000 0.000000 -0.000000
    outer loop
      vertex -0.375000 1.020000 0.900000
      vertex -0.375000 1.020000 -0.900000
      vertex -0.375000 -1.020000 0.900000
    endloop
  endfacet
  facet normal 0.000000 0.000000 1.000000
    outer loop
      vertex -0.375000 -1.020000 -0.900000
      vertex -0.020000 -1.020000 -0.900000
      vertex -0.020000 1.020000 -0.900000
    endloop
  endfacet
  facet normal -0.000000 -0.000000 -1.000000
    outer loop
      vertex -0.020000 1.020000 -0.900000
      vertex -0.020000 -1.020000 -0.900000
      vertex -0.375000 -1.020000 -0.900000
    endloop
  endfacet
  facet normal 0.000000 0.000000 1.000000
    outer loop
      vertex -0.375000 -1.020000 -0.900000
      vertex -0.020000 1.020000 -0.900000
      vertex -0.375000 1.020000 -0.900000
    endloop
  endfacet
  facet normal -0.000000 -0.000000 -1.000000
    outer loop
      vertex -0.375000 1.020000 -0.900000
      vertex -0.020000 1.020000 -0.900000
      vertex -0.375000 -1.020000 -0.900000
    endloop
  endfacet
  facet normal 1.000000 0.000000 0.000000
    outer loop
      vertex -0.020000 -1.020000 -0.900000
      vertex -0.020000 -1.020000 -1.330000
      vertex -0.020000 1.020000 -1.330000
    endloop
  endfacet
  facet normal -1.000000 -0.000000 -0.000000
    outer loop
      vertex -0.020000 1.020000 -1.330000
      vertex -0.020000 -1.020000 -1.330000
      vertex -0.020000 -1.020000 -0.900000
    endloop
  endfacet
  facet normal 1.000000 -0.000000 0.000000
    outer loop
      vertex -0.020000 -1.020000 -0.900000
      vertex -0.020000 1.020000 -1.330000
      vertex -0.020000 1.020000 -0.900000
    endloop
  endfacet
  facet normal -1.000000 0.000000 -0.000000
    outer loop
      vertex -0.020000 1.020000 -0.900000
      vertex -0.020000 1.020000 -1.330000
      vertex -0.020000 -1.020000 -0.900000
    endloop
  endfacet
  facet normal 0.000000 0.000000 -1.000000
    outer loop
      vertex -0.020000 -1.020000 -1.330000
      vertex -0.775000 -1.020000 -1.330000
      vertex -0.775000 1.020000 -1.330000
    endloop
  endfacet
  facet normal -0.000000 -0.000000 1.000000
    outer loop
      vertex -0.775000 1.020000 -1.330000
      vertex -0.775000 -1.020000 -1.330000
      vertex -0.020000 -1.020000 -1.330000
    endloop
  endfacet
  facet normal 0.000000 0.000000 -1.000000
    outer loop
      vertex -0.020000 -1.020000 -1.330000
      vertex -0.775000 1.020000 -1.330000
      vertex -0.020000 1.020000 -1.330000
    endloop
  endfacet
  facet normal -0.000000 -0.000000 1.000000
    outer loop
      vertex -0.020000 1.020000 -1.330000
      vertex -0.775000 1.020000 -1.330000
      vertex -0.020000 -1.020000 -1.330000
    endloop
  endfacet
  facet normal -0.049068 0.000000 -0.998795
    outer loop
      vertex -0.775000 -1.020000 -1.330000
      vertex -0.777941 -1.020000 -1.329856
      vertex -0.777941 1.020000 -1.329856
    endloop
  endfacet
  facet normal 0.049068 -0.000000 0.998795
    outer loop
      vertex -0.777941 1.020000 -1.329856
      vertex -0.777941 -1.020000 -1.329856
      vertex -0.775000 -1.020000 -1.330000
    endloop
  endfacet
  facet normal -0.049068 0.000000 -0.998795
    outer loop
      vertex -0.775000 -1.020000 -1.330000
      vertex -0.777941 1.020000 -1.329856
      vertex -0.775000 1.020000 -1.330000
    endloop
  endfacet
  facet normal 0.049068 -0.000000 0.998795
    outer loop
      vertex -0.775000 1.020000 -1.330000
      vertex -0.777941 1.020000 -1.329856
      vertex -0.775000 -1.020000 -1.330000
    endloop
  endfacet
  facet normal -0.146730 0.000000 -0.989177
    outer loop
      vertex -0.777941 -1.020000 -1.329856
      vertex -0.780853 -1.020000 -1.329424
      vertex -0.780853 1.020000 -1.329424
    endloop
  endfacet
  facet normal 0.146730 -0.000000 0.989177
    outer loop
      vertex -0.780853 1.020000 -1.329424
      vertex -0.780853 -1.020000 -1.329424
      vertex -0.777941 -1.020000 -1.329856
    endloop
  endfacet
  facet normal -0.146730 0.000000 -0.989177
    outer loop
      vertex -0.777941 -1.020000 -1.329856
      vertex -0.780853 1.020000 -1.329424
      vertex -0.777941 1.020000 -1.329856
    endloop
  endfacet
  facet normal 0.146730 -0.000000 0.989177
    outer loop
      vertex -0.777941 1.020000 -1.329856
      vertex -0.780853 1.020000 -1.329424
      vertex -0.777941 -1.020000 -1.329856
    endloop
  endfacet
  facet normal -0.242980 0.000000 -0.970031
    outer loop
      vertex -0.780853 -1.020000 -1.329424
      vertex -0.783709 -1.020000 -1.328708
      vertex -0.783709 1.020000 -1.328708
    endloop
  endfacet
  facet normal 0.242980 -0.000000 0.970031
    outer loop
      vertex -0.783709 1.020000 -1.328708
      vertex -0.783709 -1.020000 -1.328708
      vertex -0.780853 -1.020000 -1.329424
    endloop
  endfacet
  facet normal -0.242980 0.000000 -0.970031
    outer loop
      vertex -0.780853 -1.020000 -1.329424
      vertex -0.783709 1.020000 -1.328708
      vertex -0.780853 1.020000 -1.329424
    endloop
  endfacet
  facet normal 0.242980 -0.000000 0.970031
    outer loop
      vertex -0.780853 1.020000 -1.329424
      vertex -0.783709 1.020000 -1.328708
      vertex -0.780853 -1.020000 -1.329424
    endloop
  endfacet
  facet normal -0.336890 0.000000 -0.941544
    outer loop
      vertex -0.783709 -1.020000 -1.328708
      vertex -0.786481 -1.020000 -1.327716
      vertex -0.786481 1.020000 -1.327716
    endloop
  endfacet
  facet normal 0.336890 -0.000000 0.941544
    outer loop
      vertex -0.786481 1.020000 -1.327716
      vertex -0.786481 -1.020000 -1.327716
      vertex -0.783709 -1.020000 -1.328708
    endloop
  endfacet
  facet normal -0.336890 0.000000 -0.941544
    outer loop
      vertex -0.783709 -1.020000 -1.328708
      vertex -0.786481 1.020000 -1.327716
      vertex -0.783709 1.020000 -1.328708
    endloop
  endfacet
  facet normal 0.336890 -0.000000 0.941544
    outer loop
      vertex -0.783709 1.020000 -1.328708
      vertex -0.786481 1.020000 -1.327716
      vertex -0.783709 -1.020000 -1.328708
    endloop
  endfacet
  facet normal -0.427555 0.000000 -0.903989
    outer loop
      vertex -0.786481 -1.020000 -1.327716
      vertex -0.789142 -1.020000 -1.326458
      vertex -0.789142 1.020000 -1.326458
    endloop
  endfacet
  facet normal 0.427555 -0.000000 0.903989
    outer loop
      vertex -0.789142 1.020000 -1.326458
      vertex -0.789142 -1.020000 -1.326458
      vertex -0.786481 -1.020000 -1.327716
    endloop
  endfacet
  facet normal -0.427555 0.000000 -0.903989
    outer loop
      vertex -0.786481 -1.020000 -1.327716
      vertex -0.789142 1.020000 -1.326458
      vertex -0.786481 1.020000 -1.327716
    endloop
  endfacet
  facet normal 0.427555 -0.000000 0.903989
    outer loop
      vertex -0.786481 1.020000 -1.327716
      vertex -0.789142 1.020000 -1.326458
      vertex -0.786481 -1.020000 -1.327716
    endloop
  endfacet
  facet normal -0.514103 0.000000 -0.857729
    outer loop
      vertex -0.789142 -1.020000 -1.326458
      vertex -0.791667 -1.020000 -1.324944
      vertex -0.791667 1.020000 -1.324944
    endloop
  endfacet
  facet normal 0.514103 -0.000000 0.857729
    outer loop
      vertex -0.791667 1.020000 -1.324944
      vertex -0.791667 -1.020000 -1.324944
      vertex -0.789142 -1.020000 -1.326458
    endloop
  endfacet
  facet normal -0.514103 0.000000 -0.857729
    outer loop
      vertex -0.789142 -1.020000 -1.326458
      vertex -0.791667 1.020000 -1.324944
      vertex -0.789142 1.020000 -1.326458
    endloop
  endfacet
  facet normal 0.514103 -0.000000 0.857729
    outer loop
      vertex -0.789142 1.020000 -1.326458
      vertex -0.791667 1.020000 -1.324944
      vertex -0.789142 -1.020000 -1.326458
    endloop
  endfacet
  facet normal -0.595699 0.000000 -0.803208
    outer loop
      vertex -0.791667 -1.020000 -1.324944
      vertex -0.794032 -1.020000 -1.323190
      vertex -0.794032 1.020000 -1.323190
    endloop
  endfacet
  facet normal 0.595699 -0.000000 0.803208
    outer loop
      vertex -0.794032 1.020000 -1.323190
      vertex -0.794032 -1.020000 -1.323190
      vertex -0.791667 -1.020000 -1.324944
    endloop
  endfacet
  facet normal -0.595699 0.000000 -0.803208
    outer loop
      vertex -0.791667 -1.020000 -1.324944
      vertex -0.794032 1.020000 -1.323190
      vertex -0.791667 1.020000 -1.324944
    endloop
  endfacet
  facet normal 0.595699 -0.000000 0.803208
    outer loop
      vertex -0.791667 1.020000 -1.324944
      vertex -0.794032 1.020000 -1.323190
      vertex -0.791667 -1.020000 -1.324944
    endloop
  endfacet
  facet normal 0.980785 0.000000 0.195090
    outer loop
      vertex -0.425856 -1.020000 -0.606947
      vertex -0.428407 1.020000 -0.594118
      vertex -0.428407 -1.020000 -0.594118
    endloop
  endfacet
  facet normal -0.980785 -0.000000 -0.195090
    outer loop
      vertex -0.428407 -1.020000 -0.594118
      vertex -0.428407 1.020000 -0.594118
      vertex -0.425856 -1.020000 -0.606947
    endloop
  endfacet
  facet normal 0.980785 -0.000000 0.195090
    outer loop
      vertex -0.425856 -1.020000 -0.606947
      vertex -0.425856 1.020000 -0.606947
      vertex -0.428407 1.020000 -0.594118
    endloop
  endfacet
  facet normal -0.980785 0.000000 -0.195090
    outer loop
      vertex -0.428407 1.020000 -0.594118
      vertex -0.425856 1.020000 -0.606947
      vertex -0.425856 -1.020000 -0.606947
    endloop
  endfacet
  facet normal 0.946930 0.000000 0.321439
    outer loop
      vertex -0.428407 -1.020000 -0.594118
      vertex -0.432612 1.020000 -0.581732
      vertex -0.432612 -1.020000 -0.581732
    endloop
  endfacet
  facet normal -0.946930 -0.000000 -0.321439
    outer loop
      vertex -0.432612 -1.020000 -0.581732
      vertex -0.432612 1.020000 -0.581732
      vertex -0.428407 -1.020000 -0.594118
    endloop
  endfacet
  facet normal 0.946930 -0.000000 0.321439
    outer loop
      vertex -0.428407 -1.020000 -0.594118
      vertex -0.428407 1.020000 -0.594118
      vertex -0.432612 1.020000 -0.581732
    endloop
  endfacet
  facet normal -0.946930 0.000000 -0.321439
    outer loop
      vertex -0.432612 1.020000 -0.581732
      vertex -0.428407 1.020000 -0.594118
      vertex -0.428407 -1.020000 -0.594118
    endloop
  endfacet
  facet normal 0.896873 0.000000 0.442289
    outer loop
      vertex -0.432612 -1.020000 -0.581732
      vertex -0.438397 1.020000 -0.570000
      vertex -0.438397 -1.020000 -0.570000
    endloop
  endfacet
  facet normal -0.896873 -0.000000 -0.442289
    outer loop
      vertex -0.438397 -1.020000 -0.570000
      vertex -0.438397 1.020000 -0.570000
      vertex -0.432612 -1.020000 -0.581732
    endloop
  endfacet
  facet normal 0.896873 -0.000000 0.442289
    outer loop
      vertex -0.432612 -1.020000 -0.581732
      vertex -0.432612 1.020000 -0.581732
      vertex -0.438397 1.020000 -0.570000
    endloop
  endfacet
  facet normal -0.896873 0.000000 -0.442289
    outer loop
      vertex -0.438397 1.020000 -0.570000
      vertex -0.432612 1.020000 -0.581732
      vertex -0.432612 -1.020000 -0.581732
    endloop
  endfacet
  facet normal 0.831470 0.000000 0.555570
    outer loop
      vertex -0.438397 -1.020000 -0.570000
      vertex -0.445665 1.020000 -0.559124
      vertex -0.445665 -1.020000 -0.559124
    endloop
  endfacet
  facet normal -0.831470 -0.000000 -0.555570
    outer loop
      vertex -0.445665 -1.020000 -0.559124
      vertex -0.445665 1.020000 -0.559124
      vertex -0.438397 -1.020000 -0.570000
    endloop
  endfacet
  facet normal 0.831470 -0.000000 0.555570
    outer loop
      vertex -0.438397 -1.020000 -0.570000
      vertex -0.438397 1.020000 -0.570000
      vertex -0.445665 1.020000 -0.559124
    endloop
  endfacet
  facet normal -0.831470 0.000000 -0.555570
    outer loop
      vertex -0.445665 1.020000 -0.559124
      vertex -0.438397 1.020000 -0.570000
      vertex -0.438397 -1.020000 -0.570000
    endloop
  endfacet
  facet normal 0.751840 0.000000 0.659346
    outer loop
      vertex -0.445665 -1.020000 -0.559124
      vertex -0.454289 1.020000 -0.549289
      vertex -0.454289 -1.020000 -0.549289
    endloop
  endfacet
  facet normal -0.751840 -0.000000 -0.659346
    outer loop
      vertex -0.454289 -1.020000 -0.549289
      vertex -0.454289 1.020000 -0.549289
      vertex -0.445665 -1.020000 -0.559124
    endloop
  endfacet
  facet normal 0.751840 -0.000000 0.659346
    outer loop
      vertex -0.445665 -1.020000 -0.559124
      vertex -0.445665 1.020000 -0.559124
      vertex -0.454289 1.020000 -0.549289
    endloop
  endfacet
  facet normal -0.751840 0.000000 -0.659346
    outer loop
      vertex -0.454289 1.020000 -0.549289
      vertex -0.445665 1.020000 -0.559124
      vertex -0.445665 -1.020000 -0.559124
    endloop
  endfacet
  facet normal 0.659346 0.000000 0.751840
    outer loop
      vertex -0.454289 -1.020000 -0.549289
      vertex -0.464124 1.020000 -0.540665
      vertex -0.464124 -1.020000 -0.540665
    endloop
  endfacet
  facet normal -0.659346 -0.000000 -0.751840
    outer loop
      vertex -0.464124 -1.020000 -0.540665
      vertex -0.464124 1.020000 -0.540665
      vertex -0.454289 -1.020000 -0.549289
    endloop
  endfacet
  facet normal 0.659346 -0.000000 0.751840
    outer loop
      vertex -0.454289 -1.020000 -0.549289
      vertex -0.454289 1.020000 -0.549289
      vertex -0.464124 1.020000 -0.540665
    endloop
  endfacet
  facet normal -0.659346 0.000000 -0.751840
    outer loop
      vertex -0.464124 1.020000 -0.540665
      vertex -0.454289 1.020000 -0.549289
      vertex -0.454289 -1.020000 -0.549289
    endloop
  endfacet
  facet normal 0.555570 0.000000 0.831470
    outer loop
      vertex -0.464124 -1.020000 -0.540665
      vertex -0.475000 1.020000 -0.533397
      vertex -0.475000 -1.020000 -0.533397
    endloop
  endfacet
  facet normal -0.555570 -0.000000 -0.831470
    outer loop
      vertex -0.475000 -1.020000 -0.533397
      vertex -0.475000 1.020000 -0.533397
      vertex -0.464124 -1.020000 -0.540665
    endloop
  endfacet
  facet normal 0.555570 -0.000000 0.831470
    outer loop
      vertex -0.464124 -1.020000 -0.540665
      vertex -0.464124 1.020000 -0.540665
      vertex -0.475000 1.020000 -0.533397
    endloop
  endfacet
  facet normal -0.555570 0.000000 -0.831470
    outer loop
      vertex -0.475000 1.020000 -0.533397
      vertex -0.464124 1.020000 -0.540665
      vertex -0.464124 -1.020000 -0.540665
    endloop
  endfacet
  facet normal 0.442289 0.000000 0.896873
    outer loop
      vertex -0.475000 -1.020000 -0.533397
      vertex -0.486732 1.020000 -0.527612
      vertex -0.486732 -1.020000 -0.527612
    endloop
  endfacet
  facet normal -0.442289 -0.000000 -0.896873
    outer loop
      vertex -0.486732 -1.020000 -0.527612
      vertex -0.486732 1.020000 -0.527612
      vertex -0.475000 -1.020000 -0.533397
    endloop
  endfacet
  facet normal 0.442289 -0.000000 0.896873
    outer loop
      vertex -0.475000 -1.020000 -0.533397
      vertex -0.475000 1.020000 -0.533397
      vertex -0.486732 1.020000 -0.527612
    endloop
  endfacet
  facet normal -0.442289 0.000000 -0.896873
    outer loop
      vertex -0.486732 1.020000 -0.527612
      vertex -0.475000 1.020000 -0.533397
      vertex -0.475000 -1.020000 -0.533397
    endloop
  endfacet
  facet normal 0.321439 0.000000 0.946930
    outer loop
      vertex -0.486732 -1.020000 -0.527612
      vertex -0.499118 1.020000 -0.523407
      vertex -0.499118 -1.020000 -0.523407
    endloop
  endfacet
  facet normal -0.321439 -0.000000 -0.946930
    outer loop
      vertex -0.499118 -1.020000 -0.523407
      vertex -0.499118 1.020000 -0.523407
      vertex -0.486732 -1.020000 -0.527612
    endloop
  endfacet
  facet normal 0.321439 -0.000000 0.946930
    outer loop
      vertex -0.486732 -1.020000 -0.527612
      vertex -0.486732 1.020000 -0.527612
      vertex -0.499118 1.020000 -0.523407
    endloop
  endfacet
  facet normal -0.321439 0.000000 -0.946930
    outer loop
      vertex -0.499118 1.020000 -0.523407
      vertex -0.486732 1.020000 -0.527612
      vertex -0.486732 -1.020000 -0.527612
    endloop
  endfacet
  facet normal 0.195090 0.000000 0.980785
    outer loop
      vertex -0.499118 -1.020000 -0.523407
      vertex -0.511947 1.020000 -0.520856
      vertex -0.511947 -1.020000 -0.520856
    endloop
  endfacet
  facet normal -0.195090 -0.000000 -0.980785
    outer loop
      vertex -0.511947 -1.020000 -0.520856
      vertex -0.511947 1.020000 -0.520856
      vertex -0.499118 -1.020000 -0.523407
    endloop
  endfacet
  facet normal 0.195090 -0.000000 0.980785
    outer loop
      vertex -0.499118 -1.020000 -0.523407
      vertex -0.499118 1.020000 -0.523407
      vertex -0.511947 1.020000 -0.520856
    endloop
  endfacet
  facet normal -0.195090 0.000000 -0.980785
    outer loop
      vertex -0.511947 1.020000 -0.520856
      vertex -0.499118 1.020000 -0.523407
      vertex -0.499118 -1.020000 -0.523407
    endloop
  endfacet
  facet normal 0.065403 0.000000 0.997859
    outer loop
      vertex -0.511947 -1.020000 -0.520856
      vertex -0.525000 1.020000 -0.520000
      vertex -0.525000 -1.020000 -0.520000
    endloop
  endfacet
  facet normal -0.065403 -0.000000 -0.997859
    outer loop
      vertex -0.525000 -1.020000 -0.520000
      vertex -0.525000 1.020000 -0.520000
      vertex -0.511947 -1.020000 -0.520856
    endloop
  endfacet
  facet normal 0.065403 -0.000000 0.997859
    outer loop
      vertex -0.511947 -1.020000 -0.520856
      vertex -0.511947 1.020000 -0.520856
      vertex -0.525000 1.020000 -0.520000
    endloop
  endfacet
  facet normal -0.065403 0.000000 -0.997859
    outer loop
      vertex -0.525000 1.020000 -0.520000
      vertex -0.511947 1.020000 -0.520856
      vertex -0.511947 -1.020000 -0.520856
    endloop
  endfacet
  facet normal -0.065403 0.000000 0.997859
    outer loop
      vertex -0.525000 -1.020000 -0.520000
      vertex -0.538053 1.020000 -0.520856
      vertex -0.538053 -1.020000 -0.520856
    endloop
  endfacet
  facet normal 0.065403 -0.000000 -0.997859
    outer loop
      vertex -0.538053 -1.020000 -0.520856
      vertex -0.538053 1.020000 -0.520856
      vertex -0.525000 -1.020000 -0.520000
    endloop
  endfacet
  facet normal -0.065403 0.000000 0.997859
    outer loop
      vertex -0.525000 -1.020000 -0.520000
      vertex -0.525000 1.020000 -0.520000
      vertex -0.538053 1.020000 -0.520856
    endloop
  endfacet
  facet normal 0.065403 -0.000000 -0.997859
    outer loop
      vertex -0.538053 1.020000 -0.520856
      vertex -0.525000 1.020000 -0.520000
      vertex -0.525000 -1.020000 -0.520000
    endloop
  endfacet
  facet normal -0.195090 0.000000 0.980785
    outer loop
      vertex -0.538053 -1.020000 -0.520856
      vertex -0.550882 1.020000 -0.523407
      vertex -0.550882 -1.020000 -0.523407
    endloop
  endfacet
  facet normal 0.195090 -0.000000 -0.980785
    outer loop
      vertex -0.550882 -1.020000 -0.523407
      vertex -0.550882 1.020000 -0.523407
      vertex -0.538053 -1.020000 -0.520856
    endloop
  endfacet
  facet normal -0.195090 0.000000 0.980785
    outer loop
      vertex -0.538053 -1.020000 -0.520856
      vertex -0.538053 1.020000 -0.520856
      vertex -0.550882 1.020000 -0.523407
    endloop
  endfacet
  facet normal 0.195090 -0.000000 -0.980785
    outer loop
      vertex -0.550882 1.020000 -0.523407
      vertex -0.538053 1.020000 -0.520856
      vertex -0.538053 -1.020000 -0.520856
    endloop
  endfacet
  facet normal -0.321439 0.000000 0.946930
    outer loop
      vertex -0.550882 -1.020000 -0.523407
      vertex -0.563268 1.020000 -0.527612
      vertex -0.563268 -1.020000 -0.527612
    endloop
  endfacet
  facet normal 0.321439 -0.000000 -0.946930
    outer loop
      vertex -0.563268 -1.020000 -0.527612
      vertex -0.563268 1.020000 -0.527612
      vertex -0.550882 -1.020000 -0.523407
    endloop
  endfacet
  facet normal -0.321439 0.000000 0.946930
    outer loop
      vertex -0.550882 -1.020000 -0.523407
      vertex -0.550882 1.020000 -0.523407
      vertex -0.563268 1.020000 -0.527612
    endloop
  endfacet
  facet normal 0.321439 -0.000000 -0.946930
    outer loop
      vertex -0.563268 1.020000 -0.527612
      vertex -0.550882 1.020000 -0.523407
      vertex -0.550882 -1.020000 -0.523407
    endloop
  endfacet
  facet normal -0.442289 0.000000 0.896873
    outer loop
      vertex -0.563268 -1.020000 -0.527612
      vertex -0.575000 1.020000 -0.533397
      vertex -0.575000 -1.020000 -0.533397
    endloop
  endfacet
  facet normal 0.442289 -0.000000 -0.896873
    outer loop
      vertex -0.575000 -1.020000 -0.533397
      vertex -0.575000 1.020000 -0.533397
      vertex -0.563268 -1.020000 -0.527612
    endloop
  endfacet
  facet normal -0.442289 0.000000 0.896873
    outer loop
      vertex -0.563268 -1.020000 -0.527612
      vertex -0.563268 1.020000 -0.527612
      vertex -0.575000 1.020000 -0.533397
    endloop
  endfacet
  facet normal 0.442289 -0.000000 -0.896873
    outer loop
      vertex -0.575000 1.020000 -0.533397
      vertex -0.563268 1.020000 -0.527612
      vertex -0.563268 -1.020000 -0.527612
    endloop
  endfacet
  facet normal -0.555570 0.000000 0.831470
    outer loop
      vertex -0.575000 -1.020000 -0.533397
      vertex -0.585876 1.020000 -0.540665
      vertex -0.585876 -1.020000 -0.540665
    endloop
  endfacet
  facet normal 0.555570 -0.000000 -0.831470
    outer loop
      vertex -0.585876 -1.020000 -0.540665
      vertex -0.585876 1.020000 -0.540665
      vertex -0.575000 -1.020000 -0.533397
    endloop
  endfacet
  facet normal -0.555570 0.000000 0.831470
    outer loop
      vertex -0.575000 -1.020000 -0.533397
      vertex -0.575000 1.020000 -0.533397
      vertex -0.585876 1.020000 -0.540665
    endloop
  endfacet
  facet normal 0.555570 -0.000000 -0.831470
    outer loop
      vertex -0.585876 1.020000 -0.540665
      vertex -0.575000 1.020000 -0.533397
      vertex -0.575000 -1.020000 -0.533397
    endloop
  endfacet
  facet normal -0.659346 0.000000 0.751840
    outer loop
      vertex -0.585876 -1.020000 -0.540665
      vertex -0.595711 1.020000 -0.549289
      vertex -0.595711 -1.020000 -0.549289
    endloop
  endfacet
  facet normal 0.659346 -0.000000 -0.751840
    outer loop
      vertex -0.595711 -1.020000 -0.549289
      vertex -0.595711 1.020000 -0.549289
      vertex -0.585876 -1.020000 -0.540665
    endloop
  endfacet
  facet normal -0.659346 0.000000 0.751840
    outer loop
      vertex -0.585876 -1.020000 -0.540665
      vertex -0.585876 1.020000 -0.540665
      vertex -0.595711 1.020000 -0.549289
    endloop
  endfacet
  facet normal 0.659346 -0.000000 -0.751840
    outer loop
      vertex -0.595711 1.020000 -0.549289
      vertex -0.585876 1.020000 -0.540665
      vertex -0.585876 -1.020000 -0.540665
    endloop
  endfacet
  facet normal -0.751840 0.000000 0.659346
    outer loop
      vertex -0.595711 -1.020000 -0.549289
      vertex -0.604335 1.020000 -0.559124
      vertex -0.604335 -1.020000 -0.559124
    endloop
  endfacet
  facet normal 0.751840 -0.000000 -0.659346
    outer loop
      vertex -0.604335 -1.020000 -0.559124
      vertex -0.604335 1.020000 -0.559124
      vertex -0.595711 -1.020000 -0.549289
    endloop
  endfacet
  facet normal -0.751840 0.000000 0.659346
    outer loop
      vertex -0.595711 -1.020000 -0.549289
      vertex -0.595711 1.020000 -0.549289
      vertex -0.604335 1.020000 -0.559124
    endloop
  endfacet
  facet normal 0.751840 -0.000000 -0.659346
    outer loop
      vertex -0.604335 1.020000 -0.559124
      vertex -0.595711 1.020000 -0.549289
      vertex -0.595711 -1.020000 -0.549289
    endloop
  endfacet
  facet normal -0.831470 0.000000 0.555570
    outer loop
      vertex -0.604335 -1.020000 -0.559124
      vertex -0.611603 1.020000 -0.570000
      vertex -0.611603 -1.020000 -0.570000
    endloop
  endfacet
  facet normal 0.831470 -0.000000 -0.555570
    outer loop
      vertex -0.611603 -1.020000 -0.570000
      vertex -0.611603 1.020000 -0.570000
      vertex -0.604335 -1.020000 -0.559124
    endloop
  endfacet
  facet normal -0.831470 0.000000 0.555570
    outer loop
      vertex -0.604335 -1.020000 -0.559124
      vertex -0.604335 1.020000 -0.559124
      vertex -0.611603 1.020000 -0.570000
    endloop
  endfacet
  facet normal 0.831470 -0.000000 -0.555570
    outer loop
      vertex -0.611603 1.020000 -0.570000
      vertex -0.604335 1.020000 -0.559124
      vertex -0.604335 -1.020000 -0.559124
    endloop
  endfacet
  facet normal -0.896873 0.000000 0.442289
    outer loop
      vertex -0.611603 -1.020000 -0.570000
      vertex -0.617388 1.020000 -0.581732
      vertex -0.617388 -1.020000 -0.581732
    endloop
  endfacet
  facet normal 0.896873 -0.000000 -0.442289
    outer loop
      vertex -0.617388 -1.020000 -0.581732
      vertex -0.617388 1.020000 -0.581732
      vertex -0.611603 -1.020000 -0.570000
    endloop
  endfacet
  facet normal -0.896873 0.000000 0.442289
    outer loop
      vertex -0.611603 -1.020000 -0.570000
      vertex -0.611603 1.020000 -0.570000
      vertex -0.617388 1.020000 -0.581732
    endloop
  endfacet
  facet normal 0.896873 -0.000000 -0.442289
    outer loop
      vertex -0.617388 1.020000 -0.581732
      vertex -0.611603 1.020000 -0.570000
      vertex -0.611603 -1.020000 -0.570000
    endloop
  endfacet
  facet normal -0.946930 0.000000 0.321439
    outer loop
      vertex -0.617388 -1.020000 -0.581732
      vertex -0.621593 1.020000 -0.594118
      vertex -0.621593 -1.020000 -0.594118
    endloop
  endfacet
  facet normal 0.946930 -0.000000 -0.321439
    outer loop
      vertex -0.621593 -1.020000 -0.594118
      vertex -0.621593 1.020000 -0.594118
      vertex -0.617388 -1.020000 -0.581732
    endloop
  endfacet
  facet normal -0.946930 0.000000 0.321439
    outer loop
      vertex -0.617388 -1.020000 -0.581732
      vertex -0.617388 1.020000 -0.581732
      vertex -0.621593 1.020000 -0.594118
    endloop
  endfacet
  facet normal 0.946930 -0.000000 -0.321439
    outer loop
      vertex -0.621593 1.020000 -0.594118
      vertex -0.617388 1.020000 -0.581732
      vertex -0.617388 -1.020000 -0.581732
    endloop
  endfacet
  facet normal -0.980785 0.000000 0.195090
    outer loop
      vertex -0.621593 -1.020000 -0.594118
      vertex -0.624144 1.020000 -0.606947
      vertex -0.624144 -1.020000 -0.606947
    endloop
  endfacet
  facet normal 0.980785 -0.000000 -0.195090
    outer loop
      vertex -0.624144 -1.020000 -0.606947
      vertex -0.624144 1.020000 -0.606947
      vertex -0.621593 -1.020000 -0.594118
    endloop
  endfacet
  facet normal -0.980785 0.000000 0.195090
    outer loop
      vertex -0.621593 -1.020000 -0.594118
      vertex -0.621593 1.020000 -0.594118
      vertex -0.624144 1.020000 -0.606947
    endloop
  endfacet
  facet normal 0.980785 -0.000000 -0.195090
    outer loop
      vertex -0.624144 1.020000 -0.606947
      vertex -0.621593 1.020000 -0.594118
      vertex -0.621593 -1.020000 -0.594118
    endloop
  endfacet
  facet normal -0.997859 0.000000 0.065403
    outer loop
      vertex -0.624144 -1.020000 -0.606947
      vertex -0.625000 1.020000 -0.620000
      vertex -0.625000 -1.020000 -0.620000
    endloop
  endfacet
  facet normal 0.997859 -0.000000 -0.065403
    outer loop
      vertex -0.625000 -1.020000 -0.620000
      vertex -0.625000 1.020000 -0.620000
      vertex -0.624144 -1.020000 -0.606947
    endloop
  endfacet
  facet normal -0.997859 0.000000 0.065403
    outer loop
      vertex -0.624144 -1.020000 -0.606947
      vertex -0.624144 1.020000 -0.606947
      vertex -0.625000 1.020000 -0.620000
    endloop
  endfacet
  facet normal 0.997859 -0.000000 -0.065403
    outer loop
      vertex -0.625000 1.020000 -0.620000
      vertex -0.624144 1.020000 -0.606947
      vertex -0.624144 -1.020000 -0.606947
    endloop
  endfacet
  facet normal -0.997859 0.000000 -0.065403
    outer loop
      vertex -0.625000 -1.020000 -0.620000
      vertex -0.624144 1.020000 -0.633053
      vertex -0.624144 -1.020000 -0.633053
    endloop
  endfacet
  facet normal 0.997859 -0.000000 0.065403
    outer loop
      vertex -0.624144 -1.020000 -0.633053
      vertex -0.624144 1.020000 -0.633053
      vertex -0.625000 -1.020000 -0.620000
    endloop
  endfacet
  facet normal -0.997859 0.000000 -0.065403
    outer loop
      vertex -0.625000 -1.020000 -0.620000
      vertex -0.625000 1.020000 -0.620000
      vertex -0.624144 1.020000 -0.633053
    endloop
  endfacet
  facet normal 0.997859 -0.000000 0.065403
    outer loop
      vertex -0.624144 1.020000 -0.633053
      vertex -0.625000 1.020000 -0.620000
      vertex -0.625000 -1.020000 -0.620000
    endloop
  endfacet
  facet normal -0.980785 0.000000 -0.195090
    outer loop
      vertex -0.624144 -1.020000 -0.633053
      vertex -0.621593 1.020000 -0.645882
      vertex -0.621593 -1.020000 -0.645882
    endloop
  endfacet
  facet normal 0.980785 -0.000000 0.195090
    outer loop
      vertex -0.621593 -1.020000 -0.645882
      vertex -0.621593 1.020000 -0.645882
      vertex -0.624144 -1.020000 -0.633053
    endloop
  endfacet
  facet normal -0.980785 0.000000 -0.195090
    outer loop
      vertex -0.624144 -1.020000 -0.633053
      vertex -0.624144 1.020000 -0.633053
      vertex -0.621593 1.020000 -0.645882
    endloop
  endfacet
  facet normal 0.980785 -0.000000 0.195090
    outer loop
      vertex -0.621593 1.020000 -0.645882
      vertex -0.624144 1.020000 -0.633053
      vertex -0.624144 -1.020000 -0.633053
    endloop
  endfacet
  facet normal -0.946930 0.000000 -0.321439
    outer loop
      vertex -0.621593 -1.020000 -0.645882
      vertex -0.617388 1.020000 -0.658268
      vertex -0.617388 -1.020000 -0.658268
    endloop
  endfacet
  facet normal 0.946930 -0.000000 0.321439
    outer loop
      vertex -0.617388 -1.020000 -0.658268
      vertex -0.617388 1.020000 -0.658268
      vertex -0.621593 -1.020000 -0.645882
    endloop
  endfacet
  facet normal -0.946930 0.000000 -0.321439
    outer loop
      vertex -0.621593 -1.020000 -0.645882
      vertex -0.621593 1.020000 -0.645882
      vertex -0.617388 1.020000 -0.658268
    endloop
  endfacet
  facet normal 0.946930 -0.000000 0.321439
    outer loop
      vertex -0.617388 1.020000 -0.658268
      vertex -0.621593 1.020000 -0.645882
      vertex -0.621593 -1.020000 -0.645882
    endloop
  endfacet
  facet normal -0.896873 0.000000 -0.442289
    outer loop
      vertex -0.617388 -1.020000 -0.658268
      vertex -0.611603 1.020000 -0.670000
      vertex -0.611603 -1.020000 -0.670000
    endloop
  endfacet
  facet normal 0.896873 -0.000000 0.442289
    outer loop
      vertex -0.611603 -1.020000 -0.670000
      vertex -0.611603 1.020000 -0.670000
      vertex -0.617388 -1.020000 -0.658268
    endloop
  endfacet
  facet normal -0.896873 0.000000 -0.442289
    outer loop
      vertex -0.617388 -1.020000 -0.658268
      vertex -0.617388 1.020000 -0.658268
      vertex -0.611603 1.020000 -0.670000
    endloop
  endfacet
  facet normal 0.896873 -0.000000 0.442289
    outer loop
      vertex -0.611603 1.020000 -0.670000
      vertex -0.617388 1.020000 -0.658268
      vertex -0.617388 -1.020000 -0.658268
    endloop
  endfacet
  facet normal -0.831470 0.000000 -0.555570
    outer loop
      vertex -0.611603 -1.020000 -0.670000
      vertex -0.604335 1.020000 -0.680876
      vertex -0.604335 -1.020000 -0.680876
    endloop
  endfacet
  facet normal 0.831470 -0.000000 0.555570
    outer loop
      vertex -0.604335 -1.020000 -0.680876
      vertex -0.604335 1.020000 -0.680876
      vertex -0.611603 -1.020000 -0.670000
    endloop
  endfacet
  facet normal -0.831470 0.000000 -0.555570
    outer loop
      vertex -0.611603 -1.020000 -0.670000
      vertex -0.611603 1.020000 -0.670000
      vertex -0.604335 1.020000 -0.680876
    endloop
  endfacet
  facet normal 0.831470 -0.000000 0.555570
    outer loop
      vertex -0.604335 1.020000 -0.680876
      vertex -0.611603 1.020000 -0.670000
      vertex -0.611603 -1.020000 -0.670000
    endloop
  endfacet
  facet normal -0.751840 0.000000 -0.659346
    outer loop
      vertex -0.604335 -1.020000 -0.680876
      vertex -0.595711 1.020000 -0.690711
      vertex -0.595711 -1.020000 -0.690711
    endloop
  endfacet
  facet normal 0.751840 -0.000000 0.659346
    outer loop
      vertex -0.595711 -1.020000 -0.690711
      vertex -0.595711 1.020000 -0.690711
      vertex -0.604335 -1.020000 -0.680876
    endloop
  endfacet
  facet normal -0.751840 0.000000 -0.659346
    outer loop
      vertex -0.604335 -1.020000 -0.680876
      vertex -0.604335 1.020000 -0.680876
      vertex -0.595711 1.020000 -0.690711
    endloop
  endfacet
  facet normal 0.751840 -0.000000 0.659346
    outer loop
      vertex -0.595711 1.020000 -0.690711
      vertex -0.604335 1.020000 -0.680876
      vertex -0.604335 -1.020000 -0.680876
    endloop
  endfacet
  facet normal -0.659346 0.000000 -0.751840
    outer loop
      vertex -0.595711 -1.020000 -0.690711
      vertex -0.585876 1.020000 -0.699335
      vertex -0.585876 -1.020000 -0.699335
    endloop
  endfacet
  facet normal 0.659346 -0.000000 0.751840
    outer loop
      vertex -0.585876 -1.020000 -0.699335
      vertex -0.585876 1.020000 -0.699335
      vertex -0.595711 -1.020000 -0.690711
    endloop
  endfacet
  facet normal -0.659346 0.000000 -0.751840
    outer loop
      vertex -0.595711 -1.020000 -0.690711
      vertex -0.595711 1.020000 -0.690711
      vertex -0.585876 1.020000 -0.699335
    endloop
  endfacet
  facet normal 0.659346 -0.000000 0.751840
    outer loop
      vertex -0.585876 1.020000 -0.699335
      vertex -0.595711 1.020000 -0.690711
      vertex -0.595711 -1.020000 -0.690711
    endloop
  endfacet
  facet normal -0.555570 0.000000 -0.831470
    outer loop
      vertex -0.585876 -1.020000 -0.699335
      vertex -0.575000 1.020000 -0.706603
      vertex -0.575000 -1.020000 -0.706603
    endloop
  endfacet
  facet normal 0.555570 -0.000000 0.831470
    outer loop
      vertex -0.575000 -1.020000 -0.706603
      vertex -0.575000 1.020000 -0.706603
      vertex -0.585876 -1.020000 -0.699335
    endloop
  endfacet
  facet normal -0.555570 0.000000 -0.831470
    outer loop
      vertex -0.585876 -1.020000 -0.699335
      vertex -0.585876 1.020000 -0.699335
      vertex -0.575000 1.020000 -0.706603
    endloop
  endfacet
  facet normal 0.555570 -0.000000 0.831470
    outer loop
      vertex -0.575000 1.020000 -0.706603
      vertex -0.585876 1.020000 -0.699335
      vertex -0.585876 -1.020000 -0.699335
    endloop
  endfacet
  facet normal -0.442289 0.000000 -0.896873
    outer loop
      vertex -0.575000 -1.020000 -0.706603
      vertex -0.563268 1.020000 -0.712388
      vertex -0.563268 -1.020000 -0.712388
    endloop
  endfacet
  facet normal 0.442289 -0.000000 0.896873
    outer loop
      vertex -0.563268 -1.020000 -0.712388
      vertex -0.563268 1.020000 -0.712388
      vertex -0.575000 -1.020000 -0.706603
    endloop
  endfacet
  facet normal -0.442289 0.000000 -0.896873
    outer loop
      vertex -0.575000 -1.020000 -0.706603
      vertex -0.575000 1.020000 -0.706603
      vertex -0.563268 1.020000 -0.712388
    endloop
  endfacet
  facet normal 0.442289 -0.000000 0.896873
    outer loop
      vertex -0.563268 1.020000 -0.712388
      vertex -0.575000 1.020000 -0.706603
      vertex -0.575000 -1.020000 -0.706603
    endloop
  endfacet
  facet normal -0.321439 0.000000 -0.946930
    outer loop
      vertex -0.563268 -1.020000 -0.712388
      vertex -0.550882 1.020000 -0.716593
      vertex -0.550882 -1.020000 -0.716593
    endloop
  endfacet
  facet normal 0.321439 -0.000000 0.946930
    outer loop
      vertex -0.550882 -1.020000 -0.716593
      vertex -0.550882 1.020000 -0.716593
      vertex -0.563268 -1.020000 -0.712388
    endloop
  endfacet
  facet normal -0.321439 0.000000 -0.946930
    outer loop
      vertex -0.563268 -1.020000 -0.712388
      vertex -0.563268 1.020000 -0.712388
      vertex -0.550882 1.020000 -0.716593
    endloop
  endfacet
  facet normal 0.321439 -0.000000 0.946930
    outer loop
      vertex -0.550882 1.020000 -0.716593
      vertex -0.563268 1.020000 -0.712388
      vertex -0.563268 -1.020000 -0.712388
    endloop
  endfacet
  facet normal -0.195090 0.000000 -0.980785
    outer loop
      vertex -0.550882 -1.020000 -0.716593
      vertex -0.538053 1.020000 -0.719144
      vertex -0.538053 -1.020000 -0.719144
    endloop
  endfacet
  facet normal 0.195090 -0.000000 0.980785
    outer loop
      vertex -0.538053 -1.020000 -0.719144
      vertex -0.538053 1.020000 -0.719144
      vertex -0.550882 -1.020000 -0.716593
    endloop
  endfacet
  facet normal -0.195090 0.000000 -0.980785
    outer loop
      vertex -0.550882 -1.020000 -0.716593
      vertex -0.550882 1.020000 -0.716593
      vertex -0.538053 1.020000 -0.719144
    endloop
  endfacet
  facet normal 0.195090 -0.000000 0.980785
    outer loop
      vertex -0.538053 1.020000 -0.719144
      vertex -0.550882 1.020000 -0.716593
      vertex -0.550882 -1.020000 -0.716593
    endloop
  endfacet
  facet normal -0.065403 0.000000 -0.997859
    outer loop
      vertex -0.538053 -1.020000 -0.719144
      vertex -0.525000 1.020000 -0.720000
      vertex -0.525000 -1.020000 -0.720000
    endloop
  endfacet
  facet normal 0.065403 -0.000000 0.997859
    outer loop
      vertex -0.525000 -1.020000 -0.720000
      vertex -0.525000 1.020000 -0.720000
      vertex -0.538053 -1.020000 -0.719144
    endloop
  endfacet
  facet normal -0.065403 0.000000 -0.997859
    outer loop
      vertex -0.538053 -1.020000 -0.719144
      vertex -0.538053 1.020000 -0.719144
      vertex -0.525000 1.020000 -0.720000
    endloop
  endfacet
  facet normal 0.065403 -0.000000 0.997859
    outer loop
      vertex -0.525000 1.020000 -0.720000
      vertex -0.538053 1.020000 -0.719144
      vertex -0.538053 -1.020000 -0.719144
    endloop
  endfacet
  facet normal 0.065403 0.000000 -0.997859
    outer loop
      vertex -0.525000 -1.020000 -0.720000
      vertex -0.511947 1.020000 -0.719144
      vertex -0.511947 -1.020000 -0.719144
    endloop
  endfacet
  facet normal -0.065403 -0.000000 0.997859
    outer loop
      vertex -0.511947 -1.020000 -0.719144
      vertex -0.511947 1.020000 -0.719144
      vertex -0.525000 -1.020000 -0.720000
    endloop
  endfacet
  facet normal 0.065403 0.000000 -0.997859
    outer loop
      vertex -0.525000 -1.020000 -0.720000
      vertex -0.525000 1.020000 -0.720000
      vertex -0.511947 1.020000 -0.719144
    endloop
  endfacet
  facet normal -0.065403 -0.000000 0.997859
    outer loop
      vertex -0.511947 1.020000 -0.719144
      vertex -0.525000 1.020000 -0.720000
      vertex -0.525000 -1.020000 -0.720000
    endloop
  endfacet
  facet normal 0.195090 0.000000 -0.980785
    outer loop
      vertex -0.511947 -1.020000 -0.719144
      vertex -0.499118 1.020000 -0.716593
      vertex -0.499118 -1.020000 -0.716593
    endloop
  endfacet
  facet normal -0.195090 -0.000000 0.980785
    outer loop
      vertex -0.499118 -1.020000 -0.716593
      vertex -0.499118 1.020000 -0.716593
      vertex -0.511947 -1.020000 -0.719144
    endloop
  endfacet
  facet normal 0.195090 0.000000 -0.980785
    outer loop
      vertex -0.511947 -1.020000 -0.719144
      vertex -0.511947 1.020000 -0.719144
      vertex -0.499118 1.020000 -0.716593
    endloop
  endfacet
  facet normal -0.195090 -0.000000 0.980785
    outer loop
      vertex -0.499118 1.020000 -0.716593
      vertex -0.511947 1.020000 -0.719144
      vertex -0.511947 -1.020000 -0.719144
    endloop
  endfacet
  facet normal 0.321439 0.000000 -0.946930
    outer loop
      vertex -0.499118 -1.020000 -0.716593
      vertex -0.486732 1.020000 -0.712388
      vertex -0.486732 -1.020000 -0.712388
    endloop
  endfacet
  facet normal -0.321439 -0.000000 0.946930
    outer loop
      vertex -0.486732 -1.020000 -0.712388
      vertex -0.486732 1.020000 -0.712388
      vertex -0.499118 -1.020000 -0.716593
    endloop
  endfacet
  facet normal 0.321439 0.000000 -0.946930
    outer loop
      vertex -0.499118 -1.020000 -0.716593
      vertex -0.499118 1.020000 -0.716593
      vertex -0.486732 1.020000 -0.712388
    endloop
  endfacet
  facet normal -0.321439 -0.000000 0.946930
    outer loop
      vertex -0.486732 1.020000 -0.712388
      vertex -0.499118 1.020000 -0.716593
      vertex -0.499118 -1.020000 -0.716593
    endloop
  endfacet
  facet normal 0.442289 0.000000 -0.896873
    outer loop
      vertex -0.486732 -1.020000 -0.712388
      vertex -0.475000 1.020000 -0.706603
      vertex -0.475000 -1.020000 -0.706603
    endloop
  endfacet
  facet normal -0.442289 -0.000000 0.896873
    outer loop
      vertex -0.475000 -1.020000 -0.706603
      vertex -0.475000 1.020000 -0.706603
      vertex -0.486732 -1.020000 -0.712388
    endloop
  endfacet
  facet normal 0.442289 0.000000 -0.896873
    outer loop
      vertex -0.486732 -1.020000 -0.712388
      vertex -0.486732 1.020000 -0.712388
      vertex -0.475000 1.020000 -0.706603
    endloop
  endfacet
  facet normal -0.442289 -0.000000 0.896873
    outer loop
      vertex -0.475000 1.020000 -0.706603
      vertex -0.486732 1.020000 -0.712388
      vertex -0.486732 -1.020000 -0.712388
    endloop
  endfacet
  facet normal 0.555570 0.000000 -0.831470
    outer loop
      vertex -0.475000 -1.020000 -0.706603
      vertex -0.464124 1.020000 -0.699335
      vertex -0.464124 -1.020000 -0.699335
    endloop
  endfacet
  facet normal -0.555570 -0.000000 0.831470
    outer loop
      vertex -0.464124 -1.020000 -0.699335
      vertex -0.464124 1.020000 -0.699335
      vertex -0.475000 -1.020000 -0.706603
    endloop
  endfacet
  facet normal 0.555570 0.000000 -0.831470
    outer loop
      vertex -0.475000 -1.020000 -0.706603
      vertex -0.475000 1.020000 -0.706603
      vertex -0.464124 1.020000 -0.699335
    endloop
  endfacet
  facet normal -0.555570 -0.000000 0.831470
    outer loop
      vertex -0.464124 1.020000 -0.699335
      vertex -0.475000 1.020000 -0.706603
      vertex -0.475000 -1.020000 -0.706603
    endloop
  endfacet
  facet normal 0.659346 0.000000 -0.751840
    outer loop
      vertex -0.464124 -1.020000 -0.699335
      vertex -0.454289 1.020000 -0.690711
      vertex -0.454289 -1.020000 -0.690711
    endloop
  endfacet
  facet normal -0.659346 -0.000000 0.751840
    outer loop
      vertex -0.454289 -1.020000 -0.690711
      vertex -0.454289 1.020000 -0.690711
      vertex -0.464124 -1.020000 -0.699335
    endloop
  endfacet
  facet normal 0.659346 0.000000 -0.751840
    outer loop
      vertex -0.464124 -1.020000 -0.699335
      vertex -0.464124 1.020000 -0.699335
      vertex -0.454289 1.020000 -0.690711
    endloop
  endfacet
  facet normal -0.659346 -0.000000 0.751840
    outer loop
      vertex -0.454289 1.020000 -0.690711
      vertex -0.464124 1.020000 -0.699335
      vertex -0.464124 -1.020000 -0.699335
    endloop
  endfacet
  facet normal 0.751840 0.000000 -0.659346
    outer loop
      vertex -0.454289 -1.020000 -0.690711
      vertex -0.445665 1.020000 -0.680876
      vertex -0.445665 -1.020000 -0.680876
    endloop
  endfacet
  facet normal -0.751840 -0.000000 0.659346
    outer loop
      vertex -0.445665 -1.020000 -0.680876
      vertex -0.445665 1.020000 -0.680876
      vertex -0.454289 -1.020000 -0.690711
    endloop
  endfacet
  facet normal 0.751840 0.000000 -0.659346
    outer loop
      vertex -0.454289 -1.020000 -0.690711
      vertex -0.454289 1.020000 -0.690711
      vertex -0.445665 1.020000 -0.680876
    endloop
  endfacet
  facet normal -0.751840 -0.000000 0.659346
    outer loop
      vertex -0.445665 1.020000 -0.680876
      vertex -0.454289 1.020000 -0.690711
      vertex -0.454289 -1.020000 -0.690711
    endloop
  endfacet
  facet normal 0.831470 0.000000 -0.555570
    outer loop
      vertex -0.445665 -1.020000 -0.680876
      vertex -0.438397 1.020000 -0.670000
      vertex -0.438397 -1.020000 -0.670000
    endloop
  endfacet
  facet normal -0.831470 -0.000000 0.555570
    outer loop
      vertex -0.438397 -1.020000 -0.670000
      vertex -0.438397 1.020000 -0.670000
      vertex -0.445665 -1.020000 -0.680876
    endloop
  endfacet
  facet normal 0.831470 0.000000 -0.555570
    outer loop
      vertex -0.445665 -1.020000 -0.680876
      vertex -0.445665 1.020000 -0.680876
      vertex -0.438397 1.020000 -0.670000
    endloop
  endfacet
  facet normal -0.831470 -0.000000 0.555570
    outer loop
      vertex -0.438397 1.020000 -0.670000
      vertex -0.445665 1.020000 -0.680876
      vertex -0.445665 -1.020000 -0.680876
    endloop
  endfacet
  facet normal 0.896873 0.000000 -0.442289
    outer loop
      vertex -0.438397 -1.020000 -0.670000
      vertex -0.432612 1.020000 -0.658268
      vertex -0.432612 -1.020000 -0.658268
    endloop
  endfacet
  facet normal -0.896873 -0.000000 0.442289
    outer loop
      vertex -0.432612 -1.020000 -0.658268
      vertex -0.432612 1.020000 -0.658268
      vertex -0.438397 -1.020000 -0.670000
    endloop
  endfacet
  facet normal 0.896873 0.000000 -0.442289
    outer loop
      vertex -0.438397 -1.020000 -0.670000
      vertex -0.438397 1.020000 -0.670000
      vertex -0.432612 1.020000 -0.658268
    endloop
  endfacet
  facet normal -0.896873 -0.000000 0.442289
    outer loop
      vertex -0.432612 1.020000 -0.658268
      vertex -0.438397 1.020000 -0.670000
      vertex -0.438397 -1.020000 -0.670000
    endloop
  endfacet
  facet normal 0.946930 0.000000 -0.321439
    outer loop
      vertex -0.432612 -1.020000 -0.658268
      vertex -0.428407 1.020000 -0.645882
      vertex -0.428407 -1.020000 -0.645882
    endloop
  endfacet
  facet normal -0.946930 -0.000000 0.321439
    outer loop
      vertex -0.428407 -1.020000 -0.645882
      vertex -0.428407 1.020000 -0.645882
      vertex -0.432612 -1.020000 -0.658268
    endloop
  endfacet
  facet normal 0.946930 0.000000 -0.321439
    outer loop
      vertex -0.432612 -1.020000 -0.658268
      vertex -0.432612 1.020000 -0.658268
      vertex -0.428407 1.020000 -0.645882
    endloop
  endfacet
  facet normal -0.946930 -0.000000 0.321439
    outer loop
      vertex -0.428407 1.020000 -0.645882
      vertex -0.432612 1.020000 -0.658268
      vertex -0.432612 -1.020000 -0.658268
    endloop
  endfacet
  facet normal 0.980785 0.000000 -0.195090
    outer loop
      vertex -0.428407 -1.020000 -0.645882
      vertex -0.425856 1.020000 -0.633053
      vertex -0.425856 -1.020000 -0.633053
    endloop
  endfacet
  facet normal -0.980785 -0.000000 0.195090
    outer loop
      vertex -0.425856 -1.020000 -0.633053
      vertex -0.425856 1.020000 -0.633053
      vertex -0.428407 -1.020000 -0.645882
    endloop
  endfacet
  facet normal 0.980785 0.000000 -0.195090
    outer loop
      vertex -0.428407 -1.020000 -0.645882
      vertex -0.428407 1.020000 -0.645882
      vertex -0.425856 1.020000 -0.633053
    endloop
  endfacet
  facet normal -0.980785 -0.000000 0.195090
    outer loop
      vertex -0.425856 1.020000 -0.633053
      vertex -0.428407 1.020000 -0.645882
      vertex -0.428407 -1.020000 -0.645882
    endloop
  endfacet
  facet normal 0.997859 0.000000 -0.065403
    outer loop
      vertex -0.425856 -1.020000 -0.633053
      vertex -0.425000 1.020000 -0.620000
      vertex -0.425000 -1.020000 -0.620000
    endloop
  endfacet
  facet normal -0.997859 -0.000000 0.065403
    outer loop
      vertex -0.425000 -1.020000 -0.620000
      vertex -0.425000 1.020000 -0.620000
      vertex -0.425856 -1.020000 -0.633053
    endloop
  endfacet
  facet normal 0.997859 0.000000 -0.065403
    outer loop
      vertex -0.425856 -1.020000 -0.633053
      vertex -0.425856 1.020000 -0.633053
      vertex -0.425000 1.020000 -0.620000
    endloop
  endfacet
  facet normal -0.997859 -0.000000 0.065403
    outer loop
      vertex -0.425000 1.020000 -0.620000
      vertex -0.425856 1.020000 -0.633053
      vertex -0.425856 -1.020000 -0.633053
    endloop
  endfacet
  facet normal 0.997859 0.000000 0.065403
    outer loop
      vertex -0.425000 -1.020000 -0.620000
      vertex -0.425856 1.020000 -0.606947
      vertex -0.425856 -1.020000 -0.606947
    endloop
  endfacet
  facet normal -0.997859 -0.000000 -0.065403
    outer loop
      vertex -0.425856 -1.020000 -0.606947
      vertex -0.425856 1.020000 -0.606947
      vertex -0.425000 -1.020000 -0.620000
    endloop
  endfacet
  facet normal 0.997859 -0.000000 0.065403
    outer loop
      vertex -0.425000 -1.020000 -0.620000
      vertex -0.425000 1.020000 -0.620000
      vertex -0.425856 1.020000 -0.606947
    endloop
  endfacet
  facet normal -0.997859 0.000000 -0.065403
    outer loop
      vertex -0.425856 1.020000 -0.606947
      vertex -0.425000 1.020000 -0.620000
      vertex -0.425000 -1.020000 -0.620000
    endloop
  endfacet
endsolid mesh
