solid mesh
  facet normal 0.000000 1.000000 0.000000
    outer loop
      vertex 0.020000 -1.020000 1.450000
      vertex 0.480000 -1.020000 1.020000
      vertex 0.020000 -1.020000 1.020000
    endloop
  endfacet
  facet normal -0.000000 -1.000000 -0.000000
    outer loop
      vertex 0.020000 -1.020000 1.020000
      vertex 0.480000 -1.020000 1.020000
      vertex 0.020000 -1.020000 1.450000
    endloop
  endfacet
  facet normal 0.000000 -1.000000 0.000000
    outer loop
      vertex 0.020000 1.020000 1.450000
      vertex 0.020000 1.020000 1.020000
      vertex 0.480000 1.020000 1.020000
    endloop
  endfacet
  facet normal -0.000000 1.000000 -0.000000
    outer loop
      vertex 0.480000 1.020000 1.020000
      vertex 0.020000 1.020000 1.020000
      vertex 0.020000 1.020000 1.450000
    endloop
  endfacet
  facet normal -0.000000 1.000000 0.000000
    outer loop
      vertex 0.020000 -1.020000 1.450000
      vertex 0.880000 -1.020000 1.450000
      vertex 0.480000 -1.020000 1.020000
    endloop
  endfacet
  facet normal 0.000000 -1.000000 -0.000000
    outer loop
      vertex 0.480000 -1.020000 1.020000
      vertex 0.880000 -1.020000 1.450000
      vertex 0.020000 -1.020000 1.450000
    endloop
  endfacet
  facet normal 0.000000 -1.000000 0.000000
    outer loop
      vertex 0.020000 1.020000 1.450000
      vertex 0.480000 1.020000 1.020000
      vertex 0.880000 1.020000 1.450000
    endloop
  endfacet
  facet normal -0.000000 1.000000 -0.000000
    outer loop
      vertex 0.880000 1.020000 1.450000
      vertex 0.480000 1.020000 1.020000
      vertex 0.020000 1.020000 1.450000
    endloop
  endfacet
  facet normal 0.000000 1.000000 0.000000
    outer loop
      vertex 0.880000 -1.020000 1.450000
      vertex 0.910000 -1.020000 1.420000
      vertex 0.480000 -1.020000 1.020000
    endloop
  endfacet
  facet normal -0.000000 -1.000000 -0.000000
    outer loop
      vertex 0.480000 -1.020000 1.020000
      vertex 0.910000 -1.020000 1.420000
      vertex 0.880000 -1.020000 1.450000
    endloop
  endfacet
  facet normal 0.000000 -1.000000 -0.000000
    outer loop
      vertex 0.880000 1.020000 1.450000
      vertex 0.480000 1.020000 1.020000
      vertex 0.910000 1.020000 1.420000
    endloop
  endfacet
  facet normal -0.000000 1.000000 0.000000
    outer loop
      vertex 0.910000 1.020000 1.420000
      vertex 0.480000 1.020000 1.020000
      vertex 0.880000 1.020000 1.450000
    endloop
  endfacet
  facet normal 0.000000 1.000000 0.000000
    outer loop
      vertex 0.880000 -1.020000 1.450000
      vertex 0.909856 -1.020000 1.422941
      vertex 0.910000 -1.020000 1.420000
    endloop
  endfacet
  facet normal -0.000000 -1.000000 -0.000000
    outer loop
      vertex 0.910000 -1.020000 1.420000
      vertex 0.909856 -1.020000 1.422941
      vertex 0.880000 -1.020000 1.450000
    endloop
  endfacet
  facet normal 0.000000 -1.000000 0.000000
    outer loop
      vertex 0.880000 1.020000 1.450000
      vertex 0.910000 1.020000 1.420000
      vertex 0.909856 1.020000 1.422941
    endloop
  endfacet
  facet normal -0.000000 1.000000 -0.000000
    outer loop
      vertex 0.909856 1.020000 1.422941
      vertex 0.910000 1.020000 1.420000
      vertex 0.880000 1.020000 1.450000
    endloop
  endfacet
  facet normal 0.000000 1.000000 0.000000
    outer loop
      vertex 0.880000 -1.020000 1.450000
      vertex 0.906458 -1.020000 1.434142
      vertex 0.909856 -1.020000 1.422941
    endloop
  endfacet
  facet normal -0.000000 -1.000000 -0.000000
    outer loop
      vertex 0.909856 -1.020000 1.422941
      vertex 0.906458 -1.020000 1.434142
      vertex 0.880000 -1.020000 1.450000
    endloop
  endfacet
  facet normal 0.000000 -1.000000 0.000000
    outer loop
      vertex 0.880000 1.020000 1.450000
      vertex 0.909856 1.020000 1.422941
      vertex 0.906458 1.020000 1.434142
    endloop
  endfacet
  facet normal -0.000000 1.000000 -0.000000
    outer loop
      vertex 0.906458 1.020000 1.434142
      vertex 0.909856 1.020000 1.422941
      vertex 0.880000 1.020000 1.450000
    endloop
  endfacet
  facet normal 0.000000 1.000000 0.000000
    outer loop
      vertex 0.880000 -1.020000 1.450000
      vertex 0.896667 -1.020000 1.444944
      vertex 0.906458 -1.020000 1.434142
    endloop
  endfacet
  facet normal -0.000000 -1.000000 -0.000000
    outer loop
      vertex 0.906458 -1.020000 1.434142
      vertex 0.896667 -1.020000 1.444944
      vertex 0.880000 -1.020000 1.450000
    endloop
  endfacet
  facet normal 0.000000 -1.000000 0.000000
    outer loop
      vertex 0.880000 1.020000 1.450000
      vertex 0.906458 1.020000 1.434142
      vertex 0.896667 1.020000 1.444944
    endloop
  endfacet
  facet normal -0.000000 1.000000 -0.000000
    outer loop
      vertex 0.896667 1.020000 1.444944
      vertex 0.906458 1.020000 1.434142
      vertex 0.880000 1.020000 1.450000
    endloop
  endfacet
  facet normal 0.000000 1.000000 0.000000
    outer loop
      vertex 0.880000 -1.020000 1.450000
      vertex 0.891481 -1.020000 1.447716
      vertex 0.896667 -1.020000 1.444944
    endloop
  endfacet
  facet normal -0.000000 -1.000000 -0.000000
    outer loop
      vertex 0.896667 -1.020000 1.444944
      vertex 0.891481 -1.020000 1.447716
      vertex 0.880000 -1.020000 1.450000
    endloop
  endfacet
  facet normal 0.000000 -1.000000 0.000000
    outer loop
      vertex 0.880000 1.020000 1.450000
      vertex 0.896667 1.020000 1.444944
      vertex 0.891481 1.020000 1.447716
    endloop
  endfacet
  facet normal -0.000000 1.000000 -0.000000
    outer loop
      vertex 0.891481 1.020000 1.447716
      vertex 0.896667 1.020000 1.444944
      vertex 0.880000 1.020000 1.450000
    endloop
  endfacet
  facet normal 0.000000 1.000000 0.000000
    outer loop
      vertex 0.880000 -1.020000 1.450000
      vertex 0.885853 -1.020000 1.449424
      vertex 0.891481 -1.020000 1.447716
    endloop
  endfacet
  facet normal -0.000000 -1.000000 -0.000000
    outer loop
      vertex 0.891481 -1.020000 1.447716
      vertex 0.885853 -1.020000 1.449424
      vertex 0.880000 -1.020000 1.450000
    endloop
  endfacet
  facet normal 0.000000 -1.000000 0.000000
    outer loop
      vertex 0.880000 1.020000 1.450000
      vertex 0.891481 1.020000 1.447716
      vertex 0.885853 1.020000 1.449424
    endloop
  endfacet
  facet normal -0.000000 1.000000 -0.000000
    outer loop
      vertex 0.885853 1.020000 1.449424
      vertex 0.891481 1.020000 1.447716
      vertex 0.880000 1.020000 1.450000
    endloop
  endfacet
  facet normal 0.000000 1.000000 0.000000
    outer loop
      vertex 0.880000 -1.020000 1.450000
      vertex 0.882941 -1.020000 1.449856
      vertex 0.885853 -1.020000 1.449424
    endloop
  endfacet
  facet normal -0.000000 -1.000000 -0.000000
    outer loop
      vertex 0.885853 -1.020000 1.449424
      vertex 0.882941 -1.020000 1.449856
      vertex 0.880000 -1.020000 1.450000
    endloop
  endfacet
  facet normal 0.000000 -1.000000 0.000000
    outer loop
      vertex 0.880000 1.020000 1.450000
      vertex 0.885853 1.020000 1.449424
      vertex 0.882941 1.020000 1.449856
    endloop
  endfacet
  facet normal -0.000000 1.000000 -0.000000
    outer loop
      vertex 0.882941 1.020000 1.449856
      vertex 0.885853 1.020000 1.449424
      vertex 0.880000 1.020000 1.450000
    endloop
  endfacet
  facet normal 0.000000 1.000000 0.000000
    outer loop
      vertex 0.885853 -1.020000 1.449424
      vertex 0.888709 -1.020000 1.448708
      vertex 0.891481 -1.020000 1.447716
    endloop
  endfacet
  facet normal -0.000000 -1.000000 -0.000000
    outer loop
      vertex 0.891481 -1.020000 1.447716
      vertex 0.888709 -1.020000 1.448708
      vertex 0.885853 -1.020000 1.449424
    endloop
  endfacet
  facet normal 0.000000 -1.000000 0.000000
    outer loop
      vertex 0.885853 1.020000 1.449424
      vertex 0.891481 1.020000 1.447716
      vertex 0.888709 1.020000 1.448708
    endloop
  endfacet
  facet normal -0.000000 1.000000 -0.000000
    outer loop
      vertex 0.888709 1.020000 1.448708
      vertex 0.891481 1.020000 1.447716
      vertex 0.885853 1.020000 1.449424
    endloop
  endfacet
  facet normal 0.000000 1.000000 0.000000
    outer loop
      vertex 0.891481 -1.020000 1.447716
      vertex 0.894142 -1.020000 1.446458
      vertex 0.896667 -1.020000 1.444944
    endloop
  endfacet
  facet normal -0.000000 -1.000000 -0.000000
    outer loop
      vertex 0.896667 -1.020000 1.444944
      vertex 0.894142 -1.020000 1.446458
      vertex 0.891481 -1.020000 1.447716
    endloop
  endfacet
  facet normal 0.000000 -1.000000 0.000000
    outer loop
      vertex 0.891481 1.020000 1.447716
      vertex 0.896667 1.020000 1.444944
      vertex 0.894142 1.020000 1.446458
    endloop
  endfacet
  facet normal -0.000000 1.000000 -0.000000
    outer loop
      vertex 0.894142 1.020000 1.446458
      vertex 0.896667 1.020000 1.444944
      vertex 0.891481 1.020000 1.447716
    endloop
  endfacet
  facet normal 0.000000 1.000000 0.000000
    outer loop
      vertex 0.896667 -1.020000 1.444944
      vertex 0.904944 -1.020000 1.436667
      vertex 0.906458 -1.020000 1.434142
    endloop
  endfacet
  facet normal -0.000000 -1.000000 -0.000000
    outer loop
      vertex 0.906458 -1.020000 1.434142
      vertex 0.904944 -1.020000 1.436667
      vertex 0.896667 -1.020000 1.444944
    endloop
  endfacet
  facet normal 0.000000 -1.000000 0.000000
    outer loop
      vertex 0.896667 1.020000 1.444944
      vertex 0.906458 1.020000 1.434142
      vertex 0.904944 1.020000 1.436667
    endloop
  endfacet
  facet normal -0.000000 1.000000 -0.000000
    outer loop
      vertex 0.904944 1.020000 1.436667
      vertex 0.906458 1.020000 1.434142
      vertex 0.896667 1.020000 1.444944
    endloop
  endfacet
  facet normal 0.000000 1.000000 0.000000
    outer loop
      vertex 0.896667 -1.020000 1.444944
      vertex 0.901213 -1.020000 1.441213
      vertex 0.904944 -1.020000 1.436667
    endloop
  endfacet
  facet normal -0.000000 -1.000000 -0.000000
    outer loop
      vertex 0.904944 -1.020000 1.436667
      vertex 0.901213 -1.020000 1.441213
      vertex 0.896667 -1.020000 1.444944
    endloop
  endfacet
  facet normal 0.000000 -1.000000 0.000000
    outer loop
      vertex 0.896667 1.020000 1.444944
      vertex 0.904944 1.020000 1.436667
      vertex 0.901213 1.020000 1.441213
    endloop
  endfacet
  facet normal -0.000000 1.000000 -0.000000
    outer loop
      vertex 0.901213 1.020000 1.441213
      vertex 0.904944 1.020000 1.436667
      vertex 0.896667 1.020000 1.444944
    endloop
  endfacet
  facet normal 0.000000 1.000000 0.000000
    outer loop
      vertex 0.896667 -1.020000 1.444944
      vertex 0.899032 -1.020000 1.443190
      vertex 0.901213 -1.020000 1.441213
    endloop
  endfacet
  facet normal -0.000000 -1.000000 -0.000000
    outer loop
      vertex 0.901213 -1.020000 1.441213
      vertex 0.899032 -1.020000 1.443190
      vertex 0.896667 -1.020000 1.444944
    endloop
  endfacet
  facet normal 0.000000 -1.000000 0.000000
    outer loop
      vertex 0.896667 1.020000 1.444944
      vertex 0.901213 1.020000 1.441213
      vertex 0.899032 1.020000 1.443190
    endloop
  endfacet
  facet normal -0.000000 1.000000 -0.000000
    outer loop
      vertex 0.899032 1.020000 1.443190
      vertex 0.901213 1.020000 1.441213
      vertex 0.896667 1.020000 1.444944
    endloop
  endfacet
  facet normal 0.000000 1.000000 0.000000
    outer loop
      vertex 0.901213 -1.020000 1.441213
      vertex 0.903190 -1.020000 1.439032
      vertex 0.904944 -1.020000 1.436667
    endloop
  endfacet
  facet normal -0.000000 -1.000000 -0.000000
    outer loop
      vertex 0.904944 -1.020000 1.436667
      vertex 0.903190 -1.020000 1.439032
      vertex 0.901213 -1.020000 1.441213
    endloop
  endfacet
  facet normal 0.000000 -1.000000 0.000000
    outer loop
      vertex 0.901213 1.020000 1.441213
      vertex 0.904944 1.020000 1.436667
      vertex 0.903190 1.020000 1.439032
    endloop
  endfacet
  facet normal -0.000000 1.000000 -0.000000
    outer loop
      vertex 0.903190 1.020000 1.439032
      vertex 0.904944 1.020000 1.436667
      vertex 0.901213 1.020000 1.441213
    endloop
  endfacet
  facet normal 0.000000 1.000000 0.000000
    outer loop
      vertex 0.906458 -1.020000 1.434142
      vertex 0.908708 -1.020000 1.428709
      vertex 0.909856 -1.020000 1.422941
    endloop
  endfacet
  facet normal -0.000000 -1.000000 -0.000000
    outer loop
      vertex 0.909856 -1.020000 1.422941
      vertex 0.908708 -1.020000 1.428709
      vertex 0.906458 -1.020000 1.434142
    endloop
  endfacet
  facet normal 0.000000 -1.000000 0.000000
    outer loop
      vertex 0.906458 1.020000 1.434142
      vertex 0.909856 1.020000 1.422941
      vertex 0.908708 1.020000 1.428709
    endloop
  endfacet
  facet normal -0.000000 1.000000 -0.000000
    outer loop
      vertex 0.908708 1.020000 1.428709
      vertex 0.909856 1.020000 1.422941
      vertex 0.906458 1.020000 1.434142
    endloop
  endfacet
  facet normal 0.000000 1.000000 0.000000
    outer loop
      vertex 0.906458 -1.020000 1.434142
      vertex 0.907716 -1.020000 1.431481
      vertex 0.908708 -1.020000 1.428709
    endloop
  endfacet
  facet normal -0.000000 -1.000000 -0.000000
    outer loop
      vertex 0.908708 -1.020000 1.428709
      vertex 0.907716 -1.020000 1.431481
      vertex 0.906458 -1.020000 1.434142
    endloop
  endfacet
  facet normal 0.000000 -1.000000 0.000000
    outer loop
      vertex 0.906458 1.020000 1.434142
      vertex 0.908708 1.020000 1.428709
      vertex 0.907716 1.020000 1.431481
    endloop
  endfacet
  facet normal -0.000000 1.000000 -0.000000
    outer loop
      vertex 0.907716 1.020000 1.431481
      vertex 0.908708 1.020000 1.428709
      vertex 0.906458 1.020000 1.434142
    endloop
  endfacet
  facet normal 0.000000 1.000000 0.000000
    outer loop
      vertex 0.908708 -1.020000 1.428709
      vertex 0.909424 -1.020000 1.425853
      vertex 0.909856 -1.020000 1.422941
    endloop
  endfacet
  facet normal -0.000000 -1.000000 -0.000000
    outer loop
      vertex 0.909856 -1.020000 1.422941
      vertex 0.909424 -1.020000 1.425853
      vertex 0.908708 -1.020000 1.428709
    endloop
  endfacet
  facet normal 0.000000 -1.000000 0.000000
    outer loop
      vertex 0.908708 1.020000 1.428709
      vertex 0.909856 1.020000 1.422941
      vertex 0.909424 1.020000 1.425853
    endloop
  endfacet
  facet normal -0.000000 1.000000 -0.000000
    outer loop
      vertex 0.909424 1.020000 1.425853
      vertex 0.909856 1.020000 1.422941
      vertex 0.908708 1.020000 1.428709
    endloop
  endfacet
  facet normal 0.000000 1.000000 0.000000
    outer loop
      vertex 0.910000 -1.020000 1.420000
      vertex 0.758847 -1.020000 0.916490
      vertex 0.480000 -1.020000 1.020000
    endloop
  endfacet
  facet normal -0.000000 -1.000000 -0.000000
    outer loop
      vertex 0.480000 -1.020000 1.020000
      vertex 0.758847 -1.020000 0.916490
      vertex 0.910000 -1.020000 1.420000
    endloop
  endfacet
  facet normal 0.000000 -1.000000 0.000000
    outer loop
      vertex 0.910000 1.020000 1.420000
      vertex 0.480000 1.020000 1.020000
      vertex 0.758847 1.020000 0.916490
    endloop
  endfacet
  facet normal -0.000000 1.000000 -0.000000
    outer loop
      vertex 0.758847 1.020000 0.916490
      vertex 0.480000 1.020000 1.020000
      vertex 0.910000 1.020000 1.420000
    endloop
  endfacet
  facet normal 0.000000 1.000000 0.000000
    outer loop
      vertex 0.910000 -1.020000 1.420000
      vertex 0.774325 -1.020000 0.919120
      vertex 0.758847 -1.020000 0.916490
    endloop
  endfacet
  facet normal -0.000000 -1.000000 -0.000000
    outer loop
      vertex 0.758847 -1.020000 0.916490
      vertex 0.774325 -1.020000 0.919120
      vertex 0.910000 -1.020000 1.420000
    endloop
  endfacet
  facet normal 0.000000 -1.000000 0.000000
    outer loop
      vertex 0.910000 1.020000 1.420000
      vertex 0.758847 1.020000 0.916490
      vertex 0.774325 1.020000 0.919120
    endloop
  endfacet
  facet normal -0.000000 1.000000 -0.000000
    outer loop
      vertex 0.774325 1.020000 0.919120
      vertex 0.758847 1.020000 0.916490
      vertex 0.910000 1.020000 1.420000
    endloop
  endfacet
  facet normal 0.000000 1.000000 0.000000
    outer loop
      vertex 0.910000 -1.020000 1.420000
      vertex 0.790000 -1.020000 0.920000
      vertex 0.774325 -1.020000 0.919120
    endloop
  endfacet
  facet normal -0.000000 -1.000000 -0.000000
    outer loop
      vertex 0.774325 -1.020000 0.919120
      vertex 0.790000 -1.020000 0.920000
      vertex 0.910000 -1.020000 1.420000
    endloop
  endfacet
  facet normal 0.000000 -1.000000 0.000000
    outer loop
      vertex 0.910000 1.020000 1.420000
      vertex 0.774325 1.020000 0.919120
      vertex 0.790000 1.020000 0.920000
    endloop
  endfacet
  facet normal -0.000000 1.000000 -0.000000
    outer loop
      vertex 0.790000 1.020000 0.920000
      vertex 0.774325 1.020000 0.919120
      vertex 0.910000 1.020000 1.420000
    endloop
  endfacet
  facet normal 0.000000 1.000000 0.000000
    outer loop
      vertex 0.910000 -1.020000 1.420000
      vertex 0.805675 -1.020000 0.919120
      vertex 0.790000 -1.020000 0.920000
    endloop
  endfacet
  facet normal -0.000000 -1.000000 -0.000000
    outer loop
      vertex 0.790000 -1.020000 0.920000
      vertex 0.805675 -1.020000 0.919120
      vertex 0.910000 -1.020000 1.420000
    endloop
  endfacet
  facet normal 0.000000 -1.000000 0.000000
    outer loop
      vertex 0.910000 1.020000 1.420000
      vertex 0.790000 1.020000 0.920000
      vertex 0.805675 1.020000 0.919120
    endloop
  endfacet
  facet normal -0.000000 1.000000 -0.000000
    outer loop
      vertex 0.805675 1.020000 0.919120
      vertex 0.790000 1.020000 0.920000
      vertex 0.910000 1.020000 1.420000
    endloop
  endfacet
  facet normal 0.000000 1.000000 0.000000
    outer loop
      vertex 0.910000 -1.020000 1.420000
      vertex 0.821153 -1.020000 0.916490
      vertex 0.805675 -1.020000 0.919120
    endloop
  endfacet
  facet normal -0.000000 -1.000000 -0.000000
    outer loop
      vertex 0.805675 -1.020000 0.919120
      vertex 0.821153 -1.020000 0.916490
      vertex 0.910000 -1.020000 1.420000
    endloop
  endfacet
  facet normal 0.000000 -1.000000 0.000000
    outer loop
      vertex 0.910000 1.020000 1.420000
      vertex 0.805675 1.020000 0.919120
      vertex 0.821153 1.020000 0.916490
    endloop
  endfacet
  facet normal -0.000000 1.000000 -0.000000
    outer loop
      vertex 0.821153 1.020000 0.916490
      vertex 0.805675 1.020000 0.919120
      vertex 0.910000 1.020000 1.420000
    endloop
  endfacet
  facet normal 0.000000 1.000000 0.000000
    outer loop
      vertex 0.910000 -1.020000 1.420000
      vertex 0.836239 -1.020000 0.912144
      vertex 0.821153 -1.020000 0.916490
    endloop
  endfacet
  facet normal -0.000000 -1.000000 -0.000000
    outer loop
      vertex 0.821153 -1.020000 0.916490
      vertex 0.836239 -1.020000 0.912144
      vertex 0.910000 -1.020000 1.420000
    endloop
  endfacet
  facet normal 0.000000 -1.000000 0.000000
    outer loop
      vertex 0.910000 1.020000 1.420000
      vertex 0.821153 1.020000 0.916490
      vertex 0.836239 1.020000 0.912144
    endloop
  endfacet
  facet normal -0.000000 1.000000 -0.000000
    outer loop
      vertex 0.836239 1.020000 0.912144
      vertex 0.821153 1.020000 0.916490
      vertex 0.910000 1.020000 1.420000
    endloop
  endfacet
  facet normal 0.000000 1.000000 0.000000
    outer loop
      vertex 0.910000 -1.020000 1.420000
      vertex 0.850744 -1.020000 0.906136
      vertex 0.836239 -1.020000 0.912144
    endloop
  endfacet
  facet normal -0.000000 -1.000000 -0.000000
    outer loop
      vertex 0.836239 -1.020000 0.912144
      vertex 0.850744 -1.020000 0.906136
      vertex 0.910000 -1.020000 1.420000
    endloop
  endfacet
  facet normal 0.000000 -1.000000 0.000000
    outer loop
      vertex 0.910000 1.020000 1.420000
      vertex 0.836239 1.020000 0.912144
      vertex 0.850744 1.020000 0.906136
    endloop
  endfacet
  facet normal -0.000000 1.000000 -0.000000
    outer loop
      vertex 0.850744 1.020000 0.906136
      vertex 0.836239 1.020000 0.912144
      vertex 0.910000 1.020000 1.420000
    endloop
  endfacet
  facet normal 0.000000 1.000000 0.000000
    outer loop
      vertex 0.910000 -1.020000 1.420000
      vertex 0.864484 -1.020000 0.898541
      vertex 0.850744 -1.020000 0.906136
    endloop
  endfacet
  facet normal -0.000000 -1.000000 -0.000000
    outer loop
      vertex 0.850744 -1.020000 0.906136
      vertex 0.864484 -1.020000 0.898541
      vertex 0.910000 -1.020000 1.420000
    endloop
  endfacet
  facet normal 0.000000 -1.000000 0.000000
    outer loop
      vertex 0.910000 1.020000 1.420000
      vertex 0.850744 1.020000 0.906136
      vertex 0.864484 1.020000 0.898541
    endloop
  endfacet
  facet normal -0.000000 1.000000 -0.000000
    outer loop
      vertex 0.864484 1.020000 0.898541
      vertex 0.850744 1.020000 0.906136
      vertex 0.910000 1.020000 1.420000
    endloop
  endfacet
  facet normal 0.000000 1.000000 0.000000
    outer loop
      vertex 0.910000 -1.020000 1.420000
      vertex 0.877289 -1.020000 0.889456
      vertex 0.864484 -1.020000 0.898541
    endloop
  endfacet
  facet normal -0.000000 -1.000000 -0.000000
    outer loop
      vertex 0.864484 -1.020000 0.898541
      vertex 0.877289 -1.020000 0.889456
      vertex 0.910000 -1.020000 1.420000
    endloop
  endfacet
  facet normal 0.000000 -1.000000 0.000000
    outer loop
      vertex 0.910000 1.020000 1.420000
      vertex 0.864484 1.020000 0.898541
      vertex 0.877289 1.020000 0.889456
    endloop
  endfacet
  facet normal -0.000000 1.000000 -0.000000
    outer loop
      vertex 0.877289 1.020000 0.889456
      vertex 0.864484 1.020000 0.898541
      vertex 0.910000 1.020000 1.420000
    endloop
  endfacet
  facet normal 0.000000 1.000000 0.000000
    outer loop
      vertex 0.910000 -1.020000 1.420000
      vertex 0.888995 -1.020000 0.878995
      vertex 0.877289 -1.020000 0.889456
    endloop
  endfacet
  facet normal -0.000000 -1.000000 -0.000000
    outer loop
      vertex 0.877289 -1.020000 0.889456
      vertex 0.888995 -1.020000 0.878995
      vertex 0.910000 -1.020000 1.420000
    endloop
  endfacet
  facet normal 0.000000 -1.000000 0.000000
    outer loop
      vertex 0.910000 1.020000 1.420000
      vertex 0.877289 1.020000 0.889456
      vertex 0.888995 1.020000 0.878995
    endloop
  endfacet
  facet normal -0.000000 1.000000 -0.000000
    outer loop
      vertex 0.888995 1.020000 0.878995
      vertex 0.877289 1.020000 0.889456
      vertex 0.910000 1.020000 1.420000
    endloop
  endfacet
  facet normal 0.000000 1.000000 0.000000
    outer loop
      vertex 0.910000 -1.020000 1.420000
      vertex 0.899456 -1.020000 0.867289
      vertex 0.888995 -1.020000 0.878995
    endloop
  endfacet
  facet normal -0.000000 -1.000000 -0.000000
    outer loop
      vertex 0.888995 -1.020000 0.878995
      vertex 0.899456 -1.020000 0.867289
      vertex 0.910000 -1.020000 1.420000
    endloop
  endfacet
  facet normal 0.000000 -1.000000 0.000000
    outer loop
      vertex 0.910000 1.020000 1.420000
      vertex 0.888995 1.020000 0.878995
      vertex 0.899456 1.020000 0.867289
    endloop
  endfacet
  facet normal -0.000000 1.000000 -0.000000
    outer loop
      vertex 0.899456 1.020000 0.867289
      vertex 0.888995 1.020000 0.878995
      vertex 0.910000 1.020000 1.420000
    endloop
  endfacet
  facet normal 0.000000 1.000000 0.000000
    outer loop
      vertex 0.910000 -1.020000 1.420000
      vertex 0.908541 -1.020000 0.854484
      vertex 0.899456 -1.020000 0.867289
    endloop
  endfacet
  facet normal -0.000000 -1.000000 -0.000000
    outer loop
      vertex 0.899456 -1.020000 0.867289
      vertex 0.908541 -1.020000 0.854484
      vertex 0.910000 -1.020000 1.420000
    endloop
  endfacet
  facet normal 0.000000 -1.000000 0.000000
    outer loop
      vertex 0.910000 1.020000 1.420000
      vertex 0.899456 1.020000 0.867289
      vertex 0.908541 1.020000 0.854484
    endloop
  endfacet
  facet normal -0.000000 1.000000 -0.000000
    outer loop
      vertex 0.908541 1.020000 0.854484
      vertex 0.899456 1.020000 0.867289
      vertex 0.910000 1.020000 1.420000
    endloop
  endfacet
  facet normal 0.000000 1.000000 0.000000
    outer loop
      vertex 0.910000 -1.020000 1.420000
      vertex 0.910000 -1.020000 0.851845
      vertex 0.908541 -1.020000 0.854484
    endloop
  endfacet
  facet normal -0.000000 -1.000000 -0.000000
    outer loop
      vertex 0.908541 -1.020000 0.854484
      vertex 0.910000 -1.020000 0.851845
      vertex 0.910000 -1.020000 1.420000
    endloop
  endfacet
  facet normal 0.000000 -1.000000 -0.000000
    outer loop
      vertex 0.910000 1.020000 1.420000
      vertex 0.908541 1.020000 0.854484
      vertex 0.910000 1.020000 0.851845
    endloop
  endfacet
  facet normal -0.000000 1.000000 0.000000
    outer loop
      vertex 0.910000 1.020000 0.851845
      vertex 0.908541 1.020000 0.854484
      vertex 0.910000 1.020000 1.420000
    endloop
  endfacet
  facet normal 0.000000 1.000000 0.000000
    outer loop
      vertex 0.901213 -1.020000 -1.441213
      vertex 0.904944 -1.020000 -1.436667
      vertex 0.903190 -1.020000 -1.439032
    endloop
  endfacet
  facet normal -0.000000 -1.000000 -0.000000
    outer loop
      vertex 0.903190 -1.020000 -1.439032
      vertex 0.904944 -1.020000 -1.436667
      vertex 0.901213 -1.020000 -1.441213
    endloop
  endfacet
  facet normal 0.000000 -1.000000 0.000000
    outer loop
      vertex 0.901213 1.020000 -1.441213
      vertex 0.903190 1.020000 -1.439032
      vertex 0.904944 1.020000 -1.436667
    endloop
  endfacet
  facet normal -0.000000 1.000000 -0.000000
    outer loop
      vertex 0.904944 1.020000 -1.436667
      vertex 0.903190 1.020000 -1.439032
      vertex 0.901213 1.020000 -1.441213
    endloop
  endfacet
  facet normal 0.000000 1.000000 -0.000000
    outer loop
      vertex 0.901213 -1.020000 -1.441213
      vertex 0.899032 -1.020000 -1.443190
      vertex 0.904944 -1.020000 -1.436667
    endloop
  endfacet
  facet normal -0.000000 -1.000000 0.000000
    outer loop
      vertex 0.904944 -1.020000 -1.436667
      vertex 0.899032 -1.020000 -1.443190
      vertex 0.901213 -1.020000 -1.441213
    endloop
  endfacet
  facet normal -0.000000 -1.000000 0.000000
    outer loop
      vertex 0.901213 1.020000 -1.441213
      vertex 0.904944 1.020000 -1.436667
      vertex 0.899032 1.020000 -1.443190
    endloop
  endfacet
  facet normal 0.000000 1.000000 -0.000000
    outer loop
      vertex 0.899032 1.020000 -1.443190
      vertex 0.904944 1.020000 -1.436667
      vertex 0.901213 1.020000 -1.441213
    endloop
  endfacet
  facet normal 0.000000 1.000000 0.000000
    outer loop
      vertex 0.899032 -1.020000 -1.443190
      vertex 0.908708 -1.020000 -1.428709
      vertex 0.904944 -1.020000 -1.436667
    endloop
  endfacet
  facet normal -0.000000 -1.000000 -0.000000
    outer loop
      vertex 0.904944 -1.020000 -1.436667
      vertex 0.908708 -1.020000 -1.428709
      vertex 0.899032 -1.020000 -1.443190
    endloop
  endfacet
  facet normal 0.000000 -1.000000 0.000000
    outer loop
      vertex 0.899032 1.020000 -1.443190
      vertex 0.904944 1.020000 -1.436667
      vertex 0.908708 1.020000 -1.428709
    endloop
  endfacet
  facet normal -0.000000 1.000000 -0.000000
    outer loop
      vertex 0.908708 1.020000 -1.428709
      vertex 0.904944 1.020000 -1.436667
      vertex 0.899032 1.020000 -1.443190
    endloop
  endfacet
  facet normal 0.000000 1.000000 0.000000
    outer loop
      vertex 0.899032 -1.020000 -1.443190
      vertex 0.909856 -1.020000 -1.422941
      vertex 0.908708 -1.020000 -1.428709
    endloop
  endfacet
  facet normal -0.000000 -1.000000 -0.000000
    outer loop
      vertex 0.908708 -1.020000 -1.428709
      vertex 0.909856 -1.020000 -1.422941
      vertex 0.899032 -1.020000 -1.443190
    endloop
  endfacet
  facet normal 0.000000 -1.000000 0.000000
    outer loop
      vertex 0.899032 1.020000 -1.443190
      vertex 0.908708 1.020000 -1.428709
      vertex 0.909856 1.020000 -1.422941
    endloop
  endfacet
  facet normal -0.000000 1.000000 -0.000000
    outer loop
      vertex 0.909856 1.020000 -1.422941
      vertex 0.908708 1.020000 -1.428709
      vertex 0.899032 1.020000 -1.443190
    endloop
  endfacet
  facet normal 0.000000 1.000000 -0.000000
    outer loop
      vertex 0.899032 -1.020000 -1.443190
      vertex 0.891481 -1.020000 -1.447716
      vertex 0.909856 -1.020000 -1.422941
    endloop
  endfacet
  facet normal -0.000000 -1.000000 0.000000
    outer loop
      vertex 0.909856 -1.020000 -1.422941
      vertex 0.891481 -1.020000 -1.447716
      vertex 0.899032 -1.020000 -1.443190
    endloop
  endfacet
  facet normal -0.000000 -1.000000 0.000000
    outer loop
      vertex 0.899032 1.020000 -1.443190
      vertex 0.909856 1.020000 -1.422941
      vertex 0.891481 1.020000 -1.447716
    endloop
  endfacet
  facet normal 0.000000 1.000000 -0.000000
    outer loop
      vertex 0.891481 1.020000 -1.447716
      vertex 0.909856 1.020000 -1.422941
      vertex 0.899032 1.020000 -1.443190
    endloop
  endfacet
  facet normal 0.000000 1.000000 0.000000
    outer loop
      vertex 0.899032 -1.020000 -1.443190
      vertex 0.894142 -1.020000 -1.446458
      vertex 0.891481 -1.020000 -1.447716
    endloop
  endfacet
  facet normal -0.000000 -1.000000 -0.000000
    outer loop
      vertex 0.891481 -1.020000 -1.447716
      vertex 0.894142 -1.020000 -1.446458
      vertex 0.899032 -1.020000 -1.443190
    endloop
  endfacet
  facet normal 0.000000 -1.000000 0.000000
    outer loop
      vertex 0.899032 1.020000 -1.443190
      vertex 0.891481 1.020000 -1.447716
      vertex 0.894142 1.020000 -1.446458
    endloop
  endfacet
  facet normal -0.000000 1.000000 -0.000000
    outer loop
      vertex 0.894142 1.020000 -1.446458
      vertex 0.891481 1.020000 -1.447716
      vertex 0.899032 1.020000 -1.443190
    endloop
  endfacet
  facet normal 0.000000 1.000000 0.000000
    outer loop
      vertex 0.899032 -1.020000 -1.443190
      vertex 0.896667 -1.020000 -1.444944
      vertex 0.894142 -1.020000 -1.446458
    endloop
  endfacet
  facet normal -0.000000 -1.000000 -0.000000
    outer loop
      vertex 0.894142 -1.020000 -1.446458
      vertex 0.896667 -1.020000 -1.444944
      vertex 0.899032 -1.020000 -1.443190
    endloop
  endfacet
  facet normal 0.000000 -1.000000 0.000000
    outer loop
      vertex 0.899032 1.020000 -1.443190
      vertex 0.894142 1.020000 -1.446458
      vertex 0.896667 1.020000 -1.444944
    endloop
  endfacet
  facet normal -0.000000 1.000000 -0.000000
    outer loop
      vertex 0.896667 1.020000 -1.444944
      vertex 0.894142 1.020000 -1.446458
      vertex 0.899032 1.020000 -1.443190
    endloop
  endfacet
  facet normal 0.000000 1.000000 -0.000000
    outer loop
      vertex 0.891481 -1.020000 -1.447716
      vertex 0.880000 -1.020000 -1.450000
      vertex 0.909856 -1.020000 -1.422941
    endloop
  endfacet
  facet normal -0.000000 -1.000000 0.000000
    outer loop
      vertex 0.909856 -1.020000 -1.422941
      vertex 0.880000 -1.020000 -1.450000
      vertex 0.891481 -1.020000 -1.447716
    endloop
  endfacet
  facet normal -0.000000 -1.000000 0.000000
    outer loop
      vertex 0.891481 1.020000 -1.447716
      vertex 0.909856 1.020000 -1.422941
      vertex 0.880000 1.020000 -1.450000
    endloop
  endfacet
  facet normal 0.000000 1.000000 -0.000000
    outer loop
      vertex 0.880000 1.020000 -1.450000
      vertex 0.909856 1.020000 -1.422941
      vertex 0.891481 1.020000 -1.447716
    endloop
  endfacet
  facet normal 0.000000 1.000000 0.000000
    outer loop
      vertex 0.891481 -1.020000 -1.447716
      vertex 0.882941 -1.020000 -1.449856
      vertex 0.880000 -1.020000 -1.450000
    endloop
  endfacet
  facet normal -0.000000 -1.000000 -0.000000
    outer loop
      vertex 0.880000 -1.020000 -1.450000
      vertex 0.882941 -1.020000 -1.449856
      vertex 0.891481 -1.020000 -1.447716
    endloop
  endfacet
  facet normal 0.000000 -1.000000 0.000000
    outer loop
      vertex 0.891481 1.020000 -1.447716
      vertex 0.880000 1.020000 -1.450000
      vertex 0.882941 1.020000 -1.449856
    endloop
  endfacet
  facet normal -0.000000 1.000000 -0.000000
    outer loop
      vertex 0.882941 1.020000 -1.449856
      vertex 0.880000 1.020000 -1.450000
      vertex 0.891481 1.020000 -1.447716
    endloop
  endfacet
  facet normal 0.000000 1.000000 0.000000
    outer loop
      vertex 0.891481 -1.020000 -1.447716
      vertex 0.885853 -1.020000 -1.449424
      vertex 0.882941 -1.020000 -1.449856
    endloop
  endfacet
  facet normal -0.000000 -1.000000 -0.000000
    outer loop
      vertex 0.882941 -1.020000 -1.449856
      vertex 0.885853 -1.020000 -1.449424
      vertex 0.891481 -1.020000 -1.447716
    endloop
  endfacet
  facet normal 0.000000 -1.000000 0.000000
    outer loop
      vertex 0.891481 1.020000 -1.447716
      vertex 0.882941 1.020000 -1.449856
      vertex 0.885853 1.020000 -1.449424
    endloop
  endfacet
  facet normal -0.000000 1.000000 -0.000000
    outer loop
      vertex 0.885853 1.020000 -1.449424
      vertex 0.882941 1.020000 -1.449856
      vertex 0.891481 1.020000 -1.447716
    endloop
  endfacet
  facet normal 0.000000 1.000000 0.000000
    outer loop
      vertex 0.891481 -1.020000 -1.447716
      vertex 0.888709 -1.020000 -1.448708
      vertex 0.885853 -1.020000 -1.449424
    endloop
  endfacet
  facet normal -0.000000 -1.000000 -0.000000
    outer loop
      vertex 0.885853 -1.020000 -1.449424
      vertex 0.888709 -1.020000 -1.448708
      vertex 0.891481 -1.020000 -1.447716
    endloop
  endfacet
  facet normal 0.000000 -1.000000 0.000000
    outer loop
      vertex 0.891481 1.020000 -1.447716
      vertex 0.885853 1.020000 -1.449424
      vertex 0.888709 1.020000 -1.448708
    endloop
  endfacet
  facet normal -0.000000 1.000000 -0.000000
    outer loop
      vertex 0.888709 1.020000 -1.448708
      vertex 0.885853 1.020000 -1.449424
      vertex 0.891481 1.020000 -1.447716
    endloop
  endfacet
  facet normal 0.000000 1.000000 0.000000
    outer loop
      vertex 0.880000 -1.020000 -1.450000
      vertex 0.910000 -1.020000 -1.420000
      vertex 0.909856 -1.020000 -1.422941
    endloop
  endfacet
  facet normal -0.000000 -1.000000 -0.000000
    outer loop
      vertex 0.909856 -1.020000 -1.422941
      vertex 0.910000 -1.020000 -1.420000
      vertex 0.880000 -1.020000 -1.450000
    endloop
  endfacet
  facet normal 0.000000 -1.000000 0.000000
    outer loop
      vertex 0.880000 1.020000 -1.450000
      vertex 0.909856 1.020000 -1.422941
      vertex 0.910000 1.020000 -1.420000
    endloop
  endfacet
  facet normal -0.000000 1.000000 -0.000000
    outer loop
      vertex 0.910000 1.020000 -1.420000
      vertex 0.909856 1.020000 -1.422941
      vertex 0.880000 1.020000 -1.450000
    endloop
  endfacet
  facet normal 0.000000 1.000000 -0.000000
    outer loop
      vertex 0.880000 -1.020000 -1.450000
      vertex 0.480000 -1.020000 -1.020000
      vertex 0.910000 -1.020000 -1.420000
    endloop
  endfacet
  facet normal -0.000000 -1.000000 0.000000
    outer loop
      vertex 0.910000 -1.020000 -1.420000
      vertex 0.480000 -1.020000 -1.020000
      vertex 0.880000 -1.020000 -1.450000
    endloop
  endfacet
  facet normal 0.000000 -1.000000 0.000000
    outer loop
      vertex 0.880000 1.020000 -1.450000
      vertex 0.910000 1.020000 -1.420000
      vertex 0.480000 1.020000 -1.020000
    endloop
  endfacet
  facet normal -0.000000 1.000000 -0.000000
    outer loop
      vertex 0.480000 1.020000 -1.020000
      vertex 0.910000 1.020000 -1.420000
      vertex 0.880000 1.020000 -1.450000
    endloop
  endfacet
  facet normal 0.000000 1.000000 0.000000
    outer loop
      vertex 0.880000 -1.020000 -1.450000
      vertex 0.020000 -1.020000 -1.450000
      vertex 0.480000 -1.020000 -1.020000
    endloop
  endfacet
  facet normal -0.000000 -1.000000 -0.000000
    outer loop
      vertex 0.480000 -1.020000 -1.020000
      vertex 0.020000 -1.020000 -1.450000
      vertex 0.880000 -1.020000 -1.450000
    endloop
  endfacet
  facet normal 0.000000 -1.000000 0.000000
    outer loop
      vertex 0.880000 1.020000 -1.450000
      vertex 0.480000 1.020000 -1.020000
      vertex 0.020000 1.020000 -1.450000
    endloop
  endfacet
  facet normal -0.000000 1.000000 -0.000000
    outer loop
      vertex 0.020000 1.020000 -1.450000
      vertex 0.480000 1.020000 -1.020000
      vertex 0.880000 1.020000 -1.450000
    endloop
  endfacet
  facet normal 0.000000 1.000000 0.000000
    outer loop
      vertex 0.020000 -1.020000 -1.450000
      vertex 0.020000 -1.020000 -1.020000
      vertex 0.480000 -1.020000 -1.020000
    endloop
  endfacet
  facet normal -0.000000 -1.000000 -0.000000
    outer loop
      vertex 0.480000 -1.020000 -1.020000
      vertex 0.020000 -1.020000 -1.020000
      vertex 0.020000 -1.020000 -1.450000
    endloop
  endfacet
  facet normal 0.000000 -1.000000 0.000000
    outer loop
      vertex 0.020000 1.020000 -1.450000
      vertex 0.480000 1.020000 -1.020000
      vertex 0.020000 1.020000 -1.020000
    endloop
  endfacet
  facet normal -0.000000 1.000000 -0.000000
    outer loop
      vertex 0.020000 1.020000 -1.020000
      vertex 0.480000 1.020000 -1.020000
      vertex 0.020000 1.020000 -1.450000
    endloop
  endfacet
  facet normal 0.000000 1.000000 0.000000
    outer loop
      vertex 0.020000 -1.020000 -0.510000
      vertex 0.430000 -1.020000 -0.080000
      vertex 0.480000 -1.020000 -0.510000
    endloop
  endfacet
  facet normal -0.000000 -1.000000 -0.000000
    outer loop
      vertex 0.480000 -1.020000 -0.510000
      vertex 0.430000 -1.020000 -0.080000
      vertex 0.020000 -1.020000 -0.510000
    endloop
  endfacet
  facet normal 0.000000 -1.000000 0.000000
    outer loop
      vertex 0.020000 1.020000 -0.510000
      vertex 0.480000 1.020000 -0.510000
      vertex 0.430000 1.020000 -0.080000
    endloop
  endfacet
  facet normal -0.000000 1.000000 -0.000000
    outer loop
      vertex 0.430000 1.020000 -0.080000
      vertex 0.480000 1.020000 -0.510000
      vertex 0.020000 1.020000 -0.510000
    endloop
  endfacet
  facet normal 0.000000 1.000000 0.000000
    outer loop
      vertex 0.020000 -1.020000 -0.510000
      vertex 0.430000 -1.020000 0.080000
      vertex 0.430000 -1.020000 -0.080000
    endloop
  endfacet
  facet normal -0.000000 -1.000000 -0.000000
    outer loop
      vertex 0.430000 -1.020000 -0.080000
      vertex 0.430000 -1.020000 0.080000
      vertex 0.020000 -1.020000 -0.510000
    endloop
  endfacet
  facet normal 0.000000 -1.000000 0.000000
    outer loop
      vertex 0.020000 1.020000 -0.510000
      vertex 0.430000 1.020000 -0.080000
      vertex 0.430000 1.020000 0.080000
    endloop
  endfacet
  facet normal -0.000000 1.000000 -0.000000
    outer loop
      vertex 0.430000 1.020000 0.080000
      vertex 0.430000 1.020000 -0.080000
      vertex 0.020000 1.020000 -0.510000
    endloop
  endfacet
  facet normal 0.000000 1.000000 0.000000
    outer loop
      vertex 0.020000 -1.020000 -0.510000
      vertex 0.020000 -1.020000 0.510000
      vertex 0.430000 -1.020000 0.080000
    endloop
  endfacet
  facet normal -0.000000 -1.000000 -0.000000
    outer loop
      vertex 0.430000 -1.020000 0.080000
      vertex 0.020000 -1.020000 0.510000
      vertex 0.020000 -1.020000 -0.510000
    endloop
  endfacet
  facet normal 0.000000 -1.000000 0.000000
    outer loop
      vertex 0.020000 1.020000 -0.510000
      vertex 0.430000 1.020000 0.080000
      vertex 0.020000 1.020000 0.510000
    endloop
  endfacet
  facet normal -0.000000 1.000000 -0.000000
    outer loop
      vertex 0.020000 1.020000 0.510000
      vertex 0.430000 1.020000 0.080000
      vertex 0.020000 1.020000 -0.510000
    endloop
  endfacet
  facet normal -0.000000 1.000000 0.000000
    outer loop
      vertex 0.020000 -1.020000 0.510000
      vertex 0.480000 -1.020000 0.510000
      vertex 0.430000 -1.020000 0.080000
    endloop
  endfacet
  facet normal 0.000000 -1.000000 -0.000000
    outer loop
      vertex 0.430000 -1.020000 0.080000
      vertex 0.480000 -1.020000 0.510000
      vertex 0.020000 -1.020000 0.510000
    endloop
  endfacet
  facet normal 0.000000 -1.000000 0.000000
    outer loop
      vertex 0.020000 1.020000 0.510000
      vertex 0.430000 1.020000 0.080000
      vertex 0.480000 1.020000 0.510000
    endloop
  endfacet
  facet normal -0.000000 1.000000 -0.000000
    outer loop
      vertex 0.480000 1.020000 0.510000
      vertex 0.430000 1.020000 0.080000
      vertex 0.020000 1.020000 0.510000
    endloop
  endfacet
  facet normal 0.000000 1.000000 0.000000
    outer loop
      vertex 0.480000 -1.020000 1.020000
      vertex 0.650000 -1.020000 0.780000
      vertex 0.480000 -1.020000 0.510000
    endloop
  endfacet
  facet normal -0.000000 -1.000000 -0.000000
    outer loop
      vertex 0.480000 -1.020000 0.510000
      vertex 0.650000 -1.020000 0.780000
      vertex 0.480000 -1.020000 1.020000
    endloop
  endfacet
  facet normal 0.000000 -1.000000 0.000000
    outer loop
      vertex 0.480000 1.020000 1.020000
      vertex 0.480000 1.020000 0.510000
      vertex 0.650000 1.020000 0.780000
    endloop
  endfacet
  facet normal -0.000000 1.000000 -0.000000
    outer loop
      vertex 0.650000 1.020000 0.780000
      vertex 0.480000 1.020000 0.510000
      vertex 0.480000 1.020000 1.020000
    endloop
  endfacet
  facet normal 0.000000 1.000000 0.000000
    outer loop
      vertex 0.480000 -1.020000 1.020000
      vertex 0.650880 -1.020000 0.795675
      vertex 0.650000 -1.020000 0.780000
    endloop
  endfacet
  facet normal -0.000000 -1.000000 -0.000000
    outer loop
      vertex 0.650000 -1.020000 0.780000
      vertex 0.650880 -1.020000 0.795675
      vertex 0.480000 -1.020000 1.020000
    endloop
  endfacet
  facet normal 0.000000 -1.000000 0.000000
    outer loop
      vertex 0.480000 1.020000 1.020000
      vertex 0.650000 1.020000 0.780000
      vertex 0.650880 1.020000 0.795675
    endloop
  endfacet
  facet normal -0.000000 1.000000 -0.000000
    outer loop
      vertex 0.650880 1.020000 0.795675
      vertex 0.650000 1.020000 0.780000
      vertex 0.480000 1.020000 1.020000
    endloop
  endfacet
  facet normal 0.000000 1.000000 0.000000
    outer loop
      vertex 0.480000 -1.020000 1.020000
      vertex 0.653510 -1.020000 0.811153
      vertex 0.650880 -1.020000 0.795675
    endloop
  endfacet
  facet normal -0.000000 -1.000000 -0.000000
    outer loop
      vertex 0.650880 -1.020000 0.795675
      vertex 0.653510 -1.020000 0.811153
      vertex 0.480000 -1.020000 1.020000
    endloop
  endfacet
  facet normal 0.000000 -1.000000 0.000000
    outer loop
      vertex 0.480000 1.020000 1.020000
      vertex 0.650880 1.020000 0.795675
      vertex 0.653510 1.020000 0.811153
    endloop
  endfacet
  facet normal -0.000000 1.000000 -0.000000
    outer loop
      vertex 0.653510 1.020000 0.811153
      vertex 0.650880 1.020000 0.795675
      vertex 0.480000 1.020000 1.020000
    endloop
  endfacet
  facet normal 0.000000 1.000000 0.000000
    outer loop
      vertex 0.480000 -1.020000 1.020000
      vertex 0.657856 -1.020000 0.826239
      vertex 0.653510 -1.020000 0.811153
    endloop
  endfacet
  facet normal -0.000000 -1.000000 -0.000000
    outer loop
      vertex 0.653510 -1.020000 0.811153
      vertex 0.657856 -1.020000 0.826239
      vertex 0.480000 -1.020000 1.020000
    endloop
  endfacet
  facet normal 0.000000 -1.000000 0.000000
    outer loop
      vertex 0.480000 1.020000 1.020000
      vertex 0.653510 1.020000 0.811153
      vertex 0.657856 1.020000 0.826239
    endloop
  endfacet
  facet normal -0.000000 1.000000 -0.000000
    outer loop
      vertex 0.657856 1.020000 0.826239
      vertex 0.653510 1.020000 0.811153
      vertex 0.480000 1.020000 1.020000
    endloop
  endfacet
  facet normal 0.000000 1.000000 0.000000
    outer loop
      vertex 0.480000 -1.020000 1.020000
      vertex 0.663864 -1.020000 0.840744
      vertex 0.657856 -1.020000 0.826239
    endloop
  endfacet
  facet normal -0.000000 -1.000000 -0.000000
    outer loop
      vertex 0.657856 -1.020000 0.826239
      vertex 0.663864 -1.020000 0.840744
      vertex 0.480000 -1.020000 1.020000
    endloop
  endfacet
  facet normal 0.000000 -1.000000 0.000000
    outer loop
      vertex 0.480000 1.020000 1.020000
      vertex 0.657856 1.020000 0.826239
      vertex 0.663864 1.020000 0.840744
    endloop
  endfacet
  facet normal -0.000000 1.000000 -0.000000
    outer loop
      vertex 0.663864 1.020000 0.840744
      vertex 0.657856 1.020000 0.826239
      vertex 0.480000 1.020000 1.020000
    endloop
  endfacet
  facet normal 0.000000 1.000000 0.000000
    outer loop
      vertex 0.480000 -1.020000 1.020000
      vertex 0.671459 -1.020000 0.854484
      vertex 0.663864 -1.020000 0.840744
    endloop
  endfacet
  facet normal -0.000000 -1.000000 -0.000000
    outer loop
      vertex 0.663864 -1.020000 0.840744
      vertex 0.671459 -1.020000 0.854484
      vertex 0.480000 -1.020000 1.020000
    endloop
  endfacet
  facet normal 0.000000 -1.000000 0.000000
    outer loop
      vertex 0.480000 1.020000 1.020000
      vertex 0.663864 1.020000 0.840744
      vertex 0.671459 1.020000 0.854484
    endloop
  endfacet
  facet normal -0.000000 1.000000 -0.000000
    outer loop
      vertex 0.671459 1.020000 0.854484
      vertex 0.663864 1.020000 0.840744
      vertex 0.480000 1.020000 1.020000
    endloop
  endfacet
  facet normal 0.000000 1.000000 0.000000
    outer loop
      vertex 0.480000 -1.020000 1.020000
      vertex 0.680544 -1.020000 0.867289
      vertex 0.671459 -1.020000 0.854484
    endloop
  endfacet
  facet normal -0.000000 -1.000000 -0.000000
    outer loop
      vertex 0.671459 -1.020000 0.854484
      vertex 0.680544 -1.020000 0.867289
      vertex 0.480000 -1.020000 1.020000
    endloop
  endfacet
  facet normal 0.000000 -1.000000 0.000000
    outer loop
      vertex 0.480000 1.020000 1.020000
      vertex 0.671459 1.020000 0.854484
      vertex 0.680544 1.020000 0.867289
    endloop
  endfacet
  facet normal -0.000000 1.000000 -0.000000
    outer loop
      vertex 0.680544 1.020000 0.867289
      vertex 0.671459 1.020000 0.854484
      vertex 0.480000 1.020000 1.020000
    endloop
  endfacet
  facet normal 0.000000 1.000000 0.000000
    outer loop
      vertex 0.480000 -1.020000 1.020000
      vertex 0.691005 -1.020000 0.878995
      vertex 0.680544 -1.020000 0.867289
    endloop
  endfacet
  facet normal -0.000000 -1.000000 -0.000000
    outer loop
      vertex 0.680544 -1.020000 0.867289
      vertex 0.691005 -1.020000 0.878995
      vertex 0.480000 -1.020000 1.020000
    endloop
  endfacet
  facet normal 0.000000 -1.000000 0.000000
    outer loop
      vertex 0.480000 1.020000 1.020000
      vertex 0.680544 1.020000 0.867289
      vertex 0.691005 1.020000 0.878995
    endloop
  endfacet
  facet normal -0.000000 1.000000 -0.000000
    outer loop
      vertex 0.691005 1.020000 0.878995
      vertex 0.680544 1.020000 0.867289
      vertex 0.480000 1.020000 1.020000
    endloop
  endfacet
  facet normal 0.000000 1.000000 0.000000
    outer loop
      vertex 0.480000 -1.020000 1.020000
      vertex 0.702711 -1.020000 0.889456
      vertex 0.691005 -1.020000 0.878995
    endloop
  endfacet
  facet normal -0.000000 -1.000000 -0.000000
    outer loop
      vertex 0.691005 -1.020000 0.878995
      vertex 0.702711 -1.020000 0.889456
      vertex 0.480000 -1.020000 1.020000
    endloop
  endfacet
  facet normal 0.000000 -1.000000 0.000000
    outer loop
      vertex 0.480000 1.020000 1.020000
      vertex 0.691005 1.020000 0.878995
      vertex 0.702711 1.020000 0.889456
    endloop
  endfacet
  facet normal -0.000000 1.000000 -0.000000
    outer loop
      vertex 0.702711 1.020000 0.889456
      vertex 0.691005 1.020000 0.878995
      vertex 0.480000 1.020000 1.020000
    endloop
  endfacet
  facet normal 0.000000 1.000000 0.000000
    outer loop
      vertex 0.480000 -1.020000 1.020000
      vertex 0.715516 -1.020000 0.898541
      vertex 0.702711 -1.020000 0.889456
    endloop
  endfacet
  facet normal -0.000000 -1.000000 -0.000000
    outer loop
      vertex 0.702711 -1.020000 0.889456
      vertex 0.715516 -1.020000 0.898541
      vertex 0.480000 -1.020000 1.020000
    endloop
  endfacet
  facet normal 0.000000 -1.000000 0.000000
    outer loop
      vertex 0.480000 1.020000 1.020000
      vertex 0.702711 1.020000 0.889456
      vertex 0.715516 1.020000 0.898541
    endloop
  endfacet
  facet normal -0.000000 1.000000 -0.000000
    outer loop
      vertex 0.715516 1.020000 0.898541
      vertex 0.702711 1.020000 0.889456
      vertex 0.480000 1.020000 1.020000
    endloop
  endfacet
  facet normal 0.000000 1.000000 0.000000
    outer loop
      vertex 0.480000 -1.020000 1.020000
      vertex 0.729256 -1.020000 0.906136
      vertex 0.715516 -1.020000 0.898541
    endloop
  endfacet
  facet normal -0.000000 -1.000000 -0.000000
    outer loop
      vertex 0.715516 -1.020000 0.898541
      vertex 0.729256 -1.020000 0.906136
      vertex 0.480000 -1.020000 1.020000
    endloop
  endfacet
  facet normal 0.000000 -1.000000 0.000000
    outer loop
      vertex 0.480000 1.020000 1.020000
      vertex 0.715516 1.020000 0.898541
      vertex 0.729256 1.020000 0.906136
    endloop
  endfacet
  facet normal -0.000000 1.000000 -0.000000
    outer loop
      vertex 0.729256 1.020000 0.906136
      vertex 0.715516 1.020000 0.898541
      vertex 0.480000 1.020000 1.020000
    endloop
  endfacet
  facet normal 0.000000 1.000000 0.000000
    outer loop
      vertex 0.480000 -1.020000 1.020000
      vertex 0.743761 -1.020000 0.912144
      vertex 0.729256 -1.020000 0.906136
    endloop
  endfacet
  facet normal -0.000000 -1.000000 -0.000000
    outer loop
      vertex 0.729256 -1.020000 0.906136
      vertex 0.743761 -1.020000 0.912144
      vertex 0.480000 -1.020000 1.020000
    endloop
  endfacet
  facet normal 0.000000 -1.000000 0.000000
    outer loop
      vertex 0.480000 1.020000 1.020000
      vertex 0.729256 1.020000 0.906136
      vertex 0.743761 1.020000 0.912144
    endloop
  endfacet
  facet normal -0.000000 1.000000 -0.000000
    outer loop
      vertex 0.743761 1.020000 0.912144
      vertex 0.729256 1.020000 0.906136
      vertex 0.480000 1.020000 1.020000
    endloop
  endfacet
  facet normal 0.000000 1.000000 0.000000
    outer loop
      vertex 0.480000 -1.020000 1.020000
      vertex 0.758847 -1.020000 0.916490
      vertex 0.743761 -1.020000 0.912144
    endloop
  endfacet
  facet normal -0.000000 -1.000000 -0.000000
    outer loop
      vertex 0.743761 -1.020000 0.912144
      vertex 0.758847 -1.020000 0.916490
      vertex 0.480000 -1.020000 1.020000
    endloop
  endfacet
  facet normal 0.000000 -1.000000 0.000000
    outer loop
      vertex 0.480000 1.020000 1.020000
      vertex 0.743761 1.020000 0.912144
      vertex 0.758847 1.020000 0.916490
    endloop
  endfacet
  facet normal -0.000000 1.000000 -0.000000
    outer loop
      vertex 0.758847 1.020000 0.916490
      vertex 0.743761 1.020000 0.912144
      vertex 0.480000 1.020000 1.020000
    endloop
  endfacet
  facet normal 0.000000 1.000000 0.000000
    outer loop
      vertex 0.910000 -1.020000 0.708155
      vertex 0.910000 -1.020000 0.110000
      vertex 0.908541 -1.020000 0.705516
    endloop
  endfacet
  facet normal -0.000000 -1.000000 -0.000000
    outer loop
      vertex 0.908541 -1.020000 0.705516
      vertex 0.910000 -1.020000 0.110000
      vertex 0.910000 -1.020000 0.708155
    endloop
  endfacet
  facet normal 0.000000 -1.000000 -0.000000
    outer loop
      vertex 0.910000 1.020000 0.708155
      vertex 0.908541 1.020000 0.705516
      vertex 0.910000 1.020000 0.110000
    endloop
  endfacet
  facet normal -0.000000 1.000000 0.000000
    outer loop
      vertex 0.910000 1.020000 0.110000
      vertex 0.908541 1.020000 0.705516
      vertex 0.910000 1.020000 0.708155
    endloop
  endfacet
  facet normal 0.000000 1.000000 0.000000
    outer loop
      vertex 0.910000 -1.020000 0.110000
      vertex 0.899456 -1.020000 0.692711
      vertex 0.908541 -1.020000 0.705516
    endloop
  endfacet
  facet normal -0.000000 -1.000000 -0.000000
    outer loop
      vertex 0.908541 -1.020000 0.705516
      vertex 0.899456 -1.020000 0.692711
      vertex 0.910000 -1.020000 0.110000
    endloop
  endfacet
  facet normal 0.000000 -1.000000 0.000000
    outer loop
      vertex 0.910000 1.020000 0.110000
      vertex 0.908541 1.020000 0.705516
      vertex 0.899456 1.020000 0.692711
    endloop
  endfacet
  facet normal -0.000000 1.000000 -0.000000
    outer loop
      vertex 0.899456 1.020000 0.692711
      vertex 0.908541 1.020000 0.705516
      vertex 0.910000 1.020000 0.110000
    endloop
  endfacet
  facet normal 0.000000 1.000000 0.000000
    outer loop
      vertex 0.910000 -1.020000 0.110000
      vertex 0.888995 -1.020000 0.681005
      vertex 0.899456 -1.020000 0.692711
    endloop
  endfacet
  facet normal -0.000000 -1.000000 -0.000000
    outer loop
      vertex 0.899456 -1.020000 0.692711
      vertex 0.888995 -1.020000 0.681005
      vertex 0.910000 -1.020000 0.110000
    endloop
  endfacet
  facet normal 0.000000 -1.000000 0.000000
    outer loop
      vertex 0.910000 1.020000 0.110000
      vertex 0.899456 1.020000 0.692711
      vertex 0.888995 1.020000 0.681005
    endloop
  endfacet
  facet normal -0.000000 1.000000 -0.000000
    outer loop
      vertex 0.888995 1.020000 0.681005
      vertex 0.899456 1.020000 0.692711
      vertex 0.910000 1.020000 0.110000
    endloop
  endfacet
  facet normal 0.000000 1.000000 0.000000
    outer loop
      vertex 0.910000 -1.020000 0.110000
      vertex 0.877289 -1.020000 0.670544
      vertex 0.888995 -1.020000 0.681005
    endloop
  endfacet
  facet normal -0.000000 -1.000000 -0.000000
    outer loop
      vertex 0.888995 -1.020000 0.681005
      vertex 0.877289 -1.020000 0.670544
      vertex 0.910000 -1.020000 0.110000
    endloop
  endfacet
  facet normal 0.000000 -1.000000 0.000000
    outer loop
      vertex 0.910000 1.020000 0.110000
      vertex 0.888995 1.020000 0.681005
      vertex 0.877289 1.020000 0.670544
    endloop
  endfacet
  facet normal -0.000000 1.000000 -0.000000
    outer loop
      vertex 0.877289 1.020000 0.670544
      vertex 0.888995 1.020000 0.681005
      vertex 0.910000 1.020000 0.110000
    endloop
  endfacet
  facet normal 0.000000 1.000000 0.000000
    outer loop
      vertex 0.910000 -1.020000 0.110000
      vertex 0.864484 -1.020000 0.661459
      vertex 0.877289 -1.020000 0.670544
    endloop
  endfacet
  facet normal -0.000000 -1.000000 -0.000000
    outer loop
      vertex 0.877289 -1.020000 0.670544
      vertex 0.864484 -1.020000 0.661459
      vertex 0.910000 -1.020000 0.110000
    endloop
  endfacet
  facet normal 0.000000 -1.000000 0.000000
    outer loop
      vertex 0.910000 1.020000 0.110000
      vertex 0.877289 1.020000 0.670544
      vertex 0.864484 1.020000 0.661459
    endloop
  endfacet
  facet normal -0.000000 1.000000 -0.000000
    outer loop
      vertex 0.864484 1.020000 0.661459
      vertex 0.877289 1.020000 0.670544
      vertex 0.910000 1.020000 0.110000
    endloop
  endfacet
  facet normal 0.000000 1.000000 0.000000
    outer loop
      vertex 0.910000 -1.020000 0.110000
      vertex 0.850744 -1.020000 0.653864
      vertex 0.864484 -1.020000 0.661459
    endloop
  endfacet
  facet normal -0.000000 -1.000000 -0.000000
    outer loop
      vertex 0.864484 -1.020000 0.661459
      vertex 0.850744 -1.020000 0.653864
      vertex 0.910000 -1.020000 0.110000
    endloop
  endfacet
  facet normal 0.000000 -1.000000 0.000000
    outer loop
      vertex 0.910000 1.020000 0.110000
      vertex 0.864484 1.020000 0.661459
      vertex 0.850744 1.020000 0.653864
    endloop
  endfacet
  facet normal -0.000000 1.000000 -0.000000
    outer loop
      vertex 0.850744 1.020000 0.653864
      vertex 0.864484 1.020000 0.661459
      vertex 0.910000 1.020000 0.110000
    endloop
  endfacet
  facet normal 0.000000 1.000000 0.000000
    outer loop
      vertex 0.910000 -1.020000 0.110000
      vertex 0.836239 -1.020000 0.647856
      vertex 0.850744 -1.020000 0.653864
    endloop
  endfacet
  facet normal -0.000000 -1.000000 -0.000000
    outer loop
      vertex 0.850744 -1.020000 0.653864
      vertex 0.836239 -1.020000 0.647856
      vertex 0.910000 -1.020000 0.110000
    endloop
  endfacet
  facet normal 0.000000 -1.000000 0.000000
    outer loop
      vertex 0.910000 1.020000 0.110000
      vertex 0.850744 1.020000 0.653864
      vertex 0.836239 1.020000 0.647856
    endloop
  endfacet
  facet normal -0.000000 1.000000 -0.000000
    outer loop
      vertex 0.836239 1.020000 0.647856
      vertex 0.850744 1.020000 0.653864
      vertex 0.910000 1.020000 0.110000
    endloop
  endfacet
  facet normal 0.000000 1.000000 0.000000
    outer loop
      vertex 0.910000 -1.020000 0.110000
      vertex 0.821153 -1.020000 0.643510
      vertex 0.836239 -1.020000 0.647856
    endloop
  endfacet
  facet normal -0.000000 -1.000000 -0.000000
    outer loop
      vertex 0.836239 -1.020000 0.647856
      vertex 0.821153 -1.020000 0.643510
      vertex 0.910000 -1.020000 0.110000
    endloop
  endfacet
  facet normal 0.000000 -1.000000 0.000000
    outer loop
      vertex 0.910000 1.020000 0.110000
      vertex 0.836239 1.020000 0.647856
      vertex 0.821153 1.020000 0.643510
    endloop
  endfacet
  facet normal -0.000000 1.000000 -0.000000
    outer loop
      vertex 0.821153 1.020000 0.643510
      vertex 0.836239 1.020000 0.647856
      vertex 0.910000 1.020000 0.110000
    endloop
  endfacet
  facet normal 0.000000 1.000000 0.000000
    outer loop
      vertex 0.910000 -1.020000 0.110000
      vertex 0.805675 -1.020000 0.640880
      vertex 0.821153 -1.020000 0.643510
    endloop
  endfacet
  facet normal -0.000000 -1.000000 -0.000000
    outer loop
      vertex 0.821153 -1.020000 0.643510
      vertex 0.805675 -1.020000 0.640880
      vertex 0.910000 -1.020000 0.110000
    endloop
  endfacet
  facet normal 0.000000 -1.000000 0.000000
    outer loop
      vertex 0.910000 1.020000 0.110000
      vertex 0.821153 1.020000 0.643510
      vertex 0.805675 1.020000 0.640880
    endloop
  endfacet
  facet normal -0.000000 1.000000 -0.000000
    outer loop
      vertex 0.805675 1.020000 0.640880
      vertex 0.821153 1.020000 0.643510
      vertex 0.910000 1.020000 0.110000
    endloop
  endfacet
  facet normal 0.000000 1.000000 0.000000
    outer loop
      vertex 0.910000 -1.020000 0.110000
      vertex 0.790000 -1.020000 0.640000
      vertex 0.805675 -1.020000 0.640880
    endloop
  endfacet
  facet normal -0.000000 -1.000000 -0.000000
    outer loop
      vertex 0.805675 -1.020000 0.640880
      vertex 0.790000 -1.020000 0.640000
      vertex 0.910000 -1.020000 0.110000
    endloop
  endfacet
  facet normal 0.000000 -1.000000 0.000000
    outer loop
      vertex 0.910000 1.020000 0.110000
      vertex 0.805675 1.020000 0.640880
      vertex 0.790000 1.020000 0.640000
    endloop
  endfacet
  facet normal -0.000000 1.000000 -0.000000
    outer loop
      vertex 0.790000 1.020000 0.640000
      vertex 0.805675 1.020000 0.640880
      vertex 0.910000 1.020000 0.110000
    endloop
  endfacet
  facet normal 0.000000 1.000000 0.000000
    outer loop
      vertex 0.910000 -1.020000 0.110000
      vertex 0.774325 -1.020000 0.640880
      vertex 0.790000 -1.020000 0.640000
    endloop
  endfacet
  facet normal -0.000000 -1.000000 -0.000000
    outer loop
      vertex 0.790000 -1.020000 0.640000
      vertex 0.774325 -1.020000 0.640880
      vertex 0.910000 -1.020000 0.110000
    endloop
  endfacet
  facet normal 0.000000 -1.000000 0.000000
    outer loop
      vertex 0.910000 1.020000 0.110000
      vertex 0.790000 1.020000 0.640000
      vertex 0.774325 1.020000 0.640880
    endloop
  endfacet
  facet normal -0.000000 1.000000 -0.000000
    outer loop
      vertex 0.774325 1.020000 0.640880
      vertex 0.790000 1.020000 0.640000
      vertex 0.910000 1.020000 0.110000
    endloop
  endfacet
  facet normal 0.000000 1.000000 0.000000
    outer loop
      vertex 0.910000 -1.020000 0.110000
      vertex 0.480000 -1.020000 0.510000
      vertex 0.774325 -1.020000 0.640880
    endloop
  endfacet
  facet normal -0.000000 -1.000000 -0.000000
    outer loop
      vertex 0.774325 -1.020000 0.640880
      vertex 0.480000 -1.020000 0.510000
      vertex 0.910000 -1.020000 0.110000
    endloop
  endfacet
  facet normal 0.000000 -1.000000 0.000000
    outer loop
      vertex 0.910000 1.020000 0.110000
      vertex 0.774325 1.020000 0.640880
      vertex 0.480000 1.020000 0.510000
    endloop
  endfacet
  facet normal -0.000000 1.000000 -0.000000
    outer loop
      vertex 0.480000 1.020000 0.510000
      vertex 0.774325 1.020000 0.640880
      vertex 0.910000 1.020000 0.110000
    endloop
  endfacet
  facet normal 0.000000 1.000000 0.000000
    outer loop
      vertex 0.910000 -1.020000 0.110000
      vertex 0.880000 -1.020000 0.080000
      vertex 0.480000 -1.020000 0.510000
    endloop
  endfacet
  facet normal -0.000000 -1.000000 -0.000000
    outer loop
      vertex 0.480000 -1.020000 0.510000
      vertex 0.880000 -1.020000 0.080000
      vertex 0.910000 -1.020000 0.110000
    endloop
  endfacet
  facet normal -0.000000 -1.000000 0.000000
    outer loop
      vertex 0.910000 1.020000 0.110000
      vertex 0.480000 1.020000 0.510000
      vertex 0.880000 1.020000 0.080000
    endloop
  endfacet
  facet normal 0.000000 1.000000 -0.000000
    outer loop
      vertex 0.880000 1.020000 0.080000
      vertex 0.480000 1.020000 0.510000
      vertex 0.910000 1.020000 0.110000
    endloop
  endfacet
  facet normal 0.000000 1.000000 0.000000
    outer loop
      vertex 0.910000 -1.020000 0.110000
      vertex 0.909856 -1.020000 0.107059
      vertex 0.880000 -1.020000 0.080000
    endloop
  endfacet
  facet normal -0.000000 -1.000000 -0.000000
    outer loop
      vertex 0.880000 -1.020000 0.080000
      vertex 0.909856 -1.020000 0.107059
      vertex 0.910000 -1.020000 0.110000
    endloop
  endfacet
  facet normal 0.000000 -1.000000 0.000000
    outer loop
      vertex 0.910000 1.020000 0.110000
      vertex 0.880000 1.020000 0.080000
      vertex 0.909856 1.020000 0.107059
    endloop
  endfacet
  facet normal -0.000000 1.000000 -0.000000
    outer loop
      vertex 0.909856 1.020000 0.107059
      vertex 0.880000 1.020000 0.080000
      vertex 0.910000 1.020000 0.110000
    endloop
  endfacet
  facet normal 0.000000 1.000000 0.000000
    outer loop
      vertex 0.910000 -1.020000 -0.110000
      vertex 0.880000 -1.020000 -0.080000
      vertex 0.909856 -1.020000 -0.107059
    endloop
  endfacet
  facet normal -0.000000 -1.000000 -0.000000
    outer loop
      vertex 0.909856 -1.020000 -0.107059
      vertex 0.880000 -1.020000 -0.080000
      vertex 0.910000 -1.020000 -0.110000
    endloop
  endfacet
  facet normal 0.000000 -1.000000 0.000000
    outer loop
      vertex 0.910000 1.020000 -0.110000
      vertex 0.909856 1.020000 -0.107059
      vertex 0.880000 1.020000 -0.080000
    endloop
  endfacet
  facet normal -0.000000 1.000000 -0.000000
    outer loop
      vertex 0.880000 1.020000 -0.080000
      vertex 0.909856 1.020000 -0.107059
      vertex 0.910000 1.020000 -0.110000
    endloop
  endfacet
  facet normal 0.000000 1.000000 0.000000
    outer loop
      vertex 0.910000 -1.020000 -0.110000
      vertex 0.480000 -1.020000 -0.510000
      vertex 0.880000 -1.020000 -0.080000
    endloop
  endfacet
  facet normal -0.000000 -1.000000 -0.000000
    outer loop
      vertex 0.880000 -1.020000 -0.080000
      vertex 0.480000 -1.020000 -0.510000
      vertex 0.910000 -1.020000 -0.110000
    endloop
  endfacet
  facet normal -0.000000 -1.000000 0.000000
    outer loop
      vertex 0.910000 1.020000 -0.110000
      vertex 0.880000 1.020000 -0.080000
      vertex 0.480000 1.020000 -0.510000
    endloop
  endfacet
  facet normal 0.000000 1.000000 -0.000000
    outer loop
      vertex 0.480000 1.020000 -0.510000
      vertex 0.880000 1.020000 -0.080000
      vertex 0.910000 1.020000 -0.110000
    endloop
  endfacet
  facet normal 0.000000 1.000000 0.000000
    outer loop
      vertex 0.910000 -1.020000 -0.110000
      vertex 0.644442 -1.020000 -0.676851
      vertex 0.480000 -1.020000 -0.510000
    endloop
  endfacet
  facet normal -0.000000 -1.000000 -0.000000
    outer loop
      vertex 0.480000 -1.020000 -0.510000
      vertex 0.644442 -1.020000 -0.676851
      vertex 0.910000 -1.020000 -0.110000
    endloop
  endfacet
  facet normal 0.000000 -1.000000 0.000000
    outer loop
      vertex 0.910000 1.020000 -0.110000
      vertex 0.480000 1.020000 -0.510000
      vertex 0.644442 1.020000 -0.676851
    endloop
  endfacet
  facet normal -0.000000 1.000000 -0.000000
    outer loop
      vertex 0.644442 1.020000 -0.676851
      vertex 0.480000 1.020000 -0.510000
      vertex 0.910000 1.020000 -0.110000
    endloop
  endfacet
  facet normal 0.000000 1.000000 0.000000
    outer loop
      vertex 0.910000 -1.020000 -0.110000
      vertex 0.655000 -1.020000 -0.682058
      vertex 0.644442 -1.020000 -0.676851
    endloop
  endfacet
  facet normal -0.000000 -1.000000 -0.000000
    outer loop
      vertex 0.644442 -1.020000 -0.676851
      vertex 0.655000 -1.020000 -0.682058
      vertex 0.910000 -1.020000 -0.110000
    endloop
  endfacet
  facet normal 0.000000 -1.000000 0.000000
    outer loop
      vertex 0.910000 1.020000 -0.110000
      vertex 0.644442 1.020000 -0.676851
      vertex 0.655000 1.020000 -0.682058
    endloop
  endfacet
  facet normal -0.000000 1.000000 -0.000000
    outer loop
      vertex 0.655000 1.020000 -0.682058
      vertex 0.644442 1.020000 -0.676851
      vertex 0.910000 1.020000 -0.110000
    endloop
  endfacet
  facet normal 0.000000 1.000000 0.000000
    outer loop
      vertex 0.910000 -1.020000 -0.110000
      vertex 0.664789 -1.020000 -0.688598
      vertex 0.655000 -1.020000 -0.682058
    endloop
  endfacet
  facet normal -0.000000 -1.000000 -0.000000
    outer loop
      vertex 0.655000 -1.020000 -0.682058
      vertex 0.664789 -1.020000 -0.688598
      vertex 0.910000 -1.020000 -0.110000
    endloop
  endfacet
  facet normal 0.000000 -1.000000 0.000000
    outer loop
      vertex 0.910000 1.020000 -0.110000
      vertex 0.655000 1.020000 -0.682058
      vertex 0.664789 1.020000 -0.688598
    endloop
  endfacet
  facet normal -0.000000 1.000000 -0.000000
    outer loop
      vertex 0.664789 1.020000 -0.688598
      vertex 0.655000 1.020000 -0.682058
      vertex 0.910000 1.020000 -0.110000
    endloop
  endfacet
  facet normal 0.000000 1.000000 0.000000
    outer loop
      vertex 0.910000 -1.020000 -0.110000
      vertex 0.673640 -1.020000 -0.696360
      vertex 0.664789 -1.020000 -0.688598
    endloop
  endfacet
  facet normal -0.000000 -1.000000 -0.000000
    outer loop
      vertex 0.664789 -1.020000 -0.688598
      vertex 0.673640 -1.020000 -0.696360
      vertex 0.910000 -1.020000 -0.110000
    endloop
  endfacet
  facet normal 0.000000 -1.000000 0.000000
    outer loop
      vertex 0.910000 1.020000 -0.110000
      vertex 0.664789 1.020000 -0.688598
      vertex 0.673640 1.020000 -0.696360
    endloop
  endfacet
  facet normal -0.000000 1.000000 -0.000000
    outer loop
      vertex 0.673640 1.020000 -0.696360
      vertex 0.664789 1.020000 -0.688598
      vertex 0.910000 1.020000 -0.110000
    endloop
  endfacet
  facet normal 0.000000 1.000000 0.000000
    outer loop
      vertex 0.910000 -1.020000 -0.110000
      vertex 0.681402 -1.020000 -0.705211
      vertex 0.673640 -1.020000 -0.696360
    endloop
  endfacet
  facet normal -0.000000 -1.000000 -0.000000
    outer loop
      vertex 0.673640 -1.020000 -0.696360
      vertex 0.681402 -1.020000 -0.705211
      vertex 0.910000 -1.020000 -0.110000
    endloop
  endfacet
  facet normal 0.000000 -1.000000 0.000000
    outer loop
      vertex 0.910000 1.020000 -0.110000
      vertex 0.673640 1.020000 -0.696360
      vertex 0.681402 1.020000 -0.705211
    endloop
  endfacet
  facet normal -0.000000 1.000000 -0.000000
    outer loop
      vertex 0.681402 1.020000 -0.705211
      vertex 0.673640 1.020000 -0.696360
      vertex 0.910000 1.020000 -0.110000
    endloop
  endfacet
  facet normal 0.000000 1.000000 0.000000
    outer loop
      vertex 0.910000 -1.020000 -0.110000
      vertex 0.687942 -1.020000 -0.715000
      vertex 0.681402 -1.020000 -0.705211
    endloop
  endfacet
  facet normal -0.000000 -1.000000 -0.000000
    outer loop
      vertex 0.681402 -1.020000 -0.705211
      vertex 0.687942 -1.020000 -0.715000
      vertex 0.910000 -1.020000 -0.110000
    endloop
  endfacet
  facet normal 0.000000 -1.000000 0.000000
    outer loop
      vertex 0.910000 1.020000 -0.110000
      vertex 0.681402 1.020000 -0.705211
      vertex 0.687942 1.020000 -0.715000
    endloop
  endfacet
  facet normal -0.000000 1.000000 -0.000000
    outer loop
      vertex 0.687942 1.020000 -0.715000
      vertex 0.681402 1.020000 -0.705211
      vertex 0.910000 1.020000 -0.110000
    endloop
  endfacet
  facet normal 0.000000 1.000000 0.000000
    outer loop
      vertex 0.910000 -1.020000 -0.110000
      vertex 0.693149 -1.020000 -0.725558
      vertex 0.687942 -1.020000 -0.715000
    endloop
  endfacet
  facet normal -0.000000 -1.000000 -0.000000
    outer loop
      vertex 0.687942 -1.020000 -0.715000
      vertex 0.693149 -1.020000 -0.725558
      vertex 0.910000 -1.020000 -0.110000
    endloop
  endfacet
  facet normal 0.000000 -1.000000 0.000000
    outer loop
      vertex 0.910000 1.020000 -0.110000
      vertex 0.687942 1.020000 -0.715000
      vertex 0.693149 1.020000 -0.725558
    endloop
  endfacet
  facet normal -0.000000 1.000000 -0.000000
    outer loop
      vertex 0.693149 1.020000 -0.725558
      vertex 0.687942 1.020000 -0.715000
      vertex 0.910000 1.020000 -0.110000
    endloop
  endfacet
  facet normal 0.000000 1.000000 0.000000
    outer loop
      vertex 0.910000 -1.020000 -0.110000
      vertex 0.696933 -1.020000 -0.736706
      vertex 0.693149 -1.020000 -0.725558
    endloop
  endfacet
  facet normal -0.000000 -1.000000 -0.000000
    outer loop
      vertex 0.693149 -1.020000 -0.725558
      vertex 0.696933 -1.020000 -0.736706
      vertex 0.910000 -1.020000 -0.110000
    endloop
  endfacet
  facet normal 0.000000 -1.000000 0.000000
    outer loop
      vertex 0.910000 1.020000 -0.110000
      vertex 0.693149 1.020000 -0.725558
      vertex 0.696933 1.020000 -0.736706
    endloop
  endfacet
  facet normal -0.000000 1.000000 -0.000000
    outer loop
      vertex 0.696933 1.020000 -0.736706
      vertex 0.693149 1.020000 -0.725558
      vertex 0.910000 1.020000 -0.110000
    endloop
  endfacet
  facet normal 0.000000 1.000000 0.000000
    outer loop
      vertex 0.910000 -1.020000 -0.110000
      vertex 0.699230 -1.020000 -0.748253
      vertex 0.696933 -1.020000 -0.736706
    endloop
  endfacet
  facet normal -0.000000 -1.000000 -0.000000
    outer loop
      vertex 0.696933 -1.020000 -0.736706
      vertex 0.699230 -1.020000 -0.748253
      vertex 0.910000 -1.020000 -0.110000
    endloop
  endfacet
  facet normal 0.000000 -1.000000 0.000000
    outer loop
      vertex 0.910000 1.020000 -0.110000
      vertex 0.696933 1.020000 -0.736706
      vertex 0.699230 1.020000 -0.748253
    endloop
  endfacet
  facet normal -0.000000 1.000000 -0.000000
    outer loop
      vertex 0.699230 1.020000 -0.748253
      vertex 0.696933 1.020000 -0.736706
      vertex 0.910000 1.020000 -0.110000
    endloop
  endfacet
  facet normal 0.000000 1.000000 0.000000
    outer loop
      vertex 0.910000 -1.020000 -0.110000
      vertex 0.700000 -1.020000 -0.760000
      vertex 0.699230 -1.020000 -0.748253
    endloop
  endfacet
  facet normal -0.000000 -1.000000 -0.000000
    outer loop
      vertex 0.699230 -1.020000 -0.748253
      vertex 0.700000 -1.020000 -0.760000
      vertex 0.910000 -1.020000 -0.110000
    endloop
  endfacet
  facet normal 0.000000 -1.000000 0.000000
    outer loop
      vertex 0.910000 1.020000 -0.110000
      vertex 0.699230 1.020000 -0.748253
      vertex 0.700000 1.020000 -0.760000
    endloop
  endfacet
  facet normal -0.000000 1.000000 -0.000000
    outer loop
      vertex 0.700000 1.020000 -0.760000
      vertex 0.699230 1.020000 -0.748253
      vertex 0.910000 1.020000 -0.110000
    endloop
  endfacet
  facet normal 0.000000 1.000000 0.000000
    outer loop
      vertex 0.910000 -1.020000 -0.110000
      vertex 0.910000 -1.020000 -1.420000
      vertex 0.700000 -1.020000 -0.760000
    endloop
  endfacet
  facet normal -0.000000 -1.000000 -0.000000
    outer loop
      vertex 0.700000 -1.020000 -0.760000
      vertex 0.910000 -1.020000 -1.420000
      vertex 0.910000 -1.020000 -0.110000
    endloop
  endfacet
  facet normal 0.000000 -1.000000 -0.000000
    outer loop
      vertex 0.910000 1.020000 -0.110000
      vertex 0.700000 1.020000 -0.760000
      vertex 0.910000 1.020000 -1.420000
    endloop
  endfacet
  facet normal -0.000000 1.000000 0.000000
    outer loop
      vertex 0.910000 1.020000 -1.420000
      vertex 0.700000 1.020000 -0.760000
      vertex 0.910000 1.020000 -0.110000
    endloop
  endfacet
  facet normal 0.000000 1.000000 0.000000
    outer loop
      vertex 0.910000 -1.020000 -1.420000
      vertex 0.699230 -1.020000 -0.771747
      vertex 0.700000 -1.020000 -0.760000
    endloop
  endfacet
  facet normal -0.000000 -1.000000 -0.000000
    outer loop
      vertex 0.700000 -1.020000 -0.760000
      vertex 0.699230 -1.020000 -0.771747
      vertex 0.910000 -1.020000 -1.420000
    endloop
  endfacet
  facet normal 0.000000 -1.000000 0.000000
    outer loop
      vertex 0.910000 1.020000 -1.420000
      vertex 0.700000 1.020000 -0.760000
      vertex 0.699230 1.020000 -0.771747
    endloop
  endfacet
  facet normal -0.000000 1.000000 -0.000000
    outer loop
      vertex 0.699230 1.020000 -0.771747
      vertex 0.700000 1.020000 -0.760000
      vertex 0.910000 1.020000 -1.420000
    endloop
  endfacet
  facet normal 0.000000 1.000000 0.000000
    outer loop
      vertex 0.910000 -1.020000 -1.420000
      vertex 0.696933 -1.020000 -0.783294
      vertex 0.699230 -1.020000 -0.771747
    endloop
  endfacet
  facet normal -0.000000 -1.000000 -0.000000
    outer loop
      vertex 0.699230 -1.020000 -0.771747
      vertex 0.696933 -1.020000 -0.783294
      vertex 0.910000 -1.020000 -1.420000
    endloop
  endfacet
  facet normal 0.000000 -1.000000 0.000000
    outer loop
      vertex 0.910000 1.020000 -1.420000
      vertex 0.699230 1.020000 -0.771747
      vertex 0.696933 1.020000 -0.783294
    endloop
  endfacet
  facet normal -0.000000 1.000000 -0.000000
    outer loop
      vertex 0.696933 1.020000 -0.783294
      vertex 0.699230 1.020000 -0.771747
      vertex 0.910000 1.020000 -1.420000
    endloop
  endfacet
  facet normal 0.000000 1.000000 0.000000
    outer loop
      vertex 0.910000 -1.020000 -1.420000
      vertex 0.693149 -1.020000 -0.794442
      vertex 0.696933 -1.020000 -0.783294
    endloop
  endfacet
  facet normal -0.000000 -1.000000 -0.000000
    outer loop
      vertex 0.696933 -1.020000 -0.783294
      vertex 0.693149 -1.020000 -0.794442
      vertex 0.910000 -1.020000 -1.420000
    endloop
  endfacet
  facet normal 0.000000 -1.000000 0.000000
    outer loop
      vertex 0.910000 1.020000 -1.420000
      vertex 0.696933 1.020000 -0.783294
      vertex 0.693149 1.020000 -0.794442
    endloop
  endfacet
  facet normal -0.000000 1.000000 -0.000000
    outer loop
      vertex 0.693149 1.020000 -0.794442
      vertex 0.696933 1.020000 -0.783294
      vertex 0.910000 1.020000 -1.420000
    endloop
  endfacet
  facet normal 0.000000 1.000000 0.000000
    outer loop
      vertex 0.910000 -1.020000 -1.420000
      vertex 0.687942 -1.020000 -0.805000
      vertex 0.693149 -1.020000 -0.794442
    endloop
  endfacet
  facet normal -0.000000 -1.000000 -0.000000
    outer loop
      vertex 0.693149 -1.020000 -0.794442
      vertex 0.687942 -1.020000 -0.805000
      vertex 0.910000 -1.020000 -1.420000
    endloop
  endfacet
  facet normal 0.000000 -1.000000 0.000000
    outer loop
      vertex 0.910000 1.020000 -1.420000
      vertex 0.693149 1.020000 -0.794442
      vertex 0.687942 1.020000 -0.805000
    endloop
  endfacet
  facet normal -0.000000 1.000000 -0.000000
    outer loop
      vertex 0.687942 1.020000 -0.805000
      vertex 0.693149 1.020000 -0.794442
      vertex 0.910000 1.020000 -1.420000
    endloop
  endfacet
  facet normal 0.000000 1.000000 0.000000
    outer loop
      vertex 0.910000 -1.020000 -1.420000
      vertex 0.681402 -1.020000 -0.814789
      vertex 0.687942 -1.020000 -0.805000
    endloop
  endfacet
  facet normal -0.000000 -1.000000 -0.000000
    outer loop
      vertex 0.687942 -1.020000 -0.805000
      vertex 0.681402 -1.020000 -0.814789
      vertex 0.910000 -1.020000 -1.420000
    endloop
  endfacet
  facet normal 0.000000 -1.000000 0.000000
    outer loop
      vertex 0.910000 1.020000 -1.420000
      vertex 0.687942 1.020000 -0.805000
      vertex 0.681402 1.020000 -0.814789
    endloop
  endfacet
  facet normal -0.000000 1.000000 -0.000000
    outer loop
      vertex 0.681402 1.020000 -0.814789
      vertex 0.687942 1.020000 -0.805000
      vertex 0.910000 1.020000 -1.420000
    endloop
  endfacet
  facet normal 0.000000 1.000000 0.000000
    outer loop
      vertex 0.910000 -1.020000 -1.420000
      vertex 0.673640 -1.020000 -0.823640
      vertex 0.681402 -1.020000 -0.814789
    endloop
  endfacet
  facet normal -0.000000 -1.000000 -0.000000
    outer loop
      vertex 0.681402 -1.020000 -0.814789
      vertex 0.673640 -1.020000 -0.823640
      vertex 0.910000 -1.020000 -1.420000
    endloop
  endfacet
  facet normal 0.000000 -1.000000 0.000000
    outer loop
      vertex 0.910000 1.020000 -1.420000
      vertex 0.681402 1.020000 -0.814789
      vertex 0.673640 1.020000 -0.823640
    endloop
  endfacet
  facet normal -0.000000 1.000000 -0.000000
    outer loop
      vertex 0.673640 1.020000 -0.823640
      vertex 0.681402 1.020000 -0.814789
      vertex 0.910000 1.020000 -1.420000
    endloop
  endfacet
  facet normal 0.000000 1.000000 0.000000
    outer loop
      vertex 0.910000 -1.020000 -1.420000
      vertex 0.664789 -1.020000 -0.831402
      vertex 0.673640 -1.020000 -0.823640
    endloop
  endfacet
  facet normal -0.000000 -1.000000 -0.000000
    outer loop
      vertex 0.673640 -1.020000 -0.823640
      vertex 0.664789 -1.020000 -0.831402
      vertex 0.910000 -1.020000 -1.420000
    endloop
  endfacet
  facet normal 0.000000 -1.000000 0.000000
    outer loop
      vertex 0.910000 1.020000 -1.420000
      vertex 0.673640 1.020000 -0.823640
      vertex 0.664789 1.020000 -0.831402
    endloop
  endfacet
  facet normal -0.000000 1.000000 -0.000000
    outer loop
      vertex 0.664789 1.020000 -0.831402
      vertex 0.673640 1.020000 -0.823640
      vertex 0.910000 1.020000 -1.420000
    endloop
  endfacet
  facet normal 0.000000 1.000000 0.000000
    outer loop
      vertex 0.910000 -1.020000 -1.420000
      vertex 0.655000 -1.020000 -0.837942
      vertex 0.664789 -1.020000 -0.831402
    endloop
  endfacet
  facet normal -0.000000 -1.000000 -0.000000
    outer loop
      vertex 0.664789 -1.020000 -0.831402
      vertex 0.655000 -1.020000 -0.837942
      vertex 0.910000 -1.020000 -1.420000
    endloop
  endfacet
  facet normal 0.000000 -1.000000 0.000000
    outer loop
      vertex 0.910000 1.020000 -1.420000
      vertex 0.664789 1.020000 -0.831402
      vertex 0.655000 1.020000 -0.837942
    endloop
  endfacet
  facet normal -0.000000 1.000000 -0.000000
    outer loop
      vertex 0.655000 1.020000 -0.837942
      vertex 0.664789 1.020000 -0.831402
      vertex 0.910000 1.020000 -1.420000
    endloop
  endfacet
  facet normal 0.000000 1.000000 0.000000
    outer loop
      vertex 0.910000 -1.020000 -1.420000
      vertex 0.644442 -1.020000 -0.843149
      vertex 0.655000 -1.020000 -0.837942
    endloop
  endfacet
  facet normal -0.000000 -1.000000 -0.000000
    outer loop
      vertex 0.655000 -1.020000 -0.837942
      vertex 0.644442 -1.020000 -0.843149
      vertex 0.910000 -1.020000 -1.420000
    endloop
  endfacet
  facet normal 0.000000 -1.000000 0.000000
    outer loop
      vertex 0.910000 1.020000 -1.420000
      vertex 0.655000 1.020000 -0.837942
      vertex 0.644442 1.020000 -0.843149
    endloop
  endfacet
  facet normal -0.000000 1.000000 -0.000000
    outer loop
      vertex 0.644442 1.020000 -0.843149
      vertex 0.655000 1.020000 -0.837942
      vertex 0.910000 1.020000 -1.420000
    endloop
  endfacet
  facet normal 0.000000 1.000000 0.000000
    outer loop
      vertex 0.910000 -1.020000 -1.420000
      vertex 0.480000 -1.020000 -1.020000
      vertex 0.644442 -1.020000 -0.843149
    endloop
  endfacet
  facet normal -0.000000 -1.000000 -0.000000
    outer loop
      vertex 0.644442 -1.020000 -0.843149
      vertex 0.480000 -1.020000 -1.020000
      vertex 0.910000 -1.020000 -1.420000
    endloop
  endfacet
  facet normal 0.000000 -1.000000 0.000000
    outer loop
      vertex 0.910000 1.020000 -1.420000
      vertex 0.644442 1.020000 -0.843149
      vertex 0.480000 1.020000 -1.020000
    endloop
  endfacet
  facet normal -0.000000 1.000000 -0.000000
    outer loop
      vertex 0.480000 1.020000 -1.020000
      vertex 0.644442 1.020000 -0.843149
      vertex 0.910000 1.020000 -1.420000
    endloop
  endfacet
  facet normal 0.000000 1.000000 0.000000
    outer loop
      vertex 0.480000 -1.020000 -1.020000
      vertex 0.633294 -1.020000 -0.846933
      vertex 0.644442 -1.020000 -0.843149
    endloop
  endfacet
  facet normal -0.000000 -1.000000 -0.000000
    outer loop
      vertex 0.644442 -1.020000 -0.843149
      vertex 0.633294 -1.020000 -0.846933
      vertex 0.480000 -1.020000 -1.020000
    endloop
  endfacet
  facet normal 0.000000 -1.000000 0.000000
    outer loop
      vertex 0.480000 1.020000 -1.020000
      vertex 0.644442 1.020000 -0.843149
      vertex 0.633294 1.020000 -0.846933
    endloop
  endfacet
  facet normal -0.000000 1.000000 -0.000000
    outer loop
      vertex 0.633294 1.020000 -0.846933
      vertex 0.644442 1.020000 -0.843149
      vertex 0.480000 1.020000 -1.020000
    endloop
  endfacet
  facet normal 0.000000 1.000000 0.000000
    outer loop
      vertex 0.480000 -1.020000 -1.020000
      vertex 0.621747 -1.020000 -0.849230
      vertex 0.633294 -1.020000 -0.846933
    endloop
  endfacet
  facet normal -0.000000 -1.000000 -0.000000
    outer loop
      vertex 0.633294 -1.020000 -0.846933
      vertex 0.621747 -1.020000 -0.849230
      vertex 0.480000 -1.020000 -1.020000
    endloop
  endfacet
  facet normal 0.000000 -1.000000 0.000000
    outer loop
      vertex 0.480000 1.020000 -1.020000
      vertex 0.633294 1.020000 -0.846933
      vertex 0.621747 1.020000 -0.849230
    endloop
  endfacet
  facet normal -0.000000 1.000000 -0.000000
    outer loop
      vertex 0.621747 1.020000 -0.849230
      vertex 0.633294 1.020000 -0.846933
      vertex 0.480000 1.020000 -1.020000
    endloop
  endfacet
  facet normal 0.000000 1.000000 0.000000
    outer loop
      vertex 0.480000 -1.020000 -1.020000
      vertex 0.610000 -1.020000 -0.850000
      vertex 0.621747 -1.020000 -0.849230
    endloop
  endfacet
  facet normal -0.000000 -1.000000 -0.000000
    outer loop
      vertex 0.621747 -1.020000 -0.849230
      vertex 0.610000 -1.020000 -0.850000
      vertex 0.480000 -1.020000 -1.020000
    endloop
  endfacet
  facet normal 0.000000 -1.000000 0.000000
    outer loop
      vertex 0.480000 1.020000 -1.020000
      vertex 0.621747 1.020000 -0.849230
      vertex 0.610000 1.020000 -0.850000
    endloop
  endfacet
  facet normal -0.000000 1.000000 -0.000000
    outer loop
      vertex 0.610000 1.020000 -0.850000
      vertex 0.621747 1.020000 -0.849230
      vertex 0.480000 1.020000 -1.020000
    endloop
  endfacet
  facet normal 0.000000 1.000000 0.000000
    outer loop
      vertex 0.480000 -1.020000 -1.020000
      vertex 0.598253 -1.020000 -0.849230
      vertex 0.610000 -1.020000 -0.850000
    endloop
  endfacet
  facet normal -0.000000 -1.000000 -0.000000
    outer loop
      vertex 0.610000 -1.020000 -0.850000
      vertex 0.598253 -1.020000 -0.849230
      vertex 0.480000 -1.020000 -1.020000
    endloop
  endfacet
  facet normal 0.000000 -1.000000 0.000000
    outer loop
      vertex 0.480000 1.020000 -1.020000
      vertex 0.610000 1.020000 -0.850000
      vertex 0.598253 1.020000 -0.849230
    endloop
  endfacet
  facet normal -0.000000 1.000000 -0.000000
    outer loop
      vertex 0.598253 1.020000 -0.849230
      vertex 0.610000 1.020000 -0.850000
      vertex 0.480000 1.020000 -1.020000
    endloop
  endfacet
  facet normal 0.000000 1.000000 0.000000
    outer loop
      vertex 0.480000 -1.020000 -1.020000
      vertex 0.586706 -1.020000 -0.846933
      vertex 0.598253 -1.020000 -0.849230
    endloop
  endfacet
  facet normal -0.000000 -1.000000 -0.000000
    outer loop
      vertex 0.598253 -1.020000 -0.849230
      vertex 0.586706 -1.020000 -0.846933
      vertex 0.480000 -1.020000 -1.020000
    endloop
  endfacet
  facet normal 0.000000 -1.000000 0.000000
    outer loop
      vertex 0.480000 1.020000 -1.020000
      vertex 0.598253 1.020000 -0.849230
      vertex 0.586706 1.020000 -0.846933
    endloop
  endfacet
  facet normal -0.000000 1.000000 -0.000000
    outer loop
      vertex 0.586706 1.020000 -0.846933
      vertex 0.598253 1.020000 -0.849230
      vertex 0.480000 1.020000 -1.020000
    endloop
  endfacet
  facet normal 0.000000 1.000000 0.000000
    outer loop
      vertex 0.480000 -1.020000 -1.020000
      vertex 0.575558 -1.020000 -0.843149
      vertex 0.586706 -1.020000 -0.846933
    endloop
  endfacet
  facet normal -0.000000 -1.000000 -0.000000
    outer loop
      vertex 0.586706 -1.020000 -0.846933
      vertex 0.575558 -1.020000 -0.843149
      vertex 0.480000 -1.020000 -1.020000
    endloop
  endfacet
  facet normal 0.000000 -1.000000 0.000000
    outer loop
      vertex 0.480000 1.020000 -1.020000
      vertex 0.586706 1.020000 -0.846933
      vertex 0.575558 1.020000 -0.843149
    endloop
  endfacet
  facet normal -0.000000 1.000000 -0.000000
    outer loop
      vertex 0.575558 1.020000 -0.843149
      vertex 0.586706 1.020000 -0.846933
      vertex 0.480000 1.020000 -1.020000
    endloop
  endfacet
  facet normal 0.000000 1.000000 0.000000
    outer loop
      vertex 0.480000 -1.020000 -1.020000
      vertex 0.565000 -1.020000 -0.837942
      vertex 0.575558 -1.020000 -0.843149
    endloop
  endfacet
  facet normal -0.000000 -1.000000 -0.000000
    outer loop
      vertex 0.575558 -1.020000 -0.843149
      vertex 0.565000 -1.020000 -0.837942
      vertex 0.480000 -1.020000 -1.020000
    endloop
  endfacet
  facet normal 0.000000 -1.000000 0.000000
    outer loop
      vertex 0.480000 1.020000 -1.020000
      vertex 0.575558 1.020000 -0.843149
      vertex 0.565000 1.020000 -0.837942
    endloop
  endfacet
  facet normal -0.000000 1.000000 -0.000000
    outer loop
      vertex 0.565000 1.020000 -0.837942
      vertex 0.575558 1.020000 -0.843149
      vertex 0.480000 1.020000 -1.020000
    endloop
  endfacet
  facet normal 0.000000 1.000000 0.000000
    outer loop
      vertex 0.480000 -1.020000 -1.020000
      vertex 0.555211 -1.020000 -0.831402
      vertex 0.565000 -1.020000 -0.837942
    endloop
  endfacet
  facet normal -0.000000 -1.000000 -0.000000
    outer loop
      vertex 0.565000 -1.020000 -0.837942
      vertex 0.555211 -1.020000 -0.831402
      vertex 0.480000 -1.020000 -1.020000
    endloop
  endfacet
  facet normal 0.000000 -1.000000 0.000000
    outer loop
      vertex 0.480000 1.020000 -1.020000
      vertex 0.565000 1.020000 -0.837942
      vertex 0.555211 1.020000 -0.831402
    endloop
  endfacet
  facet normal -0.000000 1.000000 -0.000000
    outer loop
      vertex 0.555211 1.020000 -0.831402
      vertex 0.565000 1.020000 -0.837942
      vertex 0.480000 1.020000 -1.020000
    endloop
  endfacet
  facet normal 0.000000 1.000000 0.000000
    outer loop
      vertex 0.480000 -1.020000 -1.020000
      vertex 0.546360 -1.020000 -0.823640
      vertex 0.555211 -1.020000 -0.831402
    endloop
  endfacet
  facet normal -0.000000 -1.000000 -0.000000
    outer loop
      vertex 0.555211 -1.020000 -0.831402
      vertex 0.546360 -1.020000 -0.823640
      vertex 0.480000 -1.020000 -1.020000
    endloop
  endfacet
  facet normal 0.000000 -1.000000 0.000000
    outer loop
      vertex 0.480000 1.020000 -1.020000
      vertex 0.555211 1.020000 -0.831402
      vertex 0.546360 1.020000 -0.823640
    endloop
  endfacet
  facet normal -0.000000 1.000000 -0.000000
    outer loop
      vertex 0.546360 1.020000 -0.823640
      vertex 0.555211 1.020000 -0.831402
      vertex 0.480000 1.020000 -1.020000
    endloop
  endfacet
  facet normal 0.000000 1.000000 0.000000
    outer loop
      vertex 0.480000 -1.020000 -1.020000
      vertex 0.538598 -1.020000 -0.814789
      vertex 0.546360 -1.020000 -0.823640
    endloop
  endfacet
  facet normal -0.000000 -1.000000 -0.000000
    outer loop
      vertex 0.546360 -1.020000 -0.823640
      vertex 0.538598 -1.020000 -0.814789
      vertex 0.480000 -1.020000 -1.020000
    endloop
  endfacet
  facet normal 0.000000 -1.000000 0.000000
    outer loop
      vertex 0.480000 1.020000 -1.020000
      vertex 0.546360 1.020000 -0.823640
      vertex 0.538598 1.020000 -0.814789
    endloop
  endfacet
  facet normal -0.000000 1.000000 -0.000000
    outer loop
      vertex 0.538598 1.020000 -0.814789
      vertex 0.546360 1.020000 -0.823640
      vertex 0.480000 1.020000 -1.020000
    endloop
  endfacet
  facet normal 0.000000 1.000000 0.000000
    outer loop
      vertex 0.480000 -1.020000 -1.020000
      vertex 0.532058 -1.020000 -0.805000
      vertex 0.538598 -1.020000 -0.814789
    endloop
  endfacet
  facet normal -0.000000 -1.000000 -0.000000
    outer loop
      vertex 0.538598 -1.020000 -0.814789
      vertex 0.532058 -1.020000 -0.805000
      vertex 0.480000 -1.020000 -1.020000
    endloop
  endfacet
  facet normal 0.000000 -1.000000 0.000000
    outer loop
      vertex 0.480000 1.020000 -1.020000
      vertex 0.538598 1.020000 -0.814789
      vertex 0.532058 1.020000 -0.805000
    endloop
  endfacet
  facet normal -0.000000 1.000000 -0.000000
    outer loop
      vertex 0.532058 1.020000 -0.805000
      vertex 0.538598 1.020000 -0.814789
      vertex 0.480000 1.020000 -1.020000
    endloop
  endfacet
  facet normal 0.000000 1.000000 0.000000
    outer loop
      vertex 0.480000 -1.020000 -1.020000
      vertex 0.526851 -1.020000 -0.794442
      vertex 0.532058 -1.020000 -0.805000
    endloop
  endfacet
  facet normal -0.000000 -1.000000 -0.000000
    outer loop
      vertex 0.532058 -1.020000 -0.805000
      vertex 0.526851 -1.020000 -0.794442
      vertex 0.480000 -1.020000 -1.020000
    endloop
  endfacet
  facet normal 0.000000 -1.000000 0.000000
    outer loop
      vertex 0.480000 1.020000 -1.020000
      vertex 0.532058 1.020000 -0.805000
      vertex 0.526851 1.020000 -0.794442
    endloop
  endfacet
  facet normal -0.000000 1.000000 -0.000000
    outer loop
      vertex 0.526851 1.020000 -0.794442
      vertex 0.532058 1.020000 -0.805000
      vertex 0.480000 1.020000 -1.020000
    endloop
  endfacet
  facet normal 0.000000 1.000000 0.000000
    outer loop
      vertex 0.480000 -1.020000 -1.020000
      vertex 0.523067 -1.020000 -0.783294
      vertex 0.526851 -1.020000 -0.794442
    endloop
  endfacet
  facet normal -0.000000 -1.000000 -0.000000
    outer loop
      vertex 0.526851 -1.020000 -0.794442
      vertex 0.523067 -1.020000 -0.783294
      vertex 0.480000 -1.020000 -1.020000
    endloop
  endfacet
  facet normal 0.000000 -1.000000 0.000000
    outer loop
      vertex 0.480000 1.020000 -1.020000
      vertex 0.526851 1.020000 -0.794442
      vertex 0.523067 1.020000 -0.783294
    endloop
  endfacet
  facet normal -0.000000 1.000000 -0.000000
    outer loop
      vertex 0.523067 1.020000 -0.783294
      vertex 0.526851 1.020000 -0.794442
      vertex 0.480000 1.020000 -1.020000
    endloop
  endfacet
  facet normal 0.000000 1.000000 -0.000000
    outer loop
      vertex 0.523067 -1.020000 -0.736706
      vertex 0.480000 -1.020000 -0.510000
      vertex 0.526851 -1.020000 -0.725558
    endloop
  endfacet
  facet normal -0.000000 -1.000000 0.000000
    outer loop
      vertex 0.526851 -1.020000 -0.725558
      vertex 0.480000 -1.020000 -0.510000
      vertex 0.523067 -1.020000 -0.736706
    endloop
  endfacet
  facet normal 0.000000 -1.000000 0.000000
    outer loop
      vertex 0.523067 1.020000 -0.736706
      vertex 0.526851 1.020000 -0.725558
      vertex 0.480000 1.020000 -0.510000
    endloop
  endfacet
  facet normal -0.000000 1.000000 -0.000000
    outer loop
      vertex 0.480000 1.020000 -0.510000
      vertex 0.526851 1.020000 -0.725558
      vertex 0.523067 1.020000 -0.736706
    endloop
  endfacet
  facet normal 0.000000 1.000000 0.000000
    outer loop
      vertex 0.480000 -1.020000 -0.510000
      vertex 0.532058 -1.020000 -0.715000
      vertex 0.526851 -1.020000 -0.725558
    endloop
  endfacet
  facet normal -0.000000 -1.000000 -0.000000
    outer loop
      vertex 0.526851 -1.020000 -0.725558
      vertex 0.532058 -1.020000 -0.715000
      vertex 0.480000 -1.020000 -0.510000
    endloop
  endfacet
  facet normal 0.000000 -1.000000 0.000000
    outer loop
      vertex 0.480000 1.020000 -0.510000
      vertex 0.526851 1.020000 -0.725558
      vertex 0.532058 1.020000 -0.715000
    endloop
  endfacet
  facet normal -0.000000 1.000000 -0.000000
    outer loop
      vertex 0.532058 1.020000 -0.715000
      vertex 0.526851 1.020000 -0.725558
      vertex 0.480000 1.020000 -0.510000
    endloop
  endfacet
  facet normal 0.000000 1.000000 0.000000
    outer loop
      vertex 0.480000 -1.020000 -0.510000
      vertex 0.538598 -1.020000 -0.705211
      vertex 0.532058 -1.020000 -0.715000
    endloop
  endfacet
  facet normal -0.000000 -1.000000 -0.000000
    outer loop
      vertex 0.532058 -1.020000 -0.715000
      vertex 0.538598 -1.020000 -0.705211
      vertex 0.480000 -1.020000 -0.510000
    endloop
  endfacet
  facet normal 0.000000 -1.000000 0.000000
    outer loop
      vertex 0.480000 1.020000 -0.510000
      vertex 0.532058 1.020000 -0.715000
      vertex 0.538598 1.020000 -0.705211
    endloop
  endfacet
  facet normal -0.000000 1.000000 -0.000000
    outer loop
      vertex 0.538598 1.020000 -0.705211
      vertex 0.532058 1.020000 -0.715000
      vertex 0.480000 1.020000 -0.510000
    endloop
  endfacet
  facet normal 0.000000 1.000000 0.000000
    outer loop
      vertex 0.480000 -1.020000 -0.510000
      vertex 0.546360 -1.020000 -0.696360
      vertex 0.538598 -1.020000 -0.705211
    endloop
  endfacet
  facet normal -0.000000 -1.000000 -0.000000
    outer loop
      vertex 0.538598 -1.020000 -0.705211
      vertex 0.546360 -1.020000 -0.696360
      vertex 0.480000 -1.020000 -0.510000
    endloop
  endfacet
  facet normal 0.000000 -1.000000 0.000000
    outer loop
      vertex 0.480000 1.020000 -0.510000
      vertex 0.538598 1.020000 -0.705211
      vertex 0.546360 1.020000 -0.696360
    endloop
  endfacet
  facet normal -0.000000 1.000000 -0.000000
    outer loop
      vertex 0.546360 1.020000 -0.696360
      vertex 0.538598 1.020000 -0.705211
      vertex 0.480000 1.020000 -0.510000
    endloop
  endfacet
  facet normal 0.000000 1.000000 0.000000
    outer loop
      vertex 0.480000 -1.020000 -0.510000
      vertex 0.555211 -1.020000 -0.688598
      vertex 0.546360 -1.020000 -0.696360
    endloop
  endfacet
  facet normal -0.000000 -1.000000 -0.000000
    outer loop
      vertex 0.546360 -1.020000 -0.696360
      vertex 0.555211 -1.020000 -0.688598
      vertex 0.480000 -1.020000 -0.510000
    endloop
  endfacet
  facet normal 0.000000 -1.000000 0.000000
    outer loop
      vertex 0.480000 1.020000 -0.510000
      vertex 0.546360 1.020000 -0.696360
      vertex 0.555211 1.020000 -0.688598
    endloop
  endfacet
  facet normal -0.000000 1.000000 -0.000000
    outer loop
      vertex 0.555211 1.020000 -0.688598
      vertex 0.546360 1.020000 -0.696360
      vertex 0.480000 1.020000 -0.510000
    endloop
  endfacet
  facet normal 0.000000 1.000000 0.000000
    outer loop
      vertex 0.480000 -1.020000 -0.510000
      vertex 0.565000 -1.020000 -0.682058
      vertex 0.555211 -1.020000 -0.688598
    endloop
  endfacet
  facet normal -0.000000 -1.000000 -0.000000
    outer loop
      vertex 0.555211 -1.020000 -0.688598
      vertex 0.565000 -1.020000 -0.682058
      vertex 0.480000 -1.020000 -0.510000
    endloop
  endfacet
  facet normal 0.000000 -1.000000 0.000000
    outer loop
      vertex 0.480000 1.020000 -0.510000
      vertex 0.555211 1.020000 -0.688598
      vertex 0.565000 1.020000 -0.682058
    endloop
  endfacet
  facet normal -0.000000 1.000000 -0.000000
    outer loop
      vertex 0.565000 1.020000 -0.682058
      vertex 0.555211 1.020000 -0.688598
      vertex 0.480000 1.020000 -0.510000
    endloop
  endfacet
  facet normal 0.000000 1.000000 0.000000
    outer loop
      vertex 0.480000 -1.020000 -0.510000
      vertex 0.575558 -1.020000 -0.676851
      vertex 0.565000 -1.020000 -0.682058
    endloop
  endfacet
  facet normal -0.000000 -1.000000 -0.000000
    outer loop
      vertex 0.565000 -1.020000 -0.682058
      vertex 0.575558 -1.020000 -0.676851
      vertex 0.480000 -1.020000 -0.510000
    endloop
  endfacet
  facet normal 0.000000 -1.000000 0.000000
    outer loop
      vertex 0.480000 1.020000 -0.510000
      vertex 0.565000 1.020000 -0.682058
      vertex 0.575558 1.020000 -0.676851
    endloop
  endfacet
  facet normal -0.000000 1.000000 -0.000000
    outer loop
      vertex 0.575558 1.020000 -0.676851
      vertex 0.565000 1.020000 -0.682058
      vertex 0.480000 1.020000 -0.510000
    endloop
  endfacet
  facet normal 0.000000 1.000000 0.000000
    outer loop
      vertex 0.480000 -1.020000 -0.510000
      vertex 0.586706 -1.020000 -0.673067
      vertex 0.575558 -1.020000 -0.676851
    endloop
  endfacet
  facet normal -0.000000 -1.000000 -0.000000
    outer loop
      vertex 0.575558 -1.020000 -0.676851
      vertex 0.586706 -1.020000 -0.673067
      vertex 0.480000 -1.020000 -0.510000
    endloop
  endfacet
  facet normal 0.000000 -1.000000 0.000000
    outer loop
      vertex 0.480000 1.020000 -0.510000
      vertex 0.575558 1.020000 -0.676851
      vertex 0.586706 1.020000 -0.673067
    endloop
  endfacet
  facet normal -0.000000 1.000000 -0.000000
    outer loop
      vertex 0.586706 1.020000 -0.673067
      vertex 0.575558 1.020000 -0.676851
      vertex 0.480000 1.020000 -0.510000
    endloop
  endfacet
  facet normal 0.000000 1.000000 0.000000
    outer loop
      vertex 0.480000 -1.020000 -0.510000
      vertex 0.598253 -1.020000 -0.670770
      vertex 0.586706 -1.020000 -0.673067
    endloop
  endfacet
  facet normal -0.000000 -1.000000 -0.000000
    outer loop
      vertex 0.586706 -1.020000 -0.673067
      vertex 0.598253 -1.020000 -0.670770
      vertex 0.480000 -1.020000 -0.510000
    endloop
  endfacet
  facet normal 0.000000 -1.000000 0.000000
    outer loop
      vertex 0.480000 1.020000 -0.510000
      vertex 0.586706 1.020000 -0.673067
      vertex 0.598253 1.020000 -0.670770
    endloop
  endfacet
  facet normal -0.000000 1.000000 -0.000000
    outer loop
      vertex 0.598253 1.020000 -0.670770
      vertex 0.586706 1.020000 -0.673067
      vertex 0.480000 1.020000 -0.510000
    endloop
  endfacet
  facet normal 0.000000 1.000000 0.000000
    outer loop
      vertex 0.480000 -1.020000 -0.510000
      vertex 0.610000 -1.020000 -0.670000
      vertex 0.598253 -1.020000 -0.670770
    endloop
  endfacet
  facet normal -0.000000 -1.000000 -0.000000
    outer loop
      vertex 0.598253 -1.020000 -0.670770
      vertex 0.610000 -1.020000 -0.670000
      vertex 0.480000 -1.020000 -0.510000
    endloop
  endfacet
  facet normal 0.000000 -1.000000 0.000000
    outer loop
      vertex 0.480000 1.020000 -0.510000
      vertex 0.598253 1.020000 -0.670770
      vertex 0.610000 1.020000 -0.670000
    endloop
  endfacet
  facet normal -0.000000 1.000000 -0.000000
    outer loop
      vertex 0.610000 1.020000 -0.670000
      vertex 0.598253 1.020000 -0.670770
      vertex 0.480000 1.020000 -0.510000
    endloop
  endfacet
  facet normal 0.000000 1.000000 0.000000
    outer loop
      vertex 0.480000 -1.020000 -0.510000
      vertex 0.621747 -1.020000 -0.670770
      vertex 0.610000 -1.020000 -0.670000
    endloop
  endfacet
  facet normal -0.000000 -1.000000 -0.000000
    outer loop
      vertex 0.610000 -1.020000 -0.670000
      vertex 0.621747 -1.020000 -0.670770
      vertex 0.480000 -1.020000 -0.510000
    endloop
  endfacet
  facet normal 0.000000 -1.000000 0.000000
    outer loop
      vertex 0.480000 1.020000 -0.510000
      vertex 0.610000 1.020000 -0.670000
      vertex 0.621747 1.020000 -0.670770
    endloop
  endfacet
  facet normal -0.000000 1.000000 -0.000000
    outer loop
      vertex 0.621747 1.020000 -0.670770
      vertex 0.610000 1.020000 -0.670000
      vertex 0.480000 1.020000 -0.510000
    endloop
  endfacet
  facet normal 0.000000 1.000000 0.000000
    outer loop
      vertex 0.480000 -1.020000 -0.510000
      vertex 0.633294 -1.020000 -0.673067
      vertex 0.621747 -1.020000 -0.670770
    endloop
  endfacet
  facet normal -0.000000 -1.000000 -0.000000
    outer loop
      vertex 0.621747 -1.020000 -0.670770
      vertex 0.633294 -1.020000 -0.673067
      vertex 0.480000 -1.020000 -0.510000
    endloop
  endfacet
  facet normal 0.000000 -1.000000 0.000000
    outer loop
      vertex 0.480000 1.020000 -0.510000
      vertex 0.621747 1.020000 -0.670770
      vertex 0.633294 1.020000 -0.673067
    endloop
  endfacet
  facet normal -0.000000 1.000000 -0.000000
    outer loop
      vertex 0.633294 1.020000 -0.673067
      vertex 0.621747 1.020000 -0.670770
      vertex 0.480000 1.020000 -0.510000
    endloop
  endfacet
  facet normal 0.000000 1.000000 0.000000
    outer loop
      vertex 0.480000 -1.020000 -0.510000
      vertex 0.644442 -1.020000 -0.676851
      vertex 0.633294 -1.020000 -0.673067
    endloop
  endfacet
  facet normal -0.000000 -1.000000 -0.000000
    outer loop
      vertex 0.633294 -1.020000 -0.673067
      vertex 0.644442 -1.020000 -0.676851
      vertex 0.480000 -1.020000 -0.510000
    endloop
  endfacet
  facet normal 0.000000 -1.000000 0.000000
    outer loop
      vertex 0.480000 1.020000 -0.510000
      vertex 0.633294 1.020000 -0.673067
      vertex 0.644442 1.020000 -0.676851
    endloop
  endfacet
  facet normal -0.000000 1.000000 -0.000000
    outer loop
      vertex 0.644442 1.020000 -0.676851
      vertex 0.633294 1.020000 -0.673067
      vertex 0.480000 1.020000 -0.510000
    endloop
  endfacet
  facet normal 0.000000 1.000000 -0.000000
    outer loop
      vertex 0.480000 -1.020000 -0.510000
      vertex 0.430000 -1.020000 -0.080000
      vertex 0.880000 -1.020000 -0.080000
    endloop
  endfacet
  facet normal -0.000000 -1.000000 0.000000
    outer loop
      vertex 0.880000 -1.020000 -0.080000
      vertex 0.430000 -1.020000 -0.080000
      vertex 0.480000 -1.020000 -0.510000
    endloop
  endfacet
  facet normal 0.000000 -1.000000 0.000000
    outer loop
      vertex 0.480000 1.020000 -0.510000
      vertex 0.880000 1.020000 -0.080000
      vertex 0.430000 1.020000 -0.080000
    endloop
  endfacet
  facet normal -0.000000 1.000000 -0.000000
    outer loop
      vertex 0.430000 1.020000 -0.080000
      vertex 0.880000 1.020000 -0.080000
      vertex 0.480000 1.020000 -0.510000
    endloop
  endfacet
  facet normal 0.000000 1.000000 0.000000
    outer loop
      vertex 0.430000 -1.020000 0.080000
      vertex 0.480000 -1.020000 0.510000
      vertex 0.880000 -1.020000 0.080000
    endloop
  endfacet
  facet normal -0.000000 -1.000000 -0.000000
    outer loop
      vertex 0.880000 -1.020000 0.080000
      vertex 0.480000 -1.020000 0.510000
      vertex 0.430000 -1.020000 0.080000
    endloop
  endfacet
  facet normal 0.000000 -1.000000 0.000000
    outer loop
      vertex 0.430000 1.020000 0.080000
      vertex 0.880000 1.020000 0.080000
      vertex 0.480000 1.020000 0.510000
    endloop
  endfacet
  facet normal -0.000000 1.000000 -0.000000
    outer loop
      vertex 0.480000 1.020000 0.510000
      vertex 0.880000 1.020000 0.080000
      vertex 0.430000 1.020000 0.080000
    endloop
  endfacet
  facet normal 0.000000 1.000000 0.000000
    outer loop
      vertex 0.880000 -1.020000 0.080000
      vertex 0.909856 -1.020000 0.107059
      vertex 0.882941 -1.020000 0.080144
    endloop
  endfacet
  facet normal -0.000000 -1.000000 -0.000000
    outer loop
      vertex 0.882941 -1.020000 0.080144
      vertex 0.909856 -1.020000 0.107059
      vertex 0.880000 -1.020000 0.080000
    endloop
  endfacet
  facet normal 0.000000 -1.000000 0.000000
    outer loop
      vertex 0.880000 1.020000 0.080000
      vertex 0.882941 1.020000 0.080144
      vertex 0.909856 1.020000 0.107059
    endloop
  endfacet
  facet normal -0.000000 1.000000 -0.000000
    outer loop
      vertex 0.909856 1.020000 0.107059
      vertex 0.882941 1.020000 0.080144
      vertex 0.880000 1.020000 0.080000
    endloop
  endfacet
  facet normal 0.000000 1.000000 0.000000
    outer loop
      vertex 0.909856 -1.020000 0.107059
      vertex 0.906458 -1.020000 0.095858
      vertex 0.882941 -1.020000 0.080144
    endloop
  endfacet
  facet normal -0.000000 -1.000000 -0.000000
    outer loop
      vertex 0.882941 -1.020000 0.080144
      vertex 0.906458 -1.020000 0.095858
      vertex 0.909856 -1.020000 0.107059
    endloop
  endfacet
  facet normal 0.000000 -1.000000 0.000000
    outer loop
      vertex 0.909856 1.020000 0.107059
      vertex 0.882941 1.020000 0.080144
      vertex 0.906458 1.020000 0.095858
    endloop
  endfacet
  facet normal -0.000000 1.000000 -0.000000
    outer loop
      vertex 0.906458 1.020000 0.095858
      vertex 0.882941 1.020000 0.080144
      vertex 0.909856 1.020000 0.107059
    endloop
  endfacet
  facet normal 0.000000 1.000000 0.000000
    outer loop
      vertex 0.909856 -1.020000 0.107059
      vertex 0.908708 -1.020000 0.101291
      vertex 0.906458 -1.020000 0.095858
    endloop
  endfacet
  facet normal -0.000000 -1.000000 -0.000000
    outer loop
      vertex 0.906458 -1.020000 0.095858
      vertex 0.908708 -1.020000 0.101291
      vertex 0.909856 -1.020000 0.107059
    endloop
  endfacet
  facet normal 0.000000 -1.000000 0.000000
    outer loop
      vertex 0.909856 1.020000 0.107059
      vertex 0.906458 1.020000 0.095858
      vertex 0.908708 1.020000 0.101291
    endloop
  endfacet
  facet normal -0.000000 1.000000 -0.000000
    outer loop
      vertex 0.908708 1.020000 0.101291
      vertex 0.906458 1.020000 0.095858
      vertex 0.909856 1.020000 0.107059
    endloop
  endfacet
  facet normal 0.000000 1.000000 0.000000
    outer loop
      vertex 0.909856 -1.020000 0.107059
      vertex 0.909424 -1.020000 0.104147
      vertex 0.908708 -1.020000 0.101291
    endloop
  endfacet
  facet normal -0.000000 -1.000000 -0.000000
    outer loop
      vertex 0.908708 -1.020000 0.101291
      vertex 0.909424 -1.020000 0.104147
      vertex 0.909856 -1.020000 0.107059
    endloop
  endfacet
  facet normal 0.000000 -1.000000 0.000000
    outer loop
      vertex 0.909856 1.020000 0.107059
      vertex 0.908708 1.020000 0.101291
      vertex 0.909424 1.020000 0.104147
    endloop
  endfacet
  facet normal -0.000000 1.000000 -0.000000
    outer loop
      vertex 0.909424 1.020000 0.104147
      vertex 0.908708 1.020000 0.101291
      vertex 0.909856 1.020000 0.107059
    endloop
  endfacet
  facet normal 0.000000 1.000000 0.000000
    outer loop
      vertex 0.909856 -1.020000 -0.107059
      vertex 0.908708 -1.020000 -0.101291
      vertex 0.909424 -1.020000 -0.104147
    endloop
  endfacet
  facet normal -0.000000 -1.000000 -0.000000
    outer loop
      vertex 0.909424 -1.020000 -0.104147
      vertex 0.908708 -1.020000 -0.101291
      vertex 0.909856 -1.020000 -0.107059
    endloop
  endfacet
  facet normal 0.000000 -1.000000 0.000000
    outer loop
      vertex 0.909856 1.020000 -0.107059
      vertex 0.909424 1.020000 -0.104147
      vertex 0.908708 1.020000 -0.101291
    endloop
  endfacet
  facet normal -0.000000 1.000000 -0.000000
    outer loop
      vertex 0.908708 1.020000 -0.101291
      vertex 0.909424 1.020000 -0.104147
      vertex 0.909856 1.020000 -0.107059
    endloop
  endfacet
  facet normal 0.000000 1.000000 0.000000
    outer loop
      vertex 0.909856 -1.020000 -0.107059
      vertex 0.904944 -1.020000 -0.093333
      vertex 0.908708 -1.020000 -0.101291
    endloop
  endfacet
  facet normal -0.000000 -1.000000 -0.000000
    outer loop
      vertex 0.908708 -1.020000 -0.101291
      vertex 0.904944 -1.020000 -0.093333
      vertex 0.909856 -1.020000 -0.107059
    endloop
  endfacet
  facet normal 0.000000 -1.000000 0.000000
    outer loop
      vertex 0.909856 1.020000 -0.107059
      vertex 0.908708 1.020000 -0.101291
      vertex 0.904944 1.020000 -0.093333
    endloop
  endfacet
  facet normal -0.000000 1.000000 -0.000000
    outer loop
      vertex 0.904944 1.020000 -0.093333
      vertex 0.908708 1.020000 -0.101291
      vertex 0.909856 1.020000 -0.107059
    endloop
  endfacet
  facet normal 0.000000 1.000000 0.000000
    outer loop
      vertex 0.909856 -1.020000 -0.107059
      vertex 0.899032 -1.020000 -0.086810
      vertex 0.904944 -1.020000 -0.093333
    endloop
  endfacet
  facet normal -0.000000 -1.000000 -0.000000
    outer loop
      vertex 0.904944 -1.020000 -0.093333
      vertex 0.899032 -1.020000 -0.086810
      vertex 0.909856 -1.020000 -0.107059
    endloop
  endfacet
  facet normal 0.000000 -1.000000 0.000000
    outer loop
      vertex 0.909856 1.020000 -0.107059
      vertex 0.904944 1.020000 -0.093333
      vertex 0.899032 1.020000 -0.086810
    endloop
  endfacet
  facet normal -0.000000 1.000000 -0.000000
    outer loop
      vertex 0.899032 1.020000 -0.086810
      vertex 0.904944 1.020000 -0.093333
      vertex 0.909856 1.020000 -0.107059
    endloop
  endfacet
  facet normal 0.000000 1.000000 0.000000
    outer loop
      vertex 0.909856 -1.020000 -0.107059
      vertex 0.888709 -1.020000 -0.081292
      vertex 0.899032 -1.020000 -0.086810
    endloop
  endfacet
  facet normal -0.000000 -1.000000 -0.000000
    outer loop
      vertex 0.899032 -1.020000 -0.086810
      vertex 0.888709 -1.020000 -0.081292
      vertex 0.909856 -1.020000 -0.107059
    endloop
  endfacet
  facet normal 0.000000 -1.000000 0.000000
    outer loop
      vertex 0.909856 1.020000 -0.107059
      vertex 0.899032 1.020000 -0.086810
      vertex 0.888709 1.020000 -0.081292
    endloop
  endfacet
  facet normal -0.000000 1.000000 -0.000000
    outer loop
      vertex 0.888709 1.020000 -0.081292
      vertex 0.899032 1.020000 -0.086810
      vertex 0.909856 1.020000 -0.107059
    endloop
  endfacet
  facet normal 0.000000 1.000000 0.000000
    outer loop
      vertex 0.909856 -1.020000 -0.107059
      vertex 0.885853 -1.020000 -0.080576
      vertex 0.888709 -1.020000 -0.081292
    endloop
  endfacet
  facet normal -0.000000 -1.000000 -0.000000
    outer loop
      vertex 0.888709 -1.020000 -0.081292
      vertex 0.885853 -1.020000 -0.080576
      vertex 0.909856 -1.020000 -0.107059
    endloop
  endfacet
  facet normal 0.000000 -1.000000 0.000000
    outer loop
      vertex 0.909856 1.020000 -0.107059
      vertex 0.888709 1.020000 -0.081292
      vertex 0.885853 1.020000 -0.080576
    endloop
  endfacet
  facet normal -0.000000 1.000000 -0.000000
    outer loop
      vertex 0.885853 1.020000 -0.080576
      vertex 0.888709 1.020000 -0.081292
      vertex 0.909856 1.020000 -0.107059
    endloop
  endfacet
  facet normal 0.000000 1.000000 0.000000
    outer loop
      vertex 0.909856 -1.020000 -0.107059
      vertex 0.880000 -1.020000 -0.080000
      vertex 0.885853 -1.020000 -0.080576
    endloop
  endfacet
  facet normal -0.000000 -1.000000 -0.000000
    outer loop
      vertex 0.885853 -1.020000 -0.080576
      vertex 0.880000 -1.020000 -0.080000
      vertex 0.909856 -1.020000 -0.107059
    endloop
  endfacet
  facet normal 0.000000 -1.000000 0.000000
    outer loop
      vertex 0.909856 1.020000 -0.107059
      vertex 0.885853 1.020000 -0.080576
      vertex 0.880000 1.020000 -0.080000
    endloop
  endfacet
  facet normal -0.000000 1.000000 -0.000000
    outer loop
      vertex 0.880000 1.020000 -0.080000
      vertex 0.885853 1.020000 -0.080576
      vertex 0.909856 1.020000 -0.107059
    endloop
  endfacet
  facet normal 0.000000 1.000000 0.000000
    outer loop
      vertex 0.880000 -1.020000 -0.080000
      vertex 0.882941 -1.020000 -0.080144
      vertex 0.885853 -1.020000 -0.080576
    endloop
  endfacet
  facet normal -0.000000 -1.000000 -0.000000
    outer loop
      vertex 0.885853 -1.020000 -0.080576
      vertex 0.882941 -1.020000 -0.080144
      vertex 0.880000 -1.020000 -0.080000
    endloop
  endfacet
  facet normal 0.000000 -1.000000 0.000000
    outer loop
      vertex 0.880000 1.020000 -0.080000
      vertex 0.885853 1.020000 -0.080576
      vertex 0.882941 1.020000 -0.080144
    endloop
  endfacet
  facet normal -0.000000 1.000000 -0.000000
    outer loop
      vertex 0.882941 1.020000 -0.080144
      vertex 0.885853 1.020000 -0.080576
      vertex 0.880000 1.020000 -0.080000
    endloop
  endfacet
  facet normal 0.000000 1.000000 0.000000
    outer loop
      vertex 0.882941 -1.020000 0.080144
      vertex 0.888709 -1.020000 0.081292
      vertex 0.885853 -1.020000 0.080576
    endloop
  endfacet
  facet normal -0.000000 -1.000000 -0.000000
    outer loop
      vertex 0.885853 -1.020000 0.080576
      vertex 0.888709 -1.020000 0.081292
      vertex 0.882941 -1.020000 0.080144
    endloop
  endfacet
  facet normal 0.000000 -1.000000 0.000000
    outer loop
      vertex 0.882941 1.020000 0.080144
      vertex 0.885853 1.020000 0.080576
      vertex 0.888709 1.020000 0.081292
    endloop
  endfacet
  facet normal -0.000000 1.000000 -0.000000
    outer loop
      vertex 0.888709 1.020000 0.081292
      vertex 0.885853 1.020000 0.080576
      vertex 0.882941 1.020000 0.080144
    endloop
  endfacet
  facet normal 0.000000 1.000000 0.000000
    outer loop
      vertex 0.882941 -1.020000 0.080144
      vertex 0.894142 -1.020000 0.083542
      vertex 0.888709 -1.020000 0.081292
    endloop
  endfacet
  facet normal -0.000000 -1.000000 -0.000000
    outer loop
      vertex 0.888709 -1.020000 0.081292
      vertex 0.894142 -1.020000 0.083542
      vertex 0.882941 -1.020000 0.080144
    endloop
  endfacet
  facet normal 0.000000 -1.000000 0.000000
    outer loop
      vertex 0.882941 1.020000 0.080144
      vertex 0.888709 1.020000 0.081292
      vertex 0.894142 1.020000 0.083542
    endloop
  endfacet
  facet normal -0.000000 1.000000 -0.000000
    outer loop
      vertex 0.894142 1.020000 0.083542
      vertex 0.888709 1.020000 0.081292
      vertex 0.882941 1.020000 0.080144
    endloop
  endfacet
  facet normal 0.000000 1.000000 0.000000
    outer loop
      vertex 0.882941 -1.020000 0.080144
      vertex 0.906458 -1.020000 0.095858
      vertex 0.894142 -1.020000 0.083542
    endloop
  endfacet
  facet normal -0.000000 -1.000000 -0.000000
    outer loop
      vertex 0.894142 -1.020000 0.083542
      vertex 0.906458 -1.020000 0.095858
      vertex 0.882941 -1.020000 0.080144
    endloop
  endfacet
  facet normal 0.000000 -1.000000 0.000000
    outer loop
      vertex 0.882941 1.020000 0.080144
      vertex 0.894142 1.020000 0.083542
      vertex 0.906458 1.020000 0.095858
    endloop
  endfacet
  facet normal -0.000000 1.000000 -0.000000
    outer loop
      vertex 0.906458 1.020000 0.095858
      vertex 0.894142 1.020000 0.083542
      vertex 0.882941 1.020000 0.080144
    endloop
  endfacet
  facet normal 0.000000 1.000000 0.000000
    outer loop
      vertex 0.906458 -1.020000 0.095858
      vertex 0.903190 -1.020000 0.090968
      vertex 0.894142 -1.020000 0.083542
    endloop
  endfacet
  facet normal -0.000000 -1.000000 -0.000000
    outer loop
      vertex 0.894142 -1.020000 0.083542
      vertex 0.903190 -1.020000 0.090968
      vertex 0.906458 -1.020000 0.095858
    endloop
  endfacet
  facet normal 0.000000 -1.000000 0.000000
    outer loop
      vertex 0.906458 1.020000 0.095858
      vertex 0.894142 1.020000 0.083542
      vertex 0.903190 1.020000 0.090968
    endloop
  endfacet
  facet normal -0.000000 1.000000 -0.000000
    outer loop
      vertex 0.903190 1.020000 0.090968
      vertex 0.894142 1.020000 0.083542
      vertex 0.906458 1.020000 0.095858
    endloop
  endfacet
  facet normal 0.000000 1.000000 0.000000
    outer loop
      vertex 0.906458 -1.020000 0.095858
      vertex 0.904944 -1.020000 0.093333
      vertex 0.903190 -1.020000 0.090968
    endloop
  endfacet
  facet normal -0.000000 -1.000000 -0.000000
    outer loop
      vertex 0.903190 -1.020000 0.090968
      vertex 0.904944 -1.020000 0.093333
      vertex 0.906458 -1.020000 0.095858
    endloop
  endfacet
  facet normal 0.000000 -1.000000 0.000000
    outer loop
      vertex 0.906458 1.020000 0.095858
      vertex 0.903190 1.020000 0.090968
      vertex 0.904944 1.020000 0.093333
    endloop
  endfacet
  facet normal -0.000000 1.000000 -0.000000
    outer loop
      vertex 0.904944 1.020000 0.093333
      vertex 0.903190 1.020000 0.090968
      vertex 0.906458 1.020000 0.095858
    endloop
  endfacet
  facet normal 0.000000 1.000000 0.000000
    outer loop
      vertex 0.906458 -1.020000 0.095858
      vertex 0.908708 -1.020000 0.101291
      vertex 0.907716 -1.020000 0.098519
    endloop
  endfacet
  facet normal -0.000000 -1.000000 -0.000000
    outer loop
      vertex 0.907716 -1.020000 0.098519
      vertex 0.908708 -1.020000 0.101291
      vertex 0.906458 -1.020000 0.095858
    endloop
  endfacet
  facet normal 0.000000 -1.000000 0.000000
    outer loop
      vertex 0.906458 1.020000 0.095858
      vertex 0.907716 1.020000 0.098519
      vertex 0.908708 1.020000 0.101291
    endloop
  endfacet
  facet normal -0.000000 1.000000 -0.000000
    outer loop
      vertex 0.908708 1.020000 0.101291
      vertex 0.907716 1.020000 0.098519
      vertex 0.906458 1.020000 0.095858
    endloop
  endfacet
  facet normal 0.000000 1.000000 0.000000
    outer loop
      vertex 0.908708 -1.020000 -0.101291
      vertex 0.906458 -1.020000 -0.095858
      vertex 0.907716 -1.020000 -0.098519
    endloop
  endfacet
  facet normal -0.000000 -1.000000 -0.000000
    outer loop
      vertex 0.907716 -1.020000 -0.098519
      vertex 0.906458 -1.020000 -0.095858
      vertex 0.908708 -1.020000 -0.101291
    endloop
  endfacet
  facet normal 0.000000 -1.000000 0.000000
    outer loop
      vertex 0.908708 1.020000 -0.101291
      vertex 0.907716 1.020000 -0.098519
      vertex 0.906458 1.020000 -0.095858
    endloop
  endfacet
  facet normal -0.000000 1.000000 -0.000000
    outer loop
      vertex 0.906458 1.020000 -0.095858
      vertex 0.907716 1.020000 -0.098519
      vertex 0.908708 1.020000 -0.101291
    endloop
  endfacet
  facet normal 0.000000 1.000000 0.000000
    outer loop
      vertex 0.908708 -1.020000 -0.101291
      vertex 0.904944 -1.020000 -0.093333
      vertex 0.906458 -1.020000 -0.095858
    endloop
  endfacet
  facet normal -0.000000 -1.000000 -0.000000
    outer loop
      vertex 0.906458 -1.020000 -0.095858
      vertex 0.904944 -1.020000 -0.093333
      vertex 0.908708 -1.020000 -0.101291
    endloop
  endfacet
  facet normal 0.000000 -1.000000 0.000000
    outer loop
      vertex 0.908708 1.020000 -0.101291
      vertex 0.906458 1.020000 -0.095858
      vertex 0.904944 1.020000 -0.093333
    endloop
  endfacet
  facet normal -0.000000 1.000000 -0.000000
    outer loop
      vertex 0.904944 1.020000 -0.093333
      vertex 0.906458 1.020000 -0.095858
      vertex 0.908708 1.020000 -0.101291
    endloop
  endfacet
  facet normal 0.000000 1.000000 0.000000
    outer loop
      vertex 0.904944 -1.020000 -0.093333
      vertex 0.899032 -1.020000 -0.086810
      vertex 0.903190 -1.020000 -0.090968
    endloop
  endfacet
  facet normal -0.000000 -1.000000 -0.000000
    outer loop
      vertex 0.903190 -1.020000 -0.090968
      vertex 0.899032 -1.020000 -0.086810
      vertex 0.904944 -1.020000 -0.093333
    endloop
  endfacet
  facet normal 0.000000 -1.000000 0.000000
    outer loop
      vertex 0.904944 1.020000 -0.093333
      vertex 0.903190 1.020000 -0.090968
      vertex 0.899032 1.020000 -0.086810
    endloop
  endfacet
  facet normal -0.000000 1.000000 -0.000000
    outer loop
      vertex 0.899032 1.020000 -0.086810
      vertex 0.903190 1.020000 -0.090968
      vertex 0.904944 1.020000 -0.093333
    endloop
  endfacet
  facet normal 0.000000 1.000000 0.000000
    outer loop
      vertex 0.899032 -1.020000 -0.086810
      vertex 0.901213 -1.020000 -0.088787
      vertex 0.903190 -1.020000 -0.090968
    endloop
  endfacet
  facet normal -0.000000 -1.000000 -0.000000
    outer loop
      vertex 0.903190 -1.020000 -0.090968
      vertex 0.901213 -1.020000 -0.088787
      vertex 0.899032 -1.020000 -0.086810
    endloop
  endfacet
  facet normal 0.000000 -1.000000 0.000000
    outer loop
      vertex 0.899032 1.020000 -0.086810
      vertex 0.903190 1.020000 -0.090968
      vertex 0.901213 1.020000 -0.088787
    endloop
  endfacet
  facet normal -0.000000 1.000000 -0.000000
    outer loop
      vertex 0.901213 1.020000 -0.088787
      vertex 0.903190 1.020000 -0.090968
      vertex 0.899032 1.020000 -0.086810
    endloop
  endfacet
  facet normal 0.000000 1.000000 0.000000
    outer loop
      vertex 0.899032 -1.020000 -0.086810
      vertex 0.894142 -1.020000 -0.083542
      vertex 0.896667 -1.020000 -0.085056
    endloop
  endfacet
  facet normal -0.000000 -1.000000 -0.000000
    outer loop
      vertex 0.896667 -1.020000 -0.085056
      vertex 0.894142 -1.020000 -0.083542
      vertex 0.899032 -1.020000 -0.086810
    endloop
  endfacet
  facet normal 0.000000 -1.000000 0.000000
    outer loop
      vertex 0.899032 1.020000 -0.086810
      vertex 0.896667 1.020000 -0.085056
      vertex 0.894142 1.020000 -0.083542
    endloop
  endfacet
  facet normal -0.000000 1.000000 -0.000000
    outer loop
      vertex 0.894142 1.020000 -0.083542
      vertex 0.896667 1.020000 -0.085056
      vertex 0.899032 1.020000 -0.086810
    endloop
  endfacet
  facet normal 0.000000 1.000000 0.000000
    outer loop
      vertex 0.899032 -1.020000 -0.086810
      vertex 0.888709 -1.020000 -0.081292
      vertex 0.894142 -1.020000 -0.083542
    endloop
  endfacet
  facet normal -0.000000 -1.000000 -0.000000
    outer loop
      vertex 0.894142 -1.020000 -0.083542
      vertex 0.888709 -1.020000 -0.081292
      vertex 0.899032 -1.020000 -0.086810
    endloop
  endfacet
  facet normal 0.000000 -1.000000 0.000000
    outer loop
      vertex 0.899032 1.020000 -0.086810
      vertex 0.894142 1.020000 -0.083542
      vertex 0.888709 1.020000 -0.081292
    endloop
  endfacet
  facet normal -0.000000 1.000000 -0.000000
    outer loop
      vertex 0.888709 1.020000 -0.081292
      vertex 0.894142 1.020000 -0.083542
      vertex 0.899032 1.020000 -0.086810
    endloop
  endfacet
  facet normal 0.000000 1.000000 0.000000
    outer loop
      vertex 0.888709 -1.020000 -0.081292
      vertex 0.891481 -1.020000 -0.082284
      vertex 0.894142 -1.020000 -0.083542
    endloop
  endfacet
  facet normal -0.000000 -1.000000 -0.000000
    outer loop
      vertex 0.894142 -1.020000 -0.083542
      vertex 0.891481 -1.020000 -0.082284
      vertex 0.888709 -1.020000 -0.081292
    endloop
  endfacet
  facet normal 0.000000 -1.000000 0.000000
    outer loop
      vertex 0.888709 1.020000 -0.081292
      vertex 0.894142 1.020000 -0.083542
      vertex 0.891481 1.020000 -0.082284
    endloop
  endfacet
  facet normal -0.000000 1.000000 -0.000000
    outer loop
      vertex 0.891481 1.020000 -0.082284
      vertex 0.894142 1.020000 -0.083542
      vertex 0.888709 1.020000 -0.081292
    endloop
  endfacet
  facet normal 0.000000 1.000000 0.000000
    outer loop
      vertex 0.888709 -1.020000 0.081292
      vertex 0.894142 -1.020000 0.083542
      vertex 0.891481 -1.020000 0.082284
    endloop
  endfacet
  facet normal -0.000000 -1.000000 -0.000000
    outer loop
      vertex 0.891481 -1.020000 0.082284
      vertex 0.894142 -1.020000 0.083542
      vertex 0.888709 -1.020000 0.081292
    endloop
  endfacet
  facet normal 0.000000 -1.000000 0.000000
    outer loop
      vertex 0.888709 1.020000 0.081292
      vertex 0.891481 1.020000 0.082284
      vertex 0.894142 1.020000 0.083542
    endloop
  endfacet
  facet normal -0.000000 1.000000 -0.000000
    outer loop
      vertex 0.894142 1.020000 0.083542
      vertex 0.891481 1.020000 0.082284
      vertex 0.888709 1.020000 0.081292
    endloop
  endfacet
  facet normal 0.000000 1.000000 0.000000
    outer loop
      vertex 0.894142 -1.020000 0.083542
      vertex 0.899032 -1.020000 0.086810
      vertex 0.896667 -1.020000 0.085056
    endloop
  endfacet
  facet normal -0.000000 -1.000000 -0.000000
    outer loop
      vertex 0.896667 -1.020000 0.085056
      vertex 0.899032 -1.020000 0.086810
      vertex 0.894142 -1.020000 0.083542
    endloop
  endfacet
  facet normal 0.000000 -1.000000 0.000000
    outer loop
      vertex 0.894142 1.020000 0.083542
      vertex 0.896667 1.020000 0.085056
      vertex 0.899032 1.020000 0.086810
    endloop
  endfacet
  facet normal -0.000000 1.000000 -0.000000
    outer loop
      vertex 0.899032 1.020000 0.086810
      vertex 0.896667 1.020000 0.085056
      vertex 0.894142 1.020000 0.083542
    endloop
  endfacet
  facet normal 0.000000 1.000000 0.000000
    outer loop
      vertex 0.894142 -1.020000 0.083542
      vertex 0.903190 -1.020000 0.090968
      vertex 0.899032 -1.020000 0.086810
    endloop
  endfacet
  facet normal -0.000000 -1.000000 -0.000000
    outer loop
      vertex 0.899032 -1.020000 0.086810
      vertex 0.903190 -1.020000 0.090968
      vertex 0.894142 -1.020000 0.083542
    endloop
  endfacet
  facet normal 0.000000 -1.000000 0.000000
    outer loop
      vertex 0.894142 1.020000 0.083542
      vertex 0.899032 1.020000 0.086810
      vertex 0.903190 1.020000 0.090968
    endloop
  endfacet
  facet normal -0.000000 1.000000 -0.000000
    outer loop
      vertex 0.903190 1.020000 0.090968
      vertex 0.899032 1.020000 0.086810
      vertex 0.894142 1.020000 0.083542
    endloop
  endfacet
  facet normal 0.000000 1.000000 0.000000
    outer loop
      vertex 0.903190 -1.020000 0.090968
      vertex 0.901213 -1.020000 0.088787
      vertex 0.899032 -1.020000 0.086810
    endloop
  endfacet
  facet normal -0.000000 -1.000000 -0.000000
    outer loop
      vertex 0.899032 -1.020000 0.086810
      vertex 0.901213 -1.020000 0.088787
      vertex 0.903190 -1.020000 0.090968
    endloop
  endfacet
  facet normal 0.000000 -1.000000 0.000000
    outer loop
      vertex 0.903190 1.020000 0.090968
      vertex 0.899032 1.020000 0.086810
      vertex 0.901213 1.020000 0.088787
    endloop
  endfacet
  facet normal -0.000000 1.000000 -0.000000
    outer loop
      vertex 0.901213 1.020000 0.088787
      vertex 0.899032 1.020000 0.086810
      vertex 0.903190 1.020000 0.090968
    endloop
  endfacet
  facet normal 0.000000 1.000000 0.000000
    outer loop
      vertex 0.480000 -1.020000 0.510000
      vertex 0.758847 -1.020000 0.643510
      vertex 0.774325 -1.020000 0.640880
    endloop
  endfacet
  facet normal -0.000000 -1.000000 -0.000000
    outer loop
      vertex 0.774325 -1.020000 0.640880
      vertex 0.758847 -1.020000 0.643510
      vertex 0.480000 -1.020000 0.510000
    endloop
  endfacet
  facet normal 0.000000 -1.000000 0.000000
    outer loop
      vertex 0.480000 1.020000 0.510000
      vertex 0.774325 1.020000 0.640880
      vertex 0.758847 1.020000 0.643510
    endloop
  endfacet
  facet normal -0.000000 1.000000 -0.000000
    outer loop
      vertex 0.758847 1.020000 0.643510
      vertex 0.774325 1.020000 0.640880
      vertex 0.480000 1.020000 0.510000
    endloop
  endfacet
  facet normal 0.000000 1.000000 0.000000
    outer loop
      vertex 0.480000 -1.020000 0.510000
      vertex 0.743761 -1.020000 0.647856
      vertex 0.758847 -1.020000 0.643510
    endloop
  endfacet
  facet normal -0.000000 -1.000000 -0.000000
    outer loop
      vertex 0.758847 -1.020000 0.643510
      vertex 0.743761 -1.020000 0.647856
      vertex 0.480000 -1.020000 0.510000
    endloop
  endfacet
  facet normal 0.000000 -1.000000 0.000000
    outer loop
      vertex 0.480000 1.020000 0.510000
      vertex 0.758847 1.020000 0.643510
      vertex 0.743761 1.020000 0.647856
    endloop
  endfacet
  facet normal -0.000000 1.000000 -0.000000
    outer loop
      vertex 0.743761 1.020000 0.647856
      vertex 0.758847 1.020000 0.643510
      vertex 0.480000 1.020000 0.510000
    endloop
  endfacet
  facet normal 0.000000 1.000000 0.000000
    outer loop
      vertex 0.480000 -1.020000 0.510000
      vertex 0.729256 -1.020000 0.653864
      vertex 0.743761 -1.020000 0.647856
    endloop
  endfacet
  facet normal -0.000000 -1.000000 -0.000000
    outer loop
      vertex 0.743761 -1.020000 0.647856
      vertex 0.729256 -1.020000 0.653864
      vertex 0.480000 -1.020000 0.510000
    endloop
  endfacet
  facet normal 0.000000 -1.000000 0.000000
    outer loop
      vertex 0.480000 1.020000 0.510000
      vertex 0.743761 1.020000 0.647856
      vertex 0.729256 1.020000 0.653864
    endloop
  endfacet
  facet normal -0.000000 1.000000 -0.000000
    outer loop
      vertex 0.729256 1.020000 0.653864
      vertex 0.743761 1.020000 0.647856
      vertex 0.480000 1.020000 0.510000
    endloop
  endfacet
  facet normal 0.000000 1.000000 0.000000
    outer loop
      vertex 0.480000 -1.020000 0.510000
      vertex 0.715516 -1.020000 0.661459
      vertex 0.729256 -1.020000 0.653864
    endloop
  endfacet
  facet normal -0.000000 -1.000000 -0.000000
    outer loop
      vertex 0.729256 -1.020000 0.653864
      vertex 0.715516 -1.020000 0.661459
      vertex 0.480000 -1.020000 0.510000
    endloop
  endfacet
  facet normal 0.000000 -1.000000 0.000000
    outer loop
      vertex 0.480000 1.020000 0.510000
      vertex 0.729256 1.020000 0.653864
      vertex 0.715516 1.020000 0.661459
    endloop
  endfacet
  facet normal -0.000000 1.000000 -0.000000
    outer loop
      vertex 0.715516 1.020000 0.661459
      vertex 0.729256 1.020000 0.653864
      vertex 0.480000 1.020000 0.510000
    endloop
  endfacet
  facet normal 0.000000 1.000000 0.000000
    outer loop
      vertex 0.480000 -1.020000 0.510000
      vertex 0.702711 -1.020000 0.670544
      vertex 0.715516 -1.020000 0.661459
    endloop
  endfacet
  facet normal -0.000000 -1.000000 -0.000000
    outer loop
      vertex 0.715516 -1.020000 0.661459
      vertex 0.702711 -1.020000 0.670544
      vertex 0.480000 -1.020000 0.510000
    endloop
  endfacet
  facet normal 0.000000 -1.000000 0.000000
    outer loop
      vertex 0.480000 1.020000 0.510000
      vertex 0.715516 1.020000 0.661459
      vertex 0.702711 1.020000 0.670544
    endloop
  endfacet
  facet normal -0.000000 1.000000 -0.000000
    outer loop
      vertex 0.702711 1.020000 0.670544
      vertex 0.715516 1.020000 0.661459
      vertex 0.480000 1.020000 0.510000
    endloop
  endfacet
  facet normal 0.000000 1.000000 0.000000
    outer loop
      vertex 0.480000 -1.020000 0.510000
      vertex 0.691005 -1.020000 0.681005
      vertex 0.702711 -1.020000 0.670544
    endloop
  endfacet
  facet normal -0.000000 -1.000000 -0.000000
    outer loop
      vertex 0.702711 -1.020000 0.670544
      vertex 0.691005 -1.020000 0.681005
      vertex 0.480000 -1.020000 0.510000
    endloop
  endfacet
  facet normal 0.000000 -1.000000 0.000000
    outer loop
      vertex 0.480000 1.020000 0.510000
      vertex 0.702711 1.020000 0.670544
      vertex 0.691005 1.020000 0.681005
    endloop
  endfacet
  facet normal -0.000000 1.000000 -0.000000
    outer loop
      vertex 0.691005 1.020000 0.681005
      vertex 0.702711 1.020000 0.670544
      vertex 0.480000 1.020000 0.510000
    endloop
  endfacet
  facet normal 0.000000 1.000000 0.000000
    outer loop
      vertex 0.480000 -1.020000 0.510000
      vertex 0.680544 -1.020000 0.692711
      vertex 0.691005 -1.020000 0.681005
    endloop
  endfacet
  facet normal -0.000000 -1.000000 -0.000000
    outer loop
      vertex 0.691005 -1.020000 0.681005
      vertex 0.680544 -1.020000 0.692711
      vertex 0.480000 -1.020000 0.510000
    endloop
  endfacet
  facet normal 0.000000 -1.000000 0.000000
    outer loop
      vertex 0.480000 1.020000 0.510000
      vertex 0.691005 1.020000 0.681005
      vertex 0.680544 1.020000 0.692711
    endloop
  endfacet
  facet normal -0.000000 1.000000 -0.000000
    outer loop
      vertex 0.680544 1.020000 0.692711
      vertex 0.691005 1.020000 0.681005
      vertex 0.480000 1.020000 0.510000
    endloop
  endfacet
  facet normal 0.000000 1.000000 0.000000
    outer loop
      vertex 0.480000 -1.020000 0.510000
      vertex 0.671459 -1.020000 0.705516
      vertex 0.680544 -1.020000 0.692711
    endloop
  endfacet
  facet normal -0.000000 -1.000000 -0.000000
    outer loop
      vertex 0.680544 -1.020000 0.692711
      vertex 0.671459 -1.020000 0.705516
      vertex 0.480000 -1.020000 0.510000
    endloop
  endfacet
  facet normal 0.000000 -1.000000 0.000000
    outer loop
      vertex 0.480000 1.020000 0.510000
      vertex 0.680544 1.020000 0.692711
      vertex 0.671459 1.020000 0.705516
    endloop
  endfacet
  facet normal -0.000000 1.000000 -0.000000
    outer loop
      vertex 0.671459 1.020000 0.705516
      vertex 0.680544 1.020000 0.692711
      vertex 0.480000 1.020000 0.510000
    endloop
  endfacet
  facet normal 0.000000 1.000000 0.000000
    outer loop
      vertex 0.480000 -1.020000 0.510000
      vertex 0.663864 -1.020000 0.719256
      vertex 0.671459 -1.020000 0.705516
    endloop
  endfacet
  facet normal -0.000000 -1.000000 -0.000000
    outer loop
      vertex 0.671459 -1.020000 0.705516
      vertex 0.663864 -1.020000 0.719256
      vertex 0.480000 -1.020000 0.510000
    endloop
  endfacet
  facet normal 0.000000 -1.000000 0.000000
    outer loop
      vertex 0.480000 1.020000 0.510000
      vertex 0.671459 1.020000 0.705516
      vertex 0.663864 1.020000 0.719256
    endloop
  endfacet
  facet normal -0.000000 1.000000 -0.000000
    outer loop
      vertex 0.663864 1.020000 0.719256
      vertex 0.671459 1.020000 0.705516
      vertex 0.480000 1.020000 0.510000
    endloop
  endfacet
  facet normal 0.000000 1.000000 0.000000
    outer loop
      vertex 0.480000 -1.020000 0.510000
      vertex 0.657856 -1.020000 0.733761
      vertex 0.663864 -1.020000 0.719256
    endloop
  endfacet
  facet normal -0.000000 -1.000000 -0.000000
    outer loop
      vertex 0.663864 -1.020000 0.719256
      vertex 0.657856 -1.020000 0.733761
      vertex 0.480000 -1.020000 0.510000
    endloop
  endfacet
  facet normal 0.000000 -1.000000 0.000000
    outer loop
      vertex 0.480000 1.020000 0.510000
      vertex 0.663864 1.020000 0.719256
      vertex 0.657856 1.020000 0.733761
    endloop
  endfacet
  facet normal -0.000000 1.000000 -0.000000
    outer loop
      vertex 0.657856 1.020000 0.733761
      vertex 0.663864 1.020000 0.719256
      vertex 0.480000 1.020000 0.510000
    endloop
  endfacet
  facet normal 0.000000 1.000000 0.000000
    outer loop
      vertex 0.480000 -1.020000 0.510000
      vertex 0.653510 -1.020000 0.748847
      vertex 0.657856 -1.020000 0.733761
    endloop
  endfacet
  facet normal -0.000000 -1.000000 -0.000000
    outer loop
      vertex 0.657856 -1.020000 0.733761
      vertex 0.653510 -1.020000 0.748847
      vertex 0.480000 -1.020000 0.510000
    endloop
  endfacet
  facet normal 0.000000 -1.000000 0.000000
    outer loop
      vertex 0.480000 1.020000 0.510000
      vertex 0.657856 1.020000 0.733761
      vertex 0.653510 1.020000 0.748847
    endloop
  endfacet
  facet normal -0.000000 1.000000 -0.000000
    outer loop
      vertex 0.653510 1.020000 0.748847
      vertex 0.657856 1.020000 0.733761
      vertex 0.480000 1.020000 0.510000
    endloop
  endfacet
  facet normal 0.000000 1.000000 0.000000
    outer loop
      vertex 0.480000 -1.020000 0.510000
      vertex 0.650880 -1.020000 0.764325
      vertex 0.653510 -1.020000 0.748847
    endloop
  endfacet
  facet normal -0.000000 -1.000000 -0.000000
    outer loop
      vertex 0.653510 -1.020000 0.748847
      vertex 0.650880 -1.020000 0.764325
      vertex 0.480000 -1.020000 0.510000
    endloop
  endfacet
  facet normal 0.000000 -1.000000 0.000000
    outer loop
      vertex 0.480000 1.020000 0.510000
      vertex 0.653510 1.020000 0.748847
      vertex 0.650880 1.020000 0.764325
    endloop
  endfacet
  facet normal -0.000000 1.000000 -0.000000
    outer loop
      vertex 0.650880 1.020000 0.764325
      vertex 0.653510 1.020000 0.748847
      vertex 0.480000 1.020000 0.510000
    endloop
  endfacet
  facet normal 0.000000 1.000000 0.000000
    outer loop
      vertex 0.480000 -1.020000 0.510000
      vertex 0.650000 -1.020000 0.780000
      vertex 0.650880 -1.020000 0.764325
    endloop
  endfacet
  facet normal -0.000000 -1.000000 -0.000000
    outer loop
      vertex 0.650880 -1.020000 0.764325
      vertex 0.650000 -1.020000 0.780000
      vertex 0.480000 -1.020000 0.510000
    endloop
  endfacet
  facet normal 0.000000 -1.000000 0.000000
    outer loop
      vertex 0.480000 1.020000 0.510000
      vertex 0.650880 1.020000 0.764325
      vertex 0.650000 1.020000 0.780000
    endloop
  endfacet
  facet normal -0.000000 1.000000 -0.000000
    outer loop
      vertex 0.650000 1.020000 0.780000
      vertex 0.650880 1.020000 0.764325
      vertex 0.480000 1.020000 0.510000
    endloop
  endfacet
  facet normal 0.000000 1.000000 0.000000
    outer loop
      vertex 0.909856 -1.020000 -1.422941
      vertex 0.909424 -1.020000 -1.425853
      vertex 0.908708 -1.020000 -1.428709
    endloop
  endfacet
  facet normal -0.000000 -1.000000 -0.000000
    outer loop
      vertex 0.908708 -1.020000 -1.428709
      vertex 0.909424 -1.020000 -1.425853
      vertex 0.909856 -1.020000 -1.422941
    endloop
  endfacet
  facet normal 0.000000 -1.000000 0.000000
    outer loop
      vertex 0.909856 1.020000 -1.422941
      vertex 0.908708 1.020000 -1.428709
      vertex 0.909424 1.020000 -1.425853
    endloop
  endfacet
  facet normal -0.000000 1.000000 -0.000000
    outer loop
      vertex 0.909424 1.020000 -1.425853
      vertex 0.908708 1.020000 -1.428709
      vertex 0.909856 1.020000 -1.422941
    endloop
  endfacet
  facet normal 0.000000 1.000000 0.000000
    outer loop
      vertex 0.908708 -1.020000 -1.428709
      vertex 0.906458 -1.020000 -1.434142
      vertex 0.904944 -1.020000 -1.436667
    endloop
  endfacet
  facet normal -0.000000 -1.000000 -0.000000
    outer loop
      vertex 0.904944 -1.020000 -1.436667
      vertex 0.906458 -1.020000 -1.434142
      vertex 0.908708 -1.020000 -1.428709
    endloop
  endfacet
  facet normal 0.000000 -1.000000 0.000000
    outer loop
      vertex 0.908708 1.020000 -1.428709
      vertex 0.904944 1.020000 -1.436667
      vertex 0.906458 1.020000 -1.434142
    endloop
  endfacet
  facet normal -0.000000 1.000000 -0.000000
    outer loop
      vertex 0.906458 1.020000 -1.434142
      vertex 0.904944 1.020000 -1.436667
      vertex 0.908708 1.020000 -1.428709
    endloop
  endfacet
  facet normal 0.000000 1.000000 0.000000
    outer loop
      vertex 0.908708 -1.020000 -1.428709
      vertex 0.907716 -1.020000 -1.431481
      vertex 0.906458 -1.020000 -1.434142
    endloop
  endfacet
  facet normal -0.000000 -1.000000 -0.000000
    outer loop
      vertex 0.906458 -1.020000 -1.434142
      vertex 0.907716 -1.020000 -1.431481
      vertex 0.908708 -1.020000 -1.428709
    endloop
  endfacet
  facet normal 0.000000 -1.000000 0.000000
    outer loop
      vertex 0.908708 1.020000 -1.428709
      vertex 0.906458 1.020000 -1.434142
      vertex 0.907716 1.020000 -1.431481
    endloop
  endfacet
  facet normal -0.000000 1.000000 -0.000000
    outer loop
      vertex 0.907716 1.020000 -1.431481
      vertex 0.906458 1.020000 -1.434142
      vertex 0.908708 1.020000 -1.428709
    endloop
  endfacet
  facet normal 0.242980 0.000000 0.970031
    outer loop
      vertex 0.885853 -1.020000 1.449424
      vertex 0.888709 -1.020000 1.448708
      vertex 0.888709 1.020000 1.448708
    endloop
  endfacet
  facet normal -0.242980 -0.000000 -0.970031
    outer loop
      vertex 0.888709 1.020000 1.448708
      vertex 0.888709 -1.020000 1.448708
      vertex 0.885853 -1.020000 1.449424
    endloop
  endfacet
  facet normal 0.242980 -0.000000 0.970031
    outer loop
      vertex 0.885853 -1.020000 1.449424
      vertex 0.888709 1.020000 1.448708
      vertex 0.885853 1.020000 1.449424
    endloop
  endfacet
  facet normal -0.242980 0.000000 -0.970031
    outer loop
      vertex 0.885853 1.020000 1.449424
      vertex 0.888709 1.020000 1.448708
      vertex 0.885853 -1.020000 1.449424
    endloop
  endfacet
  facet normal 0.336890 0.000000 0.941544
    outer loop
      vertex 0.888709 -1.020000 1.448708
      vertex 0.891481 -1.020000 1.447716
      vertex 0.891481 1.020000 1.447716
    endloop
  endfacet
  facet normal -0.336890 -0.000000 -0.941544
    outer loop
      vertex 0.891481 1.020000 1.447716
      vertex 0.891481 -1.020000 1.447716
      vertex 0.888709 -1.020000 1.448708
    endloop
  endfacet
  facet normal 0.336890 -0.000000 0.941544
    outer loop
      vertex 0.888709 -1.020000 1.448708
      vertex 0.891481 1.020000 1.447716
      vertex 0.888709 1.020000 1.448708
    endloop
  endfacet
  facet normal -0.336890 0.000000 -0.941544
    outer loop
      vertex 0.888709 1.020000 1.448708
      vertex 0.891481 1.020000 1.447716
      vertex 0.888709 -1.020000 1.448708
    endloop
  endfacet
  facet normal 0.427555 0.000000 0.903989
    outer loop
      vertex 0.891481 -1.020000 1.447716
      vertex 0.894142 -1.020000 1.446458
      vertex 0.894142 1.020000 1.446458
    endloop
  endfacet
  facet normal -0.427555 -0.000000 -0.903989
    outer loop
      vertex 0.894142 1.020000 1.446458
      vertex 0.894142 -1.020000 1.446458
      vertex 0.891481 -1.020000 1.447716
    endloop
  endfacet
  facet normal 0.427555 -0.000000 0.903989
    outer loop
      vertex 0.891481 -1.020000 1.447716
      vertex 0.894142 1.020000 1.446458
      vertex 0.891481 1.020000 1.447716
    endloop
  endfacet
  facet normal -0.427555 0.000000 -0.903989
    outer loop
      vertex 0.891481 1.020000 1.447716
      vertex 0.894142 1.020000 1.446458
      vertex 0.891481 -1.020000 1.447716
    endloop
  endfacet
  facet normal 0.514103 0.000000 0.857729
    outer loop
      vertex 0.894142 -1.020000 1.446458
      vertex 0.896667 -1.020000 1.444944
      vertex 0.896667 1.020000 1.444944
    endloop
  endfacet
  facet normal -0.514103 -0.000000 -0.857729
    outer loop
      vertex 0.896667 1.020000 1.444944
      vertex 0.896667 -1.020000 1.444944
      vertex 0.894142 -1.020000 1.446458
    endloop
  endfacet
  facet normal 0.514103 -0.000000 0.857729
    outer loop
      vertex 0.894142 -1.020000 1.446458
      vertex 0.896667 1.020000 1.444944
      vertex 0.894142 1.020000 1.446458
    endloop
  endfacet
  facet normal -0.514103 0.000000 -0.857729
    outer loop
      vertex 0.894142 1.020000 1.446458
      vertex 0.896667 1.020000 1.444944
      vertex 0.894142 -1.020000 1.446458
    endloop
  endfacet
  facet normal 0.595699 0.000000 0.803208
    outer loop
      vertex 0.896667 -1.020000 1.444944
      vertex 0.899032 -1.020000 1.443190
      vertex 0.899032 1.020000 1.443190
    endloop
  endfacet
  facet normal -0.595699 -0.000000 -0.803208
    outer loop
      vertex 0.899032 1.020000 1.443190
      vertex 0.899032 -1.020000 1.443190
      vertex 0.896667 -1.020000 1.444944
    endloop
  endfacet
  facet normal 0.595699 -0.000000 0.803208
    outer loop
      vertex 0.896667 -1.020000 1.444944
      vertex 0.899032 1.020000 1.443190
      vertex 0.896667 1.020000 1.444944
    endloop
  endfacet
  facet normal -0.595699 0.000000 -0.803208
    outer loop
      vertex 0.896667 1.020000 1.444944
      vertex 0.899032 1.020000 1.443190
      vertex 0.896667 -1.020000 1.444944
    endloop
  endfacet
  facet normal 0.671559 0.000000 0.740951
    outer loop
      vertex 0.899032 -1.020000 1.443190
      vertex 0.901213 -1.020000 1.441213
      vertex 0.901213 1.020000 1.441213
    endloop
  endfacet
  facet normal -0.671559 -0.000000 -0.740951
    outer loop
      vertex 0.901213 1.020000 1.441213
      vertex 0.901213 -1.020000 1.441213
      vertex 0.899032 -1.020000 1.443190
    endloop
  endfacet
  facet normal 0.671559 -0.000000 0.740951
    outer loop
      vertex 0.899032 -1.020000 1.443190
      vertex 0.901213 1.020000 1.441213
      vertex 0.899032 1.020000 1.443190
    endloop
  endfacet
  facet normal -0.671559 0.000000 -0.740951
    outer loop
      vertex 0.899032 1.020000 1.443190
      vertex 0.901213 1.020000 1.441213
      vertex 0.899032 -1.020000 1.443190
    endloop
  endfacet
  facet normal 0.740951 0.000000 0.671559
    outer loop
      vertex 0.901213 -1.020000 1.441213
      vertex 0.903190 -1.020000 1.439032
      vertex 0.903190 1.020000 1.439032
    endloop
  endfacet
  facet normal -0.740951 -0.000000 -0.671559
    outer loop
      vertex 0.903190 1.020000 1.439032
      vertex 0.903190 -1.020000 1.439032
      vertex 0.901213 -1.020000 1.441213
    endloop
  endfacet
  facet normal 0.740951 -0.000000 0.671559
    outer loop
      vertex 0.901213 -1.020000 1.441213
      vertex 0.903190 1.020000 1.439032
      vertex 0.901213 1.020000 1.441213
    endloop
  endfacet
  facet normal -0.740951 0.000000 -0.671559
    outer loop
      vertex 0.901213 1.020000 1.441213
      vertex 0.903190 1.020000 1.439032
      vertex 0.901213 -1.020000 1.441213
    endloop
  endfacet
  facet normal 0.803208 0.000000 0.595699
    outer loop
      vertex 0.903190 -1.020000 1.439032
      vertex 0.904944 -1.020000 1.436667
      vertex 0.904944 1.020000 1.436667
    endloop
  endfacet
  facet normal -0.803208 -0.000000 -0.595699
    outer loop
      vertex 0.904944 1.020000 1.436667
      vertex 0.904944 -1.020000 1.436667
      vertex 0.903190 -1.020000 1.439032
    endloop
  endfacet
  facet normal 0.803208 -0.000000 0.595699
    outer loop
      vertex 0.903190 -1.020000 1.439032
      vertex 0.904944 1.020000 1.436667
      vertex 0.903190 1.020000 1.439032
    endloop
  endfacet
  facet normal -0.803208 0.000000 -0.595699
    outer loop
      vertex 0.903190 1.020000 1.439032
      vertex 0.904944 1.020000 1.436667
      vertex 0.903190 -1.020000 1.439032
    endloop
  endfacet
  facet normal 0.857729 0.000000 0.514103
    outer loop
      vertex 0.904944 -1.020000 1.436667
      vertex 0.906458 -1.020000 1.434142
      vertex 0.906458 1.020000 1.434142
    endloop
  endfacet
  facet normal -0.857729 -0.000000 -0.514103
    outer loop
      vertex 0.906458 1.020000 1.434142
      vertex 0.906458 -1.020000 1.434142
      vertex 0.904944 -1.020000 1.436667
    endloop
  endfacet
  facet normal 0.857729 -0.000000 0.514103
    outer loop
      vertex 0.904944 -1.020000 1.436667
      vertex 0.906458 1.020000 1.434142
      vertex 0.904944 1.020000 1.436667
    endloop
  endfacet
  facet normal -0.857729 0.000000 -0.514103
    outer loop
      vertex 0.904944 1.020000 1.436667
      vertex 0.906458 1.020000 1.434142
      vertex 0.904944 -1.020000 1.436667
    endloop
  endfacet
  facet normal 0.903989 0.000000 0.427555
    outer loop
      vertex 0.906458 -1.020000 1.434142
      vertex 0.907716 -1.020000 1.431481
      vertex 0.907716 1.020000 1.431481
    endloop
  endfacet
  facet normal -0.903989 -0.000000 -0.427555
    outer loop
      vertex 0.907716 1.020000 1.431481
      vertex 0.907716 -1.020000 1.431481
      vertex 0.906458 -1.020000 1.434142
    endloop
  endfacet
  facet normal 0.903989 -0.000000 0.427555
    outer loop
      vertex 0.906458 -1.020000 1.434142
      vertex 0.907716 1.020000 1.431481
      vertex 0.906458 1.020000 1.434142
    endloop
  endfacet
  facet normal -0.903989 0.000000 -0.427555
    outer loop
      vertex 0.906458 1.020000 1.434142
      vertex 0.907716 1.020000 1.431481
      vertex 0.906458 -1.020000 1.434142
    endloop
  endfacet
  facet normal 0.941544 0.000000 0.336890
    outer loop
      vertex 0.907716 -1.020000 1.431481
      vertex 0.908708 -1.020000 1.428709
      vertex 0.908708 1.020000 1.428709
    endloop
  endfacet
  facet normal -0.941544 -0.000000 -0.336890
    outer loop
      vertex 0.908708 1.020000 1.428709
      vertex 0.908708 -1.020000 1.428709
      vertex 0.907716 -1.020000 1.431481
    endloop
  endfacet
  facet normal 0.941544 -0.000000 0.336890
    outer loop
      vertex 0.907716 -1.020000 1.431481
      vertex 0.908708 1.020000 1.428709
      vertex 0.907716 1.020000 1.431481
    endloop
  endfacet
  facet normal -0.941544 0.000000 -0.336890
    outer loop
      vertex 0.907716 1.020000 1.431481
      vertex 0.908708 1.020000 1.428709
      vertex 0.907716 -1.020000 1.431481
    endloop
  endfacet
  facet normal 0.970031 0.000000 0.242980
    outer loop
      vertex 0.908708 -1.020000 1.428709
      vertex 0.909424 -1.020000 1.425853
      vertex 0.909424 1.020000 1.425853
    endloop
  endfacet
  facet normal -0.970031 -0.000000 -0.242980
    outer loop
      vertex 0.909424 1.020000 1.425853
      vertex 0.909424 -1.020000 1.425853
      vertex 0.908708 -1.020000 1.428709
    endloop
  endfacet
  facet normal 0.970031 -0.000000 0.242980
    outer loop
      vertex 0.908708 -1.020000 1.428709
      vertex 0.909424 1.020000 1.425853
      vertex 0.908708 1.020000 1.428709
    endloop
  endfacet
  facet normal -0.970031 0.000000 -0.242980
    outer loop
      vertex 0.908708 1.020000 1.428709
      vertex 0.909424 1.020000 1.425853
      vertex 0.908708 -1.020000 1.428709
    endloop
  endfacet
  facet normal 0.989177 0.000000 0.146730
    outer loop
      vertex 0.909424 -1.020000 1.425853
      vertex 0.909856 -1.020000 1.422941
      vertex 0.909856 1.020000 1.422941
    endloop
  endfacet
  facet normal -0.989177 -0.000000 -0.146730
    outer loop
      vertex 0.909856 1.020000 1.422941
      vertex 0.909856 -1.020000 1.422941
      vertex 0.909424 -1.020000 1.425853
    endloop
  endfacet
  facet normal 0.989177 -0.000000 0.146730
    outer loop
      vertex 0.909424 -1.020000 1.425853
      vertex 0.909856 1.020000 1.422941
      vertex 0.909424 1.020000 1.425853
    endloop
  endfacet
  facet normal -0.989177 0.000000 -0.146730
    outer loop
      vertex 0.909424 1.020000 1.425853
      vertex 0.909856 1.020000 1.422941
      vertex 0.909424 -1.020000 1.425853
    endloop
  endfacet
  facet normal 0.998795 0.000000 0.049068
    outer loop
      vertex 0.909856 -1.020000 1.422941
      vertex 0.910000 -1.020000 1.420000
      vertex 0.910000 1.020000 1.420000
    endloop
  endfacet
  facet normal -0.998795 -0.000000 -0.049068
    outer loop
      vertex 0.910000 1.020000 1.420000
      vertex 0.910000 -1.020000 1.420000
      vertex 0.909856 -1.020000 1.422941
    endloop
  endfacet
  facet normal 0.998795 -0.000000 0.049068
    outer loop
      vertex 0.909856 -1.020000 1.422941
      vertex 0.910000 1.020000 1.420000
      vertex 0.909856 1.020000 1.422941
    endloop
  endfacet
  facet normal -0.998795 0.000000 -0.049068
    outer loop
      vertex 0.909856 1.020000 1.422941
      vertex 0.910000 1.020000 1.420000
      vertex 0.909856 -1.020000 1.422941
    endloop
  endfacet
  facet normal 1.000000 0.000000 0.000000
    outer loop
      vertex 0.910000 -1.020000 1.420000
      vertex 0.910000 -1.020000 0.851845
      vertex 0.910000 1.020000 0.851845
    endloop
  endfacet
  facet normal -1.000000 -0.000000 -0.000000
    outer loop
      vertex 0.910000 1.020000 0.851845
      vertex 0.910000 -1.020000 0.851845
      vertex 0.910000 -1.020000 1.420000
    endloop
  endfacet
  facet normal 1.000000 -0.000000 0.000000
    outer loop
      vertex 0.910000 -1.020000 1.420000
      vertex 0.910000 1.020000 0.851845
      vertex 0.910000 1.020000 1.420000
    endloop
  endfacet
  facet normal -1.000000 0.000000 -0.000000
    outer loop
      vertex 0.910000 1.020000 1.420000
      vertex 0.910000 1.020000 0.851845
      vertex 0.910000 -1.020000 1.420000
    endloop
  endfacet
  facet normal -0.875223 0.000000 -0.483719
    outer loop
      vertex 0.910000 -1.020000 0.851845
      vertex 0.908541 -1.020000 0.854484
      vertex 0.908541 1.020000 0.854484
    endloop
  endfacet
  facet normal 0.875223 -0.000000 0.483719
    outer loop
      vertex 0.908541 1.020000 0.854484
      vertex 0.908541 -1.020000 0.854484
      vertex 0.910000 -1.020000 0.851845
    endloop
  endfacet
  facet normal -0.875223 0.000000 -0.483719
    outer loop
      vertex 0.910000 -1.020000 0.851845
      vertex 0.908541 1.020000 0.854484
      vertex 0.910000 1.020000 0.851845
    endloop
  endfacet
  facet normal 0.875223 -0.000000 0.483719
    outer loop
      vertex 0.910000 1.020000 0.851845
      vertex 0.908541 1.020000 0.854484
      vertex 0.910000 -1.020000 0.851845
    endloop
  endfacet
  facet normal -0.815561 0.000000 -0.578671
    outer loop
      vertex 0.908541 -1.020000 0.854484
      vertex 0.899456 -1.020000 0.867289
      vertex 0.899456 1.020000 0.867289
    endloop
  endfacet
  facet normal 0.815561 -0.000000 0.578671
    outer loop
      vertex 0.899456 1.020000 0.867289
      vertex 0.899456 -1.020000 0.867289
      vertex 0.908541 -1.020000 0.854484
    endloop
  endfacet
  facet normal -0.815561 0.000000 -0.578671
    outer loop
      vertex 0.908541 -1.020000 0.854484
      vertex 0.899456 1.020000 0.867289
      vertex 0.908541 1.020000 0.854484
    endloop
  endfacet
  facet normal 0.815561 -0.000000 0.578671
    outer loop
      vertex 0.908541 1.020000 0.854484
      vertex 0.899456 1.020000 0.867289
      vertex 0.908541 -1.020000 0.854484
    endloop
  endfacet
  facet normal -0.745642 0.000000 -0.666347
    outer loop
      vertex 0.899456 -1.020000 0.867289
      vertex 0.888995 -1.020000 0.878995
      vertex 0.888995 1.020000 0.878995
    endloop
  endfacet
  facet normal 0.745642 -0.000000 0.666347
    outer loop
      vertex 0.888995 1.020000 0.878995
      vertex 0.888995 -1.020000 0.878995
      vertex 0.899456 -1.020000 0.867289
    endloop
  endfacet
  facet normal -0.745642 0.000000 -0.666347
    outer loop
      vertex 0.899456 -1.020000 0.867289
      vertex 0.888995 1.020000 0.878995
      vertex 0.899456 1.020000 0.867289
    endloop
  endfacet
  facet normal 0.745642 -0.000000 0.666347
    outer loop
      vertex 0.899456 1.020000 0.867289
      vertex 0.888995 1.020000 0.878995
      vertex 0.899456 -1.020000 0.867289
    endloop
  endfacet
  facet normal -0.666347 0.000000 -0.745642
    outer loop
      vertex 0.888995 -1.020000 0.878995
      vertex 0.877289 -1.020000 0.889456
      vertex 0.877289 1.020000 0.889456
    endloop
  endfacet
  facet normal 0.666347 -0.000000 0.745642
    outer loop
      vertex 0.877289 1.020000 0.889456
      vertex 0.877289 -1.020000 0.889456
      vertex 0.888995 -1.020000 0.878995
    endloop
  endfacet
  facet normal -0.666347 0.000000 -0.745642
    outer loop
      vertex 0.888995 -1.020000 0.878995
      vertex 0.877289 1.020000 0.889456
      vertex 0.888995 1.020000 0.878995
    endloop
  endfacet
  facet normal 0.666347 -0.000000 0.745642
    outer loop
      vertex 0.888995 1.020000 0.878995
      vertex 0.877289 1.020000 0.889456
      vertex 0.888995 -1.020000 0.878995
    endloop
  endfacet
  facet normal -0.578671 0.000000 -0.815561
    outer loop
      vertex 0.877289 -1.020000 0.889456
      vertex 0.864484 -1.020000 0.898541
      vertex 0.864484 1.020000 0.898541
    endloop
  endfacet
  facet normal 0.578671 -0.000000 0.815561
    outer loop
      vertex 0.864484 1.020000 0.898541
      vertex 0.864484 -1.020000 0.898541
      vertex 0.877289 -1.020000 0.889456
    endloop
  endfacet
  facet normal -0.578671 0.000000 -0.815561
    outer loop
      vertex 0.877289 -1.020000 0.889456
      vertex 0.864484 1.020000 0.898541
      vertex 0.877289 1.020000 0.889456
    endloop
  endfacet
  facet normal 0.578671 -0.000000 0.815561
    outer loop
      vertex 0.877289 1.020000 0.889456
      vertex 0.864484 1.020000 0.898541
      vertex 0.877289 -1.020000 0.889456
    endloop
  endfacet
  facet normal -0.483719 0.000000 -0.875223
    outer loop
      vertex 0.864484 -1.020000 0.898541
      vertex 0.850744 -1.020000 0.906136
      vertex 0.850744 1.020000 0.906136
    endloop
  endfacet
  facet normal 0.483719 -0.000000 0.875223
    outer loop
      vertex 0.850744 1.020000 0.906136
      vertex 0.850744 -1.020000 0.906136
      vertex 0.864484 -1.020000 0.898541
    endloop
  endfacet
  facet normal -0.483719 0.000000 -0.875223
    outer loop
      vertex 0.864484 -1.020000 0.898541
      vertex 0.850744 1.020000 0.906136
      vertex 0.864484 1.020000 0.898541
    endloop
  endfacet
  facet normal 0.483719 -0.000000 0.875223
    outer loop
      vertex 0.864484 1.020000 0.898541
      vertex 0.850744 1.020000 0.906136
      vertex 0.864484 -1.020000 0.898541
    endloop
  endfacet
  facet normal -0.382683 0.000000 -0.923880
    outer loop
      vertex 0.850744 -1.020000 0.906136
      vertex 0.836239 -1.020000 0.912144
      vertex 0.836239 1.020000 0.912144
    endloop
  endfacet
  facet normal 0.382683 -0.000000 0.923880
    outer loop
      vertex 0.836239 1.020000 0.912144
      vertex 0.836239 -1.020000 0.912144
      vertex 0.850744 -1.020000 0.906136
    endloop
  endfacet
  facet normal -0.382683 0.000000 -0.923880
    outer loop
      vertex 0.850744 -1.020000 0.906136
      vertex 0.836239 1.020000 0.912144
      vertex 0.850744 1.020000 0.906136
    endloop
  endfacet
  facet normal 0.382683 -0.000000 0.923880
    outer loop
      vertex 0.850744 1.020000 0.906136
      vertex 0.836239 1.020000 0.912144
      vertex 0.850744 -1.020000 0.906136
    endloop
  endfacet
  facet normal -0.276836 0.000000 -0.960917
    outer loop
      vertex 0.836239 -1.020000 0.912144
      vertex 0.821153 -1.020000 0.916490
      vertex 0.821153 1.020000 0.916490
    endloop
  endfacet
  facet normal 0.276836 -0.000000 0.960917
    outer loop
      vertex 0.821153 1.020000 0.916490
      vertex 0.821153 -1.020000 0.916490
      vertex 0.836239 -1.020000 0.912144
    endloop
  endfacet
  facet normal -0.276836 0.000000 -0.960917
    outer loop
      vertex 0.836239 -1.020000 0.912144
      vertex 0.821153 1.020000 0.916490
      vertex 0.836239 1.020000 0.912144
    endloop
  endfacet
  facet normal 0.276836 -0.000000 0.960917
    outer loop
      vertex 0.836239 1.020000 0.912144
      vertex 0.821153 1.020000 0.916490
      vertex 0.836239 -1.020000 0.912144
    endloop
  endfacet
  facet normal -0.167506 0.000000 -0.985871
    outer loop
      vertex 0.821153 -1.020000 0.916490
      vertex 0.805675 -1.020000 0.919120
      vertex 0.805675 1.020000 0.919120
    endloop
  endfacet
  facet normal 0.167506 -0.000000 0.985871
    outer loop
      vertex 0.805675 1.020000 0.919120
      vertex 0.805675 -1.020000 0.919120
      vertex 0.821153 -1.020000 0.916490
    endloop
  endfacet
  facet normal -0.167506 0.000000 -0.985871
    outer loop
      vertex 0.821153 -1.020000 0.916490
      vertex 0.805675 1.020000 0.919120
      vertex 0.821153 1.020000 0.916490
    endloop
  endfacet
  facet normal 0.167506 -0.000000 0.985871
    outer loop
      vertex 0.821153 1.020000 0.916490
      vertex 0.805675 1.020000 0.919120
      vertex 0.821153 -1.020000 0.916490
    endloop
  endfacet
  facet normal -0.056070 0.000000 -0.998427
    outer loop
      vertex 0.805675 -1.020000 0.919120
      vertex 0.790000 -1.020000 0.920000
      vertex 0.790000 1.020000 0.920000
    endloop
  endfacet
  facet normal 0.056070 -0.000000 0.998427
    outer loop
      vertex 0.790000 1.020000 0.920000
      vertex 0.790000 -1.020000 0.920000
      vertex 0.805675 -1.020000 0.919120
    endloop
  endfacet
  facet normal -0.056070 0.000000 -0.998427
    outer loop
      vertex 0.805675 -1.020000 0.919120
      vertex 0.790000 1.020000 0.920000
      vertex 0.805675 1.020000 0.919120
    endloop
  endfacet
  facet normal 0.056070 -0.000000 0.998427
    outer loop
      vertex 0.805675 1.020000 0.919120
      vertex 0.790000 1.020000 0.920000
      vertex 0.805675 -1.020000 0.919120
    endloop
  endfacet
  facet normal 0.056070 0.000000 -0.998427
    outer loop
      vertex 0.790000 -1.020000 0.920000
      vertex 0.774325 -1.020000 0.919120
      vertex 0.774325 1.020000 0.919120
    endloop
  endfacet
  facet normal -0.056070 -0.000000 0.998427
    outer loop
      vertex 0.774325 1.020000 0.919120
      vertex 0.774325 -1.020000 0.919120
      vertex 0.790000 -1.020000 0.920000
    endloop
  endfacet
  facet normal 0.056070 0.000000 -0.998427
    outer loop
      vertex 0.790000 -1.020000 0.920000
      vertex 0.774325 1.020000 0.919120
      vertex 0.790000 1.020000 0.920000
    endloop
  endfacet
  facet normal -0.056070 -0.000000 0.998427
    outer loop
      vertex 0.790000 1.020000 0.920000
      vertex 0.774325 1.020000 0.919120
      vertex 0.790000 -1.020000 0.920000
    endloop
  endfacet
  facet normal 0.167506 0.000000 -0.985871
    outer loop
      vertex 0.774325 -1.020000 0.919120
      vertex 0.758847 -1.020000 0.916490
      vertex 0.758847 1.020000 0.916490
    endloop
  endfacet
  facet normal -0.167506 -0.000000 0.985871
    outer loop
      vertex 0.758847 1.020000 0.916490
      vertex 0.758847 -1.020000 0.916490
      vertex 0.774325 -1.020000 0.919120
    endloop
  endfacet
  facet normal 0.167506 0.000000 -0.985871
    outer loop
      vertex 0.774325 -1.020000 0.919120
      vertex 0.758847 1.020000 0.916490
      vertex 0.774325 1.020000 0.919120
    endloop
  endfacet
  facet normal -0.167506 -0.000000 0.985871
    outer loop
      vertex 0.774325 1.020000 0.919120
      vertex 0.758847 1.020000 0.916490
      vertex 0.774325 -1.020000 0.919120
    endloop
  endfacet
  facet normal 0.276836 0.000000 -0.960917
    outer loop
      vertex 0.758847 -1.020000 0.916490
      vertex 0.743761 -1.020000 0.912144
      vertex 0.743761 1.020000 0.912144
    endloop
  endfacet
  facet normal -0.276836 -0.000000 0.960917
    outer loop
      vertex 0.743761 1.020000 0.912144
      vertex 0.743761 -1.020000 0.912144
      vertex 0.758847 -1.020000 0.916490
    endloop
  endfacet
  facet normal 0.276836 0.000000 -0.960917
    outer loop
      vertex 0.758847 -1.020000 0.916490
      vertex 0.743761 1.020000 0.912144
      vertex 0.758847 1.020000 0.916490
    endloop
  endfacet
  facet normal -0.276836 -0.000000 0.960917
    outer loop
      vertex 0.758847 1.020000 0.916490
      vertex 0.743761 1.020000 0.912144
      vertex 0.758847 -1.020000 0.916490
    endloop
  endfacet
  facet normal 0.382683 0.000000 -0.923880
    outer loop
      vertex 0.743761 -1.020000 0.912144
      vertex 0.729256 -1.020000 0.906136
      vertex 0.729256 1.020000 0.906136
    endloop
  endfacet
  facet normal -0.382683 -0.000000 0.923880
    outer loop
      vertex 0.729256 1.020000 0.906136
      vertex 0.729256 -1.020000 0.906136
      vertex 0.743761 -1.020000 0.912144
    endloop
  endfacet
  facet normal 0.382683 0.000000 -0.923880
    outer loop
      vertex 0.743761 -1.020000 0.912144
      vertex 0.729256 1.020000 0.906136
      vertex 0.743761 1.020000 0.912144
    endloop
  endfacet
  facet normal -0.382683 -0.000000 0.923880
    outer loop
      vertex 0.743761 1.020000 0.912144
      vertex 0.729256 1.020000 0.906136
      vertex 0.743761 -1.020000 0.912144
    endloop
  endfacet
  facet normal 0.483719 0.000000 -0.875223
    outer loop
      vertex 0.729256 -1.020000 0.906136
      vertex 0.715516 -1.020000 0.898541
      vertex 0.715516 1.020000 0.898541
    endloop
  endfacet
  facet normal -0.483719 -0.000000 0.875223
    outer loop
      vertex 0.715516 1.020000 0.898541
      vertex 0.715516 -1.020000 0.898541
      vertex 0.729256 -1.020000 0.906136
    endloop
  endfacet
  facet normal 0.483719 0.000000 -0.875223
    outer loop
      vertex 0.729256 -1.020000 0.906136
      vertex 0.715516 1.020000 0.898541
      vertex 0.729256 1.020000 0.906136
    endloop
  endfacet
  facet normal -0.483719 -0.000000 0.875223
    outer loop
      vertex 0.729256 1.020000 0.906136
      vertex 0.715516 1.020000 0.898541
      vertex 0.729256 -1.020000 0.906136
    endloop
  endfacet
  facet normal 0.578671 0.000000 -0.815561
    outer loop
      vertex 0.715516 -1.020000 0.898541
      vertex 0.702711 -1.020000 0.889456
      vertex 0.702711 1.020000 0.889456
    endloop
  endfacet
  facet normal -0.578671 -0.000000 0.815561
    outer loop
      vertex 0.702711 1.020000 0.889456
      vertex 0.702711 -1.020000 0.889456
      vertex 0.715516 -1.020000 0.898541
    endloop
  endfacet
  facet normal 0.578671 0.000000 -0.815561
    outer loop
      vertex 0.715516 -1.020000 0.898541
      vertex 0.702711 1.020000 0.889456
      vertex 0.715516 1.020000 0.898541
    endloop
  endfacet
  facet normal -0.578671 -0.000000 0.815561
    outer loop
      vertex 0.715516 1.020000 0.898541
      vertex 0.702711 1.020000 0.889456
      vertex 0.715516 -1.020000 0.898541
    endloop
  endfacet
  facet normal 0.666347 0.000000 -0.745642
    outer loop
      vertex 0.702711 -1.020000 0.889456
      vertex 0.691005 -1.020000 0.878995
      vertex 0.691005 1.020000 0.878995
    endloop
  endfacet
  facet normal -0.666347 -0.000000 0.745642
    outer loop
      vertex 0.691005 1.020000 0.878995
      vertex 0.691005 -1.020000 0.878995
      vertex 0.702711 -1.020000 0.889456
    endloop
  endfacet
  facet normal 0.666347 0.000000 -0.745642
    outer loop
      vertex 0.702711 -1.020000 0.889456
      vertex 0.691005 1.020000 0.878995
      vertex 0.702711 1.020000 0.889456
    endloop
  endfacet
  facet normal -0.666347 -0.000000 0.745642
    outer loop
      vertex 0.702711 1.020000 0.889456
      vertex 0.691005 1.020000 0.878995
      vertex 0.702711 -1.020000 0.889456
    endloop
  endfacet
  facet normal 0.745642 0.000000 -0.666347
    outer loop
      vertex 0.691005 -1.020000 0.878995
      vertex 0.680544 -1.020000 0.867289
      vertex 0.680544 1.020000 0.867289
    endloop
  endfacet
  facet normal -0.745642 -0.000000 0.666347
    outer loop
      vertex 0.680544 1.020000 0.867289
      vertex 0.680544 -1.020000 0.867289
      vertex 0.691005 -1.020000 0.878995
    endloop
  endfacet
  facet normal 0.745642 0.000000 -0.666347
    outer loop
      vertex 0.691005 -1.020000 0.878995
      vertex 0.680544 1.020000 0.867289
      vertex 0.691005 1.020000 0.878995
    endloop
  endfacet
  facet normal -0.745642 -0.000000 0.666347
    outer loop
      vertex 0.691005 1.020000 0.878995
      vertex 0.680544 1.020000 0.867289
      vertex 0.691005 -1.020000 0.878995
    endloop
  endfacet
  facet normal 0.815561 0.000000 -0.578671
    outer loop
      vertex 0.680544 -1.020000 0.867289
      vertex 0.671459 -1.020000 0.854484
      vertex 0.671459 1.020000 0.854484
    endloop
  endfacet
  facet normal -0.815561 -0.000000 0.578671
    outer loop
      vertex 0.671459 1.020000 0.854484
      vertex 0.671459 -1.020000 0.854484
      vertex 0.680544 -1.020000 0.867289
    endloop
  endfacet
  facet normal 0.815561 0.000000 -0.578671
    outer loop
      vertex 0.680544 -1.020000 0.867289
      vertex 0.671459 1.020000 0.854484
      vertex 0.680544 1.020000 0.867289
    endloop
  endfacet
  facet normal -0.815561 -0.000000 0.578671
    outer loop
      vertex 0.680544 1.020000 0.867289
      vertex 0.671459 1.020000 0.854484
      vertex 0.680544 -1.020000 0.867289
    endloop
  endfacet
  facet normal 0.875223 0.000000 -0.483719
    outer loop
      vertex 0.671459 -1.020000 0.854484
      vertex 0.663864 -1.020000 0.840744
      vertex 0.663864 1.020000 0.840744
    endloop
  endfacet
  facet normal -0.875223 -0.000000 0.483719
    outer loop
      vertex 0.663864 1.020000 0.840744
      vertex 0.663864 -1.020000 0.840744
      vertex 0.671459 -1.020000 0.854484
    endloop
  endfacet
  facet normal 0.875223 0.000000 -0.483719
    outer loop
      vertex 0.671459 -1.020000 0.854484
      vertex 0.663864 1.020000 0.840744
      vertex 0.671459 1.020000 0.854484
    endloop
  endfacet
  facet normal -0.875223 -0.000000 0.483719
    outer loop
      vertex 0.671459 1.020000 0.854484
      vertex 0.663864 1.020000 0.840744
      vertex 0.671459 -1.020000 0.854484
    endloop
  endfacet
  facet normal 0.923880 0.000000 -0.382683
    outer loop
      vertex 0.663864 -1.020000 0.840744
      vertex 0.657856 -1.020000 0.826239
      vertex 0.657856 1.020000 0.826239
    endloop
  endfacet
  facet normal -0.923880 -0.000000 0.382683
    outer loop
      vertex 0.657856 1.020000 0.826239
      vertex 0.657856 -1.020000 0.826239
      vertex 0.663864 -1.020000 0.840744
    endloop
  endfacet
  facet normal 0.923880 0.000000 -0.382683
    outer loop
      vertex 0.663864 -1.020000 0.840744
      vertex 0.657856 1.020000 0.826239
      vertex 0.663864 1.020000 0.840744
    endloop
  endfacet
  facet normal -0.923880 -0.000000 0.382683
    outer loop
      vertex 0.663864 1.020000 0.840744
      vertex 0.657856 1.020000 0.826239
      vertex 0.663864 -1.020000 0.840744
    endloop
  endfacet
  facet normal 0.960917 0.000000 -0.276836
    outer loop
      vertex 0.657856 -1.020000 0.826239
      vertex 0.653510 -1.020000 0.811153
      vertex 0.653510 1.020000 0.811153
    endloop
  endfacet
  facet normal -0.960917 -0.000000 0.276836
    outer loop
      vertex 0.653510 1.020000 0.811153
      vertex 0.653510 -1.020000 0.811153
      vertex 0.657856 -1.020000 0.826239
    endloop
  endfacet
  facet normal 0.960917 0.000000 -0.276836
    outer loop
      vertex 0.657856 -1.020000 0.826239
      vertex 0.653510 1.020000 0.811153
      vertex 0.657856 1.020000 0.826239
    endloop
  endfacet
  facet normal -0.960917 -0.000000 0.276836
    outer loop
      vertex 0.657856 1.020000 0.826239
      vertex 0.653510 1.020000 0.811153
      vertex 0.657856 -1.020000 0.826239
    endloop
  endfacet
  facet normal 0.985871 0.000000 -0.167506
    outer loop
      vertex 0.653510 -1.020000 0.811153
      vertex 0.650880 -1.020000 0.795675
      vertex 0.650880 1.020000 0.795675
    endloop
  endfacet
  facet normal -0.985871 -0.000000 0.167506
    outer loop
      vertex 0.650880 1.020000 0.795675
      vertex 0.650880 -1.020000 0.795675
      vertex 0.653510 -1.020000 0.811153
    endloop
  endfacet
  facet normal 0.985871 0.000000 -0.167506
    outer loop
      vertex 0.653510 -1.020000 0.811153
      vertex 0.650880 1.020000 0.795675
      vertex 0.653510 1.020000 0.811153
    endloop
  endfacet
  facet normal -0.985871 -0.000000 0.167506
    outer loop
      vertex 0.653510 1.020000 0.811153
      vertex 0.650880 1.020000 0.795675
      vertex 0.653510 -1.020000 0.811153
    endloop
  endfacet
  facet normal 0.998427 0.000000 -0.056070
    outer loop
      vertex 0.650880 -1.020000 0.795675
      vertex 0.650000 -1.020000 0.780000
      vertex 0.650000 1.020000 0.780000
    endloop
  endfacet
  facet normal -0.998427 -0.000000 0.056070
    outer loop
      vertex 0.650000 1.020000 0.780000
      vertex 0.650000 -1.020000 0.780000
      vertex 0.650880 -1.020000 0.795675
    endloop
  endfacet
  facet normal 0.998427 0.000000 -0.056070
    outer loop
      vertex 0.650880 -1.020000 0.795675
      vertex 0.650000 1.020000 0.780000
      vertex 0.650880 1.020000 0.795675
    endloop
  endfacet
  facet normal -0.998427 -0.000000 0.056070
    outer loop
      vertex 0.650880 1.020000 0.795675
      vertex 0.650000 1.020000 0.780000
      vertex 0.650880 -1.020000 0.795675
    endloop
  endfacet
  facet normal 0.998427 0.000000 0.056070
    outer loop
      vertex 0.650000 -1.020000 0.780000
      vertex 0.650880 -1.020000 0.764325
      vertex 0.650880 1.020000 0.764325
    endloop
  endfacet
  facet normal -0.998427 -0.000000 -0.056070
    outer loop
      vertex 0.650880 1.020000 0.764325
      vertex 0.650880 -1.020000 0.764325
      vertex 0.650000 -1.020000 0.780000
    endloop
  endfacet
  facet normal 0.998427 -0.000000 0.056070
    outer loop
      vertex 0.650000 -1.020000 0.780000
      vertex 0.650880 1.020000 0.764325
      vertex 0.650000 1.020000 0.780000
    endloop
  endfacet
  facet normal -0.998427 0.000000 -0.056070
    outer loop
      vertex 0.650000 1.020000 0.780000
      vertex 0.650880 1.020000 0.764325
      vertex 0.650000 -1.020000 0.780000
    endloop
  endfacet
  facet normal 0.985871 0.000000 0.167506
    outer loop
      vertex 0.650880 -1.020000 0.764325
      vertex 0.653510 -1.020000 0.748847
      vertex 0.653510 1.020000 0.748847
    endloop
  endfacet
  facet normal -0.985871 -0.000000 -0.167506
    outer loop
      vertex 0.653510 1.020000 0.748847
      vertex 0.653510 -1.020000 0.748847
      vertex 0.650880 -1.020000 0.764325
    endloop
  endfacet
  facet normal 0.985871 -0.000000 0.167506
    outer loop
      vertex 0.650880 -1.020000 0.764325
      vertex 0.653510 1.020000 0.748847
      vertex 0.650880 1.020000 0.764325
    endloop
  endfacet
  facet normal -0.985871 0.000000 -0.167506
    outer loop
      vertex 0.650880 1.020000 0.764325
      vertex 0.653510 1.020000 0.748847
      vertex 0.650880 -1.020000 0.764325
    endloop
  endfacet
  facet normal 0.960917 0.000000 0.276836
    outer loop
      vertex 0.653510 -1.020000 0.748847
      vertex 0.657856 -1.020000 0.733761
      vertex 0.657856 1.020000 0.733761
    endloop
  endfacet
  facet normal -0.960917 -0.000000 -0.276836
    outer loop
      vertex 0.657856 1.020000 0.733761
      vertex 0.657856 -1.020000 0.733761
      vertex 0.653510 -1.020000 0.748847
    endloop
  endfacet
  facet normal 0.960917 -0.000000 0.276836
    outer loop
      vertex 0.653510 -1.020000 0.748847
      vertex 0.657856 1.020000 0.733761
      vertex 0.653510 1.020000 0.748847
    endloop
  endfacet
  facet normal -0.960917 0.000000 -0.276836
    outer loop
      vertex 0.653510 1.020000 0.748847
      vertex 0.657856 1.020000 0.733761
      vertex 0.653510 -1.020000 0.748847
    endloop
  endfacet
  facet normal 0.923880 0.000000 0.382683
    outer loop
      vertex 0.657856 -1.020000 0.733761
      vertex 0.663864 -1.020000 0.719256
      vertex 0.663864 1.020000 0.719256
    endloop
  endfacet
  facet normal -0.923880 -0.000000 -0.382683
    outer loop
      vertex 0.663864 1.020000 0.719256
      vertex 0.663864 -1.020000 0.719256
      vertex 0.657856 -1.020000 0.733761
    endloop
  endfacet
  facet normal 0.923880 -0.000000 0.382683
    outer loop
      vertex 0.657856 -1.020000 0.733761
      vertex 0.663864 1.020000 0.719256
      vertex 0.657856 1.020000 0.733761
    endloop
  endfacet
  facet normal -0.923880 0.000000 -0.382683
    outer loop
      vertex 0.657856 1.020000 0.733761
      vertex 0.663864 1.020000 0.719256
      vertex 0.657856 -1.020000 0.733761
    endloop
  endfacet
  facet normal 0.875223 0.000000 0.483719
    outer loop
      vertex 0.663864 -1.020000 0.719256
      vertex 0.671459 -1.020000 0.705516
      vertex 0.671459 1.020000 0.705516
    endloop
  endfacet
  facet normal -0.875223 -0.000000 -0.483719
    outer loop
      vertex 0.671459 1.020000 0.705516
      vertex 0.671459 -1.020000 0.705516
      vertex 0.663864 -1.020000 0.719256
    endloop
  endfacet
  facet normal 0.875223 -0.000000 0.483719
    outer loop
      vertex 0.663864 -1.020000 0.719256
      vertex 0.671459 1.020000 0.705516
      vertex 0.663864 1.020000 0.719256
    endloop
  endfacet
  facet normal -0.875223 0.000000 -0.483719
    outer loop
      vertex 0.663864 1.020000 0.719256
      vertex 0.671459 1.020000 0.705516
      vertex 0.663864 -1.020000 0.719256
    endloop
  endfacet
  facet normal 0.815561 0.000000 0.578671
    outer loop
      vertex 0.671459 -1.020000 0.705516
      vertex 0.680544 -1.020000 0.692711
      vertex 0.680544 1.020000 0.692711
    endloop
  endfacet
  facet normal -0.815561 -0.000000 -0.578671
    outer loop
      vertex 0.680544 1.020000 0.692711
      vertex 0.680544 -1.020000 0.692711
      vertex 0.671459 -1.020000 0.705516
    endloop
  endfacet
  facet normal 0.815561 -0.000000 0.578671
    outer loop
      vertex 0.671459 -1.020000 0.705516
      vertex 0.680544 1.020000 0.692711
      vertex 0.671459 1.020000 0.705516
    endloop
  endfacet
  facet normal -0.815561 0.000000 -0.578671
    outer loop
      vertex 0.671459 1.020000 0.705516
      vertex 0.680544 1.020000 0.692711
      vertex 0.671459 -1.020000 0.705516
    endloop
  endfacet
  facet normal 0.745642 0.000000 0.666347
    outer loop
      vertex 0.680544 -1.020000 0.692711
      vertex 0.691005 -1.020000 0.681005
      vertex 0.691005 1.020000 0.681005
    endloop
  endfacet
  facet normal -0.745642 -0.000000 -0.666347
    outer loop
      vertex 0.691005 1.020000 0.681005
      vertex 0.691005 -1.020000 0.681005
      vertex 0.680544 -1.020000 0.692711
    endloop
  endfacet
  facet normal 0.745642 -0.000000 0.666347
    outer loop
      vertex 0.680544 -1.020000 0.692711
      vertex 0.691005 1.020000 0.681005
      vertex 0.680544 1.020000 0.692711
    endloop
  endfacet
  facet normal -0.745642 0.000000 -0.666347
    outer loop
      vertex 0.680544 1.020000 0.692711
      vertex 0.691005 1.020000 0.681005
      vertex 0.680544 -1.020000 0.692711
    endloop
  endfacet
  facet normal 0.666347 0.000000 0.745642
    outer loop
      vertex 0.691005 -1.020000 0.681005
      vertex 0.702711 -1.020000 0.670544
      vertex 0.702711 1.020000 0.670544
    endloop
  endfacet
  facet normal -0.666347 -0.000000 -0.745642
    outer loop
      vertex 0.702711 1.020000 0.670544
      vertex 0.702711 -1.020000 0.670544
      vertex 0.691005 -1.020000 0.681005
    endloop
  endfacet
  facet normal 0.666347 -0.000000 0.745642
    outer loop
      vertex 0.691005 -1.020000 0.681005
      vertex 0.702711 1.020000 0.670544
      vertex 0.691005 1.020000 0.681005
    endloop
  endfacet
  facet normal -0.666347 0.000000 -0.745642
    outer loop
      vertex 0.691005 1.020000 0.681005
      vertex 0.702711 1.020000 0.670544
      vertex 0.691005 -1.020000 0.681005
    endloop
  endfacet
  facet normal 0.578671 0.000000 0.815561
    outer loop
      vertex 0.702711 -1.020000 0.670544
      vertex 0.715516 -1.020000 0.661459
      vertex 0.715516 1.020000 0.661459
    endloop
  endfacet
  facet normal -0.578671 -0.000000 -0.815561
    outer loop
      vertex 0.715516 1.020000 0.661459
      vertex 0.715516 -1.020000 0.661459
      vertex 0.702711 -1.020000 0.670544
    endloop
  endfacet
  facet normal 0.578671 -0.000000 0.815561
    outer loop
      vertex 0.702711 -1.020000 0.670544
      vertex 0.715516 1.020000 0.661459
      vertex 0.702711 1.020000 0.670544
    endloop
  endfacet
  facet normal -0.578671 0.000000 -0.815561
    outer loop
      vertex 0.702711 1.020000 0.670544
      vertex 0.715516 1.020000 0.661459
      vertex 0.702711 -1.020000 0.670544
    endloop
  endfacet
  facet normal 0.483719 0.000000 0.875223
    outer loop
      vertex 0.715516 -1.020000 0.661459
      vertex 0.729256 -1.020000 0.653864
      vertex 0.729256 1.020000 0.653864
    endloop
  endfacet
  facet normal -0.483719 -0.000000 -0.875223
    outer loop
      vertex 0.729256 1.020000 0.653864
      vertex 0.729256 -1.020000 0.653864
      vertex 0.715516 -1.020000 0.661459
    endloop
  endfacet
  facet normal 0.483719 -0.000000 0.875223
    outer loop
      vertex 0.715516 -1.020000 0.661459
      vertex 0.729256 1.020000 0.653864
      vertex 0.715516 1.020000 0.661459
    endloop
  endfacet
  facet normal -0.483719 0.000000 -0.875223
    outer loop
      vertex 0.715516 1.020000 0.661459
      vertex 0.729256 1.020000 0.653864
      vertex 0.715516 -1.020000 0.661459
    endloop
  endfacet
  facet normal 0.382683 0.000000 0.923880
    outer loop
      vertex 0.729256 -1.020000 0.653864
      vertex 0.743761 -1.020000 0.647856
      vertex 0.743761 1.020000 0.647856
    endloop
  endfacet
  facet normal -0.382683 -0.000000 -0.923880
    outer loop
      vertex 0.743761 1.020000 0.647856
      vertex 0.743761 -1.020000 0.647856
      vertex 0.729256 -1.020000 0.653864
    endloop
  endfacet
  facet normal 0.382683 -0.000000 0.923880
    outer loop
      vertex 0.729256 -1.020000 0.653864
      vertex 0.743761 1.020000 0.647856
      vertex 0.729256 1.020000 0.653864
    endloop
  endfacet
  facet normal -0.382683 0.000000 -0.923880
    outer loop
      vertex 0.729256 1.020000 0.653864
      vertex 0.743761 1.020000 0.647856
      vertex 0.729256 -1.020000 0.653864
    endloop
  endfacet
  facet normal 0.276836 0.000000 0.960917
    outer loop
      vertex 0.743761 -1.020000 0.647856
      vertex 0.758847 -1.020000 0.643510
      vertex 0.758847 1.020000 0.643510
    endloop
  endfacet
  facet normal -0.276836 -0.000000 -0.960917
    outer loop
      vertex 0.758847 1.020000 0.643510
      vertex 0.758847 -1.020000 0.643510
      vertex 0.743761 -1.020000 0.647856
    endloop
  endfacet
  facet normal 0.276836 -0.000000 0.960917
    outer loop
      vertex 0.743761 -1.020000 0.647856
      vertex 0.758847 1.020000 0.643510
      vertex 0.743761 1.020000 0.647856
    endloop
  endfacet
  facet normal -0.276836 0.000000 -0.960917
    outer loop
      vertex 0.743761 1.020000 0.647856
      vertex 0.758847 1.020000 0.643510
      vertex 0.743761 -1.020000 0.647856
    endloop
  endfacet
  facet normal 0.167506 0.000000 0.985871
    outer loop
      vertex 0.758847 -1.020000 0.643510
      vertex 0.774325 -1.020000 0.640880
      vertex 0.774325 1.020000 0.640880
    endloop
  endfacet
  facet normal -0.167506 -0.000000 -0.985871
    outer loop
      vertex 0.774325 1.020000 0.640880
      vertex 0.774325 -1.020000 0.640880
      vertex 0.758847 -1.020000 0.643510
    endloop
  endfacet
  facet normal 0.167506 -0.000000 0.985871
    outer loop
      vertex 0.758847 -1.020000 0.643510
      vertex 0.774325 1.020000 0.640880
      vertex 0.758847 1.020000 0.643510
    endloop
  endfacet
  facet normal -0.167506 0.000000 -0.985871
    outer loop
      vertex 0.758847 1.020000 0.643510
      vertex 0.774325 1.020000 0.640880
      vertex 0.758847 -1.020000 0.643510
    endloop
  endfacet
  facet normal 0.056070 0.000000 0.998427
    outer loop
      vertex 0.774325 -1.020000 0.640880
      vertex 0.790000 -1.020000 0.640000
      vertex 0.790000 1.020000 0.640000
    endloop
  endfacet
  facet normal -0.056070 -0.000000 -0.998427
    outer loop
      vertex 0.790000 1.020000 0.640000
      vertex 0.790000 -1.020000 0.640000
      vertex 0.774325 -1.020000 0.640880
    endloop
  endfacet
  facet normal 0.056070 -0.000000 0.998427
    outer loop
      vertex 0.774325 -1.020000 0.640880
      vertex 0.790000 1.020000 0.640000
      vertex 0.774325 1.020000 0.640880
    endloop
  endfacet
  facet normal -0.056070 0.000000 -0.998427
    outer loop
      vertex 0.774325 1.020000 0.640880
      vertex 0.790000 1.020000 0.640000
      vertex 0.774325 -1.020000 0.640880
    endloop
  endfacet
  facet normal -0.056070 0.000000 0.998427
    outer loop
      vertex 0.790000 -1.020000 0.640000
      vertex 0.805675 -1.020000 0.640880
      vertex 0.805675 1.020000 0.640880
    endloop
  endfacet
  facet normal 0.056070 -0.000000 -0.998427
    outer loop
      vertex 0.805675 1.020000 0.640880
      vertex 0.805675 -1.020000 0.640880
      vertex 0.790000 -1.020000 0.640000
    endloop
  endfacet
  facet normal -0.056070 0.000000 0.998427
    outer loop
      vertex 0.790000 -1.020000 0.640000
      vertex 0.805675 1.020000 0.640880
      vertex 0.790000 1.020000 0.640000
    endloop
  endfacet
  facet normal 0.056070 -0.000000 -0.998427
    outer loop
      vertex 0.790000 1.020000 0.640000
      vertex 0.805675 1.020000 0.640880
      vertex 0.790000 -1.020000 0.640000
    endloop
  endfacet
  facet normal -0.167506 0.000000 0.985871
    outer loop
      vertex 0.805675 -1.020000 0.640880
      vertex 0.821153 -1.020000 0.643510
      vertex 0.821153 1.020000 0.643510
    endloop
  endfacet
  facet normal 0.167506 -0.000000 -0.985871
    outer loop
      vertex 0.821153 1.020000 0.643510
      vertex 0.821153 -1.020000 0.643510
      vertex 0.805675 -1.020000 0.640880
    endloop
  endfacet
  facet normal -0.167506 0.000000 0.985871
    outer loop
      vertex 0.805675 -1.020000 0.640880
      vertex 0.821153 1.020000 0.643510
      vertex 0.805675 1.020000 0.640880
    endloop
  endfacet
  facet normal 0.167506 -0.000000 -0.985871
    outer loop
      vertex 0.805675 1.020000 0.640880
      vertex 0.821153 1.020000 0.643510
      vertex 0.805675 -1.020000 0.640880
    endloop
  endfacet
  facet normal -0.276836 0.000000 0.960917
    outer loop
      vertex 0.821153 -1.020000 0.643510
      vertex 0.836239 -1.020000 0.647856
      vertex 0.836239 1.020000 0.647856
    endloop
  endfacet
  facet normal 0.276836 -0.000000 -0.960917
    outer loop
      vertex 0.836239 1.020000 0.647856
      vertex 0.836239 -1.020000 0.647856
      vertex 0.821153 -1.020000 0.643510
    endloop
  endfacet
  facet normal -0.276836 0.000000 0.960917
    outer loop
      vertex 0.821153 -1.020000 0.643510
      vertex 0.836239 1.020000 0.647856
      vertex 0.821153 1.020000 0.643510
    endloop
  endfacet
  facet normal 0.276836 -0.000000 -0.960917
    outer loop
      vertex 0.821153 1.020000 0.643510
      vertex 0.836239 1.020000 0.647856
      vertex 0.821153 -1.020000 0.643510
    endloop
  endfacet
  facet normal -0.382683 0.000000 0.923880
    outer loop
      vertex 0.836239 -1.020000 0.647856
      vertex 0.850744 -1.020000 0.653864
      vertex 0.850744 1.020000 0.653864
    endloop
  endfacet
  facet normal 0.382683 -0.000000 -0.923880
    outer loop
      vertex 0.850744 1.020000 0.653864
      vertex 0.850744 -1.020000 0.653864
      vertex 0.836239 -1.020000 0.647856
    endloop
  endfacet
  facet normal -0.382683 0.000000 0.923880
    outer loop
      vertex 0.836239 -1.020000 0.647856
      vertex 0.850744 1.020000 0.653864
      vertex 0.836239 1.020000 0.647856
    endloop
  endfacet
  facet normal 0.382683 -0.000000 -0.923880
    outer loop
      vertex 0.836239 1.020000 0.647856
      vertex 0.850744 1.020000 0.653864
      vertex 0.836239 -1.020000 0.647856
    endloop
  endfacet
  facet normal -0.483719 0.000000 0.875223
    outer loop
      vertex 0.850744 -1.020000 0.653864
      vertex 0.864484 -1.020000 0.661459
      vertex 0.864484 1.020000 0.661459
    endloop
  endfacet
  facet normal 0.483719 -0.000000 -0.875223
    outer loop
      vertex 0.864484 1.020000 0.661459
      vertex 0.864484 -1.020000 0.661459
      vertex 0.850744 -1.020000 0.653864
    endloop
  endfacet
  facet normal -0.483719 0.000000 0.875223
    outer loop
      vertex 0.850744 -1.020000 0.653864
      vertex 0.864484 1.020000 0.661459
      vertex 0.850744 1.020000 0.653864
    endloop
  endfacet
  facet normal 0.483719 -0.000000 -0.875223
    outer loop
      vertex 0.850744 1.020000 0.653864
      vertex 0.864484 1.020000 0.661459
      vertex 0.850744 -1.020000 0.653864
    endloop
  endfacet
  facet normal -0.578671 0.000000 0.815561
    outer loop
      vertex 0.864484 -1.020000 0.661459
      vertex 0.877289 -1.020000 0.670544
      vertex 0.877289 1.020000 0.670544
    endloop
  endfacet
  facet normal 0.578671 -0.000000 -0.815561
    outer loop
      vertex 0.877289 1.020000 0.670544
      vertex 0.877289 -1.020000 0.670544
      vertex 0.864484 -1.020000 0.661459
    endloop
  endfacet
  facet normal -0.578671 0.000000 0.815561
    outer loop
      vertex 0.864484 -1.020000 0.661459
      vertex 0.877289 1.020000 0.670544
      vertex 0.864484 1.020000 0.661459
    endloop
  endfacet
  facet normal 0.578671 -0.000000 -0.815561
    outer loop
      vertex 0.864484 1.020000 0.661459
      vertex 0.877289 1.020000 0.670544
      vertex 0.864484 -1.020000 0.661459
    endloop
  endfacet
  facet normal -0.666347 0.000000 0.745642
    outer loop
      vertex 0.877289 -1.020000 0.670544
      vertex 0.888995 -1.020000 0.681005
      vertex 0.888995 1.020000 0.681005
    endloop
  endfacet
  facet normal 0.666347 -0.000000 -0.745642
    outer loop
      vertex 0.888995 1.020000 0.681005
      vertex 0.888995 -1.020000 0.681005
      vertex 0.877289 -1.020000 0.670544
    endloop
  endfacet
  facet normal -0.666347 0.000000 0.745642
    outer loop
      vertex 0.877289 -1.020000 0.670544
      vertex 0.888995 1.020000 0.681005
      vertex 0.877289 1.020000 0.670544
    endloop
  endfacet
  facet normal 0.666347 -0.000000 -0.745642
    outer loop
      vertex 0.877289 1.020000 0.670544
      vertex 0.888995 1.020000 0.681005
      vertex 0.877289 -1.020000 0.670544
    endloop
  endfacet
  facet normal -0.745642 0.000000 0.666347
    outer loop
      vertex 0.888995 -1.020000 0.681005
      vertex 0.899456 -1.020000 0.692711
      vertex 0.899456 1.020000 0.692711
    endloop
  endfacet
  facet normal 0.745642 -0.000000 -0.666347
    outer loop
      vertex 0.899456 1.020000 0.692711
      vertex 0.899456 -1.020000 0.692711
      vertex 0.888995 -1.020000 0.681005
    endloop
  endfacet
  facet normal -0.745642 0.000000 0.666347
    outer loop
      vertex 0.888995 -1.020000 0.681005
      vertex 0.899456 1.020000 0.692711
      vertex 0.888995 1.020000 0.681005
    endloop
  endfacet
  facet normal 0.745642 -0.000000 -0.666347
    outer loop
      vertex 0.888995 1.020000 0.681005
      vertex 0.899456 1.020000 0.692711
      vertex 0.888995 -1.020000 0.681005
    endloop
  endfacet
  facet normal -0.815561 0.000000 0.578671
    outer loop
      vertex 0.899456 -1.020000 0.692711
      vertex 0.908541 -1.020000 0.705516
      vertex 0.908541 1.020000 0.705516
    endloop
  endfacet
  facet normal 0.815561 -0.000000 -0.578671
    outer loop
      vertex 0.908541 1.020000 0.705516
      vertex 0.908541 -1.020000 0.705516
      vertex 0.899456 -1.020000 0.692711
    endloop
  endfacet
  facet normal -0.815561 0.000000 0.578671
    outer loop
      vertex 0.899456 -1.020000 0.692711
      vertex 0.908541 1.020000 0.705516
      vertex 0.899456 1.020000 0.692711
    endloop
  endfacet
  facet normal 0.815561 -0.000000 -0.578671
    outer loop
      vertex 0.899456 1.020000 0.692711
      vertex 0.908541 1.020000 0.705516
      vertex 0.899456 -1.020000 0.692711
    endloop
  endfacet
  facet normal -0.875223 0.000000 0.483719
    outer loop
      vertex 0.908541 -1.020000 0.705516
      vertex 0.910000 -1.020000 0.708155
      vertex 0.910000 1.020000 0.708155
    endloop
  endfacet
  facet normal 0.875223 -0.000000 -0.483719
    outer loop
      vertex 0.910000 1.020000 0.708155
      vertex 0.910000 -1.020000 0.708155
      vertex 0.908541 -1.020000 0.705516
    endloop
  endfacet
  facet normal -0.875223 0.000000 0.483719
    outer loop
      vertex 0.908541 -1.020000 0.705516
      vertex 0.910000 1.020000 0.708155
      vertex 0.908541 1.020000 0.705516
    endloop
  endfacet
  facet normal 0.875223 -0.000000 -0.483719
    outer loop
      vertex 0.908541 1.020000 0.705516
      vertex 0.910000 1.020000 0.708155
      vertex 0.908541 -1.020000 0.705516
    endloop
  endfacet
  facet normal 1.000000 0.000000 0.000000
    outer loop
      vertex 0.910000 -1.020000 0.708155
      vertex 0.910000 -1.020000 0.110000
      vertex 0.910000 1.020000 0.110000
    endloop
  endfacet
  facet normal -1.000000 -0.000000 -0.000000
    outer loop
      vertex 0.910000 1.020000 0.110000
      vertex 0.910000 -1.020000 0.110000
      vertex 0.910000 -1.020000 0.708155
    endloop
  endfacet
  facet normal 1.000000 -0.000000 0.000000
    outer loop
      vertex 0.910000 -1.020000 0.708155
      vertex 0.910000 1.020000 0.110000
      vertex 0.910000 1.020000 0.708155
    endloop
  endfacet
  facet normal -1.000000 0.000000 -0.000000
    outer loop
      vertex 0.910000 1.020000 0.708155
      vertex 0.910000 1.020000 0.110000
      vertex 0.910000 -1.020000 0.708155
    endloop
  endfacet
  facet normal 0.998795 0.000000 -0.049068
    outer loop
      vertex 0.910000 -1.020000 0.110000
      vertex 0.909856 -1.020000 0.107059
      vertex 0.909856 1.020000 0.107059
    endloop
  endfacet
  facet normal -0.998795 -0.000000 0.049068
    outer loop
      vertex 0.909856 1.020000 0.107059
      vertex 0.909856 -1.020000 0.107059
      vertex 0.910000 -1.020000 0.110000
    endloop
  endfacet
  facet normal 0.998795 0.000000 -0.049068
    outer loop
      vertex 0.910000 -1.020000 0.110000
      vertex 0.909856 1.020000 0.107059
      vertex 0.910000 1.020000 0.110000
    endloop
  endfacet
  facet normal -0.998795 -0.000000 0.049068
    outer loop
      vertex 0.910000 1.020000 0.110000
      vertex 0.909856 1.020000 0.107059
      vertex 0.910000 -1.020000 0.110000
    endloop
  endfacet
  facet normal 0.989177 0.000000 -0.146730
    outer loop
      vertex 0.909856 -1.020000 0.107059
      vertex 0.909424 -1.020000 0.104147
      vertex 0.909424 1.020000 0.104147
    endloop
  endfacet
  facet normal -0.989177 -0.000000 0.146730
    outer loop
      vertex 0.909424 1.020000 0.104147
      vertex 0.909424 -1.020000 0.104147
      vertex 0.909856 -1.020000 0.107059
    endloop
  endfacet
  facet normal 0.989177 0.000000 -0.146730
    outer loop
      vertex 0.909856 -1.020000 0.107059
      vertex 0.909424 1.020000 0.104147
      vertex 0.909856 1.020000 0.107059
    endloop
  endfacet
  facet normal -0.989177 -0.000000 0.146730
    outer loop
      vertex 0.909856 1.020000 0.107059
      vertex 0.909424 1.020000 0.104147
      vertex 0.909856 -1.020000 0.107059
    endloop
  endfacet
  facet normal 0.970031 0.000000 -0.242980
    outer loop
      vertex 0.909424 -1.020000 0.104147
      vertex 0.908708 -1.020000 0.101291
      vertex 0.908708 1.020000 0.101291
    endloop
  endfacet
  facet normal -0.970031 -0.000000 0.242980
    outer loop
      vertex 0.908708 1.020000 0.101291
      vertex 0.908708 -1.020000 0.101291
      vertex 0.909424 -1.020000 0.104147
    endloop
  endfacet
  facet normal 0.970031 0.000000 -0.242980
    outer loop
      vertex 0.909424 -1.020000 0.104147
      vertex 0.908708 1.020000 0.101291
      vertex 0.909424 1.020000 0.104147
    endloop
  endfacet
  facet normal -0.970031 -0.000000 0.242980
    outer loop
      vertex 0.909424 1.020000 0.104147
      vertex 0.908708 1.020000 0.101291
      vertex 0.909424 -1.020000 0.104147
    endloop
  endfacet
  facet normal 0.941544 0.000000 -0.336890
    outer loop
      vertex 0.908708 -1.020000 0.101291
      vertex 0.907716 -1.020000 0.098519
      vertex 0.907716 1.020000 0.098519
    endloop
  endfacet
  facet normal -0.941544 -0.000000 0.336890
    outer loop
      vertex 0.907716 1.020000 0.098519
      vertex 0.907716 -1.020000 0.098519
      vertex 0.908708 -1.020000 0.101291
    endloop
  endfacet
  facet normal 0.941544 0.000000 -0.336890
    outer loop
      vertex 0.908708 -1.020000 0.101291
      vertex 0.907716 1.020000 0.098519
      vertex 0.908708 1.020000 0.101291
    endloop
  endfacet
  facet normal -0.941544 -0.000000 0.336890
    outer loop
      vertex 0.908708 1.020000 0.101291
      vertex 0.907716 1.020000 0.098519
      vertex 0.908708 -1.020000 0.101291
    endloop
  endfacet
  facet normal 0.903989 0.000000 -0.427555
    outer loop
      vertex 0.907716 -1.020000 0.098519
      vertex 0.906458 -1.020000 0.095858
      vertex 0.906458 1.020000 0.095858
    endloop
  endfacet
  facet normal -0.903989 -0.000000 0.427555
    outer loop
      vertex 0.906458 1.020000 0.095858
      vertex 0.906458 -1.020000 0.095858
      vertex 0.907716 -1.020000 0.098519
    endloop
  endfacet
  facet normal 0.903989 0.000000 -0.427555
    outer loop
      vertex 0.907716 -1.020000 0.098519
      vertex 0.906458 1.020000 0.095858
      vertex 0.907716 1.020000 0.098519
    endloop
  endfacet
  facet normal -0.903989 -0.000000 0.427555
    outer loop
      vertex 0.907716 1.020000 0.098519
      vertex 0.906458 1.020000 0.095858
      vertex 0.907716 -1.020000 0.098519
    endloop
  endfacet
  facet normal 0.857729 0.000000 -0.514103
    outer loop
      vertex 0.906458 -1.020000 0.095858
      vertex 0.904944 -1.020000 0.093333
      vertex 0.904944 1.020000 0.093333
    endloop
  endfacet
  facet normal -0.857729 -0.000000 0.514103
    outer loop
      vertex 0.904944 1.020000 0.093333
      vertex 0.904944 -1.020000 0.093333
      vertex 0.906458 -1.020000 0.095858
    endloop
  endfacet
  facet normal 0.857729 0.000000 -0.514103
    outer loop
      vertex 0.906458 -1.020000 0.095858
      vertex 0.904944 1.020000 0.093333
      vertex 0.906458 1.020000 0.095858
    endloop
  endfacet
  facet normal -0.857729 -0.000000 0.514103
    outer loop
      vertex 0.906458 1.020000 0.095858
      vertex 0.904944 1.020000 0.093333
      vertex 0.906458 -1.020000 0.095858
    endloop
  endfacet
  facet normal 0.803208 0.000000 -0.595699
    outer loop
      vertex 0.904944 -1.020000 0.093333
      vertex 0.903190 -1.020000 0.090968
      vertex 0.903190 1.020000 0.090968
    endloop
  endfacet
  facet normal -0.803208 -0.000000 0.595699
    outer loop
      vertex 0.903190 1.020000 0.090968
      vertex 0.903190 -1.020000 0.090968
      vertex 0.904944 -1.020000 0.093333
    endloop
  endfacet
  facet normal 0.803208 0.000000 -0.595699
    outer loop
      vertex 0.904944 -1.020000 0.093333
      vertex 0.903190 1.020000 0.090968
      vertex 0.904944 1.020000 0.093333
    endloop
  endfacet
  facet normal -0.803208 -0.000000 0.595699
    outer loop
      vertex 0.904944 1.020000 0.093333
      vertex 0.903190 1.020000 0.090968
      vertex 0.904944 -1.020000 0.093333
    endloop
  endfacet
  facet normal 0.740951 0.000000 -0.671559
    outer loop
      vertex 0.903190 -1.020000 0.090968
      vertex 0.901213 -1.020000 0.088787
      vertex 0.901213 1.020000 0.088787
    endloop
  endfacet
  facet normal -0.740951 -0.000000 0.671559
    outer loop
      vertex 0.901213 1.020000 0.088787
      vertex 0.901213 -1.020000 0.088787
      vertex 0.903190 -1.020000 0.090968
    endloop
  endfacet
  facet normal 0.740951 0.000000 -0.671559
    outer loop
      vertex 0.903190 -1.020000 0.090968
      vertex 0.901213 1.020000 0.088787
      vertex 0.903190 1.020000 0.090968
    endloop
  endfacet
  facet normal -0.740951 -0.000000 0.671559
    outer loop
      vertex 0.903190 1.020000 0.090968
      vertex 0.901213 1.020000 0.088787
      vertex 0.903190 -1.020000 0.090968
    endloop
  endfacet
  facet normal 0.671559 0.000000 -0.740951
    outer loop
      vertex 0.901213 -1.020000 0.088787
      vertex 0.899032 -1.020000 0.086810
      vertex 0.899032 1.020000 0.086810
    endloop
  endfacet
  facet normal -0.671559 -0.000000 0.740951
    outer loop
      vertex 0.899032 1.020000 0.086810
      vertex 0.899032 -1.020000 0.086810
      vertex 0.901213 -1.020000 0.088787
    endloop
  endfacet
  facet normal 0.671559 0.000000 -0.740951
    outer loop
      vertex 0.901213 -1.020000 0.088787
      vertex 0.899032 1.020000 0.086810
      vertex 0.901213 1.020000 0.088787
    endloop
  endfacet
  facet normal -0.671559 -0.000000 0.740951
    outer loop
      vertex 0.901213 1.020000 0.088787
      vertex 0.899032 1.020000 0.086810
      vertex 0.901213 -1.020000 0.088787
    endloop
  endfacet
  facet normal 0.595699 0.000000 -0.803208
    outer loop
      vertex 0.899032 -1.020000 0.086810
      vertex 0.896667 -1.020000 0.085056
      vertex 0.896667 1.020000 0.085056
    endloop
  endfacet
  facet normal -0.595699 -0.000000 0.803208
    outer loop
      vertex 0.896667 1.020000 0.085056
      vertex 0.896667 -1.020000 0.085056
      vertex 0.899032 -1.020000 0.086810
    endloop
  endfacet
  facet normal 0.595699 0.000000 -0.803208
    outer loop
      vertex 0.899032 -1.020000 0.086810
      vertex 0.896667 1.020000 0.085056
      vertex 0.899032 1.020000 0.086810
    endloop
  endfacet
  facet normal -0.595699 -0.000000 0.803208
    outer loop
      vertex 0.899032 1.020000 0.086810
      vertex 0.896667 1.020000 0.085056
      vertex 0.899032 -1.020000 0.086810
    endloop
  endfacet
  facet normal 0.514103 0.000000 -0.857729
    outer loop
      vertex 0.896667 -1.020000 0.085056
      vertex 0.894142 -1.020000 0.083542
      vertex 0.894142 1.020000 0.083542
    endloop
  endfacet
  facet normal -0.514103 -0.000000 0.857729
    outer loop
      vertex 0.894142 1.020000 0.083542
      vertex 0.894142 -1.020000 0.083542
      vertex 0.896667 -1.020000 0.085056
    endloop
  endfacet
  facet normal 0.514103 0.000000 -0.857729
    outer loop
      vertex 0.896667 -1.020000 0.085056
      vertex 0.894142 1.020000 0.083542
      vertex 0.896667 1.020000 0.085056
    endloop
  endfacet
  facet normal -0.514103 -0.000000 0.857729
    outer loop
      vertex 0.896667 1.020000 0.085056
      vertex 0.894142 1.020000 0.083542
      vertex 0.896667 -1.020000 0.085056
    endloop
  endfacet
  facet normal 0.427555 0.000000 -0.903989
    outer loop
      vertex 0.894142 -1.020000 0.083542
      vertex 0.891481 -1.020000 0.082284
      vertex 0.891481 1.020000 0.082284
    endloop
  endfacet
  facet normal -0.427555 -0.000000 0.903989
    outer loop
      vertex 0.891481 1.020000 0.082284
      vertex 0.891481 -1.020000 0.082284
      vertex 0.894142 -1.020000 0.083542
    endloop
  endfacet
  facet normal 0.427555 0.000000 -0.903989
    outer loop
      vertex 0.894142 -1.020000 0.083542
      vertex 0.891481 1.020000 0.082284
      vertex 0.894142 1.020000 0.083542
    endloop
  endfacet
  facet normal -0.427555 -0.000000 0.903989
    outer loop
      vertex 0.894142 1.020000 0.083542
      vertex 0.891481 1.020000 0.082284
      vertex 0.894142 -1.020000 0.083542
    endloop
  endfacet
  facet normal 0.336890 0.000000 -0.941544
    outer loop
      vertex 0.891481 -1.020000 0.082284
      vertex 0.888709 -1.020000 0.081292
      vertex 0.888709 1.020000 0.081292
    endloop
  endfacet
  facet normal -0.336890 -0.000000 0.941544
    outer loop
      vertex 0.888709 1.020000 0.081292
      vertex 0.888709 -1.020000 0.081292
      vertex 0.891481 -1.020000 0.082284
    endloop
  endfacet
  facet normal 0.336890 0.000000 -0.941544
    outer loop
      vertex 0.891481 -1.020000 0.082284
      vertex 0.888709 1.020000 0.081292
      vertex 0.891481 1.020000 0.082284
    endloop
  endfacet
  facet normal -0.336890 -0.000000 0.941544
    outer loop
      vertex 0.891481 1.020000 0.082284
      vertex 0.888709 1.020000 0.081292
      vertex 0.891481 -1.020000 0.082284
    endloop
  endfacet
  facet normal 0.242980 0.000000 -0.970031
    outer loop
      vertex 0.888709 -1.020000 0.081292
      vertex 0.885853 -1.020000 0.080576
      vertex 0.885853 1.020000 0.080576
    endloop
  endfacet
  facet normal -0.242980 -0.000000 0.970031
    outer loop
      vertex 0.885853 1.020000 0.080576
      vertex 0.885853 -1.020000 0.080576
      vertex 0.888709 -1.020000 0.081292
    endloop
  endfacet
  facet normal 0.242980 0.000000 -0.970031
    outer loop
      vertex 0.888709 -1.020000 0.081292
      vertex 0.885853 1.020000 0.080576
      vertex 0.888709 1.020000 0.081292
    endloop
  endfacet
  facet normal -0.242980 -0.000000 0.970031
    outer loop
      vertex 0.888709 1.020000 0.081292
      vertex 0.885853 1.020000 0.080576
      vertex 0.888709 -1.020000 0.081292
    endloop
  endfacet
  facet normal 0.146730 0.000000 -0.989177
    outer loop
      vertex 0.885853 -1.020000 0.080576
      vertex 0.882941 -1.020000 0.080144
      vertex 0.882941 1.020000 0.080144
    endloop
  endfacet
  facet normal -0.146730 -0.000000 0.989177
    outer loop
      vertex 0.882941 1.020000 0.080144
      vertex 0.882941 -1.020000 0.080144
      vertex 0.885853 -1.020000 0.080576
    endloop
  endfacet
  facet normal 0.146730 0.000000 -0.989177
    outer loop
      vertex 0.885853 -1.020000 0.080576
      vertex 0.882941 1.020000 0.080144
      vertex 0.885853 1.020000 0.080576
    endloop
  endfacet
  facet normal -0.146730 -0.000000 0.989177
    outer loop
      vertex 0.885853 1.020000 0.080576
      vertex 0.882941 1.020000 0.080144
      vertex 0.885853 -1.020000 0.080576
    endloop
  endfacet
  facet normal 0.049068 0.000000 -0.998795
    outer loop
      vertex 0.882941 -1.020000 0.080144
      vertex 0.880000 -1.020000 0.080000
      vertex 0.880000 1.020000 0.080000
    endloop
  endfacet
  facet normal -0.049068 -0.000000 0.998795
    outer loop
      vertex 0.880000 1.020000 0.080000
      vertex 0.880000 -1.020000 0.080000
      vertex 0.882941 -1.020000 0.080144
    endloop
  endfacet
  facet normal 0.049068 0.000000 -0.998795
    outer loop
      vertex 0.882941 -1.020000 0.080144
      vertex 0.880000 1.020000 0.080000
      vertex 0.882941 1.020000 0.080144
    endloop
  endfacet
  facet normal -0.049068 -0.000000 0.998795
    outer loop
      vertex 0.882941 1.020000 0.080144
      vertex 0.880000 1.020000 0.080000
      vertex 0.882941 -1.020000 0.080144
    endloop
  endfacet
  facet normal 0.000000 0.000000 -1.000000
    outer loop
      vertex 0.880000 -1.020000 0.080000
      vertex 0.430000 -1.020000 0.080000
      vertex 0.430000 1.020000 0.080000
    endloop
  endfacet
  facet normal -0.000000 -0.000000 1.000000
    outer loop
      vertex 0.430000 1.020000 0.080000
      vertex 0.430000 -1.020000 0.080000
      vertex 0.880000 -1.020000 0.080000
    endloop
  endfacet
  facet normal 0.000000 0.000000 -1.000000
    outer loop
      vertex 0.880000 -1.020000 0.080000
      vertex 0.430000 1.020000 0.080000
      vertex 0.880000 1.020000 0.080000
    endloop
  endfacet
  facet normal -0.000000 -0.000000 1.000000
    outer loop
      vertex 0.880000 1.020000 0.080000
      vertex 0.430000 1.020000 0.080000
      vertex 0.880000 -1.020000 0.080000
    endloop
  endfacet
  facet normal 1.000000 0.000000 0.000000
    outer loop
      vertex 0.430000 -1.020000 0.080000
      vertex 0.430000 -1.020000 -0.080000
      vertex 0.430000 1.020000 -0.080000
    endloop
  endfacet
  facet normal -1.000000 -0.000000 -0.000000
    outer loop
      vertex 0.430000 1.020000 -0.080000
      vertex 0.430000 -1.020000 -0.080000
      vertex 0.430000 -1.020000 0.080000
    endloop
  endfacet
  facet normal 1.000000 -0.000000 0.000000
    outer loop
      vertex 0.430000 -1.020000 0.080000
      vertex 0.430000 1.020000 -0.080000
      vertex 0.430000 1.020000 0.080000
    endloop
  endfacet
  facet normal -1.000000 0.000000 -0.000000
    outer loop
      vertex 0.430000 1.020000 0.080000
      vertex 0.430000 1.020000 -0.080000
      vertex 0.430000 -1.020000 0.080000
    endloop
  endfacet
  facet normal 0.000000 0.000000 1.000000
    outer loop
      vertex 0.430000 -1.020000 -0.080000
      vertex 0.880000 -1.020000 -0.080000
      vertex 0.880000 1.020000 -0.080000
    endloop
  endfacet
  facet normal -0.000000 -0.000000 -1.000000
    outer loop
      vertex 0.880000 1.020000 -0.080000
      vertex 0.880000 -1.020000 -0.080000
      vertex 0.430000 -1.020000 -0.080000
    endloop
  endfacet
  facet normal 0.000000 0.000000 1.000000
    outer loop
      vertex 0.430000 -1.020000 -0.080000
      vertex 0.880000 1.020000 -0.080000
      vertex 0.430000 1.020000 -0.080000
    endloop
  endfacet
  facet normal -0.000000 -0.000000 -1.000000
    outer loop
      vertex 0.430000 1.020000 -0.080000
      vertex 0.880000 1.020000 -0.080000
      vertex 0.430000 -1.020000 -0.080000
    endloop
  endfacet
  facet normal 0.049068 0.000000 0.998795
    outer loop
      vertex 0.880000 -1.020000 -0.080000
      vertex 0.882941 -1.020000 -0.080144
      vertex 0.882941 1.020000 -0.080144
    endloop
  endfacet
  facet normal -0.049068 -0.000000 -0.998795
    outer loop
      vertex 0.882941 1.020000 -0.080144
      vertex 0.882941 -1.020000 -0.080144
      vertex 0.880000 -1.020000 -0.080000
    endloop
  endfacet
  facet normal 0.049068 -0.000000 0.998795
    outer loop
      vertex 0.880000 -1.020000 -0.080000
      vertex 0.882941 1.020000 -0.080144
      vertex 0.880000 1.020000 -0.080000
    endloop
  endfacet
  facet normal -0.049068 0.000000 -0.998795
    outer loop
      vertex 0.880000 1.020000 -0.080000
      vertex 0.882941 1.020000 -0.080144
      vertex 0.880000 -1.020000 -0.080000
    endloop
  endfacet
  facet normal 0.146730 0.000000 0.989177
    outer loop
      vertex 0.882941 -1.020000 -0.080144
      vertex 0.885853 -1.020000 -0.080576
      vertex 0.885853 1.020000 -0.080576
    endloop
  endfacet
  facet normal -0.146730 -0.000000 -0.989177
    outer loop
      vertex 0.885853 1.020000 -0.080576
      vertex 0.885853 -1.020000 -0.080576
      vertex 0.882941 -1.020000 -0.080144
    endloop
  endfacet
  facet normal 0.146730 -0.000000 0.989177
    outer loop
      vertex 0.882941 -1.020000 -0.080144
      vertex 0.885853 1.020000 -0.080576
      vertex 0.882941 1.020000 -0.080144
    endloop
  endfacet
  facet normal -0.146730 0.000000 -0.989177
    outer loop
      vertex 0.882941 1.020000 -0.080144
      vertex 0.885853 1.020000 -0.080576
      vertex 0.882941 -1.020000 -0.080144
    endloop
  endfacet
  facet normal 0.242980 0.000000 0.970031
    outer loop
      vertex 0.885853 -1.020000 -0.080576
      vertex 0.888709 -1.020000 -0.081292
      vertex 0.888709 1.020000 -0.081292
    endloop
  endfacet
  facet normal -0.242980 -0.000000 -0.970031
    outer loop
      vertex 0.888709 1.020000 -0.081292
      vertex 0.888709 -1.020000 -0.081292
      vertex 0.885853 -1.020000 -0.080576
    endloop
  endfacet
  facet normal 0.242980 -0.000000 0.970031
    outer loop
      vertex 0.885853 -1.020000 -0.080576
      vertex 0.888709 1.020000 -0.081292
      vertex 0.885853 1.020000 -0.080576
    endloop
  endfacet
  facet normal -0.242980 0.000000 -0.970031
    outer loop
      vertex 0.885853 1.020000 -0.080576
      vertex 0.888709 1.020000 -0.081292
      vertex 0.885853 -1.020000 -0.080576
    endloop
  endfacet
  facet normal 0.336890 0.000000 0.941544
    outer loop
      vertex 0.888709 -1.020000 -0.081292
      vertex 0.891481 -1.020000 -0.082284
      vertex 0.891481 1.020000 -0.082284
    endloop
  endfacet
  facet normal -0.336890 -0.000000 -0.941544
    outer loop
      vertex 0.891481 1.020000 -0.082284
      vertex 0.891481 -1.020000 -0.082284
      vertex 0.888709 -1.020000 -0.081292
    endloop
  endfacet
  facet normal 0.336890 -0.000000 0.941544
    outer loop
      vertex 0.888709 -1.020000 -0.081292
      vertex 0.891481 1.020000 -0.082284
      vertex 0.888709 1.020000 -0.081292
    endloop
  endfacet
  facet normal -0.336890 0.000000 -0.941544
    outer loop
      vertex 0.888709 1.020000 -0.081292
      vertex 0.891481 1.020000 -0.082284
      vertex 0.888709 -1.020000 -0.081292
    endloop
  endfacet
  facet normal 0.427555 0.000000 0.903989
    outer loop
      vertex 0.891481 -1.020000 -0.082284
      vertex 0.894142 -1.020000 -0.083542
      vertex 0.894142 1.020000 -0.083542
    endloop
  endfacet
  facet normal -0.427555 -0.000000 -0.903989
    outer loop
      vertex 0.894142 1.020000 -0.083542
      vertex 0.894142 -1.020000 -0.083542
      vertex 0.891481 -1.020000 -0.082284
    endloop
  endfacet
  facet normal 0.427555 -0.000000 0.903989
    outer loop
      vertex 0.891481 -1.020000 -0.082284
      vertex 0.894142 1.020000 -0.083542
      vertex 0.891481 1.020000 -0.082284
    endloop
  endfacet
  facet normal -0.427555 0.000000 -0.903989
    outer loop
      vertex 0.891481 1.020000 -0.082284
      vertex 0.894142 1.020000 -0.083542
      vertex 0.891481 -1.020000 -0.082284
    endloop
  endfacet
  facet normal 0.514103 0.000000 0.857729
    outer loop
      vertex 0.894142 -1.020000 -0.083542
      vertex 0.896667 -1.020000 -0.085056
      vertex 0.896667 1.020000 -0.085056
    endloop
  endfacet
  facet normal -0.514103 -0.000000 -0.857729
    outer loop
      vertex 0.896667 1.020000 -0.085056
      vertex 0.896667 -1.020000 -0.085056
      vertex 0.894142 -1.020000 -0.083542
    endloop
  endfacet
  facet normal 0.514103 -0.000000 0.857729
    outer loop
      vertex 0.894142 -1.020000 -0.083542
      vertex 0.896667 1.020000 -0.085056
      vertex 0.894142 1.020000 -0.083542
    endloop
  endfacet
  facet normal -0.514103 0.000000 -0.857729
    outer loop
      vertex 0.894142 1.020000 -0.083542
      vertex 0.896667 1.020000 -0.085056
      vertex 0.894142 -1.020000 -0.083542
    endloop
  endfacet
  facet normal 0.595699 0.000000 0.803208
    outer loop
      vertex 0.896667 -1.020000 -0.085056
      vertex 0.899032 -1.020000 -0.086810
      vertex 0.899032 1.020000 -0.086810
    endloop
  endfacet
  facet normal -0.595699 -0.000000 -0.803208
    outer loop
      vertex 0.899032 1.020000 -0.086810
      vertex 0.899032 -1.020000 -0.086810
      vertex 0.896667 -1.020000 -0.085056
    endloop
  endfacet
  facet normal 0.595699 -0.000000 0.803208
    outer loop
      vertex 0.896667 -1.020000 -0.085056
      vertex 0.899032 1.020000 -0.086810
      vertex 0.896667 1.020000 -0.085056
    endloop
  endfacet
  facet normal -0.595699 0.000000 -0.803208
    outer loop
      vertex 0.896667 1.020000 -0.085056
      vertex 0.899032 1.020000 -0.086810
      vertex 0.896667 -1.020000 -0.085056
    endloop
  endfacet
  facet normal 0.671559 0.000000 0.740951
    outer loop
      vertex 0.899032 -1.020000 -0.086810
      vertex 0.901213 -1.020000 -0.088787
      vertex 0.901213 1.020000 -0.088787
    endloop
  endfacet
  facet normal -0.671559 -0.000000 -0.740951
    outer loop
      vertex 0.901213 1.020000 -0.088787
      vertex 0.901213 -1.020000 -0.088787
      vertex 0.899032 -1.020000 -0.086810
    endloop
  endfacet
  facet normal 0.671559 -0.000000 0.740951
    outer loop
      vertex 0.899032 -1.020000 -0.086810
      vertex 0.901213 1.020000 -0.088787
      vertex 0.899032 1.020000 -0.086810
    endloop
  endfacet
  facet normal -0.671559 0.000000 -0.740951
    outer loop
      vertex 0.899032 1.020000 -0.086810
      vertex 0.901213 1.020000 -0.088787
      vertex 0.899032 -1.020000 -0.086810
    endloop
  endfacet
  facet normal 0.740951 0.000000 0.671559
    outer loop
      vertex 0.901213 -1.020000 -0.088787
      vertex 0.903190 -1.020000 -0.090968
      vertex 0.903190 1.020000 -0.090968
    endloop
  endfacet
  facet normal -0.740951 -0.000000 -0.671559
    outer loop
      vertex 0.903190 1.020000 -0.090968
      vertex 0.903190 -1.020000 -0.090968
      vertex 0.901213 -1.020000 -0.088787
    endloop
  endfacet
  facet normal 0.740951 -0.000000 0.671559
    outer loop
      vertex 0.901213 -1.020000 -0.088787
      vertex 0.903190 1.020000 -0.090968
      vertex 0.901213 1.020000 -0.088787
    endloop
  endfacet
  facet normal -0.740951 0.000000 -0.671559
    outer loop
      vertex 0.901213 1.020000 -0.088787
      vertex 0.903190 1.020000 -0.090968
      vertex 0.901213 -1.020000 -0.088787
    endloop
  endfacet
  facet normal 0.803208 0.000000 0.595699
    outer loop
      vertex 0.903190 -1.020000 -0.090968
      vertex 0.904944 -1.020000 -0.093333
      vertex 0.904944 1.020000 -0.093333
    endloop
  endfacet
  facet normal -0.803208 -0.000000 -0.595699
    outer loop
      vertex 0.904944 1.020000 -0.093333
      vertex 0.904944 -1.020000 -0.093333
      vertex 0.903190 -1.020000 -0.090968
    endloop
  endfacet
  facet normal 0.803208 -0.000000 0.595699
    outer loop
      vertex 0.903190 -1.020000 -0.090968
      vertex 0.904944 1.020000 -0.093333
      vertex 0.903190 1.020000 -0.090968
    endloop
  endfacet
  facet normal -0.803208 0.000000 -0.595699
    outer loop
      vertex 0.903190 1.020000 -0.090968
      vertex 0.904944 1.020000 -0.093333
      vertex 0.903190 -1.020000 -0.090968
    endloop
  endfacet
  facet normal 0.857729 0.000000 0.514103
    outer loop
      vertex 0.904944 -1.020000 -0.093333
      vertex 0.906458 -1.020000 -0.095858
      vertex 0.906458 1.020000 -0.095858
    endloop
  endfacet
  facet normal -0.857729 -0.000000 -0.514103
    outer loop
      vertex 0.906458 1.020000 -0.095858
      vertex 0.906458 -1.020000 -0.095858
      vertex 0.904944 -1.020000 -0.093333
    endloop
  endfacet
  facet normal 0.857729 -0.000000 0.514103
    outer loop
      vertex 0.904944 -1.020000 -0.093333
      vertex 0.906458 1.020000 -0.095858
      vertex 0.904944 1.020000 -0.093333
    endloop
  endfacet
  facet normal -0.857729 0.000000 -0.514103
    outer loop
      vertex 0.904944 1.020000 -0.093333
      vertex 0.906458 1.020000 -0.095858
      vertex 0.904944 -1.020000 -0.093333
    endloop
  endfacet
  facet normal 0.903989 0.000000 0.427555
    outer loop
      vertex 0.906458 -1.020000 -0.095858
      vertex 0.907716 -1.020000 -0.098519
      vertex 0.907716 1.020000 -0.098519
    endloop
  endfacet
  facet normal -0.903989 -0.000000 -0.427555
    outer loop
      vertex 0.907716 1.020000 -0.098519
      vertex 0.907716 -1.020000 -0.098519
      vertex 0.906458 -1.020000 -0.095858
    endloop
  endfacet
  facet normal 0.903989 -0.000000 0.427555
    outer loop
      vertex 0.906458 -1.020000 -0.095858
      vertex 0.907716 1.020000 -0.098519
      vertex 0.906458 1.020000 -0.095858
    endloop
  endfacet
  facet normal -0.903989 0.000000 -0.427555
    outer loop
      vertex 0.906458 1.020000 -0.095858
      vertex 0.907716 1.020000 -0.098519
      vertex 0.906458 -1.020000 -0.095858
    endloop
  endfacet
  facet normal 0.941544 0.000000 0.336890
    outer loop
      vertex 0.907716 -1.020000 -0.098519
      vertex 0.908708 -1.020000 -0.101291
      vertex 0.908708 1.020000 -0.101291
    endloop
  endfacet
  facet normal -0.941544 -0.000000 -0.336890
    outer loop
      vertex 0.908708 1.020000 -0.101291
      vertex 0.908708 -1.020000 -0.101291
      vertex 0.907716 -1.020000 -0.098519
    endloop
  endfacet
  facet normal 0.941544 -0.000000 0.336890
    outer loop
      vertex 0.907716 -1.020000 -0.098519
      vertex 0.908708 1.020000 -0.101291
      vertex 0.907716 1.020000 -0.098519
    endloop
  endfacet
  facet normal -0.941544 0.000000 -0.336890
    outer loop
      vertex 0.907716 1.020000 -0.098519
      vertex 0.908708 1.020000 -0.101291
      vertex 0.907716 -1.020000 -0.098519
    endloop
  endfacet
  facet normal 0.970031 0.000000 0.242980
    outer loop
      vertex 0.908708 -1.020000 -0.101291
      vertex 0.909424 -1.020000 -0.104147
      vertex 0.909424 1.020000 -0.104147
    endloop
  endfacet
  facet normal -0.970031 -0.000000 -0.242980
    outer loop
      vertex 0.909424 1.020000 -0.104147
      vertex 0.909424 -1.020000 -0.104147
      vertex 0.908708 -1.020000 -0.101291
    endloop
  endfacet
  facet normal 0.970031 -0.000000 0.242980
    outer loop
      vertex 0.908708 -1.020000 -0.101291
      vertex 0.909424 1.020000 -0.104147
      vertex 0.908708 1.020000 -0.101291
    endloop
  endfacet
  facet normal -0.970031 0.000000 -0.242980
    outer loop
      vertex 0.908708 1.020000 -0.101291
      vertex 0.909424 1.020000 -0.104147
      vertex 0.908708 -1.020000 -0.101291
    endloop
  endfacet
  facet normal 0.989177 0.000000 0.146730
    outer loop
      vertex 0.909424 -1.020000 -0.104147
      vertex 0.909856 -1.020000 -0.107059
      vertex 0.909856 1.020000 -0.107059
    endloop
  endfacet
  facet normal -0.989177 -0.000000 -0.146730
    outer loop
      vertex 0.909856 1.020000 -0.107059
      vertex 0.909856 -1.020000 -0.107059
      vertex 0.909424 -1.020000 -0.104147
    endloop
  endfacet
  facet normal 0.989177 -0.000000 0.146730
    outer loop
      vertex 0.909424 -1.020000 -0.104147
      vertex 0.909856 1.020000 -0.107059
      vertex 0.909424 1.020000 -0.104147
    endloop
  endfacet
  facet normal -0.989177 0.000000 -0.146730
    outer loop
      vertex 0.909424 1.020000 -0.104147
      vertex 0.909856 1.020000 -0.107059
      vertex 0.909424 -1.020000 -0.104147
    endloop
  endfacet
  facet normal 0.998795 0.000000 0.049068
    outer loop
      vertex 0.909856 -1.020000 -0.107059
      vertex 0.910000 -1.020000 -0.110000
      vertex 0.910000 1.020000 -0.110000
    endloop
  endfacet
  facet normal -0.998795 -0.000000 -0.049068
    outer loop
      vertex 0.910000 1.020000 -0.110000
      vertex 0.910000 -1.020000 -0.110000
      vertex 0.909856 -1.020000 -0.107059
    endloop
  endfacet
  facet normal 0.998795 -0.000000 0.049068
    outer loop
      vertex 0.909856 -1.020000 -0.107059
      vertex 0.910000 1.020000 -0.110000
      vertex 0.909856 1.020000 -0.107059
    endloop
  endfacet
  facet normal -0.998795 0.000000 -0.049068
    outer loop
      vertex 0.909856 1.020000 -0.107059
      vertex 0.910000 1.020000 -0.110000
      vertex 0.909856 -1.020000 -0.107059
    endloop
  endfacet
  facet normal 1.000000 0.000000 0.000000
    outer loop
      vertex 0.910000 -1.020000 -0.110000
      vertex 0.910000 -1.020000 -1.420000
      vertex 0.910000 1.020000 -1.420000
    endloop
  endfacet
  facet normal -1.000000 -0.000000 -0.000000
    outer loop
      vertex 0.910000 1.020000 -1.420000
      vertex 0.910000 -1.020000 -1.420000
      vertex 0.910000 -1.020000 -0.110000
    endloop
  endfacet
  facet normal 1.000000 -0.000000 0.000000
    outer loop
      vertex 0.910000 -1.020000 -0.110000
      vertex 0.910000 1.020000 -1.420000
      vertex 0.910000 1.020000 -0.110000
    endloop
  endfacet
  facet normal -1.000000 0.000000 -0.000000
    outer loop
      vertex 0.910000 1.020000 -0.110000
      vertex 0.910000 1.020000 -1.420000
      vertex 0.910000 -1.020000 -0.110000
    endloop
  endfacet
  facet normal 0.998795 0.000000 -0.049068
    outer loop
      vertex 0.910000 -1.020000 -1.420000
      vertex 0.909856 -1.020000 -1.422941
      vertex 0.909856 1.020000 -1.422941
    endloop
  endfacet
  facet normal -0.998795 -0.000000 0.049068
    outer loop
      vertex 0.909856 1.020000 -1.422941
      vertex 0.909856 -1.020000 -1.422941
      vertex 0.910000 -1.020000 -1.420000
    endloop
  endfacet
  facet normal 0.998795 0.000000 -0.049068
    outer loop
      vertex 0.910000 -1.020000 -1.420000
      vertex 0.909856 1.020000 -1.422941
      vertex 0.910000 1.020000 -1.420000
    endloop
  endfacet
  facet normal -0.998795 -0.000000 0.049068
    outer loop
      vertex 0.910000 1.020000 -1.420000
      vertex 0.909856 1.020000 -1.422941
      vertex 0.910000 -1.020000 -1.420000
    endloop
  endfacet
  facet normal 0.989177 0.000000 -0.146730
    outer loop
      vertex 0.909856 -1.020000 -1.422941
      vertex 0.909424 -1.020000 -1.425853
      vertex 0.909424 1.020000 -1.425853
    endloop
  endfacet
  facet normal -0.989177 -0.000000 0.146730
    outer loop
      vertex 0.909424 1.020000 -1.425853
      vertex 0.909424 -1.020000 -1.425853
      vertex 0.909856 -1.020000 -1.422941
    endloop
  endfacet
  facet normal 0.989177 0.000000 -0.146730
    outer loop
      vertex 0.909856 -1.020000 -1.422941
      vertex 0.909424 1.020000 -1.425853
      vertex 0.909856 1.020000 -1.422941
    endloop
  endfacet
  facet normal -0.989177 -0.000000 0.146730
    outer loop
      vertex 0.909856 1.020000 -1.422941
      vertex 0.909424 1.020000 -1.425853
      vertex 0.909856 -1.020000 -1.422941
    endloop
  endfacet
  facet normal 0.970031 0.000000 -0.242980
    outer loop
      vertex 0.909424 -1.020000 -1.425853
      vertex 0.908708 -1.020000 -1.428709
      vertex 0.908708 1.020000 -1.428709
    endloop
  endfacet
  facet normal -0.970031 -0.000000 0.242980
    outer loop
      vertex 0.908708 1.020000 -1.428709
      vertex 0.908708 -1.020000 -1.428709
      vertex 0.909424 -1.020000 -1.425853
    endloop
  endfacet
  facet normal 0.970031 0.000000 -0.242980
    outer loop
      vertex 0.909424 -1.020000 -1.425853
      vertex 0.908708 1.020000 -1.428709
      vertex 0.909424 1.020000 -1.425853
    endloop
  endfacet
  facet normal -0.970031 -0.000000 0.242980
    outer loop
      vertex 0.909424 1.020000 -1.425853
      vertex 0.908708 1.020000 -1.428709
      vertex 0.909424 -1.020000 -1.425853
    endloop
  endfacet
  facet normal 0.941544 0.000000 -0.336890
    outer loop
      vertex 0.908708 -1.020000 -1.428709
      vertex 0.907716 -1.020000 -1.431481
      vertex 0.907716 1.020000 -1.431481
    endloop
  endfacet
  facet normal -0.941544 -0.000000 0.336890
    outer loop
      vertex 0.907716 1.020000 -1.431481
      vertex 0.907716 -1.020000 -1.431481
      vertex 0.908708 -1.020000 -1.428709
    endloop
  endfacet
  facet normal 0.941544 0.000000 -0.336890
    outer loop
      vertex 0.908708 -1.020000 -1.428709
      vertex 0.907716 1.020000 -1.431481
      vertex 0.908708 1.020000 -1.428709
    endloop
  endfacet
  facet normal -0.941544 -0.000000 0.336890
    outer loop
      vertex 0.908708 1.020000 -1.428709
      vertex 0.907716 1.020000 -1.431481
      vertex 0.908708 -1.020000 -1.428709
    endloop
  endfacet
  facet normal 0.903989 0.000000 -0.427555
    outer loop
      vertex 0.907716 -1.020000 -1.431481
      vertex 0.906458 -1.020000 -1.434142
      vertex 0.906458 1.020000 -1.434142
    endloop
  endfacet
  facet normal -0.903989 -0.000000 0.427555
    outer loop
      vertex 0.906458 1.020000 -1.434142
      vertex 0.906458 -1.020000 -1.434142
      vertex 0.907716 -1.020000 -1.431481
    endloop
  endfacet
  facet normal 0.903989 0.000000 -0.427555
    outer loop
      vertex 0.907716 -1.020000 -1.431481
      vertex 0.906458 1.020000 -1.434142
      vertex 0.907716 1.020000 -1.431481
    endloop
  endfacet
  facet normal -0.903989 -0.000000 0.427555
    outer loop
      vertex 0.907716 1.020000 -1.431481
      vertex 0.906458 1.020000 -1.434142
      vertex 0.907716 -1.020000 -1.431481
    endloop
  endfacet
  facet normal 0.857729 0.000000 -0.514103
    outer loop
      vertex 0.906458 -1.020000 -1.434142
      vertex 0.904944 -1.020000 -1.436667
      vertex 0.904944 1.020000 -1.436667
    endloop
  endfacet
  facet normal -0.857729 -0.000000 0.514103
    outer loop
      vertex 0.904944 1.020000 -1.436667
      vertex 0.904944 -1.020000 -1.436667
      vertex 0.906458 -1.020000 -1.434142
    endloop
  endfacet
  facet normal 0.857729 0.000000 -0.514103
    outer loop
      vertex 0.906458 -1.020000 -1.434142
      vertex 0.904944 1.020000 -1.436667
      vertex 0.906458 1.020000 -1.434142
    endloop
  endfacet
  facet normal -0.857729 -0.000000 0.514103
    outer loop
      vertex 0.906458 1.020000 -1.434142
      vertex 0.904944 1.020000 -1.436667
      vertex 0.906458 -1.020000 -1.434142
    endloop
  endfacet
  facet normal 0.803208 0.000000 -0.595699
    outer loop
      vertex 0.904944 -1.020000 -1.436667
      vertex 0.903190 -1.020000 -1.439032
      vertex 0.903190 1.020000 -1.439032
    endloop
  endfacet
  facet normal -0.803208 -0.000000 0.595699
    outer loop
      vertex 0.903190 1.020000 -1.439032
      vertex 0.903190 -1.020000 -1.439032
      vertex 0.904944 -1.020000 -1.436667
    endloop
  endfacet
  facet normal 0.803208 0.000000 -0.595699
    outer loop
      vertex 0.904944 -1.020000 -1.436667
      vertex 0.903190 1.020000 -1.439032
      vertex 0.904944 1.020000 -1.436667
    endloop
  endfacet
  facet normal -0.803208 -0.000000 0.595699
    outer loop
      vertex 0.904944 1.020000 -1.436667
      vertex 0.903190 1.020000 -1.439032
      vertex 0.904944 -1.020000 -1.436667
    endloop
  endfacet
  facet normal 0.740951 0.000000 -0.671559
    outer loop
      vertex 0.903190 -1.020000 -1.439032
      vertex 0.901213 -1.020000 -1.441213
      vertex 0.901213 1.020000 -1.441213
    endloop
  endfacet
  facet normal -0.740951 -0.000000 0.671559
    outer loop
      vertex 0.901213 1.020000 -1.441213
      vertex 0.901213 -1.020000 -1.441213
      vertex 0.903190 -1.020000 -1.439032
    endloop
  endfacet
  facet normal 0.740951 0.000000 -0.671559
    outer loop
      vertex 0.903190 -1.020000 -1.439032
      vertex 0.901213 1.020000 -1.441213
      vertex 0.903190 1.020000 -1.439032
    endloop
  endfacet
  facet normal -0.740951 -0.000000 0.671559
    outer loop
      vertex 0.903190 1.020000 -1.439032
      vertex 0.901213 1.020000 -1.441213
      vertex 0.903190 -1.020000 -1.439032
    endloop
  endfacet
  facet normal 0.671559 0.000000 -0.740951
    outer loop
      vertex 0.901213 -1.020000 -1.441213
      vertex 0.899032 -1.020000 -1.443190
      vertex 0.899032 1.020000 -1.443190
    endloop
  endfacet
  facet normal -0.671559 -0.000000 0.740951
    outer loop
      vertex 0.899032 1.020000 -1.443190
      vertex 0.899032 -1.020000 -1.443190
      vertex 0.901213 -1.020000 -1.441213
    endloop
  endfacet
  facet normal 0.671559 0.000000 -0.740951
    outer loop
      vertex 0.901213 -1.020000 -1.441213
      vertex 0.899032 1.020000 -1.443190
      vertex 0.901213 1.020000 -1.441213
    endloop
  endfacet
  facet normal -0.671559 -0.000000 0.740951
    outer loop
      vertex 0.901213 1.020000 -1.441213
      vertex 0.899032 1.020000 -1.443190
      vertex 0.901213 -1.020000 -1.441213
    endloop
  endfacet
  facet normal 0.595699 0.000000 -0.803208
    outer loop
      vertex 0.899032 -1.020000 -1.443190
      vertex 0.896667 -1.020000 -1.444944
      vertex 0.896667 1.020000 -1.444944
    endloop
  endfacet
  facet normal -0.595699 -0.000000 0.803208
    outer loop
      vertex 0.896667 1.020000 -1.444944
      vertex 0.896667 -1.020000 -1.444944
      vertex 0.899032 -1.020000 -1.443190
    endloop
  endfacet
  facet normal 0.595699 0.000000 -0.803208
    outer loop
      vertex 0.899032 -1.020000 -1.443190
      vertex 0.896667 1.020000 -1.444944
      vertex 0.899032 1.020000 -1.443190
    endloop
  endfacet
  facet normal -0.595699 -0.000000 0.803208
    outer loop
      vertex 0.899032 1.020000 -1.443190
      vertex 0.896667 1.020000 -1.444944
      vertex 0.899032 -1.020000 -1.443190
    endloop
  endfacet
  facet normal 0.514103 0.000000 -0.857729
    outer loop
      vertex 0.896667 -1.020000 -1.444944
      vertex 0.894142 -1.020000 -1.446458
      vertex 0.894142 1.020000 -1.446458
    endloop
  endfacet
  facet normal -0.514103 -0.000000 0.857729
    outer loop
      vertex 0.894142 1.020000 -1.446458
      vertex 0.894142 -1.020000 -1.446458
      vertex 0.896667 -1.020000 -1.444944
    endloop
  endfacet
  facet normal 0.514103 0.000000 -0.857729
    outer loop
      vertex 0.896667 -1.020000 -1.444944
      vertex 0.894142 1.020000 -1.446458
      vertex 0.896667 1.020000 -1.444944
    endloop
  endfacet
  facet normal -0.514103 -0.000000 0.857729
    outer loop
      vertex 0.896667 1.020000 -1.444944
      vertex 0.894142 1.020000 -1.446458
      vertex 0.896667 -1.020000 -1.444944
    endloop
  endfacet
  facet normal 0.427555 0.000000 -0.903989
    outer loop
      vertex 0.894142 -1.020000 -1.446458
      vertex 0.891481 -1.020000 -1.447716
      vertex 0.891481 1.020000 -1.447716
    endloop
  endfacet
  facet normal -0.427555 -0.000000 0.903989
    outer loop
      vertex 0.891481 1.020000 -1.447716
      vertex 0.891481 -1.020000 -1.447716
      vertex 0.894142 -1.020000 -1.446458
    endloop
  endfacet
  facet normal 0.427555 0.000000 -0.903989
    outer loop
      vertex 0.894142 -1.020000 -1.446458
      vertex 0.891481 1.020000 -1.447716
      vertex 0.894142 1.020000 -1.446458
    endloop
  endfacet
  facet normal -0.427555 -0.000000 0.903989
    outer loop
      vertex 0.894142 1.020000 -1.446458
      vertex 0.891481 1.020000 -1.447716
      vertex 0.894142 -1.020000 -1.446458
    endloop
  endfacet
  facet normal 0.336890 0.000000 -0.941544
    outer loop
      vertex 0.891481 -1.020000 -1.447716
      vertex 0.888709 -1.020000 -1.448708
      vertex 0.888709 1.020000 -1.448708
    endloop
  endfacet
  facet normal -0.336890 -0.000000 0.941544
    outer loop
      vertex 0.888709 1.020000 -1.448708
      vertex 0.888709 -1.020000 -1.448708
      vertex 0.891481 -1.020000 -1.447716
    endloop
  endfacet
  facet normal 0.336890 0.000000 -0.941544
    outer loop
      vertex 0.891481 -1.020000 -1.447716
      vertex 0.888709 1.020000 -1.448708
      vertex 0.891481 1.020000 -1.447716
    endloop
  endfacet
  facet normal -0.336890 -0.000000 0.941544
    outer loop
      vertex 0.891481 1.020000 -1.447716
      vertex 0.888709 1.020000 -1.448708
      vertex 0.891481 -1.020000 -1.447716
    endloop
  endfacet
  facet normal 0.242980 0.000000 -0.970031
    outer loop
      vertex 0.888709 -1.020000 -1.448708
      vertex 0.885853 -1.020000 -1.449424
      vertex 0.885853 1.020000 -1.449424
    endloop
  endfacet
  facet normal -0.242980 -0.000000 0.970031
    outer loop
      vertex 0.885853 1.020000 -1.449424
      vertex 0.885853 -1.020000 -1.449424
      vertex 0.888709 -1.020000 -1.448708
    endloop
  endfacet
  facet normal 0.242980 0.000000 -0.970031
    outer loop
      vertex 0.888709 -1.020000 -1.448708
      vertex 0.885853 1.020000 -1.449424
      vertex 0.888709 1.020000 -1.448708
    endloop
  endfacet
  facet normal -0.242980 -0.000000 0.970031
    outer loop
      vertex 0.888709 1.020000 -1.448708
      vertex 0.885853 1.020000 -1.449424
      vertex 0.888709 -1.020000 -1.448708
    endloop
  endfacet
  facet normal 0.146730 0.000000 -0.989177
    outer loop
      vertex 0.885853 -1.020000 -1.449424
      vertex 0.882941 -1.020000 -1.449856
      vertex 0.882941 1.020000 -1.449856
    endloop
  endfacet
  facet normal -0.146730 -0.000000 0.989177
    outer loop
      vertex 0.882941 1.020000 -1.449856
      vertex 0.882941 -1.020000 -1.449856
      vertex 0.885853 -1.020000 -1.449424
    endloop
  endfacet
  facet normal 0.146730 0.000000 -0.989177
    outer loop
      vertex 0.885853 -1.020000 -1.449424
      vertex 0.882941 1.020000 -1.449856
      vertex 0.885853 1.020000 -1.449424
    endloop
  endfacet
  facet normal -0.146730 -0.000000 0.989177
    outer loop
      vertex 0.885853 1.020000 -1.449424
      vertex 0.882941 1.020000 -1.449856
      vertex 0.885853 -1.020000 -1.449424
    endloop
  endfacet
  facet normal 0.049068 0.000000 -0.998795
    outer loop
      vertex 0.882941 -1.020000 -1.449856
      vertex 0.880000 -1.020000 -1.450000
      vertex 0.880000 1.020000 -1.450000
    endloop
  endfacet
  facet normal -0.049068 -0.000000 0.998795
    outer loop
      vertex 0.880000 1.020000 -1.450000
      vertex 0.880000 -1.020000 -1.450000
      vertex 0.882941 -1.020000 -1.449856
    endloop
  endfacet
  facet normal 0.049068 0.000000 -0.998795
    outer loop
      vertex 0.882941 -1.020000 -1.449856
      vertex 0.880000 1.020000 -1.450000
      vertex 0.882941 1.020000 -1.449856
    endloop
  endfacet
  facet normal -0.049068 -0.000000 0.998795
    outer loop
      vertex 0.882941 1.020000 -1.449856
      vertex 0.880000 1.020000 -1.450000
      vertex 0.882941 -1.020000 -1.449856
    endloop
  endfacet
  facet normal 0.000000 0.000000 -1.000000
    outer loop
      vertex 0.880000 -1.020000 -1.450000
      vertex 0.020000 -1.020000 -1.450000
      vertex 0.020000 1.020000 -1.450000
    endloop
  endfacet
  facet normal -0.000000 -0.000000 1.000000
    outer loop
      vertex 0.020000 1.020000 -1.450000
      vertex 0.020000 -1.020000 -1.450000
      vertex 0.880000 -1.020000 -1.450000
    endloop
  endfacet
  facet normal 0.000000 0.000000 -1.000000
    outer loop
      vertex 0.880000 -1.020000 -1.450000
      vertex 0.020000 1.020000 -1.450000
      vertex 0.880000 1.020000 -1.450000
    endloop
  endfacet
  facet normal -0.000000 -0.000000 1.000000
    outer loop
      vertex 0.880000 1.020000 -1.450000
      vertex 0.020000 1.020000 -1.450000
      vertex 0.880000 -1.020000 -1.450000
    endloop
  endfacet
  facet normal -1.000000 0.000000 0.000000
    outer loop
      vertex 0.020000 -1.020000 -1.450000
      vertex 0.020000 -1.020000 -1.020000
      vertex 0.020000 1.020000 -1.020000
    endloop
  endfacet
  facet normal 1.000000 -0.000000 -0.000000
    outer loop
      vertex 0.020000 1.020000 -1.020000
      vertex 0.020000 -1.020000 -1.020000
      vertex 0.020000 -1.020000 -1.450000
    endloop
  endfacet
  facet normal -1.000000 0.000000 0.000000
    outer loop
      vertex 0.020000 -1.020000 -1.450000
      vertex 0.020000 1.020000 -1.020000
      vertex 0.020000 1.020000 -1.450000
    endloop
  endfacet
  facet normal 1.000000 -0.000000 -0.000000
    outer loop
      vertex 0.020000 1.020000 -1.450000
      vertex 0.020000 1.020000 -1.020000
      vertex 0.020000 -1.020000 -1.450000
    endloop
  endfacet
  facet normal 0.000000 0.000000 1.000000
    outer loop
      vertex 0.020000 -1.020000 -1.020000
      vertex 0.480000 -1.020000 -1.020000
      vertex 0.480000 1.020000 -1.020000
    endloop
  endfacet
  facet normal -0.000000 -0.000000 -1.000000
    outer loop
      vertex 0.480000 1.020000 -1.020000
      vertex 0.480000 -1.020000 -1.020000
      vertex 0.020000 -1.020000 -1.020000
    endloop
  endfacet
  facet normal 0.000000 0.000000 1.000000
    outer loop
      vertex 0.020000 -1.020000 -1.020000
      vertex 0.480000 1.020000 -1.020000
      vertex 0.020000 1.020000 -1.020000
    endloop
  endfacet
  facet normal -0.000000 -0.000000 -1.000000
    outer loop
      vertex 0.020000 1.020000 -1.020000
      vertex 0.480000 1.020000 -1.020000
      vertex 0.020000 -1.020000 -1.020000
    endloop
  endfacet
  facet normal -1.000000 0.000000 0.000000
    outer loop
      vertex 0.480000 -1.020000 -1.020000
      vertex 0.480000 -1.020000 -0.510000
      vertex 0.480000 1.020000 -0.510000
    endloop
  endfacet
  facet normal 1.000000 -0.000000 -0.000000
    outer loop
      vertex 0.480000 1.020000 -0.510000
      vertex 0.480000 -1.020000 -0.510000
      vertex 0.480000 -1.020000 -1.020000
    endloop
  endfacet
  facet normal -1.000000 0.000000 0.000000
    outer loop
      vertex 0.480000 -1.020000 -1.020000
      vertex 0.480000 1.020000 -0.510000
      vertex 0.480000 1.020000 -1.020000
    endloop
  endfacet
  facet normal 1.000000 -0.000000 -0.000000
    outer loop
      vertex 0.480000 1.020000 -1.020000
      vertex 0.480000 1.020000 -0.510000
      vertex 0.480000 -1.020000 -1.020000
    endloop
  endfacet
  facet normal 0.000000 0.000000 -1.000000
    outer loop
      vertex 0.480000 -1.020000 -0.510000
      vertex 0.020000 -1.020000 -0.510000
      vertex 0.020000 1.020000 -0.510000
    endloop
  endfacet
  facet normal -0.000000 -0.000000 1.000000
    outer loop
      vertex 0.020000 1.020000 -0.510000
      vertex 0.020000 -1.020000 -0.510000
      vertex 0.480000 -1.020000 -0.510000
    endloop
  endfacet
  facet normal 0.000000 0.000000 -1.000000
    outer loop
      vertex 0.480000 -1.020000 -0.510000
      vertex 0.020000 1.020000 -0.510000
      vertex 0.480000 1.020000 -0.510000
    endloop
  endfacet
  facet normal -0.000000 -0.000000 1.000000
    outer loop
      vertex 0.480000 1.020000 -0.510000
      vertex 0.020000 1.020000 -0.510000
      vertex 0.480000 -1.020000 -0.510000
    endloop
  endfacet
  facet normal -1.000000 0.000000 0.000000
    outer loop
      vertex 0.020000 -1.020000 -0.510000
      vertex 0.020000 -1.020000 0.510000
      vertex 0.020000 1.020000 0.510000
    endloop
  endfacet
  facet normal 1.000000 -0.000000 -0.000000
    outer loop
      vertex 0.020000 1.020000 0.510000
      vertex 0.020000 -1.020000 0.510000
      vertex 0.020000 -1.020000 -0.510000
    endloop
  endfacet
  facet normal -1.000000 0.000000 0.000000
    outer loop
      vertex 0.020000 -1.020000 -0.510000
      vertex 0.020000 1.020000 0.510000
      vertex 0.020000 1.020000 -0.510000
    endloop
  endfacet
  facet normal 1.000000 -0.000000 -0.000000
    outer loop
      vertex 0.020000 1.020000 -0.510000
      vertex 0.020000 1.020000 0.510000
      vertex 0.020000 -1.020000 -0.510000
    endloop
  endfacet
  facet normal 0.000000 0.000000 1.000000
    outer loop
      vertex 0.020000 -1.020000 0.510000
      vertex 0.480000 -1.020000 0.510000
      vertex 0.480000 1.020000 0.510000
    endloop
  endfacet
  facet normal -0.000000 -0.000000 -1.000000
    outer loop
      vertex 0.480000 1.020000 0.510000
      vertex 0.480000 -1.020000 0.510000
      vertex 0.020000 -1.020000 0.510000
    endloop
  endfacet
  facet normal 0.000000 0.000000 1.000000
    outer loop
      vertex 0.020000 -1.020000 0.510000
      vertex 0.480000 1.020000 0.510000
      vertex 0.020000 1.020000 0.510000
    endloop
  endfacet
  facet normal -0.000000 -0.000000 -1.000000
    outer loop
      vertex 0.020000 1.020000 0.510000
      vertex 0.480000 1.020000 0.510000
      vertex 0.020000 -1.020000 0.510000
    endloop
  endfacet
  facet normal -1.000000 0.000000 0.000000
    outer loop
      vertex 0.480000 -1.020000 0.510000
      vertex 0.480000 -1.020000 1.020000
      vertex 0.480000 1.020000 1.020000
    endloop
  endfacet
  facet normal 1.000000 -0.000000 -0.000000
    outer loop
      vertex 0.480000 1.020000 1.020000
      vertex 0.480000 -1.020000 1.020000
      vertex 0.480000 -1.020000 0.510000
    endloop
  endfacet
  facet normal -1.000000 0.000000 0.000000
    outer loop
      vertex 0.480000 -1.020000 0.510000
      vertex 0.480000 1.020000 1.020000
      vertex 0.480000 1.020000 0.510000
    endloop
  endfacet
  facet normal 1.000000 -0.000000 -0.000000
    outer loop
      vertex 0.480000 1.020000 0.510000
      vertex 0.480000 1.020000 1.020000
      vertex 0.480000 -1.020000 0.510000
    endloop
  endfacet
  facet normal 0.000000 0.000000 -1.000000
    outer loop
      vertex 0.480000 -1.020000 1.020000
      vertex 0.020000 -1.020000 1.020000
      vertex 0.020000 1.020000 1.020000
    endloop
  endfacet
  facet normal -0.000000 -0.000000 1.000000
    outer loop
      vertex 0.020000 1.020000 1.020000
      vertex 0.020000 -1.020000 1.020000
      vertex 0.480000 -1.020000 1.020000
    endloop
  endfacet
  facet normal 0.000000 0.000000 -1.000000
    outer loop
      vertex 0.480000 -1.020000 1.020000
      vertex 0.020000 1.020000 1.020000
      vertex 0.480000 1.020000 1.020000
    endloop
  endfacet
  facet normal -0.000000 -0.000000 1.000000
    outer loop
      vertex 0.480000 1.020000 1.020000
      vertex 0.020000 1.020000 1.020000
      vertex 0.480000 -1.020000 1.020000
    endloop
  endfacet
  facet normal -1.000000 0.000000 0.000000
    outer loop
      vertex 0.020000 -1.020000 1.020000
      vertex 0.020000 -1.020000 1.450000
      vertex 0.020000 1.020000 1.450000
    endloop
  endfacet
  facet normal 1.000000 -0.000000 -0.000000
    outer loop
      vertex 0.020000 1.020000 1.450000
      vertex 0.020000 -1.020000 1.450000
      vertex 0.020000 -1.020000 1.020000
    endloop
  endfacet
  facet normal -1.000000 0.000000 0.000000
    outer loop
      vertex 0.020000 -1.020000 1.020000
      vertex 0.020000 1.020000 1.450000
      vertex 0.020000 1.020000 1.020000
    endloop
  endfacet
  facet normal 1.000000 -0.000000 -0.000000
    outer loop
      vertex 0.020000 1.020000 1.020000
      vertex 0.020000 1.020000 1.450000
      vertex 0.020000 -1.020000 1.020000
    endloop
  endfacet
  facet normal 0.000000 0.000000 1.000000
    outer loop
      vertex 0.020000 -1.020000 1.450000
      vertex 0.880000 -1.020000 1.450000
      vertex 0.880000 1.020000 1.450000
    endloop
  endfacet
  facet normal -0.000000 -0.000000 -1.000000
    outer loop
      vertex 0.880000 1.020000 1.450000
      vertex 0.880000 -1.020000 1.450000
      vertex 0.020000 -1.020000 1.450000
    endloop
  endfacet
  facet normal 0.000000 0.000000 1.000000
    outer loop
      vertex 0.020000 -1.020000 1.450000
      vertex 0.880000 1.020000 1.450000
      vertex 0.020000 1.020000 1.450000
    endloop
  endfacet
  facet normal -0.000000 -0.000000 -1.000000
    outer loop
      vertex 0.020000 1.020000 1.450000
      vertex 0.880000 1.020000 1.450000
      vertex 0.020000 -1.020000 1.450000
    endloop
  endfacet
  facet normal 0.049068 0.000000 0.998795
    outer loop
      vertex 0.880000 -1.020000 1.450000
      vertex 0.882941 -1.020000 1.449856
      vertex 0.882941 1.020000 1.449856
    endloop
  endfacet
  facet normal -0.049068 -0.000000 -0.998795
    outer loop
      vertex 0.882941 1.020000 1.449856
      vertex 0.882941 -1.020000 1.449856
      vertex 0.880000 -1.020000 1.450000
    endloop
  endfacet
  facet normal 0.049068 -0.000000 0.998795
    outer loop
      vertex 0.880000 -1.020000 1.450000
      vertex 0.882941 1.020000 1.449856
      vertex 0.880000 1.020000 1.450000
    endloop
  endfacet
  facet normal -0.049068 0.000000 -0.998795
    outer loop
      vertex 0.880000 1.020000 1.450000
      vertex 0.882941 1.020000 1.449856
      vertex 0.880000 -1.020000 1.450000
    endloop
  endfacet
  facet normal 0.146730 0.000000 0.989177
    outer loop
      vertex 0.882941 -1.020000 1.449856
      vertex 0.885853 -1.020000 1.449424
      vertex 0.885853 1.020000 1.449424
    endloop
  endfacet
  facet normal -0.146730 -0.000000 -0.989177
    outer loop
      vertex 0.885853 1.020000 1.449424
      vertex 0.885853 -1.020000 1.449424
      vertex 0.882941 -1.020000 1.449856
    endloop
  endfacet
  facet normal 0.146730 -0.000000 0.989177
    outer loop
      vertex 0.882941 -1.020000 1.449856
      vertex 0.885853 1.020000 1.449424
      vertex 0.882941 1.020000 1.449856
    endloop
  endfacet
  facet normal -0.146730 0.000000 -0.989177
    outer loop
      vertex 0.882941 1.020000 1.449856
      vertex 0.885853 1.020000 1.449424
      vertex 0.882941 -1.020000 1.449856
    endloop
  endfacet
  facet normal 0.980785 0.000000 0.195090
    outer loop
      vertex 0.699230 -1.020000 -0.748253
      vertex 0.696933 1.020000 -0.736706
      vertex 0.696933 -1.020000 -0.736706
    endloop
  endfacet
  facet normal -0.980785 -0.000000 -0.195090
    outer loop
      vertex 0.696933 -1.020000 -0.736706
      vertex 0.696933 1.020000 -0.736706
      vertex 0.699230 -1.020000 -0.748253
    endloop
  endfacet
  facet normal 0.980785 -0.000000 0.195090
    outer loop
      vertex 0.699230 -1.020000 -0.748253
      vertex 0.699230 1.020000 -0.748253
      vertex 0.696933 1.020000 -0.736706
    endloop
  endfacet
  facet normal -0.980785 0.000000 -0.195090
    outer loop
      vertex 0.696933 1.020000 -0.736706
      vertex 0.699230 1.020000 -0.748253
      vertex 0.699230 -1.020000 -0.748253
    endloop
  endfacet
  facet normal 0.946930 0.000000 0.321439
    outer loop
      vertex 0.696933 -1.020000 -0.736706
      vertex 0.693149 1.020000 -0.725558
      vertex 0.693149 -1.020000 -0.725558
    endloop
  endfacet
  facet normal -0.946930 -0.000000 -0.321439
    outer loop
      vertex 0.693149 -1.020000 -0.725558
      vertex 0.693149 1.020000 -0.725558
      vertex 0.696933 -1.020000 -0.736706
    endloop
  endfacet
  facet normal 0.946930 -0.000000 0.321439
    outer loop
      vertex 0.696933 -1.020000 -0.736706
      vertex 0.696933 1.020000 -0.736706
      vertex 0.693149 1.020000 -0.725558
    endloop
  endfacet
  facet normal -0.946930 0.000000 -0.321439
    outer loop
      vertex 0.693149 1.020000 -0.725558
      vertex 0.696933 1.020000 -0.736706
      vertex 0.696933 -1.020000 -0.736706
    endloop
  endfacet
  facet normal 0.896873 0.000000 0.442289
    outer loop
      vertex 0.693149 -1.020000 -0.725558
      vertex 0.687942 1.020000 -0.715000
      vertex 0.687942 -1.020000 -0.715000
    endloop
  endfacet
  facet normal -0.896873 -0.000000 -0.442289
    outer loop
      vertex 0.687942 -1.020000 -0.715000
      vertex 0.687942 1.020000 -0.715000
      vertex 0.693149 -1.020000 -0.725558
    endloop
  endfacet
  facet normal 0.896873 -0.000000 0.442289
    outer loop
      vertex 0.693149 -1.020000 -0.725558
      vertex 0.693149 1.020000 -0.725558
      vertex 0.687942 1.020000 -0.715000
    endloop
  endfacet
  facet normal -0.896873 0.000000 -0.442289
    outer loop
      vertex 0.687942 1.020000 -0.715000
      vertex 0.693149 1.020000 -0.725558
      vertex 0.693149 -1.020000 -0.725558
    endloop
  endfacet
  facet normal 0.831470 0.000000 0.555570
    outer loop
      vertex 0.687942 -1.020000 -0.715000
      vertex 0.681402 1.020000 -0.705211
      vertex 0.681402 -1.020000 -0.705211
    endloop
  endfacet
  facet normal -0.831470 -0.000000 -0.555570
    outer loop
      vertex 0.681402 -1.020000 -0.705211
      vertex 0.681402 1.020000 -0.705211
      vertex 0.687942 -1.020000 -0.715000
    endloop
  endfacet
  facet normal 0.831470 -0.000000 0.555570
    outer loop
      vertex 0.687942 -1.020000 -0.715000
      vertex 0.687942 1.020000 -0.715000
      vertex 0.681402 1.020000 -0.705211
    endloop
  endfacet
  facet normal -0.831470 0.000000 -0.555570
    outer loop
      vertex 0.681402 1.020000 -0.705211
      vertex 0.687942 1.020000 -0.715000
      vertex 0.687942 -1.020000 -0.715000
    endloop
  endfacet
  facet normal 0.751840 0.000000 0.659346
    outer loop
      vertex 0.681402 -1.020000 -0.705211
      vertex 0.673640 1.020000 -0.696360
      vertex 0.673640 -1.020000 -0.696360
    endloop
  endfacet
  facet normal -0.751840 -0.000000 -0.659346
    outer loop
      vertex 0.673640 -1.020000 -0.696360
      vertex 0.673640 1.020000 -0.696360
      vertex 0.681402 -1.020000 -0.705211
    endloop
  endfacet
  facet normal 0.751840 -0.000000 0.659346
    outer loop
      vertex 0.681402 -1.020000 -0.705211
      vertex 0.681402 1.020000 -0.705211
      vertex 0.673640 1.020000 -0.696360
    endloop
  endfacet
  facet normal -0.751840 0.000000 -0.659346
    outer loop
      vertex 0.673640 1.020000 -0.696360
      vertex 0.681402 1.020000 -0.705211
      vertex 0.681402 -1.020000 -0.705211
    endloop
  endfacet
  facet normal 0.659346 0.000000 0.751840
    outer loop
      vertex 0.673640 -1.020000 -0.696360
      vertex 0.664789 1.020000 -0.688598
      vertex 0.664789 -1.020000 -0.688598
    endloop
  endfacet
  facet normal -0.659346 -0.000000 -0.751840
    outer loop
      vertex 0.664789 -1.020000 -0.688598
      vertex 0.664789 1.020000 -0.688598
      vertex 0.673640 -1.020000 -0.696360
    endloop
  endfacet
  facet normal 0.659346 -0.000000 0.751840
    outer loop
      vertex 0.673640 -1.020000 -0.696360
      vertex 0.673640 1.020000 -0.696360
      vertex 0.664789 1.020000 -0.688598
    endloop
  endfacet
  facet normal -0.659346 0.000000 -0.751840
    outer loop
      vertex 0.664789 1.020000 -0.688598
      vertex 0.673640 1.020000 -0.696360
      vertex 0.673640 -1.020000 -0.696360
    endloop
  endfacet
  facet normal 0.555570 0.000000 0.831470
    outer loop
      vertex 0.664789 -1.020000 -0.688598
      vertex 0.655000 1.020000 -0.682058
      vertex 0.655000 -1.020000 -0.682058
    endloop
  endfacet
  facet normal -0.555570 -0.000000 -0.831470
    outer loop
      vertex 0.655000 -1.020000 -0.682058
      vertex 0.655000 1.020000 -0.682058
      vertex 0.664789 -1.020000 -0.688598
    endloop
  endfacet
  facet normal 0.555570 -0.000000 0.831470
    outer loop
      vertex 0.664789 -1.020000 -0.688598
      vertex 0.664789 1.020000 -0.688598
      vertex 0.655000 1.020000 -0.682058
    endloop
  endfacet
  facet normal -0.555570 0.000000 -0.831470
    outer loop
      vertex 0.655000 1.020000 -0.682058
      vertex 0.664789 1.020000 -0.688598
      vertex 0.664789 -1.020000 -0.688598
    endloop
  endfacet
  facet normal 0.442289 0.000000 0.896873
    outer loop
      vertex 0.655000 -1.020000 -0.682058
      vertex 0.644442 1.020000 -0.676851
      vertex 0.644442 -1.020000 -0.676851
    endloop
  endfacet
  facet normal -0.442289 -0.000000 -0.896873
    outer loop
      vertex 0.644442 -1.020000 -0.676851
      vertex 0.644442 1.020000 -0.676851
      vertex 0.655000 -1.020000 -0.682058
    endloop
  endfacet
  facet normal 0.442289 -0.000000 0.896873
    outer loop
      vertex 0.655000 -1.020000 -0.682058
      vertex 0.655000 1.020000 -0.682058
      vertex 0.644442 1.020000 -0.676851
    endloop
  endfacet
  facet normal -0.442289 0.000000 -0.896873
    outer loop
      vertex 0.644442 1.020000 -0.676851
      vertex 0.655000 1.020000 -0.682058
      vertex 0.655000 -1.020000 -0.682058
    endloop
  endfacet
  facet normal 0.321439 0.000000 0.946930
    outer loop
      vertex 0.644442 -1.020000 -0.676851
      vertex 0.633294 1.020000 -0.673067
      vertex 0.633294 -1.020000 -0.673067
    endloop
  endfacet
  facet normal -0.321439 -0.000000 -0.946930
    outer loop
      vertex 0.633294 -1.020000 -0.673067
      vertex 0.633294 1.020000 -0.673067
      vertex 0.644442 -1.020000 -0.676851
    endloop
  endfacet
  facet normal 0.321439 -0.000000 0.946930
    outer loop
      vertex 0.644442 -1.020000 -0.676851
      vertex 0.644442 1.020000 -0.676851
      vertex 0.633294 1.020000 -0.673067
    endloop
  endfacet
  facet normal -0.321439 0.000000 -0.946930
    outer loop
      vertex 0.633294 1.020000 -0.673067
      vertex 0.644442 1.020000 -0.676851
      vertex 0.644442 -1.020000 -0.676851
    endloop
  endfacet
  facet normal 0.195090 0.000000 0.980785
    outer loop
      vertex 0.633294 -1.020000 -0.673067
      vertex 0.621747 1.020000 -0.670770
      vertex 0.621747 -1.020000 -0.670770
    endloop
  endfacet
  facet normal -0.195090 -0.000000 -0.980785
    outer loop
      vertex 0.621747 -1.020000 -0.670770
      vertex 0.621747 1.020000 -0.670770
      vertex 0.633294 -1.020000 -0.673067
    endloop
  endfacet
  facet normal 0.195090 -0.000000 0.980785
    outer loop
      vertex 0.633294 -1.020000 -0.673067
      vertex 0.633294 1.020000 -0.673067
      vertex 0.621747 1.020000 -0.670770
    endloop
  endfacet
  facet normal -0.195090 0.000000 -0.980785
    outer loop
      vertex 0.621747 1.020000 -0.670770
      vertex 0.633294 1.020000 -0.673067
      vertex 0.633294 -1.020000 -0.673067
    endloop
  endfacet
  facet normal 0.065403 0.000000 0.997859
    outer loop
      vertex 0.621747 -1.020000 -0.670770
      vertex 0.610000 1.020000 -0.670000
      vertex 0.610000 -1.020000 -0.670000
    endloop
  endfacet
  facet normal -0.065403 -0.000000 -0.997859
    outer loop
      vertex 0.610000 -1.020000 -0.670000
      vertex 0.610000 1.020000 -0.670000
      vertex 0.621747 -1.020000 -0.670770
    endloop
  endfacet
  facet normal 0.065403 -0.000000 0.997859
    outer loop
      vertex 0.621747 -1.020000 -0.670770
      vertex 0.621747 1.020000 -0.670770
      vertex 0.610000 1.020000 -0.670000
    endloop
  endfacet
  facet normal -0.065403 0.000000 -0.997859
    outer loop
      vertex 0.610000 1.020000 -0.670000
      vertex 0.621747 1.020000 -0.670770
      vertex 0.621747 -1.020000 -0.670770
    endloop
  endfacet
  facet normal -0.065403 0.000000 0.997859
    outer loop
      vertex 0.610000 -1.020000 -0.670000
      vertex 0.598253 1.020000 -0.670770
      vertex 0.598253 -1.020000 -0.670770
    endloop
  endfacet
  facet normal 0.065403 -0.000000 -0.997859
    outer loop
      vertex 0.598253 -1.020000 -0.670770
      vertex 0.598253 1.020000 -0.670770
      vertex 0.610000 -1.020000 -0.670000
    endloop
  endfacet
  facet normal -0.065403 0.000000 0.997859
    outer loop
      vertex 0.610000 -1.020000 -0.670000
      vertex 0.610000 1.020000 -0.670000
      vertex 0.598253 1.020000 -0.670770
    endloop
  endfacet
  facet normal 0.065403 -0.000000 -0.997859
    outer loop
      vertex 0.598253 1.020000 -0.670770
      vertex 0.610000 1.020000 -0.670000
      vertex 0.610000 -1.020000 -0.670000
    endloop
  endfacet
  facet normal -0.195090 0.000000 0.980785
    outer loop
      vertex 0.598253 -1.020000 -0.670770
      vertex 0.586706 1.020000 -0.673067
      vertex 0.586706 -1.020000 -0.673067
    endloop
  endfacet
  facet normal 0.195090 -0.000000 -0.980785
    outer loop
      vertex 0.586706 -1.020000 -0.673067
      vertex 0.586706 1.020000 -0.673067
      vertex 0.598253 -1.020000 -0.670770
    endloop
  endfacet
  facet normal -0.195090 0.000000 0.980785
    outer loop
      vertex 0.598253 -1.020000 -0.670770
      vertex 0.598253 1.020000 -0.670770
      vertex 0.586706 1.020000 -0.673067
    endloop
  endfacet
  facet normal 0.195090 -0.000000 -0.980785
    outer loop
      vertex 0.586706 1.020000 -0.673067
      vertex 0.598253 1.020000 -0.670770
      vertex 0.598253 -1.020000 -0.670770
    endloop
  endfacet
  facet normal -0.321439 0.000000 0.946930
    outer loop
      vertex 0.586706 -1.020000 -0.673067
      vertex 0.575558 1.020000 -0.676851
      vertex 0.575558 -1.020000 -0.676851
    endloop
  endfacet
  facet normal 0.321439 -0.000000 -0.946930
    outer loop
      vertex 0.575558 -1.020000 -0.676851
      vertex 0.575558 1.020000 -0.676851
      vertex 0.586706 -1.020000 -0.673067
    endloop
  endfacet
  facet normal -0.321439 0.000000 0.946930
    outer loop
      vertex 0.586706 -1.020000 -0.673067
      vertex 0.586706 1.020000 -0.673067
      vertex 0.575558 1.020000 -0.676851
    endloop
  endfacet
  facet normal 0.321439 -0.000000 -0.946930
    outer loop
      vertex 0.575558 1.020000 -0.676851
      vertex 0.586706 1.020000 -0.673067
      vertex 0.586706 -1.020000 -0.673067
    endloop
  endfacet
  facet normal -0.442289 0.000000 0.896873
    outer loop
      vertex 0.575558 -1.020000 -0.676851
      vertex 0.565000 1.020000 -0.682058
      vertex 0.565000 -1.020000 -0.682058
    endloop
  endfacet
  facet normal 0.442289 -0.000000 -0.896873
    outer loop
      vertex 0.565000 -1.020000 -0.682058
      vertex 0.565000 1.020000 -0.682058
      vertex 0.575558 -1.020000 -0.676851
    endloop
  endfacet
  facet normal -0.442289 0.000000 0.896873
    outer loop
      vertex 0.575558 -1.020000 -0.676851
      vertex 0.575558 1.020000 -0.676851
      vertex 0.565000 1.020000 -0.682058
    endloop
  endfacet
  facet normal 0.442289 -0.000000 -0.896873
    outer loop
      vertex 0.565000 1.020000 -0.682058
      vertex 0.575558 1.020000 -0.676851
      vertex 0.575558 -1.020000 -0.676851
    endloop
  endfacet
  facet normal -0.555570 0.000000 0.831470
    outer loop
      vertex 0.565000 -1.020000 -0.682058
      vertex 0.555211 1.020000 -0.688598
      vertex 0.555211 -1.020000 -0.688598
    endloop
  endfacet
  facet normal 0.555570 -0.000000 -0.831470
    outer loop
      vertex 0.555211 -1.020000 -0.688598
      vertex 0.555211 1.020000 -0.688598
      vertex 0.565000 -1.020000 -0.682058
    endloop
  endfacet
  facet normal -0.555570 0.000000 0.831470
    outer loop
      vertex 0.565000 -1.020000 -0.682058
      vertex 0.565000 1.020000 -0.682058
      vertex 0.555211 1.020000 -0.688598
    endloop
  endfacet
  facet normal 0.555570 -0.000000 -0.831470
    outer loop
      vertex 0.555211 1.020000 -0.688598
      vertex 0.565000 1.020000 -0.682058
      vertex 0.565000 -1.020000 -0.682058
    endloop
  endfacet
  facet normal -0.659346 0.000000 0.751840
    outer loop
      vertex 0.555211 -1.020000 -0.688598
      vertex 0.546360 1.020000 -0.696360
      vertex 0.546360 -1.020000 -0.696360
    endloop
  endfacet
  facet normal 0.659346 -0.000000 -0.751840
    outer loop
      vertex 0.546360 -1.020000 -0.696360
      vertex 0.546360 1.020000 -0.696360
      vertex 0.555211 -1.020000 -0.688598
    endloop
  endfacet
  facet normal -0.659346 0.000000 0.751840
    outer loop
      vertex 0.555211 -1.020000 -0.688598
      vertex 0.555211 1.020000 -0.688598
      vertex 0.546360 1.020000 -0.696360
    endloop
  endfacet
  facet normal 0.659346 -0.000000 -0.751840
    outer loop
      vertex 0.546360 1.020000 -0.696360
      vertex 0.555211 1.020000 -0.688598
      vertex 0.555211 -1.020000 -0.688598
    endloop
  endfacet
  facet normal -0.751840 0.000000 0.659346
    outer loop
      vertex 0.546360 -1.020000 -0.696360
      vertex 0.538598 1.020000 -0.705211
      vertex 0.538598 -1.020000 -0.705211
    endloop
  endfacet
  facet normal 0.751840 -0.000000 -0.659346
    outer loop
      vertex 0.538598 -1.020000 -0.705211
      vertex 0.538598 1.020000 -0.705211
      vertex 0.546360 -1.020000 -0.696360
    endloop
  endfacet
  facet normal -0.751840 0.000000 0.659346
    outer loop
      vertex 0.546360 -1.020000 -0.696360
      vertex 0.546360 1.020000 -0.696360
      vertex 0.538598 1.020000 -0.705211
    endloop
  endfacet
  facet normal 0.751840 -0.000000 -0.659346
    outer loop
      vertex 0.538598 1.020000 -0.705211
      vertex 0.546360 1.020000 -0.696360
      vertex 0.546360 -1.020000 -0.696360
    endloop
  endfacet
  facet normal -0.831470 0.000000 0.555570
    outer loop
      vertex 0.538598 -1.020000 -0.705211
      vertex 0.532058 1.020000 -0.715000
      vertex 0.532058 -1.020000 -0.715000
    endloop
  endfacet
  facet normal 0.831470 -0.000000 -0.555570
    outer loop
      vertex 0.532058 -1.020000 -0.715000
      vertex 0.532058 1.020000 -0.715000
      vertex 0.538598 -1.020000 -0.705211
    endloop
  endfacet
  facet normal -0.831470 0.000000 0.555570
    outer loop
      vertex 0.538598 -1.020000 -0.705211
      vertex 0.538598 1.020000 -0.705211
      vertex 0.532058 1.020000 -0.715000
    endloop
  endfacet
  facet normal 0.831470 -0.000000 -0.555570
    outer loop
      vertex 0.532058 1.020000 -0.715000
      vertex 0.538598 1.020000 -0.705211
      vertex 0.538598 -1.020000 -0.705211
    endloop
  endfacet
  facet normal -0.896873 0.000000 0.442289
    outer loop
      vertex 0.532058 -1.020000 -0.715000
      vertex 0.526851 1.020000 -0.725558
      vertex 0.526851 -1.020000 -0.725558
    endloop
  endfacet
  facet normal 0.896873 -0.000000 -0.442289
    outer loop
      vertex 0.526851 -1.020000 -0.725558
      vertex 0.526851 1.020000 -0.725558
      vertex 0.532058 -1.020000 -0.715000
    endloop
  endfacet
  facet normal -0.896873 0.000000 0.442289
    outer loop
      vertex 0.532058 -1.020000 -0.715000
      vertex 0.532058 1.020000 -0.715000
      vertex 0.526851 1.020000 -0.725558
    endloop
  endfacet
  facet normal 0.896873 -0.000000 -0.442289
    outer loop
      vertex 0.526851 1.020000 -0.725558
      vertex 0.532058 1.020000 -0.715000
      vertex 0.532058 -1.020000 -0.715000
    endloop
  endfacet
  facet normal -0.946930 0.000000 0.321439
    outer loop
      vertex 0.526851 -1.020000 -0.725558
      vertex 0.523067 1.020000 -0.736706
      vertex 0.523067 -1.020000 -0.736706
    endloop
  endfacet
  facet normal 0.946930 -0.000000 -0.321439
    outer loop
      vertex 0.523067 -1.020000 -0.736706
      vertex 0.523067 1.020000 -0.736706
      vertex 0.526851 -1.020000 -0.725558
    endloop
  endfacet
  facet normal -0.946930 0.000000 0.321439
    outer loop
      vertex 0.526851 -1.020000 -0.725558
      vertex 0.526851 1.020000 -0.725558
      vertex 0.523067 1.020000 -0.736706
    endloop
  endfacet
  facet normal 0.946930 -0.000000 -0.321439
    outer loop
      vertex 0.523067 1.020000 -0.736706
      vertex 0.526851 1.020000 -0.725558
      vertex 0.526851 -1.020000 -0.725558
    endloop
  endfacet
  facet normal -0.980785 0.000000 0.195090
    outer loop
      vertex 0.523067 -1.020000 -0.736706
      vertex 0.520770 1.020000 -0.748253
      vertex 0.520770 -1.020000 -0.748253
    endloop
  endfacet
  facet normal 0.980785 -0.000000 -0.195090
    outer loop
      vertex 0.520770 -1.020000 -0.748253
      vertex 0.520770 1.020000 -0.748253
      vertex 0.523067 -1.020000 -0.736706
    endloop
  endfacet
  facet normal -0.980785 0.000000 0.195090
    outer loop
      vertex 0.523067 -1.020000 -0.736706
      vertex 0.523067 1.020000 -0.736706
      vertex 0.520770 1.020000 -0.748253
    endloop
  endfacet
  facet normal 0.980785 -0.000000 -0.195090
    outer loop
      vertex 0.520770 1.020000 -0.748253
      vertex 0.523067 1.020000 -0.736706
      vertex 0.523067 -1.020000 -0.736706
    endloop
  endfacet
  facet normal -0.997859 0.000000 0.065403
    outer loop
      vertex 0.520770 -1.020000 -0.748253
      vertex 0.520000 1.020000 -0.760000
      vertex 0.520000 -1.020000 -0.760000
    endloop
  endfacet
  facet normal 0.997859 -0.000000 -0.065403
    outer loop
      vertex 0.520000 -1.020000 -0.760000
      vertex 0.520000 1.020000 -0.760000
      vertex 0.520770 -1.020000 -0.748253
    endloop
  endfacet
  facet normal -0.997859 0.000000 0.065403
    outer loop
      vertex 0.520770 -1.020000 -0.748253
      vertex 0.520770 1.020000 -0.748253
      vertex 0.520000 1.020000 -0.760000
    endloop
  endfacet
  facet normal 0.997859 -0.000000 -0.065403
    outer loop
      vertex 0.520000 1.020000 -0.760000
      vertex 0.520770 1.020000 -0.748253
      vertex 0.520770 -1.020000 -0.748253
    endloop
  endfacet
  facet normal -0.997859 0.000000 -0.065403
    outer loop
      vertex 0.520000 -1.020000 -0.760000
      vertex 0.520770 1.020000 -0.771747
      vertex 0.520770 -1.020000 -0.771747
    endloop
  endfacet
  facet normal 0.997859 -0.000000 0.065403
    outer loop
      vertex 0.520770 -1.020000 -0.771747
      vertex 0.520770 1.020000 -0.771747
      vertex 0.520000 -1.020000 -0.760000
    endloop
  endfacet
  facet normal -0.997859 0.000000 -0.065403
    outer loop
      vertex 0.520000 -1.020000 -0.760000
      vertex 0.520000 1.020000 -0.760000
      vertex 0.520770 1.020000 -0.771747
    endloop
  endfacet
  facet normal 0.997859 -0.000000 0.065403
    outer loop
      vertex 0.520770 1.020000 -0.771747
      vertex 0.520000 1.020000 -0.760000
      vertex 0.520000 -1.020000 -0.760000
    endloop
  endfacet
  facet normal -0.980785 0.000000 -0.195090
    outer loop
      vertex 0.520770 -1.020000 -0.771747
      vertex 0.523067 1.020000 -0.783294
      vertex 0.523067 -1.020000 -0.783294
    endloop
  endfacet
  facet normal 0.980785 -0.000000 0.195090
    outer loop
      vertex 0.523067 -1.020000 -0.783294
      vertex 0.523067 1.020000 -0.783294
      vertex 0.520770 -1.020000 -0.771747
    endloop
  endfacet
  facet normal -0.980785 0.000000 -0.195090
    outer loop
      vertex 0.520770 -1.020000 -0.771747
      vertex 0.520770 1.020000 -0.771747
      vertex 0.523067 1.020000 -0.783294
    endloop
  endfacet
  facet normal 0.980785 -0.000000 0.195090
    outer loop
      vertex 0.523067 1.020000 -0.783294
      vertex 0.520770 1.020000 -0.771747
      vertex 0.520770 -1.020000 -0.771747
    endloop
  endfacet
  facet normal -0.946930 0.000000 -0.321439
    outer loop
      vertex 0.523067 -1.020000 -0.783294
      vertex 0.526851 1.020000 -0.794442
      vertex 0.526851 -1.020000 -0.794442
    endloop
  endfacet
  facet normal 0.946930 -0.000000 0.321439
    outer loop
      vertex 0.526851 -1.020000 -0.794442
      vertex 0.526851 1.020000 -0.794442
      vertex 0.523067 -1.020000 -0.783294
    endloop
  endfacet
  facet normal -0.946930 0.000000 -0.321439
    outer loop
      vertex 0.523067 -1.020000 -0.783294
      vertex 0.523067 1.020000 -0.783294
      vertex 0.526851 1.020000 -0.794442
    endloop
  endfacet
  facet normal 0.946930 -0.000000 0.321439
    outer loop
      vertex 0.526851 1.020000 -0.794442
      vertex 0.523067 1.020000 -0.783294
      vertex 0.523067 -1.020000 -0.783294
    endloop
  endfacet
  facet normal -0.896873 0.000000 -0.442289
    outer loop
      vertex 0.526851 -1.020000 -0.794442
      vertex 0.532058 1.020000 -0.805000
      vertex 0.532058 -1.020000 -0.805000
    endloop
  endfacet
  facet normal 0.896873 -0.000000 0.442289
    outer loop
      vertex 0.532058 -1.020000 -0.805000
      vertex 0.532058 1.020000 -0.805000
      vertex 0.526851 -1.020000 -0.794442
    endloop
  endfacet
  facet normal -0.896873 0.000000 -0.442289
    outer loop
      vertex 0.526851 -1.020000 -0.794442
      vertex 0.526851 1.020000 -0.794442
      vertex 0.532058 1.020000 -0.805000
    endloop
  endfacet
  facet normal 0.896873 -0.000000 0.442289
    outer loop
      vertex 0.532058 1.020000 -0.805000
      vertex 0.526851 1.020000 -0.794442
      vertex 0.526851 -1.020000 -0.794442
    endloop
  endfacet
  facet normal -0.831470 0.000000 -0.555570
    outer loop
      vertex 0.532058 -1.020000 -0.805000
      vertex 0.538598 1.020000 -0.814789
      vertex 0.538598 -1.020000 -0.814789
    endloop
  endfacet
  facet normal 0.831470 -0.000000 0.555570
    outer loop
      vertex 0.538598 -1.020000 -0.814789
      vertex 0.538598 1.020000 -0.814789
      vertex 0.532058 -1.020000 -0.805000
    endloop
  endfacet
  facet normal -0.831470 0.000000 -0.555570
    outer loop
      vertex 0.532058 -1.020000 -0.805000
      vertex 0.532058 1.020000 -0.805000
      vertex 0.538598 1.020000 -0.814789
    endloop
  endfacet
  facet normal 0.831470 -0.000000 0.555570
    outer loop
      vertex 0.538598 1.020000 -0.814789
      vertex 0.532058 1.020000 -0.805000
      vertex 0.532058 -1.020000 -0.805000
    endloop
  endfacet
  facet normal -0.751840 0.000000 -0.659346
    outer loop
      vertex 0.538598 -1.020000 -0.814789
      vertex 0.546360 1.020000 -0.823640
      vertex 0.546360 -1.020000 -0.823640
    endloop
  endfacet
  facet normal 0.751840 -0.000000 0.659346
    outer loop
      vertex 0.546360 -1.020000 -0.823640
      vertex 0.546360 1.020000 -0.823640
      vertex 0.538598 -1.020000 -0.814789
    endloop
  endfacet
  facet normal -0.751840 0.000000 -0.659346
    outer loop
      vertex 0.538598 -1.020000 -0.814789
      vertex 0.538598 1.020000 -0.814789
      vertex 0.546360 1.020000 -0.823640
    endloop
  endfacet
  facet normal 0.751840 -0.000000 0.659346
    outer loop
      vertex 0.546360 1.020000 -0.823640
      vertex 0.538598 1.020000 -0.814789
      vertex 0.538598 -1.020000 -0.814789
    endloop
  endfacet
  facet normal -0.659346 0.000000 -0.751840
    outer loop
      vertex 0.546360 -1.020000 -0.823640
      vertex 0.555211 1.020000 -0.831402
      vertex 0.555211 -1.020000 -0.831402
    endloop
  endfacet
  facet normal 0.659346 -0.000000 0.751840
    outer loop
      vertex 0.555211 -1.020000 -0.831402
      vertex 0.555211 1.020000 -0.831402
      vertex 0.546360 -1.020000 -0.823640
    endloop
  endfacet
  facet normal -0.659346 0.000000 -0.751840
    outer loop
      vertex 0.546360 -1.020000 -0.823640
      vertex 0.546360 1.020000 -0.823640
      vertex 0.555211 1.020000 -0.831402
    endloop
  endfacet
  facet normal 0.659346 -0.000000 0.751840
    outer loop
      vertex 0.555211 1.020000 -0.831402
      vertex 0.546360 1.020000 -0.823640
      vertex 0.546360 -1.020000 -0.823640
    endloop
  endfacet
  facet normal -0.555570 0.000000 -0.831470
    outer loop
      vertex 0.555211 -1.020000 -0.831402
      vertex 0.565000 1.020000 -0.837942
      vertex 0.565000 -1.020000 -0.837942
    endloop
  endfacet
  facet normal 0.555570 -0.000000 0.831470
    outer loop
      vertex 0.565000 -1.020000 -0.837942
      vertex 0.565000 1.020000 -0.837942
      vertex 0.555211 -1.020000 -0.831402
    endloop
  endfacet
  facet normal -0.555570 0.000000 -0.831470
    outer loop
      vertex 0.555211 -1.020000 -0.831402
      vertex 0.555211 1.020000 -0.831402
      vertex 0.565000 1.020000 -0.837942
    endloop
  endfacet
  facet normal 0.555570 -0.000000 0.831470
    outer loop
      vertex 0.565000 1.020000 -0.837942
      vertex 0.555211 1.020000 -0.831402
      vertex 0.555211 -1.020000 -0.831402
    endloop
  endfacet
  facet normal -0.442289 0.000000 -0.896873
    outer loop
      vertex 0.565000 -1.020000 -0.837942
      vertex 0.575558 1.020000 -0.843149
      vertex 0.575558 -1.020000 -0.843149
    endloop
  endfacet
  facet normal 0.442289 -0.000000 0.896873
    outer loop
      vertex 0.575558 -1.020000 -0.843149
      vertex 0.575558 1.020000 -0.843149
      vertex 0.565000 -1.020000 -0.837942
    endloop
  endfacet
  facet normal -0.442289 0.000000 -0.896873
    outer loop
      vertex 0.565000 -1.020000 -0.837942
      vertex 0.565000 1.020000 -0.837942
      vertex 0.575558 1.020000 -0.843149
    endloop
  endfacet
  facet normal 0.442289 -0.000000 0.896873
    outer loop
      vertex 0.575558 1.020000 -0.843149
      vertex 0.565000 1.020000 -0.837942
      vertex 0.565000 -1.020000 -0.837942
    endloop
  endfacet
  facet normal -0.321439 0.000000 -0.946930
    outer loop
      vertex 0.575558 -1.020000 -0.843149
      vertex 0.586706 1.020000 -0.846933
      vertex 0.586706 -1.020000 -0.846933
    endloop
  endfacet
  facet normal 0.321439 -0.000000 0.946930
    outer loop
      vertex 0.586706 -1.020000 -0.846933
      vertex 0.586706 1.020000 -0.846933
      vertex 0.575558 -1.020000 -0.843149
    endloop
  endfacet
  facet normal -0.321439 0.000000 -0.946930
    outer loop
      vertex 0.575558 -1.020000 -0.843149
      vertex 0.575558 1.020000 -0.843149
      vertex 0.586706 1.020000 -0.846933
    endloop
  endfacet
  facet normal 0.321439 -0.000000 0.946930
    outer loop
      vertex 0.586706 1.020000 -0.846933
      vertex 0.575558 1.020000 -0.843149
      vertex 0.575558 -1.020000 -0.843149
    endloop
  endfacet
  facet normal -0.195090 0.000000 -0.980785
    outer loop
      vertex 0.586706 -1.020000 -0.846933
      vertex 0.598253 1.020000 -0.849230
      vertex 0.598253 -1.020000 -0.849230
    endloop
  endfacet
  facet normal 0.195090 -0.000000 0.980785
    outer loop
      vertex 0.598253 -1.020000 -0.849230
      vertex 0.598253 1.020000 -0.849230
      vertex 0.586706 -1.020000 -0.846933
    endloop
  endfacet
  facet normal -0.195090 0.000000 -0.980785
    outer loop
      vertex 0.586706 -1.020000 -0.846933
      vertex 0.586706 1.020000 -0.846933
      vertex 0.598253 1.020000 -0.849230
    endloop
  endfacet
  facet normal 0.195090 -0.000000 0.980785
    outer loop
      vertex 0.598253 1.020000 -0.849230
      vertex 0.586706 1.020000 -0.846933
      vertex 0.586706 -1.020000 -0.846933
    endloop
  endfacet
  facet normal -0.065403 0.000000 -0.997859
    outer loop
      vertex 0.598253 -1.020000 -0.849230
      vertex 0.610000 1.020000 -0.850000
      vertex 0.610000 -1.020000 -0.850000
    endloop
  endfacet
  facet normal 0.065403 -0.000000 0.997859
    outer loop
      vertex 0.610000 -1.020000 -0.850000
      vertex 0.610000 1.020000 -0.850000
      vertex 0.598253 -1.020000 -0.849230
    endloop
  endfacet
  facet normal -0.065403 0.000000 -0.997859
    outer loop
      vertex 0.598253 -1.020000 -0.849230
      vertex 0.598253 1.020000 -0.849230
      vertex 0.610000 1.020000 -0.850000
    endloop
  endfacet
  facet normal 0.065403 -0.000000 0.997859
    outer loop
      vertex 0.610000 1.020000 -0.850000
      vertex 0.598253 1.020000 -0.849230
      vertex 0.598253 -1.020000 -0.849230
    endloop
  endfacet
  facet normal 0.065403 0.000000 -0.997859
    outer loop
      vertex 0.610000 -1.020000 -0.850000
      vertex 0.621747 1.020000 -0.849230
      vertex 0.621747 -1.020000 -0.849230
    endloop
  endfacet
  facet normal -0.065403 -0.000000 0.997859
    outer loop
      vertex 0.621747 -1.020000 -0.849230
      vertex 0.621747 1.020000 -0.849230
      vertex 0.610000 -1.020000 -0.850000
    endloop
  endfacet
  facet normal 0.065403 0.000000 -0.997859
    outer loop
      vertex 0.610000 -1.020000 -0.850000
      vertex 0.610000 1.020000 -0.850000
      vertex 0.621747 1.020000 -0.849230
    endloop
  endfacet
  facet normal -0.065403 -0.000000 0.997859
    outer loop
      vertex 0.621747 1.020000 -0.849230
      vertex 0.610000 1.020000 -0.850000
      vertex 0.610000 -1.020000 -0.850000
    endloop
  endfacet
  facet normal 0.195090 0.000000 -0.980785
    outer loop
      vertex 0.621747 -1.020000 -0.849230
      vertex 0.633294 1.020000 -0.846933
      vertex 0.633294 -1.020000 -0.846933
    endloop
  endfacet
  facet normal -0.195090 -0.000000 0.980785
    outer loop
      vertex 0.633294 -1.020000 -0.846933
      vertex 0.633294 1.020000 -0.846933
      vertex 0.621747 -1.020000 -0.849230
    endloop
  endfacet
  facet normal 0.195090 0.000000 -0.980785
    outer loop
      vertex 0.621747 -1.020000 -0.849230
      vertex 0.621747 1.020000 -0.849230
      vertex 0.633294 1.020000 -0.846933
    endloop
  endfacet
  facet normal -0.195090 -0.000000 0.980785
    outer loop
      vertex 0.633294 1.020000 -0.846933
      vertex 0.621747 1.020000 -0.849230
      vertex 0.621747 -1.020000 -0.849230
    endloop
  endfacet
  facet normal 0.321439 0.000000 -0.946930
    outer loop
      vertex 0.633294 -1.020000 -0.846933
      vertex 0.644442 1.020000 -0.843149
      vertex 0.644442 -1.020000 -0.843149
    endloop
  endfacet
  facet normal -0.321439 -0.000000 0.946930
    outer loop
      vertex 0.644442 -1.020000 -0.843149
      vertex 0.644442 1.020000 -0.843149
      vertex 0.633294 -1.020000 -0.846933
    endloop
  endfacet
  facet normal 0.321439 0.000000 -0.946930
    outer loop
      vertex 0.633294 -1.020000 -0.846933
      vertex 0.633294 1.020000 -0.846933
      vertex 0.644442 1.020000 -0.843149
    endloop
  endfacet
  facet normal -0.321439 -0.000000 0.946930
    outer loop
      vertex 0.644442 1.020000 -0.843149
      vertex 0.633294 1.020000 -0.846933
      vertex 0.633294 -1.020000 -0.846933
    endloop
  endfacet
  facet normal 0.442289 0.000000 -0.896873
    outer loop
      vertex 0.644442 -1.020000 -0.843149
      vertex 0.655000 1.020000 -0.837942
      vertex 0.655000 -1.020000 -0.837942
    endloop
  endfacet
  facet normal -0.442289 -0.000000 0.896873
    outer loop
      vertex 0.655000 -1.020000 -0.837942
      vertex 0.655000 1.020000 -0.837942
      vertex 0.644442 -1.020000 -0.843149
    endloop
  endfacet
  facet normal 0.442289 0.000000 -0.896873
    outer loop
      vertex 0.644442 -1.020000 -0.843149
      vertex 0.644442 1.020000 -0.843149
      vertex 0.655000 1.020000 -0.837942
    endloop
  endfacet
  facet normal -0.442289 -0.000000 0.896873
    outer loop
      vertex 0.655000 1.020000 -0.837942
      vertex 0.644442 1.020000 -0.843149
      vertex 0.644442 -1.020000 -0.843149
    endloop
  endfacet
  facet normal 0.555570 0.000000 -0.831470
    outer loop
      vertex 0.655000 -1.020000 -0.837942
      vertex 0.664789 1.020000 -0.831402
      vertex 0.664789 -1.020000 -0.831402
    endloop
  endfacet
  facet normal -0.555570 -0.000000 0.831470
    outer loop
      vertex 0.664789 -1.020000 -0.831402
      vertex 0.664789 1.020000 -0.831402
      vertex 0.655000 -1.020000 -0.837942
    endloop
  endfacet
  facet normal 0.555570 0.000000 -0.831470
    outer loop
      vertex 0.655000 -1.020000 -0.837942
      vertex 0.655000 1.020000 -0.837942
      vertex 0.664789 1.020000 -0.831402
    endloop
  endfacet
  facet normal -0.555570 -0.000000 0.831470
    outer loop
      vertex 0.664789 1.020000 -0.831402
      vertex 0.655000 1.020000 -0.837942
      vertex 0.655000 -1.020000 -0.837942
    endloop
  endfacet
  facet normal 0.659346 0.000000 -0.751840
    outer loop
      vertex 0.664789 -1.020000 -0.831402
      vertex 0.673640 1.020000 -0.823640
      vertex 0.673640 -1.020000 -0.823640
    endloop
  endfacet
  facet normal -0.659346 -0.000000 0.751840
    outer loop
      vertex 0.673640 -1.020000 -0.823640
      vertex 0.673640 1.020000 -0.823640
      vertex 0.664789 -1.020000 -0.831402
    endloop
  endfacet
  facet normal 0.659346 0.000000 -0.751840
    outer loop
      vertex 0.664789 -1.020000 -0.831402
      vertex 0.664789 1.020000 -0.831402
      vertex 0.673640 1.020000 -0.823640
    endloop
  endfacet
  facet normal -0.659346 -0.000000 0.751840
    outer loop
      vertex 0.673640 1.020000 -0.823640
      vertex 0.664789 1.020000 -0.831402
      vertex 0.664789 -1.020000 -0.831402
    endloop
  endfacet
  facet normal 0.751840 0.000000 -0.659346
    outer loop
      vertex 0.673640 -1.020000 -0.823640
      vertex 0.681402 1.020000 -0.814789
      vertex 0.681402 -1.020000 -0.814789
    endloop
  endfacet
  facet normal -0.751840 -0.000000 0.659346
    outer loop
      vertex 0.681402 -1.020000 -0.814789
      vertex 0.681402 1.020000 -0.814789
      vertex 0.673640 -1.020000 -0.823640
    endloop
  endfacet
  facet normal 0.751840 0.000000 -0.659346
    outer loop
      vertex 0.673640 -1.020000 -0.823640
      vertex 0.673640 1.020000 -0.823640
      vertex 0.681402 1.020000 -0.814789
    endloop
  endfacet
  facet normal -0.751840 -0.000000 0.659346
    outer loop
      vertex 0.681402 1.020000 -0.814789
      vertex 0.673640 1.020000 -0.823640
      vertex 0.673640 -1.020000 -0.823640
    endloop
  endfacet
  facet normal 0.831470 0.000000 -0.555570
    outer loop
      vertex 0.681402 -1.020000 -0.814789
      vertex 0.687942 1.020000 -0.805000
      vertex 0.687942 -1.020000 -0.805000
    endloop
  endfacet
  facet normal -0.831470 -0.000000 0.555570
    outer loop
      vertex 0.687942 -1.020000 -0.805000
      vertex 0.687942 1.020000 -0.805000
      vertex 0.681402 -1.020000 -0.814789
    endloop
  endfacet
  facet normal 0.831470 0.000000 -0.555570
    outer loop
      vertex 0.681402 -1.020000 -0.814789
      vertex 0.681402 1.020000 -0.814789
      vertex 0.687942 1.020000 -0.805000
    endloop
  endfacet
  facet normal -0.831470 -0.000000 0.555570
    outer loop
      vertex 0.687942 1.020000 -0.805000
      vertex 0.681402 1.020000 -0.814789
      vertex 0.681402 -1.020000 -0.814789
    endloop
  endfacet
  facet normal 0.896873 0.000000 -0.442289
    outer loop
      vertex 0.687942 -1.020000 -0.805000
      vertex 0.693149 1.020000 -0.794442
      vertex 0.693149 -1.020000 -0.794442
    endloop
  endfacet
  facet normal -0.896873 -0.000000 0.442289
    outer loop
      vertex 0.693149 -1.020000 -0.794442
      vertex 0.693149 1.020000 -0.794442
      vertex 0.687942 -1.020000 -0.805000
    endloop
  endfacet
  facet normal 0.896873 0.000000 -0.442289
    outer loop
      vertex 0.687942 -1.020000 -0.805000
      vertex 0.687942 1.020000 -0.805000
      vertex 0.693149 1.020000 -0.794442
    endloop
  endfacet
  facet normal -0.896873 -0.000000 0.442289
    outer loop
      vertex 0.693149 1.020000 -0.794442
      vertex 0.687942 1.020000 -0.805000
      vertex 0.687942 -1.020000 -0.805000
    endloop
  endfacet
  facet normal 0.946930 0.000000 -0.321439
    outer loop
      vertex 0.693149 -1.020000 -0.794442
      vertex 0.696933 1.020000 -0.783294
      vertex 0.696933 -1.020000 -0.783294
    endloop
  endfacet
  facet normal -0.946930 -0.000000 0.321439
    outer loop
      vertex 0.696933 -1.020000 -0.783294
      vertex 0.696933 1.020000 -0.783294
      vertex 0.693149 -1.020000 -0.794442
    endloop
  endfacet
  facet normal 0.946930 0.000000 -0.321439
    outer loop
      vertex 0.693149 -1.020000 -0.794442
      vertex 0.693149 1.020000 -0.794442
      vertex 0.696933 1.020000 -0.783294
    endloop
  endfacet
  facet normal -0.946930 -0.000000 0.321439
    outer loop
      vertex 0.696933 1.020000 -0.783294
      vertex 0.693149 1.020000 -0.794442
      vertex 0.693149 -1.020000 -0.794442
    endloop
  endfacet
  facet normal 0.980785 0.000000 -0.195090
    outer loop
      vertex 0.696933 -1.020000 -0.783294
      vertex 0.699230 1.020000 -0.771747
      vertex 0.699230 -1.020000 -0.771747
    endloop
  endfacet
  facet normal -0.980785 -0.000000 0.195090
    outer loop
      vertex 0.699230 -1.020000 -0.771747
      vertex 0.699230 1.020000 -0.771747
      vertex 0.696933 -1.020000 -0.783294
    endloop
  endfacet
  facet normal 0.980785 0.000000 -0.195090
    outer loop
      vertex 0.696933 -1.020000 -0.783294
      vertex 0.696933 1.020000 -0.783294
      vertex 0.699230 1.020000 -0.771747
    endloop
  endfacet
  facet normal -0.980785 -0.000000 0.195090
    outer loop
      vertex 0.699230 1.020000 -0.771747
      vertex 0.696933 1.020000 -0.783294
      vertex 0.696933 -1.020000 -0.783294
    endloop
  endfacet
  facet normal 0.997859 0.000000 -0.065403
    outer loop
      vertex 0.699230 -1.020000 -0.771747
      vertex 0.700000 1.020000 -0.760000
      vertex 0.700000 -1.020000 -0.760000
    endloop
  endfacet
  facet normal -0.997859 -0.000000 0.065403
    outer loop
      vertex 0.700000 -1.020000 -0.760000
      vertex 0.700000 1.020000 -0.760000
      vertex 0.699230 -1.020000 -0.771747
    endloop
  endfacet
  facet normal 0.997859 0.000000 -0.065403
    outer loop
      vertex 0.699230 -1.020000 -0.771747
      vertex 0.699230 1.020000 -0.771747
      vertex 0.700000 1.020000 -0.760000
    endloop
  endfacet
  facet normal -0.997859 -0.000000 0.065403
    outer loop
      vertex 0.700000 1.020000 -0.760000
      vertex 0.699230 1.020000 -0.771747
      vertex 0.699230 -1.020000 -0.771747
    endloop
  endfacet
  facet normal 0.997859 0.000000 0.065403
    outer loop
      vertex 0.700000 -1.020000 -0.760000
      vertex 0.699230 1.020000 -0.748253
      vertex 0.699230 -1.020000 -0.748253
    endloop
  endfacet
  facet normal -0.997859 -0.000000 -0.065403
    outer loop
      vertex 0.699230 -1.020000 -0.748253
      vertex 0.699230 1.020000 -0.748253
      vertex 0.700000 -1.020000 -0.760000
    endloop
  endfacet
  facet normal 0.997859 -0.000000 0.065403
    outer loop
      vertex 0.700000 -1.020000 -0.760000
      vertex 0.700000 1.020000 -0.760000
      vertex 0.699230 1.020000 -0.748253
    endloop
  endfacet
  facet normal -0.997859 0.000000 -0.065403
    outer loop
      vertex 0.699230 1.020000 -0.748253
      vertex 0.700000 1.020000 -0.760000
      vertex 0.700000 -1.020000 -0.760000
    endloop
  endfacet
endsolid mesh
