solid mesh
  facet normal 0.000000 1.000000 0.000000
    outer loop
      vertex 0.020000 -1.020000 1.330000
      vertex 0.375000 -1.020000 0.900000
      vertex 0.020000 -1.020000 0.900000
    endloop
  endfacet
  facet normal -0.000000 -1.000000 -0.000000
    outer loop
      vertex 0.020000 -1.020000 0.900000
      vertex 0.375000 -1.020000 0.900000
      vertex 0.020000 -1.020000 1.330000
    endloop
  endfacet
  facet normal 0.000000 -1.000000 0.000000
    outer loop
      vertex 0.020000 1.020000 1.330000
      vertex 0.020000 1.020000 0.900000
      vertex 0.375000 1.020000 0.900000
    endloop
  endfacet
  facet normal -0.000000 1.000000 -0.000000
    outer loop
      vertex 0.375000 1.020000 0.900000
      vertex 0.020000 1.020000 0.900000
      vertex 0.020000 1.020000 1.330000
    endloop
  endfacet
  facet normal -0.000000 1.000000 0.000000
    outer loop
      vertex 0.020000 -1.020000 1.330000
      vertex 0.775000 -1.020000 1.330000
      vertex 0.375000 -1.020000 0.900000
    endloop
  endfacet
  facet normal 0.000000 -1.000000 -0.000000
    outer loop
      vertex 0.375000 -1.020000 0.900000
      vertex 0.775000 -1.020000 1.330000
      vertex 0.020000 -1.020000 1.330000
    endloop
  endfacet
  facet normal 0.000000 -1.000000 0.000000
    outer loop
      vertex 0.020000 1.020000 1.330000
      vertex 0.375000 1.020000 0.900000
      vertex 0.775000 1.020000 1.330000
    endloop
  endfacet
  facet normal -0.000000 1.000000 -0.000000
    outer loop
      vertex 0.775000 1.020000 1.330000
      vertex 0.375000 1.020000 0.900000
      vertex 0.020000 1.020000 1.330000
    endloop
  endfacet
  facet normal 0.000000 1.000000 0.000000
    outer loop
      vertex 0.775000 -1.020000 1.330000
      vertex 0.624256 -1.020000 0.926136
      vertex 0.375000 -1.020000 0.900000
    endloop
  endfacet
  facet normal -0.000000 -1.000000 -0.000000
    outer loop
      vertex 0.375000 -1.020000 0.900000
      vertex 0.624256 -1.020000 0.926136
      vertex 0.775000 -1.020000 1.330000
    endloop
  endfacet
  facet normal 0.000000 -1.000000 0.000000
    outer loop
      vertex 0.775000 1.020000 1.330000
      vertex 0.375000 1.020000 0.900000
      vertex 0.624256 1.020000 0.926136
    endloop
  endfacet
  facet normal -0.000000 1.000000 -0.000000
    outer loop
      vertex 0.624256 1.020000 0.926136
      vertex 0.375000 1.020000 0.900000
      vertex 0.775000 1.020000 1.330000
    endloop
  endfacet
  facet normal 0.000000 1.000000 0.000000
    outer loop
      vertex 0.775000 -1.020000 1.330000
      vertex 0.638761 -1.020000 0.932144
      vertex 0.624256 -1.020000 0.926136
    endloop
  endfacet
  facet normal -0.000000 -1.000000 -0.000000
    outer loop
      vertex 0.624256 -1.020000 0.926136
      vertex 0.638761 -1.020000 0.932144
      vertex 0.775000 -1.020000 1.330000
    endloop
  endfacet
  facet normal 0.000000 -1.000000 0.000000
    outer loop
      vertex 0.775000 1.020000 1.330000
      vertex 0.624256 1.020000 0.926136
      vertex 0.638761 1.020000 0.932144
    endloop
  endfacet
  facet normal -0.000000 1.000000 -0.000000
    outer loop
      vertex 0.638761 1.020000 0.932144
      vertex 0.624256 1.020000 0.926136
      vertex 0.775000 1.020000 1.330000
    endloop
  endfacet
  facet normal 0.000000 1.000000 0.000000
    outer loop
      vertex 0.775000 -1.020000 1.330000
      vertex 0.653847 -1.020000 0.936490
      vertex 0.638761 -1.020000 0.932144
    endloop
  endfacet
  facet normal -0.000000 -1.000000 -0.000000
    outer loop
      vertex 0.638761 -1.020000 0.932144
      vertex 0.653847 -1.020000 0.936490
      vertex 0.775000 -1.020000 1.330000
    endloop
  endfacet
  facet normal 0.000000 -1.000000 0.000000
    outer loop
      vertex 0.775000 1.020000 1.330000
      vertex 0.638761 1.020000 0.932144
      vertex 0.653847 1.020000 0.936490
    endloop
  endfacet
  facet normal -0.000000 1.000000 -0.000000
    outer loop
      vertex 0.653847 1.020000 0.936490
      vertex 0.638761 1.020000 0.932144
      vertex 0.775000 1.020000 1.330000
    endloop
  endfacet
  facet normal 0.000000 1.000000 0.000000
    outer loop
      vertex 0.775000 -1.020000 1.330000
      vertex 0.669325 -1.020000 0.939120
      vertex 0.653847 -1.020000 0.936490
    endloop
  endfacet
  facet normal -0.000000 -1.000000 -0.000000
    outer loop
      vertex 0.653847 -1.020000 0.936490
      vertex 0.669325 -1.020000 0.939120
      vertex 0.775000 -1.020000 1.330000
    endloop
  endfacet
  facet normal 0.000000 -1.000000 0.000000
    outer loop
      vertex 0.775000 1.020000 1.330000
      vertex 0.653847 1.020000 0.936490
      vertex 0.669325 1.020000 0.939120
    endloop
  endfacet
  facet normal -0.000000 1.000000 -0.000000
    outer loop
      vertex 0.669325 1.020000 0.939120
      vertex 0.653847 1.020000 0.936490
      vertex 0.775000 1.020000 1.330000
    endloop
  endfacet
  facet normal 0.000000 1.000000 0.000000
    outer loop
      vertex 0.775000 -1.020000 1.330000
      vertex 0.805000 -1.020000 1.300000
      vertex 0.669325 -1.020000 0.939120
    endloop
  endfacet
  facet normal -0.000000 -1.000000 -0.000000
    outer loop
      vertex 0.669325 -1.020000 0.939120
      vertex 0.805000 -1.020000 1.300000
      vertex 0.775000 -1.020000 1.330000
    endloop
  endfacet
  facet normal 0.000000 -1.000000 -0.000000
    outer loop
      vertex 0.775000 1.020000 1.330000
      vertex 0.669325 1.020000 0.939120
      vertex 0.805000 1.020000 1.300000
    endloop
  endfacet
  facet normal -0.000000 1.000000 0.000000
    outer loop
      vertex 0.805000 1.020000 1.300000
      vertex 0.669325 1.020000 0.939120
      vertex 0.775000 1.020000 1.330000
    endloop
  endfacet
  facet normal 0.000000 1.000000 0.000000
    outer loop
      vertex 0.775000 -1.020000 1.330000
      vertex 0.799944 -1.020000 1.316667
      vertex 0.805000 -1.020000 1.300000
    endloop
  endfacet
  facet normal -0.000000 -1.000000 -0.000000
    outer loop
      vertex 0.805000 -1.020000 1.300000
      vertex 0.799944 -1.020000 1.316667
      vertex 0.775000 -1.020000 1.330000
    endloop
  endfacet
  facet normal 0.000000 -1.000000 0.000000
    outer loop
      vertex 0.775000 1.020000 1.330000
      vertex 0.805000 1.020000 1.300000
      vertex 0.799944 1.020000 1.316667
    endloop
  endfacet
  facet normal -0.000000 1.000000 -0.000000
    outer loop
      vertex 0.799944 1.020000 1.316667
      vertex 0.805000 1.020000 1.300000
      vertex 0.775000 1.020000 1.330000
    endloop
  endfacet
  facet normal 0.000000 1.000000 0.000000
    outer loop
      vertex 0.775000 -1.020000 1.330000
      vertex 0.796213 -1.020000 1.321213
      vertex 0.799944 -1.020000 1.316667
    endloop
  endfacet
  facet normal -0.000000 -1.000000 -0.000000
    outer loop
      vertex 0.799944 -1.020000 1.316667
      vertex 0.796213 -1.020000 1.321213
      vertex 0.775000 -1.020000 1.330000
    endloop
  endfacet
  facet normal 0.000000 -1.000000 0.000000
    outer loop
      vertex 0.775000 1.020000 1.330000
      vertex 0.799944 1.020000 1.316667
      vertex 0.796213 1.020000 1.321213
    endloop
  endfacet
  facet normal -0.000000 1.000000 -0.000000
    outer loop
      vertex 0.796213 1.020000 1.321213
      vertex 0.799944 1.020000 1.316667
      vertex 0.775000 1.020000 1.330000
    endloop
  endfacet
  facet normal 0.000000 1.000000 0.000000
    outer loop
      vertex 0.775000 -1.020000 1.330000
      vertex 0.786481 -1.020000 1.327716
      vertex 0.796213 -1.020000 1.321213
    endloop
  endfacet
  facet normal -0.000000 -1.000000 -0.000000
    outer loop
      vertex 0.796213 -1.020000 1.321213
      vertex 0.786481 -1.020000 1.327716
      vertex 0.775000 -1.020000 1.330000
    endloop
  endfacet
  facet normal 0.000000 -1.000000 0.000000
    outer loop
      vertex 0.775000 1.020000 1.330000
      vertex 0.796213 1.020000 1.321213
      vertex 0.786481 1.020000 1.327716
    endloop
  endfacet
  facet normal -0.000000 1.000000 -0.000000
    outer loop
      vertex 0.786481 1.020000 1.327716
      vertex 0.796213 1.020000 1.321213
      vertex 0.775000 1.020000 1.330000
    endloop
  endfacet
  facet normal 0.000000 1.000000 0.000000
    outer loop
      vertex 0.775000 -1.020000 1.330000
      vertex 0.780853 -1.020000 1.329424
      vertex 0.786481 -1.020000 1.327716
    endloop
  endfacet
  facet normal -0.000000 -1.000000 -0.000000
    outer loop
      vertex 0.786481 -1.020000 1.327716
      vertex 0.780853 -1.020000 1.329424
      vertex 0.775000 -1.020000 1.330000
    endloop
  endfacet
  facet normal 0.000000 -1.000000 0.000000
    outer loop
      vertex 0.775000 1.020000 1.330000
      vertex 0.786481 1.020000 1.327716
      vertex 0.780853 1.020000 1.329424
    endloop
  endfacet
  facet normal -0.000000 1.000000 -0.000000
    outer loop
      vertex 0.780853 1.020000 1.329424
      vertex 0.786481 1.020000 1.327716
      vertex 0.775000 1.020000 1.330000
    endloop
  endfacet
  facet normal 0.000000 1.000000 0.000000
    outer loop
      vertex 0.775000 -1.020000 1.330000
      vertex 0.777941 -1.020000 1.329856
      vertex 0.780853 -1.020000 1.329424
    endloop
  endfacet
  facet normal -0.000000 -1.000000 -0.000000
    outer loop
      vertex 0.780853 -1.020000 1.329424
      vertex 0.777941 -1.020000 1.329856
      vertex 0.775000 -1.020000 1.330000
    endloop
  endfacet
  facet normal 0.000000 -1.000000 0.000000
    outer loop
      vertex 0.775000 1.020000 1.330000
      vertex 0.780853 1.020000 1.329424
      vertex 0.777941 1.020000 1.329856
    endloop
  endfacet
  facet normal -0.000000 1.000000 -0.000000
    outer loop
      vertex 0.777941 1.020000 1.329856
      vertex 0.780853 1.020000 1.329424
      vertex 0.775000 1.020000 1.330000
    endloop
  endfacet
  facet normal 0.000000 1.000000 0.000000
    outer loop
      vertex 0.780853 -1.020000 1.329424
      vertex 0.783709 -1.020000 1.328708
      vertex 0.786481 -1.020000 1.327716
    endloop
  endfacet
  facet normal -0.000000 -1.000000 -0.000000
    outer loop
      vertex 0.786481 -1.020000 1.327716
      vertex 0.783709 -1.020000 1.328708
      vertex 0.780853 -1.020000 1.329424
    endloop
  endfacet
  facet normal 0.000000 -1.000000 0.000000
    outer loop
      vertex 0.780853 1.020000 1.329424
      vertex 0.786481 1.020000 1.327716
      vertex 0.783709 1.020000 1.328708
    endloop
  endfacet
  facet normal -0.000000 1.000000 -0.000000
    outer loop
      vertex 0.783709 1.020000 1.328708
      vertex 0.786481 1.020000 1.327716
      vertex 0.780853 1.020000 1.329424
    endloop
  endfacet
  facet normal 0.000000 1.000000 0.000000
    outer loop
      vertex 0.786481 -1.020000 1.327716
      vertex 0.794032 -1.020000 1.323190
      vertex 0.796213 -1.020000 1.321213
    endloop
  endfacet
  facet normal -0.000000 -1.000000 -0.000000
    outer loop
      vertex 0.796213 -1.020000 1.321213
      vertex 0.794032 -1.020000 1.323190
      vertex 0.786481 -1.020000 1.327716
    endloop
  endfacet
  facet normal 0.000000 -1.000000 0.000000
    outer loop
      vertex 0.786481 1.020000 1.327716
      vertex 0.796213 1.020000 1.321213
      vertex 0.794032 1.020000 1.323190
    endloop
  endfacet
  facet normal -0.000000 1.000000 -0.000000
    outer loop
      vertex 0.794032 1.020000 1.323190
      vertex 0.796213 1.020000 1.321213
      vertex 0.786481 1.020000 1.327716
    endloop
  endfacet
  facet normal 0.000000 1.000000 0.000000
    outer loop
      vertex 0.786481 -1.020000 1.327716
      vertex 0.789142 -1.020000 1.326458
      vertex 0.794032 -1.020000 1.323190
    endloop
  endfacet
  facet normal -0.000000 -1.000000 -0.000000
    outer loop
      vertex 0.794032 -1.020000 1.323190
      vertex 0.789142 -1.020000 1.326458
      vertex 0.786481 -1.020000 1.327716
    endloop
  endfacet
  facet normal 0.000000 -1.000000 0.000000
    outer loop
      vertex 0.786481 1.020000 1.327716
      vertex 0.794032 1.020000 1.323190
      vertex 0.789142 1.020000 1.326458
    endloop
  endfacet
  facet normal -0.000000 1.000000 -0.000000
    outer loop
      vertex 0.789142 1.020000 1.326458
      vertex 0.794032 1.020000 1.323190
      vertex 0.786481 1.020000 1.327716
    endloop
  endfacet
  facet normal 0.000000 1.000000 0.000000
    outer loop
      vertex 0.789142 -1.020000 1.326458
      vertex 0.791667 -1.020000 1.324944
      vertex 0.794032 -1.020000 1.323190
    endloop
  endfacet
  facet normal -0.000000 -1.000000 -0.000000
    outer loop
      vertex 0.794032 -1.020000 1.323190
      vertex 0.791667 -1.020000 1.324944
      vertex 0.789142 -1.020000 1.326458
    endloop
  endfacet
  facet normal 0.000000 -1.000000 0.000000
    outer loop
      vertex 0.789142 1.020000 1.326458
      vertex 0.794032 1.020000 1.323190
      vertex 0.791667 1.020000 1.324944
    endloop
  endfacet
  facet normal -0.000000 1.000000 -0.000000
    outer loop
      vertex 0.791667 1.020000 1.324944
      vertex 0.794032 1.020000 1.323190
      vertex 0.789142 1.020000 1.326458
    endloop
  endfacet
  facet normal 0.000000 1.000000 0.000000
    outer loop
      vertex 0.796213 -1.020000 1.321213
      vertex 0.798190 -1.020000 1.319032
      vertex 0.799944 -1.020000 1.316667
    endloop
  endfacet
  facet normal -0.000000 -1.000000 -0.000000
    outer loop
      vertex 0.799944 -1.020000 1.316667
      vertex 0.798190 -1.020000 1.319032
      vertex 0.796213 -1.020000 1.321213
    endloop
  endfacet
  facet normal 0.000000 -1.000000 0.000000
    outer loop
      vertex 0.796213 1.020000 1.321213
      vertex 0.799944 1.020000 1.316667
      vertex 0.798190 1.020000 1.319032
    endloop
  endfacet
  facet normal -0.000000 1.000000 -0.000000
    outer loop
      vertex 0.798190 1.020000 1.319032
      vertex 0.799944 1.020000 1.316667
      vertex 0.796213 1.020000 1.321213
    endloop
  endfacet
  facet normal 0.000000 1.000000 0.000000
    outer loop
      vertex 0.799944 -1.020000 1.316667
      vertex 0.802716 -1.020000 1.311481
      vertex 0.805000 -1.020000 1.300000
    endloop
  endfacet
  facet normal -0.000000 -1.000000 -0.000000
    outer loop
      vertex 0.805000 -1.020000 1.300000
      vertex 0.802716 -1.020000 1.311481
      vertex 0.799944 -1.020000 1.316667
    endloop
  endfacet
  facet normal 0.000000 -1.000000 0.000000
    outer loop
      vertex 0.799944 1.020000 1.316667
      vertex 0.805000 1.020000 1.300000
      vertex 0.802716 1.020000 1.311481
    endloop
  endfacet
  facet normal -0.000000 1.000000 -0.000000
    outer loop
      vertex 0.802716 1.020000 1.311481
      vertex 0.805000 1.020000 1.300000
      vertex 0.799944 1.020000 1.316667
    endloop
  endfacet
  facet normal 0.000000 1.000000 0.000000
    outer loop
      vertex 0.799944 -1.020000 1.316667
      vertex 0.801458 -1.020000 1.314142
      vertex 0.802716 -1.020000 1.311481
    endloop
  endfacet
  facet normal -0.000000 -1.000000 -0.000000
    outer loop
      vertex 0.802716 -1.020000 1.311481
      vertex 0.801458 -1.020000 1.314142
      vertex 0.799944 -1.020000 1.316667
    endloop
  endfacet
  facet normal 0.000000 -1.000000 0.000000
    outer loop
      vertex 0.799944 1.020000 1.316667
      vertex 0.802716 1.020000 1.311481
      vertex 0.801458 1.020000 1.314142
    endloop
  endfacet
  facet normal -0.000000 1.000000 -0.000000
    outer loop
      vertex 0.801458 1.020000 1.314142
      vertex 0.802716 1.020000 1.311481
      vertex 0.799944 1.020000 1.316667
    endloop
  endfacet
  facet normal 0.000000 1.000000 0.000000
    outer loop
      vertex 0.802716 -1.020000 1.311481
      vertex 0.804424 -1.020000 1.305853
      vertex 0.805000 -1.020000 1.300000
    endloop
  endfacet
  facet normal -0.000000 -1.000000 -0.000000
    outer loop
      vertex 0.805000 -1.020000 1.300000
      vertex 0.804424 -1.020000 1.305853
      vertex 0.802716 -1.020000 1.311481
    endloop
  endfacet
  facet normal 0.000000 -1.000000 0.000000
    outer loop
      vertex 0.802716 1.020000 1.311481
      vertex 0.805000 1.020000 1.300000
      vertex 0.804424 1.020000 1.305853
    endloop
  endfacet
  facet normal -0.000000 1.000000 -0.000000
    outer loop
      vertex 0.804424 1.020000 1.305853
      vertex 0.805000 1.020000 1.300000
      vertex 0.802716 1.020000 1.311481
    endloop
  endfacet
  facet normal 0.000000 1.000000 0.000000
    outer loop
      vertex 0.802716 -1.020000 1.311481
      vertex 0.803708 -1.020000 1.308709
      vertex 0.804424 -1.020000 1.305853
    endloop
  endfacet
  facet normal -0.000000 -1.000000 -0.000000
    outer loop
      vertex 0.804424 -1.020000 1.305853
      vertex 0.803708 -1.020000 1.308709
      vertex 0.802716 -1.020000 1.311481
    endloop
  endfacet
  facet normal 0.000000 -1.000000 0.000000
    outer loop
      vertex 0.802716 1.020000 1.311481
      vertex 0.804424 1.020000 1.305853
      vertex 0.803708 1.020000 1.308709
    endloop
  endfacet
  facet normal -0.000000 1.000000 -0.000000
    outer loop
      vertex 0.803708 1.020000 1.308709
      vertex 0.804424 1.020000 1.305853
      vertex 0.802716 1.020000 1.311481
    endloop
  endfacet
  facet normal 0.000000 1.000000 0.000000
    outer loop
      vertex 0.804424 -1.020000 1.305853
      vertex 0.804856 -1.020000 1.302941
      vertex 0.805000 -1.020000 1.300000
    endloop
  endfacet
  facet normal -0.000000 -1.000000 -0.000000
    outer loop
      vertex 0.805000 -1.020000 1.300000
      vertex 0.804856 -1.020000 1.302941
      vertex 0.804424 -1.020000 1.305853
    endloop
  endfacet
  facet normal 0.000000 -1.000000 0.000000
    outer loop
      vertex 0.804424 1.020000 1.305853
      vertex 0.805000 1.020000 1.300000
      vertex 0.804856 1.020000 1.302941
    endloop
  endfacet
  facet normal -0.000000 1.000000 -0.000000
    outer loop
      vertex 0.804856 1.020000 1.302941
      vertex 0.805000 1.020000 1.300000
      vertex 0.804424 1.020000 1.305853
    endloop
  endfacet
  facet normal 0.000000 1.000000 0.000000
    outer loop
      vertex 0.805000 -1.020000 1.300000
      vertex 0.685000 -1.020000 0.940000
      vertex 0.669325 -1.020000 0.939120
    endloop
  endfacet
  facet normal -0.000000 -1.000000 -0.000000
    outer loop
      vertex 0.669325 -1.020000 0.939120
      vertex 0.685000 -1.020000 0.940000
      vertex 0.805000 -1.020000 1.300000
    endloop
  endfacet
  facet normal 0.000000 -1.000000 0.000000
    outer loop
      vertex 0.805000 1.020000 1.300000
      vertex 0.669325 1.020000 0.939120
      vertex 0.685000 1.020000 0.940000
    endloop
  endfacet
  facet normal -0.000000 1.000000 -0.000000
    outer loop
      vertex 0.685000 1.020000 0.940000
      vertex 0.669325 1.020000 0.939120
      vertex 0.805000 1.020000 1.300000
    endloop
  endfacet
  facet normal 0.000000 1.000000 0.000000
    outer loop
      vertex 0.805000 -1.020000 1.300000
      vertex 0.700675 -1.020000 0.939120
      vertex 0.685000 -1.020000 0.940000
    endloop
  endfacet
  facet normal -0.000000 -1.000000 -0.000000
    outer loop
      vertex 0.685000 -1.020000 0.940000
      vertex 0.700675 -1.020000 0.939120
      vertex 0.805000 -1.020000 1.300000
    endloop
  endfacet
  facet normal 0.000000 -1.000000 0.000000
    outer loop
      vertex 0.805000 1.020000 1.300000
      vertex 0.685000 1.020000 0.940000
      vertex 0.700675 1.020000 0.939120
    endloop
  endfacet
  facet normal -0.000000 1.000000 -0.000000
    outer loop
      vertex 0.700675 1.020000 0.939120
      vertex 0.685000 1.020000 0.940000
      vertex 0.805000 1.020000 1.300000
    endloop
  endfacet
  facet normal 0.000000 1.000000 0.000000
    outer loop
      vertex 0.805000 -1.020000 1.300000
      vertex 0.716153 -1.020000 0.936490
      vertex 0.700675 -1.020000 0.939120
    endloop
  endfacet
  facet normal -0.000000 -1.000000 -0.000000
    outer loop
      vertex 0.700675 -1.020000 0.939120
      vertex 0.716153 -1.020000 0.936490
      vertex 0.805000 -1.020000 1.300000
    endloop
  endfacet
  facet normal 0.000000 -1.000000 0.000000
    outer loop
      vertex 0.805000 1.020000 1.300000
      vertex 0.700675 1.020000 0.939120
      vertex 0.716153 1.020000 0.936490
    endloop
  endfacet
  facet normal -0.000000 1.000000 -0.000000
    outer loop
      vertex 0.716153 1.020000 0.936490
      vertex 0.700675 1.020000 0.939120
      vertex 0.805000 1.020000 1.300000
    endloop
  endfacet
  facet normal 0.000000 1.000000 0.000000
    outer loop
      vertex 0.805000 -1.020000 1.300000
      vertex 0.731239 -1.020000 0.932144
      vertex 0.716153 -1.020000 0.936490
    endloop
  endfacet
  facet normal -0.000000 -1.000000 -0.000000
    outer loop
      vertex 0.716153 -1.020000 0.936490
      vertex 0.731239 -1.020000 0.932144
      vertex 0.805000 -1.020000 1.300000
    endloop
  endfacet
  facet normal 0.000000 -1.000000 0.000000
    outer loop
      vertex 0.805000 1.020000 1.300000
      vertex 0.716153 1.020000 0.936490
      vertex 0.731239 1.020000 0.932144
    endloop
  endfacet
  facet normal -0.000000 1.000000 -0.000000
    outer loop
      vertex 0.731239 1.020000 0.932144
      vertex 0.716153 1.020000 0.936490
      vertex 0.805000 1.020000 1.300000
    endloop
  endfacet
  facet normal 0.000000 1.000000 0.000000
    outer loop
      vertex 0.805000 -1.020000 1.300000
      vertex 0.745744 -1.020000 0.926136
      vertex 0.731239 -1.020000 0.932144
    endloop
  endfacet
  facet normal -0.000000 -1.000000 -0.000000
    outer loop
      vertex 0.731239 -1.020000 0.932144
      vertex 0.745744 -1.020000 0.926136
      vertex 0.805000 -1.020000 1.300000
    endloop
  endfacet
  facet normal 0.000000 -1.000000 0.000000
    outer loop
      vertex 0.805000 1.020000 1.300000
      vertex 0.731239 1.020000 0.932144
      vertex 0.745744 1.020000 0.926136
    endloop
  endfacet
  facet normal -0.000000 1.000000 -0.000000
    outer loop
      vertex 0.745744 1.020000 0.926136
      vertex 0.731239 1.020000 0.932144
      vertex 0.805000 1.020000 1.300000
    endloop
  endfacet
  facet normal 0.000000 1.000000 0.000000
    outer loop
      vertex 0.805000 -1.020000 1.300000
      vertex 0.759484 -1.020000 0.918541
      vertex 0.745744 -1.020000 0.926136
    endloop
  endfacet
  facet normal -0.000000 -1.000000 -0.000000
    outer loop
      vertex 0.745744 -1.020000 0.926136
      vertex 0.759484 -1.020000 0.918541
      vertex 0.805000 -1.020000 1.300000
    endloop
  endfacet
  facet normal 0.000000 -1.000000 0.000000
    outer loop
      vertex 0.805000 1.020000 1.300000
      vertex 0.745744 1.020000 0.926136
      vertex 0.759484 1.020000 0.918541
    endloop
  endfacet
  facet normal -0.000000 1.000000 -0.000000
    outer loop
      vertex 0.759484 1.020000 0.918541
      vertex 0.745744 1.020000 0.926136
      vertex 0.805000 1.020000 1.300000
    endloop
  endfacet
  facet normal 0.000000 1.000000 0.000000
    outer loop
      vertex 0.805000 -1.020000 1.300000
      vertex 0.772289 -1.020000 0.909456
      vertex 0.759484 -1.020000 0.918541
    endloop
  endfacet
  facet normal -0.000000 -1.000000 -0.000000
    outer loop
      vertex 0.759484 -1.020000 0.918541
      vertex 0.772289 -1.020000 0.909456
      vertex 0.805000 -1.020000 1.300000
    endloop
  endfacet
  facet normal 0.000000 -1.000000 0.000000
    outer loop
      vertex 0.805000 1.020000 1.300000
      vertex 0.759484 1.020000 0.918541
      vertex 0.772289 1.020000 0.909456
    endloop
  endfacet
  facet normal -0.000000 1.000000 -0.000000
    outer loop
      vertex 0.772289 1.020000 0.909456
      vertex 0.759484 1.020000 0.918541
      vertex 0.805000 1.020000 1.300000
    endloop
  endfacet
  facet normal 0.000000 1.000000 0.000000
    outer loop
      vertex 0.805000 -1.020000 1.300000
      vertex 0.783995 -1.020000 0.898995
      vertex 0.772289 -1.020000 0.909456
    endloop
  endfacet
  facet normal -0.000000 -1.000000 -0.000000
    outer loop
      vertex 0.772289 -1.020000 0.909456
      vertex 0.783995 -1.020000 0.898995
      vertex 0.805000 -1.020000 1.300000
    endloop
  endfacet
  facet normal 0.000000 -1.000000 0.000000
    outer loop
      vertex 0.805000 1.020000 1.300000
      vertex 0.772289 1.020000 0.909456
      vertex 0.783995 1.020000 0.898995
    endloop
  endfacet
  facet normal -0.000000 1.000000 -0.000000
    outer loop
      vertex 0.783995 1.020000 0.898995
      vertex 0.772289 1.020000 0.909456
      vertex 0.805000 1.020000 1.300000
    endloop
  endfacet
  facet normal 0.000000 1.000000 0.000000
    outer loop
      vertex 0.805000 -1.020000 1.300000
      vertex 0.794456 -1.020000 0.887289
      vertex 0.783995 -1.020000 0.898995
    endloop
  endfacet
  facet normal -0.000000 -1.000000 -0.000000
    outer loop
      vertex 0.783995 -1.020000 0.898995
      vertex 0.794456 -1.020000 0.887289
      vertex 0.805000 -1.020000 1.300000
    endloop
  endfacet
  facet normal 0.000000 -1.000000 0.000000
    outer loop
      vertex 0.805000 1.020000 1.300000
      vertex 0.783995 1.020000 0.898995
      vertex 0.794456 1.020000 0.887289
    endloop
  endfacet
  facet normal -0.000000 1.000000 -0.000000
    outer loop
      vertex 0.794456 1.020000 0.887289
      vertex 0.783995 1.020000 0.898995
      vertex 0.805000 1.020000 1.300000
    endloop
  endfacet
  facet normal 0.000000 1.000000 0.000000
    outer loop
      vertex 0.805000 -1.020000 1.300000
      vertex 0.803541 -1.020000 0.874484
      vertex 0.794456 -1.020000 0.887289
    endloop
  endfacet
  facet normal -0.000000 -1.000000 -0.000000
    outer loop
      vertex 0.794456 -1.020000 0.887289
      vertex 0.803541 -1.020000 0.874484
      vertex 0.805000 -1.020000 1.300000
    endloop
  endfacet
  facet normal 0.000000 -1.000000 0.000000
    outer loop
      vertex 0.805000 1.020000 1.300000
      vertex 0.794456 1.020000 0.887289
      vertex 0.803541 1.020000 0.874484
    endloop
  endfacet
  facet normal -0.000000 1.000000 -0.000000
    outer loop
      vertex 0.803541 1.020000 0.874484
      vertex 0.794456 1.020000 0.887289
      vertex 0.805000 1.020000 1.300000
    endloop
  endfacet
  facet normal 0.000000 1.000000 0.000000
    outer loop
      vertex 0.805000 -1.020000 1.300000
      vertex 0.805000 -1.020000 0.871845
      vertex 0.803541 -1.020000 0.874484
    endloop
  endfacet
  facet normal -0.000000 -1.000000 -0.000000
    outer loop
      vertex 0.803541 -1.020000 0.874484
      vertex 0.805000 -1.020000 0.871845
      vertex 0.805000 -1.020000 1.300000
    endloop
  endfacet
  facet normal 0.000000 -1.000000 -0.000000
    outer loop
      vertex 0.805000 1.020000 1.300000
      vertex 0.803541 1.020000 0.874484
      vertex 0.805000 1.020000 0.871845
    endloop
  endfacet
  facet normal -0.000000 1.000000 0.000000
    outer loop
      vertex 0.805000 1.020000 0.871845
      vertex 0.803541 1.020000 0.874484
      vertex 0.805000 1.020000 1.300000
    endloop
  endfacet
  facet normal 0.000000 1.000000 0.000000
    outer loop
      vertex 0.796213 -1.020000 -1.321213
      vertex 0.799944 -1.020000 -1.316667
      vertex 0.798190 -1.020000 -1.319032
    endloop
  endfacet
  facet normal -0.000000 -1.000000 -0.000000
    outer loop
      vertex 0.798190 -1.020000 -1.319032
      vertex 0.799944 -1.020000 -1.316667
      vertex 0.796213 -1.020000 -1.321213
    endloop
  endfacet
  facet normal 0.000000 -1.000000 0.000000
    outer loop
      vertex 0.796213 1.020000 -1.321213
      vertex 0.798190 1.020000 -1.319032
      vertex 0.799944 1.020000 -1.316667
    endloop
  endfacet
  facet normal -0.000000 1.000000 -0.000000
    outer loop
      vertex 0.799944 1.020000 -1.316667
      vertex 0.798190 1.020000 -1.319032
      vertex 0.796213 1.020000 -1.321213
    endloop
  endfacet
  facet normal 0.000000 1.000000 -0.000000
    outer loop
      vertex 0.796213 -1.020000 -1.321213
      vertex 0.794032 -1.020000 -1.323190
      vertex 0.799944 -1.020000 -1.316667
    endloop
  endfacet
  facet normal -0.000000 -1.000000 0.000000
    outer loop
      vertex 0.799944 -1.020000 -1.316667
      vertex 0.794032 -1.020000 -1.323190
      vertex 0.796213 -1.020000 -1.321213
    endloop
  endfacet
  facet normal -0.000000 -1.000000 0.000000
    outer loop
      vertex 0.796213 1.020000 -1.321213
      vertex 0.799944 1.020000 -1.316667
      vertex 0.794032 1.020000 -1.323190
    endloop
  endfacet
  facet normal 0.000000 1.000000 -0.000000
    outer loop
      vertex 0.794032 1.020000 -1.323190
      vertex 0.799944 1.020000 -1.316667
      vertex 0.796213 1.020000 -1.321213
    endloop
  endfacet
  facet normal 0.000000 1.000000 0.000000
    outer loop
      vertex 0.794032 -1.020000 -1.323190
      vertex 0.805000 -1.020000 -1.300000
      vertex 0.799944 -1.020000 -1.316667
    endloop
  endfacet
  facet normal -0.000000 -1.000000 -0.000000
    outer loop
      vertex 0.799944 -1.020000 -1.316667
      vertex 0.805000 -1.020000 -1.300000
      vertex 0.794032 -1.020000 -1.323190
    endloop
  endfacet
  facet normal 0.000000 -1.000000 0.000000
    outer loop
      vertex 0.794032 1.020000 -1.323190
      vertex 0.799944 1.020000 -1.316667
      vertex 0.805000 1.020000 -1.300000
    endloop
  endfacet
  facet normal -0.000000 1.000000 -0.000000
    outer loop
      vertex 0.805000 1.020000 -1.300000
      vertex 0.799944 1.020000 -1.316667
      vertex 0.794032 1.020000 -1.323190
    endloop
  endfacet
  facet normal 0.000000 1.000000 -0.000000
    outer loop
      vertex 0.794032 -1.020000 -1.323190
      vertex 0.786481 -1.020000 -1.327716
      vertex 0.805000 -1.020000 -1.300000
    endloop
  endfacet
  facet normal -0.000000 -1.000000 0.000000
    outer loop
      vertex 0.805000 -1.020000 -1.300000
      vertex 0.786481 -1.020000 -1.327716
      vertex 0.794032 -1.020000 -1.323190
    endloop
  endfacet
  facet normal -0.000000 -1.000000 0.000000
    outer loop
      vertex 0.794032 1.020000 -1.323190
      vertex 0.805000 1.020000 -1.300000
      vertex 0.786481 1.020000 -1.327716
    endloop
  endfacet
  facet normal 0.000000 1.000000 -0.000000
    outer loop
      vertex 0.786481 1.020000 -1.327716
      vertex 0.805000 1.020000 -1.300000
      vertex 0.794032 1.020000 -1.323190
    endloop
  endfacet
  facet normal 0.000000 1.000000 0.000000
    outer loop
      vertex 0.794032 -1.020000 -1.323190
      vertex 0.789142 -1.020000 -1.326458
      vertex 0.786481 -1.020000 -1.327716
    endloop
  endfacet
  facet normal -0.000000 -1.000000 -0.000000
    outer loop
      vertex 0.786481 -1.020000 -1.327716
      vertex 0.789142 -1.020000 -1.326458
      vertex 0.794032 -1.020000 -1.323190
    endloop
  endfacet
  facet normal 0.000000 -1.000000 0.000000
    outer loop
      vertex 0.794032 1.020000 -1.323190
      vertex 0.786481 1.020000 -1.327716
      vertex 0.789142 1.020000 -1.326458
    endloop
  endfacet
  facet normal -0.000000 1.000000 -0.000000
    outer loop
      vertex 0.789142 1.020000 -1.326458
      vertex 0.786481 1.020000 -1.327716
      vertex 0.794032 1.020000 -1.323190
    endloop
  endfacet
  facet normal 0.000000 1.000000 0.000000
    outer loop
      vertex 0.794032 -1.020000 -1.323190
      vertex 0.791667 -1.020000 -1.324944
      vertex 0.789142 -1.020000 -1.326458
    endloop
  endfacet
  facet normal -0.000000 -1.000000 -0.000000
    outer loop
      vertex 0.789142 -1.020000 -1.326458
      vertex 0.791667 -1.020000 -1.324944
      vertex 0.794032 -1.020000 -1.323190
    endloop
  endfacet
  facet normal 0.000000 -1.000000 0.000000
    outer loop
      vertex 0.794032 1.020000 -1.323190
      vertex 0.789142 1.020000 -1.326458
      vertex 0.791667 1.020000 -1.324944
    endloop
  endfacet
  facet normal -0.000000 1.000000 -0.000000
    outer loop
      vertex 0.791667 1.020000 -1.324944
      vertex 0.789142 1.020000 -1.326458
      vertex 0.794032 1.020000 -1.323190
    endloop
  endfacet
  facet normal 0.000000 1.000000 -0.000000
    outer loop
      vertex 0.786481 -1.020000 -1.327716
      vertex 0.775000 -1.020000 -1.330000
      vertex 0.805000 -1.020000 -1.300000
    endloop
  endfacet
  facet normal -0.000000 -1.000000 0.000000
    outer loop
      vertex 0.805000 -1.020000 -1.300000
      vertex 0.775000 -1.020000 -1.330000
      vertex 0.786481 -1.020000 -1.327716
    endloop
  endfacet
  facet normal -0.000000 -1.000000 0.000000
    outer loop
      vertex 0.786481 1.020000 -1.327716
      vertex 0.805000 1.020000 -1.300000
      vertex 0.775000 1.020000 -1.330000
    endloop
  endfacet
  facet normal 0.000000 1.000000 -0.000000
    outer loop
      vertex 0.775000 1.020000 -1.330000
      vertex 0.805000 1.020000 -1.300000
      vertex 0.786481 1.020000 -1.327716
    endloop
  endfacet
  facet normal 0.000000 1.000000 0.000000
    outer loop
      vertex 0.786481 -1.020000 -1.327716
      vertex 0.780853 -1.020000 -1.329424
      vertex 0.775000 -1.020000 -1.330000
    endloop
  endfacet
  facet normal -0.000000 -1.000000 -0.000000
    outer loop
      vertex 0.775000 -1.020000 -1.330000
      vertex 0.780853 -1.020000 -1.329424
      vertex 0.786481 -1.020000 -1.327716
    endloop
  endfacet
  facet normal 0.000000 -1.000000 0.000000
    outer loop
      vertex 0.786481 1.020000 -1.327716
      vertex 0.775000 1.020000 -1.330000
      vertex 0.780853 1.020000 -1.329424
    endloop
  endfacet
  facet normal -0.000000 1.000000 -0.000000
    outer loop
      vertex 0.780853 1.020000 -1.329424
      vertex 0.775000 1.020000 -1.330000
      vertex 0.786481 1.020000 -1.327716
    endloop
  endfacet
  facet normal 0.000000 1.000000 0.000000
    outer loop
      vertex 0.786481 -1.020000 -1.327716
      vertex 0.783709 -1.020000 -1.328708
      vertex 0.780853 -1.020000 -1.329424
    endloop
  endfacet
  facet normal -0.000000 -1.000000 -0.000000
    outer loop
      vertex 0.780853 -1.020000 -1.329424
      vertex 0.783709 -1.020000 -1.328708
      vertex 0.786481 -1.020000 -1.327716
    endloop
  endfacet
  facet normal 0.000000 -1.000000 0.000000
    outer loop
      vertex 0.786481 1.020000 -1.327716
      vertex 0.780853 1.020000 -1.329424
      vertex 0.783709 1.020000 -1.328708
    endloop
  endfacet
  facet normal -0.000000 1.000000 -0.000000
    outer loop
      vertex 0.783709 1.020000 -1.328708
      vertex 0.780853 1.020000 -1.329424
      vertex 0.786481 1.020000 -1.327716
    endloop
  endfacet
  facet normal 0.000000 1.000000 0.000000
    outer loop
      vertex 0.780853 -1.020000 -1.329424
      vertex 0.777941 -1.020000 -1.329856
      vertex 0.775000 -1.020000 -1.330000
    endloop
  endfacet
  facet normal -0.000000 -1.000000 -0.000000
    outer loop
      vertex 0.775000 -1.020000 -1.330000
      vertex 0.777941 -1.020000 -1.329856
      vertex 0.780853 -1.020000 -1.329424
    endloop
  endfacet
  facet normal 0.000000 -1.000000 0.000000
    outer loop
      vertex 0.780853 1.020000 -1.329424
      vertex 0.775000 1.020000 -1.330000
      vertex 0.777941 1.020000 -1.329856
    endloop
  endfacet
  facet normal -0.000000 1.000000 -0.000000
    outer loop
      vertex 0.777941 1.020000 -1.329856
      vertex 0.775000 1.020000 -1.330000
      vertex 0.780853 1.020000 -1.329424
    endloop
  endfacet
  facet normal 0.000000 1.000000 -0.000000
    outer loop
      vertex 0.775000 -1.020000 -1.330000
      vertex 0.375000 -1.020000 -0.900000
      vertex 0.805000 -1.020000 -1.300000
    endloop
  endfacet
  facet normal -0.000000 -1.000000 0.000000
    outer loop
      vertex 0.805000 -1.020000 -1.300000
      vertex 0.375000 -1.020000 -0.900000
      vertex 0.775000 -1.020000 -1.330000
    endloop
  endfacet
  facet normal 0.000000 -1.000000 0.000000
    outer loop
      vertex 0.775000 1.020000 -1.330000
      vertex 0.805000 1.020000 -1.300000
      vertex 0.375000 1.020000 -0.900000
    endloop
  endfacet
  facet normal -0.000000 1.000000 -0.000000
    outer loop
      vertex 0.375000 1.020000 -0.900000
      vertex 0.805000 1.020000 -1.300000
      vertex 0.775000 1.020000 -1.330000
    endloop
  endfacet
  facet normal 0.000000 1.000000 0.000000
    outer loop
      vertex 0.775000 -1.020000 -1.330000
      vertex 0.020000 -1.020000 -1.330000
      vertex 0.375000 -1.020000 -0.900000
    endloop
  endfacet
  facet normal -0.000000 -1.000000 -0.000000
    outer loop
      vertex 0.375000 -1.020000 -0.900000
      vertex 0.020000 -1.020000 -1.330000
      vertex 0.775000 -1.020000 -1.330000
    endloop
  endfacet
  facet normal 0.000000 -1.000000 0.000000
    outer loop
      vertex 0.775000 1.020000 -1.330000
      vertex 0.375000 1.020000 -0.900000
      vertex 0.020000 1.020000 -1.330000
    endloop
  endfacet
  facet normal -0.000000 1.000000 -0.000000
    outer loop
      vertex 0.020000 1.020000 -1.330000
      vertex 0.375000 1.020000 -0.900000
      vertex 0.775000 1.020000 -1.330000
    endloop
  endfacet
  facet normal 0.000000 1.000000 0.000000
    outer loop
      vertex 0.020000 -1.020000 -1.330000
      vertex 0.020000 -1.020000 -0.900000
      vertex 0.375000 -1.020000 -0.900000
    endloop
  endfacet
  facet normal -0.000000 -1.000000 -0.000000
    outer loop
      vertex 0.375000 -1.020000 -0.900000
      vertex 0.020000 -1.020000 -0.900000
      vertex 0.020000 -1.020000 -1.330000
    endloop
  endfacet
  facet normal 0.000000 -1.000000 0.000000
    outer loop
      vertex 0.020000 1.020000 -1.330000
      vertex 0.375000 1.020000 -0.900000
      vertex 0.020000 1.020000 -0.900000
    endloop
  endfacet
  facet normal -0.000000 1.000000 -0.000000
    outer loop
      vertex 0.020000 1.020000 -0.900000
      vertex 0.375000 1.020000 -0.900000
      vertex 0.020000 1.020000 -1.330000
    endloop
  endfacet
  facet normal 0.000000 1.000000 0.000000
    outer loop
      vertex 0.020000 -1.020000 0.900000
      vertex 0.586005 -1.020000 0.701005
      vertex 0.460000 -1.020000 -0.562058
    endloop
  endfacet
  facet normal -0.000000 -1.000000 -0.000000
    outer loop
      vertex 0.460000 -1.020000 -0.562058
      vertex 0.586005 -1.020000 0.701005
      vertex 0.020000 -1.020000 0.900000
    endloop
  endfacet
  facet normal 0.000000 -1.000000 0.000000
    outer loop
      vertex 0.020000 1.020000 0.900000
      vertex 0.460000 1.020000 -0.562058
      vertex 0.586005 1.020000 0.701005
    endloop
  endfacet
  facet normal -0.000000 1.000000 -0.000000
    outer loop
      vertex 0.586005 1.020000 0.701005
      vertex 0.460000 1.020000 -0.562058
      vertex 0.020000 1.020000 0.900000
    endloop
  endfacet
  facet normal -0.000000 1.000000 0.000000
    outer loop
      vertex 0.020000 -1.020000 0.900000
      vertex 0.375000 -1.020000 0.900000
      vertex 0.566459 -1.020000 0.725516
    endloop
  endfacet
  facet normal 0.000000 -1.000000 -0.000000
    outer loop
      vertex 0.566459 -1.020000 0.725516
      vertex 0.375000 -1.020000 0.900000
      vertex 0.020000 -1.020000 0.900000
    endloop
  endfacet
  facet normal 0.000000 -1.000000 0.000000
    outer loop
      vertex 0.020000 1.020000 0.900000
      vertex 0.566459 1.020000 0.725516
      vertex 0.375000 1.020000 0.900000
    endloop
  endfacet
  facet normal -0.000000 1.000000 -0.000000
    outer loop
      vertex 0.375000 1.020000 0.900000
      vertex 0.566459 1.020000 0.725516
      vertex 0.020000 1.020000 0.900000
    endloop
  endfacet
  facet normal 0.000000 1.000000 0.000000
    outer loop
      vertex 0.375000 -1.020000 0.900000
      vertex 0.558864 -1.020000 0.739256
      vertex 0.566459 -1.020000 0.725516
    endloop
  endfacet
  facet normal -0.000000 -1.000000 -0.000000
    outer loop
      vertex 0.566459 -1.020000 0.725516
      vertex 0.558864 -1.020000 0.739256
      vertex 0.375000 -1.020000 0.900000
    endloop
  endfacet
  facet normal 0.000000 -1.000000 0.000000
    outer loop
      vertex 0.375000 1.020000 0.900000
      vertex 0.566459 1.020000 0.725516
      vertex 0.558864 1.020000 0.739256
    endloop
  endfacet
  facet normal -0.000000 1.000000 -0.000000
    outer loop
      vertex 0.558864 1.020000 0.739256
      vertex 0.566459 1.020000 0.725516
      vertex 0.375000 1.020000 0.900000
    endloop
  endfacet
  facet normal 0.000000 1.000000 0.000000
    outer loop
      vertex 0.375000 -1.020000 0.900000
      vertex 0.552856 -1.020000 0.753761
      vertex 0.558864 -1.020000 0.739256
    endloop
  endfacet
  facet normal -0.000000 -1.000000 -0.000000
    outer loop
      vertex 0.558864 -1.020000 0.739256
      vertex 0.552856 -1.020000 0.753761
      vertex 0.375000 -1.020000 0.900000
    endloop
  endfacet
  facet normal 0.000000 -1.000000 0.000000
    outer loop
      vertex 0.375000 1.020000 0.900000
      vertex 0.558864 1.020000 0.739256
      vertex 0.552856 1.020000 0.753761
    endloop
  endfacet
  facet normal -0.000000 1.000000 -0.000000
    outer loop
      vertex 0.552856 1.020000 0.753761
      vertex 0.558864 1.020000 0.739256
      vertex 0.375000 1.020000 0.900000
    endloop
  endfacet
  facet normal 0.000000 1.000000 0.000000
    outer loop
      vertex 0.375000 -1.020000 0.900000
      vertex 0.548510 -1.020000 0.768847
      vertex 0.552856 -1.020000 0.753761
    endloop
  endfacet
  facet normal -0.000000 -1.000000 -0.000000
    outer loop
      vertex 0.552856 -1.020000 0.753761
      vertex 0.548510 -1.020000 0.768847
      vertex 0.375000 -1.020000 0.900000
    endloop
  endfacet
  facet normal 0.000000 -1.000000 0.000000
    outer loop
      vertex 0.375000 1.020000 0.900000
      vertex 0.552856 1.020000 0.753761
      vertex 0.548510 1.020000 0.768847
    endloop
  endfacet
  facet normal -0.000000 1.000000 -0.000000
    outer loop
      vertex 0.548510 1.020000 0.768847
      vertex 0.552856 1.020000 0.753761
      vertex 0.375000 1.020000 0.900000
    endloop
  endfacet
  facet normal 0.000000 1.000000 0.000000
    outer loop
      vertex 0.375000 -1.020000 0.900000
      vertex 0.545880 -1.020000 0.784325
      vertex 0.548510 -1.020000 0.768847
    endloop
  endfacet
  facet normal -0.000000 -1.000000 -0.000000
    outer loop
      vertex 0.548510 -1.020000 0.768847
      vertex 0.545880 -1.020000 0.784325
      vertex 0.375000 -1.020000 0.900000
    endloop
  endfacet
  facet normal 0.000000 -1.000000 0.000000
    outer loop
      vertex 0.375000 1.020000 0.900000
      vertex 0.548510 1.020000 0.768847
      vertex 0.545880 1.020000 0.784325
    endloop
  endfacet
  facet normal -0.000000 1.000000 -0.000000
    outer loop
      vertex 0.545880 1.020000 0.784325
      vertex 0.548510 1.020000 0.768847
      vertex 0.375000 1.020000 0.900000
    endloop
  endfacet
  facet normal 0.000000 1.000000 0.000000
    outer loop
      vertex 0.375000 -1.020000 0.900000
      vertex 0.545000 -1.020000 0.800000
      vertex 0.545880 -1.020000 0.784325
    endloop
  endfacet
  facet normal -0.000000 -1.000000 -0.000000
    outer loop
      vertex 0.545880 -1.020000 0.784325
      vertex 0.545000 -1.020000 0.800000
      vertex 0.375000 -1.020000 0.900000
    endloop
  endfacet
  facet normal 0.000000 -1.000000 0.000000
    outer loop
      vertex 0.375000 1.020000 0.900000
      vertex 0.545880 1.020000 0.784325
      vertex 0.545000 1.020000 0.800000
    endloop
  endfacet
  facet normal -0.000000 1.000000 -0.000000
    outer loop
      vertex 0.545000 1.020000 0.800000
      vertex 0.545880 1.020000 0.784325
      vertex 0.375000 1.020000 0.900000
    endloop
  endfacet
  facet normal 0.000000 1.000000 0.000000
    outer loop
      vertex 0.375000 -1.020000 0.900000
      vertex 0.545880 -1.020000 0.815675
      vertex 0.545000 -1.020000 0.800000
    endloop
  endfacet
  facet normal -0.000000 -1.000000 -0.000000
    outer loop
      vertex 0.545000 -1.020000 0.800000
      vertex 0.545880 -1.020000 0.815675
      vertex 0.375000 -1.020000 0.900000
    endloop
  endfacet
  facet normal 0.000000 -1.000000 0.000000
    outer loop
      vertex 0.375000 1.020000 0.900000
      vertex 0.545000 1.020000 0.800000
      vertex 0.545880 1.020000 0.815675
    endloop
  endfacet
  facet normal -0.000000 1.000000 -0.000000
    outer loop
      vertex 0.545880 1.020000 0.815675
      vertex 0.545000 1.020000 0.800000
      vertex 0.375000 1.020000 0.900000
    endloop
  endfacet
  facet normal 0.000000 1.000000 0.000000
    outer loop
      vertex 0.375000 -1.020000 0.900000
      vertex 0.548510 -1.020000 0.831153
      vertex 0.545880 -1.020000 0.815675
    endloop
  endfacet
  facet normal -0.000000 -1.000000 -0.000000
    outer loop
      vertex 0.545880 -1.020000 0.815675
      vertex 0.548510 -1.020000 0.831153
      vertex 0.375000 -1.020000 0.900000
    endloop
  endfacet
  facet normal 0.000000 -1.000000 0.000000
    outer loop
      vertex 0.375000 1.020000 0.900000
      vertex 0.545880 1.020000 0.815675
      vertex 0.548510 1.020000 0.831153
    endloop
  endfacet
  facet normal -0.000000 1.000000 -0.000000
    outer loop
      vertex 0.548510 1.020000 0.831153
      vertex 0.545880 1.020000 0.815675
      vertex 0.375000 1.020000 0.900000
    endloop
  endfacet
  facet normal 0.000000 1.000000 0.000000
    outer loop
      vertex 0.375000 -1.020000 0.900000
      vertex 0.552856 -1.020000 0.846239
      vertex 0.548510 -1.020000 0.831153
    endloop
  endfacet
  facet normal -0.000000 -1.000000 -0.000000
    outer loop
      vertex 0.548510 -1.020000 0.831153
      vertex 0.552856 -1.020000 0.846239
      vertex 0.375000 -1.020000 0.900000
    endloop
  endfacet
  facet normal 0.000000 -1.000000 0.000000
    outer loop
      vertex 0.375000 1.020000 0.900000
      vertex 0.548510 1.020000 0.831153
      vertex 0.552856 1.020000 0.846239
    endloop
  endfacet
  facet normal -0.000000 1.000000 -0.000000
    outer loop
      vertex 0.552856 1.020000 0.846239
      vertex 0.548510 1.020000 0.831153
      vertex 0.375000 1.020000 0.900000
    endloop
  endfacet
  facet normal 0.000000 1.000000 0.000000
    outer loop
      vertex 0.375000 -1.020000 0.900000
      vertex 0.558864 -1.020000 0.860744
      vertex 0.552856 -1.020000 0.846239
    endloop
  endfacet
  facet normal -0.000000 -1.000000 -0.000000
    outer loop
      vertex 0.552856 -1.020000 0.846239
      vertex 0.558864 -1.020000 0.860744
      vertex 0.375000 -1.020000 0.900000
    endloop
  endfacet
  facet normal 0.000000 -1.000000 0.000000
    outer loop
      vertex 0.375000 1.020000 0.900000
      vertex 0.552856 1.020000 0.846239
      vertex 0.558864 1.020000 0.860744
    endloop
  endfacet
  facet normal -0.000000 1.000000 -0.000000
    outer loop
      vertex 0.558864 1.020000 0.860744
      vertex 0.552856 1.020000 0.846239
      vertex 0.375000 1.020000 0.900000
    endloop
  endfacet
  facet normal 0.000000 1.000000 0.000000
    outer loop
      vertex 0.375000 -1.020000 0.900000
      vertex 0.566459 -1.020000 0.874484
      vertex 0.558864 -1.020000 0.860744
    endloop
  endfacet
  facet normal -0.000000 -1.000000 -0.000000
    outer loop
      vertex 0.558864 -1.020000 0.860744
      vertex 0.566459 -1.020000 0.874484
      vertex 0.375000 -1.020000 0.900000
    endloop
  endfacet
  facet normal 0.000000 -1.000000 0.000000
    outer loop
      vertex 0.375000 1.020000 0.900000
      vertex 0.558864 1.020000 0.860744
      vertex 0.566459 1.020000 0.874484
    endloop
  endfacet
  facet normal -0.000000 1.000000 -0.000000
    outer loop
      vertex 0.566459 1.020000 0.874484
      vertex 0.558864 1.020000 0.860744
      vertex 0.375000 1.020000 0.900000
    endloop
  endfacet
  facet normal 0.000000 1.000000 0.000000
    outer loop
      vertex 0.375000 -1.020000 0.900000
      vertex 0.575544 -1.020000 0.887289
      vertex 0.566459 -1.020000 0.874484
    endloop
  endfacet
  facet normal -0.000000 -1.000000 -0.000000
    outer loop
      vertex 0.566459 -1.020000 0.874484
      vertex 0.575544 -1.020000 0.887289
      vertex 0.375000 -1.020000 0.900000
    endloop
  endfacet
  facet normal 0.000000 -1.000000 0.000000
    outer loop
      vertex 0.375000 1.020000 0.900000
      vertex 0.566459 1.020000 0.874484
      vertex 0.575544 1.020000 0.887289
    endloop
  endfacet
  facet normal -0.000000 1.000000 -0.000000
    outer loop
      vertex 0.575544 1.020000 0.887289
      vertex 0.566459 1.020000 0.874484
      vertex 0.375000 1.020000 0.900000
    endloop
  endfacet
  facet normal 0.000000 1.000000 0.000000
    outer loop
      vertex 0.375000 -1.020000 0.900000
      vertex 0.586005 -1.020000 0.898995
      vertex 0.575544 -1.020000 0.887289
    endloop
  endfacet
  facet normal -0.000000 -1.000000 -0.000000
    outer loop
      vertex 0.575544 -1.020000 0.887289
      vertex 0.586005 -1.020000 0.898995
      vertex 0.375000 -1.020000 0.900000
    endloop
  endfacet
  facet normal 0.000000 -1.000000 0.000000
    outer loop
      vertex 0.375000 1.020000 0.900000
      vertex 0.575544 1.020000 0.887289
      vertex 0.586005 1.020000 0.898995
    endloop
  endfacet
  facet normal -0.000000 1.000000 -0.000000
    outer loop
      vertex 0.586005 1.020000 0.898995
      vertex 0.575544 1.020000 0.887289
      vertex 0.375000 1.020000 0.900000
    endloop
  endfacet
  facet normal -0.000000 1.000000 0.000000
    outer loop
      vertex 0.375000 -1.020000 0.900000
      vertex 0.597711 -1.020000 0.909456
      vertex 0.586005 -1.020000 0.898995
    endloop
  endfacet
  facet normal 0.000000 -1.000000 -0.000000
    outer loop
      vertex 0.586005 -1.020000 0.898995
      vertex 0.597711 -1.020000 0.909456
      vertex 0.375000 -1.020000 0.900000
    endloop
  endfacet
  facet normal 0.000000 -1.000000 0.000000
    outer loop
      vertex 0.375000 1.020000 0.900000
      vertex 0.586005 1.020000 0.898995
      vertex 0.597711 1.020000 0.909456
    endloop
  endfacet
  facet normal -0.000000 1.000000 -0.000000
    outer loop
      vertex 0.597711 1.020000 0.909456
      vertex 0.586005 1.020000 0.898995
      vertex 0.375000 1.020000 0.900000
    endloop
  endfacet
  facet normal 0.000000 1.000000 0.000000
    outer loop
      vertex 0.375000 -1.020000 0.900000
      vertex 0.610516 -1.020000 0.918541
      vertex 0.597711 -1.020000 0.909456
    endloop
  endfacet
  facet normal -0.000000 -1.000000 -0.000000
    outer loop
      vertex 0.597711 -1.020000 0.909456
      vertex 0.610516 -1.020000 0.918541
      vertex 0.375000 -1.020000 0.900000
    endloop
  endfacet
  facet normal 0.000000 -1.000000 0.000000
    outer loop
      vertex 0.375000 1.020000 0.900000
      vertex 0.597711 1.020000 0.909456
      vertex 0.610516 1.020000 0.918541
    endloop
  endfacet
  facet normal -0.000000 1.000000 -0.000000
    outer loop
      vertex 0.610516 1.020000 0.918541
      vertex 0.597711 1.020000 0.909456
      vertex 0.375000 1.020000 0.900000
    endloop
  endfacet
  facet normal 0.000000 1.000000 0.000000
    outer loop
      vertex 0.375000 -1.020000 0.900000
      vertex 0.624256 -1.020000 0.926136
      vertex 0.610516 -1.020000 0.918541
    endloop
  endfacet
  facet normal -0.000000 -1.000000 -0.000000
    outer loop
      vertex 0.610516 -1.020000 0.918541
      vertex 0.624256 -1.020000 0.926136
      vertex 0.375000 -1.020000 0.900000
    endloop
  endfacet
  facet normal 0.000000 -1.000000 0.000000
    outer loop
      vertex 0.375000 1.020000 0.900000
      vertex 0.610516 1.020000 0.918541
      vertex 0.624256 1.020000 0.926136
    endloop
  endfacet
  facet normal -0.000000 1.000000 -0.000000
    outer loop
      vertex 0.624256 1.020000 0.926136
      vertex 0.610516 1.020000 0.918541
      vertex 0.375000 1.020000 0.900000
    endloop
  endfacet
  facet normal 0.000000 1.000000 0.000000
    outer loop
      vertex 0.805000 -1.020000 0.728155
      vertex 0.594230 -1.020000 -0.628253
      vertex 0.803541 -1.020000 0.725516
    endloop
  endfacet
  facet normal -0.000000 -1.000000 -0.000000
    outer loop
      vertex 0.803541 -1.020000 0.725516
      vertex 0.594230 -1.020000 -0.628253
      vertex 0.805000 -1.020000 0.728155
    endloop
  endfacet
  facet normal 0.000000 -1.000000 0.000000
    outer loop
      vertex 0.805000 1.020000 0.728155
      vertex 0.803541 1.020000 0.725516
      vertex 0.594230 1.020000 -0.628253
    endloop
  endfacet
  facet normal -0.000000 1.000000 -0.000000
    outer loop
      vertex 0.594230 1.020000 -0.628253
      vertex 0.803541 1.020000 0.725516
      vertex 0.805000 1.020000 0.728155
    endloop
  endfacet
  facet normal 0.000000 1.000000 0.000000
    outer loop
      vertex 0.805000 -1.020000 0.728155
      vertex 0.805000 -1.020000 -1.300000
      vertex 0.594230 -1.020000 -0.628253
    endloop
  endfacet
  facet normal -0.000000 -1.000000 -0.000000
    outer loop
      vertex 0.594230 -1.020000 -0.628253
      vertex 0.805000 -1.020000 -1.300000
      vertex 0.805000 -1.020000 0.728155
    endloop
  endfacet
  facet normal 0.000000 -1.000000 -0.000000
    outer loop
      vertex 0.805000 1.020000 0.728155
      vertex 0.594230 1.020000 -0.628253
      vertex 0.805000 1.020000 -1.300000
    endloop
  endfacet
  facet normal -0.000000 1.000000 0.000000
    outer loop
      vertex 0.805000 1.020000 -1.300000
      vertex 0.594230 1.020000 -0.628253
      vertex 0.805000 1.020000 0.728155
    endloop
  endfacet
  facet normal 0.000000 1.000000 0.000000
    outer loop
      vertex 0.805000 -1.020000 -1.300000
      vertex 0.595000 -1.020000 -0.640000
      vertex 0.594230 -1.020000 -0.628253
    endloop
  endfacet
  facet normal -0.000000 -1.000000 -0.000000
    outer loop
      vertex 0.594230 -1.020000 -0.628253
      vertex 0.595000 -1.020000 -0.640000
      vertex 0.805000 -1.020000 -1.300000
    endloop
  endfacet
  facet normal 0.000000 -1.000000 0.000000
    outer loop
      vertex 0.805000 1.020000 -1.300000
      vertex 0.594230 1.020000 -0.628253
      vertex 0.595000 1.020000 -0.640000
    endloop
  endfacet
  facet normal -0.000000 1.000000 -0.000000
    outer loop
      vertex 0.595000 1.020000 -0.640000
      vertex 0.594230 1.020000 -0.628253
      vertex 0.805000 1.020000 -1.300000
    endloop
  endfacet
  facet normal 0.000000 1.000000 0.000000
    outer loop
      vertex 0.805000 -1.020000 -1.300000
      vertex 0.594230 -1.020000 -0.651747
      vertex 0.595000 -1.020000 -0.640000
    endloop
  endfacet
  facet normal -0.000000 -1.000000 -0.000000
    outer loop
      vertex 0.595000 -1.020000 -0.640000
      vertex 0.594230 -1.020000 -0.651747
      vertex 0.805000 -1.020000 -1.300000
    endloop
  endfacet
  facet normal 0.000000 -1.000000 0.000000
    outer loop
      vertex 0.805000 1.020000 -1.300000
      vertex 0.595000 1.020000 -0.640000
      vertex 0.594230 1.020000 -0.651747
    endloop
  endfacet
  facet normal -0.000000 1.000000 -0.000000
    outer loop
      vertex 0.594230 1.020000 -0.651747
      vertex 0.595000 1.020000 -0.640000
      vertex 0.805000 1.020000 -1.300000
    endloop
  endfacet
  facet normal 0.000000 1.000000 0.000000
    outer loop
      vertex 0.805000 -1.020000 -1.300000
      vertex 0.591933 -1.020000 -0.663294
      vertex 0.594230 -1.020000 -0.651747
    endloop
  endfacet
  facet normal -0.000000 -1.000000 -0.000000
    outer loop
      vertex 0.594230 -1.020000 -0.651747
      vertex 0.591933 -1.020000 -0.663294
      vertex 0.805000 -1.020000 -1.300000
    endloop
  endfacet
  facet normal 0.000000 -1.000000 0.000000
    outer loop
      vertex 0.805000 1.020000 -1.300000
      vertex 0.594230 1.020000 -0.651747
      vertex 0.591933 1.020000 -0.663294
    endloop
  endfacet
  facet normal -0.000000 1.000000 -0.000000
    outer loop
      vertex 0.591933 1.020000 -0.663294
      vertex 0.594230 1.020000 -0.651747
      vertex 0.805000 1.020000 -1.300000
    endloop
  endfacet
  facet normal 0.000000 1.000000 0.000000
    outer loop
      vertex 0.805000 -1.020000 -1.300000
      vertex 0.588149 -1.020000 -0.674442
      vertex 0.591933 -1.020000 -0.663294
    endloop
  endfacet
  facet normal -0.000000 -1.000000 -0.000000
    outer loop
      vertex 0.591933 -1.020000 -0.663294
      vertex 0.588149 -1.020000 -0.674442
      vertex 0.805000 -1.020000 -1.300000
    endloop
  endfacet
  facet normal 0.000000 -1.000000 0.000000
    outer loop
      vertex 0.805000 1.020000 -1.300000
      vertex 0.591933 1.020000 -0.663294
      vertex 0.588149 1.020000 -0.674442
    endloop
  endfacet
  facet normal -0.000000 1.000000 -0.000000
    outer loop
      vertex 0.588149 1.020000 -0.674442
      vertex 0.591933 1.020000 -0.663294
      vertex 0.805000 1.020000 -1.300000
    endloop
  endfacet
  facet normal 0.000000 1.000000 0.000000
    outer loop
      vertex 0.805000 -1.020000 -1.300000
      vertex 0.582942 -1.020000 -0.685000
      vertex 0.588149 -1.020000 -0.674442
    endloop
  endfacet
  facet normal -0.000000 -1.000000 -0.000000
    outer loop
      vertex 0.588149 -1.020000 -0.674442
      vertex 0.582942 -1.020000 -0.685000
      vertex 0.805000 -1.020000 -1.300000
    endloop
  endfacet
  facet normal 0.000000 -1.000000 0.000000
    outer loop
      vertex 0.805000 1.020000 -1.300000
      vertex 0.588149 1.020000 -0.674442
      vertex 0.582942 1.020000 -0.685000
    endloop
  endfacet
  facet normal -0.000000 1.000000 -0.000000
    outer loop
      vertex 0.582942 1.020000 -0.685000
      vertex 0.588149 1.020000 -0.674442
      vertex 0.805000 1.020000 -1.300000
    endloop
  endfacet
  facet normal 0.000000 1.000000 0.000000
    outer loop
      vertex 0.805000 -1.020000 -1.300000
      vertex 0.576402 -1.020000 -0.694789
      vertex 0.582942 -1.020000 -0.685000
    endloop
  endfacet
  facet normal -0.000000 -1.000000 -0.000000
    outer loop
      vertex 0.582942 -1.020000 -0.685000
      vertex 0.576402 -1.020000 -0.694789
      vertex 0.805000 -1.020000 -1.300000
    endloop
  endfacet
  facet normal 0.000000 -1.000000 0.000000
    outer loop
      vertex 0.805000 1.020000 -1.300000
      vertex 0.582942 1.020000 -0.685000
      vertex 0.576402 1.020000 -0.694789
    endloop
  endfacet
  facet normal -0.000000 1.000000 -0.000000
    outer loop
      vertex 0.576402 1.020000 -0.694789
      vertex 0.582942 1.020000 -0.685000
      vertex 0.805000 1.020000 -1.300000
    endloop
  endfacet
  facet normal 0.000000 1.000000 0.000000
    outer loop
      vertex 0.805000 -1.020000 -1.300000
      vertex 0.568640 -1.020000 -0.703640
      vertex 0.576402 -1.020000 -0.694789
    endloop
  endfacet
  facet normal -0.000000 -1.000000 -0.000000
    outer loop
      vertex 0.576402 -1.020000 -0.694789
      vertex 0.568640 -1.020000 -0.703640
      vertex 0.805000 -1.020000 -1.300000
    endloop
  endfacet
  facet normal 0.000000 -1.000000 0.000000
    outer loop
      vertex 0.805000 1.020000 -1.300000
      vertex 0.576402 1.020000 -0.694789
      vertex 0.568640 1.020000 -0.703640
    endloop
  endfacet
  facet normal -0.000000 1.000000 -0.000000
    outer loop
      vertex 0.568640 1.020000 -0.703640
      vertex 0.576402 1.020000 -0.694789
      vertex 0.805000 1.020000 -1.300000
    endloop
  endfacet
  facet normal 0.000000 1.000000 0.000000
    outer loop
      vertex 0.805000 -1.020000 -1.300000
      vertex 0.559789 -1.020000 -0.711402
      vertex 0.568640 -1.020000 -0.703640
    endloop
  endfacet
  facet normal -0.000000 -1.000000 -0.000000
    outer loop
      vertex 0.568640 -1.020000 -0.703640
      vertex 0.559789 -1.020000 -0.711402
      vertex 0.805000 -1.020000 -1.300000
    endloop
  endfacet
  facet normal 0.000000 -1.000000 0.000000
    outer loop
      vertex 0.805000 1.020000 -1.300000
      vertex 0.568640 1.020000 -0.703640
      vertex 0.559789 1.020000 -0.711402
    endloop
  endfacet
  facet normal -0.000000 1.000000 -0.000000
    outer loop
      vertex 0.559789 1.020000 -0.711402
      vertex 0.568640 1.020000 -0.703640
      vertex 0.805000 1.020000 -1.300000
    endloop
  endfacet
  facet normal 0.000000 1.000000 0.000000
    outer loop
      vertex 0.805000 -1.020000 -1.300000
      vertex 0.550000 -1.020000 -0.717942
      vertex 0.559789 -1.020000 -0.711402
    endloop
  endfacet
  facet normal -0.000000 -1.000000 -0.000000
    outer loop
      vertex 0.559789 -1.020000 -0.711402
      vertex 0.550000 -1.020000 -0.717942
      vertex 0.805000 -1.020000 -1.300000
    endloop
  endfacet
  facet normal 0.000000 -1.000000 0.000000
    outer loop
      vertex 0.805000 1.020000 -1.300000
      vertex 0.559789 1.020000 -0.711402
      vertex 0.550000 1.020000 -0.717942
    endloop
  endfacet
  facet normal -0.000000 1.000000 -0.000000
    outer loop
      vertex 0.550000 1.020000 -0.717942
      vertex 0.559789 1.020000 -0.711402
      vertex 0.805000 1.020000 -1.300000
    endloop
  endfacet
  facet normal 0.000000 1.000000 0.000000
    outer loop
      vertex 0.805000 -1.020000 -1.300000
      vertex 0.539442 -1.020000 -0.723149
      vertex 0.550000 -1.020000 -0.717942
    endloop
  endfacet
  facet normal -0.000000 -1.000000 -0.000000
    outer loop
      vertex 0.550000 -1.020000 -0.717942
      vertex 0.539442 -1.020000 -0.723149
      vertex 0.805000 -1.020000 -1.300000
    endloop
  endfacet
  facet normal 0.000000 -1.000000 0.000000
    outer loop
      vertex 0.805000 1.020000 -1.300000
      vertex 0.550000 1.020000 -0.717942
      vertex 0.539442 1.020000 -0.723149
    endloop
  endfacet
  facet normal -0.000000 1.000000 -0.000000
    outer loop
      vertex 0.539442 1.020000 -0.723149
      vertex 0.550000 1.020000 -0.717942
      vertex 0.805000 1.020000 -1.300000
    endloop
  endfacet
  facet normal 0.000000 1.000000 0.000000
    outer loop
      vertex 0.805000 -1.020000 -1.300000
      vertex 0.375000 -1.020000 -0.900000
      vertex 0.539442 -1.020000 -0.723149
    endloop
  endfacet
  facet normal -0.000000 -1.000000 -0.000000
    outer loop
      vertex 0.539442 -1.020000 -0.723149
      vertex 0.375000 -1.020000 -0.900000
      vertex 0.805000 -1.020000 -1.300000
    endloop
  endfacet
  facet normal 0.000000 -1.000000 0.000000
    outer loop
      vertex 0.805000 1.020000 -1.300000
      vertex 0.539442 1.020000 -0.723149
      vertex 0.375000 1.020000 -0.900000
    endloop
  endfacet
  facet normal -0.000000 1.000000 -0.000000
    outer loop
      vertex 0.375000 1.020000 -0.900000
      vertex 0.539442 1.020000 -0.723149
      vertex 0.805000 1.020000 -1.300000
    endloop
  endfacet
  facet normal 0.000000 1.000000 0.000000
    outer loop
      vertex 0.375000 -1.020000 -0.900000
      vertex 0.528294 -1.020000 -0.726933
      vertex 0.539442 -1.020000 -0.723149
    endloop
  endfacet
  facet normal -0.000000 -1.000000 -0.000000
    outer loop
      vertex 0.539442 -1.020000 -0.723149
      vertex 0.528294 -1.020000 -0.726933
      vertex 0.375000 -1.020000 -0.900000
    endloop
  endfacet
  facet normal 0.000000 -1.000000 0.000000
    outer loop
      vertex 0.375000 1.020000 -0.900000
      vertex 0.539442 1.020000 -0.723149
      vertex 0.528294 1.020000 -0.726933
    endloop
  endfacet
  facet normal -0.000000 1.000000 -0.000000
    outer loop
      vertex 0.528294 1.020000 -0.726933
      vertex 0.539442 1.020000 -0.723149
      vertex 0.375000 1.020000 -0.900000
    endloop
  endfacet
  facet normal 0.000000 1.000000 0.000000
    outer loop
      vertex 0.375000 -1.020000 -0.900000
      vertex 0.516747 -1.020000 -0.729230
      vertex 0.528294 -1.020000 -0.726933
    endloop
  endfacet
  facet normal -0.000000 -1.000000 -0.000000
    outer loop
      vertex 0.528294 -1.020000 -0.726933
      vertex 0.516747 -1.020000 -0.729230
      vertex 0.375000 -1.020000 -0.900000
    endloop
  endfacet
  facet normal 0.000000 -1.000000 0.000000
    outer loop
      vertex 0.375000 1.020000 -0.900000
      vertex 0.528294 1.020000 -0.726933
      vertex 0.516747 1.020000 -0.729230
    endloop
  endfacet
  facet normal -0.000000 1.000000 -0.000000
    outer loop
      vertex 0.516747 1.020000 -0.729230
      vertex 0.528294 1.020000 -0.726933
      vertex 0.375000 1.020000 -0.900000
    endloop
  endfacet
  facet normal 0.000000 1.000000 0.000000
    outer loop
      vertex 0.375000 -1.020000 -0.900000
      vertex 0.505000 -1.020000 -0.730000
      vertex 0.516747 -1.020000 -0.729230
    endloop
  endfacet
  facet normal -0.000000 -1.000000 -0.000000
    outer loop
      vertex 0.516747 -1.020000 -0.729230
      vertex 0.505000 -1.020000 -0.730000
      vertex 0.375000 -1.020000 -0.900000
    endloop
  endfacet
  facet normal 0.000000 -1.000000 0.000000
    outer loop
      vertex 0.375000 1.020000 -0.900000
      vertex 0.516747 1.020000 -0.729230
      vertex 0.505000 1.020000 -0.730000
    endloop
  endfacet
  facet normal -0.000000 1.000000 -0.000000
    outer loop
      vertex 0.505000 1.020000 -0.730000
      vertex 0.516747 1.020000 -0.729230
      vertex 0.375000 1.020000 -0.900000
    endloop
  endfacet
  facet normal 0.000000 1.000000 0.000000
    outer loop
      vertex 0.375000 -1.020000 -0.900000
      vertex 0.493253 -1.020000 -0.729230
      vertex 0.505000 -1.020000 -0.730000
    endloop
  endfacet
  facet normal -0.000000 -1.000000 -0.000000
    outer loop
      vertex 0.505000 -1.020000 -0.730000
      vertex 0.493253 -1.020000 -0.729230
      vertex 0.375000 -1.020000 -0.900000
    endloop
  endfacet
  facet normal 0.000000 -1.000000 0.000000
    outer loop
      vertex 0.375000 1.020000 -0.900000
      vertex 0.505000 1.020000 -0.730000
      vertex 0.493253 1.020000 -0.729230
    endloop
  endfacet
  facet normal -0.000000 1.000000 -0.000000
    outer loop
      vertex 0.493253 1.020000 -0.729230
      vertex 0.505000 1.020000 -0.730000
      vertex 0.375000 1.020000 -0.900000
    endloop
  endfacet
  facet normal 0.000000 1.000000 0.000000
    outer loop
      vertex 0.375000 -1.020000 -0.900000
      vertex 0.481706 -1.020000 -0.726933
      vertex 0.493253 -1.020000 -0.729230
    endloop
  endfacet
  facet normal -0.000000 -1.000000 -0.000000
    outer loop
      vertex 0.493253 -1.020000 -0.729230
      vertex 0.481706 -1.020000 -0.726933
      vertex 0.375000 -1.020000 -0.900000
    endloop
  endfacet
  facet normal 0.000000 -1.000000 0.000000
    outer loop
      vertex 0.375000 1.020000 -0.900000
      vertex 0.493253 1.020000 -0.729230
      vertex 0.481706 1.020000 -0.726933
    endloop
  endfacet
  facet normal -0.000000 1.000000 -0.000000
    outer loop
      vertex 0.481706 1.020000 -0.726933
      vertex 0.493253 1.020000 -0.729230
      vertex 0.375000 1.020000 -0.900000
    endloop
  endfacet
  facet normal 0.000000 1.000000 0.000000
    outer loop
      vertex 0.375000 -1.020000 -0.900000
      vertex 0.470558 -1.020000 -0.723149
      vertex 0.481706 -1.020000 -0.726933
    endloop
  endfacet
  facet normal -0.000000 -1.000000 -0.000000
    outer loop
      vertex 0.481706 -1.020000 -0.726933
      vertex 0.470558 -1.020000 -0.723149
      vertex 0.375000 -1.020000 -0.900000
    endloop
  endfacet
  facet normal 0.000000 -1.000000 0.000000
    outer loop
      vertex 0.375000 1.020000 -0.900000
      vertex 0.481706 1.020000 -0.726933
      vertex 0.470558 1.020000 -0.723149
    endloop
  endfacet
  facet normal -0.000000 1.000000 -0.000000
    outer loop
      vertex 0.470558 1.020000 -0.723149
      vertex 0.481706 1.020000 -0.726933
      vertex 0.375000 1.020000 -0.900000
    endloop
  endfacet
  facet normal 0.000000 1.000000 0.000000
    outer loop
      vertex 0.375000 -1.020000 -0.900000
      vertex 0.460000 -1.020000 -0.717942
      vertex 0.470558 -1.020000 -0.723149
    endloop
  endfacet
  facet normal -0.000000 -1.000000 -0.000000
    outer loop
      vertex 0.470558 -1.020000 -0.723149
      vertex 0.460000 -1.020000 -0.717942
      vertex 0.375000 -1.020000 -0.900000
    endloop
  endfacet
  facet normal 0.000000 -1.000000 0.000000
    outer loop
      vertex 0.375000 1.020000 -0.900000
      vertex 0.470558 1.020000 -0.723149
      vertex 0.460000 1.020000 -0.717942
    endloop
  endfacet
  facet normal -0.000000 1.000000 -0.000000
    outer loop
      vertex 0.460000 1.020000 -0.717942
      vertex 0.470558 1.020000 -0.723149
      vertex 0.375000 1.020000 -0.900000
    endloop
  endfacet
  facet normal 0.000000 1.000000 0.000000
    outer loop
      vertex 0.375000 -1.020000 -0.900000
      vertex 0.450211 -1.020000 -0.711402
      vertex 0.460000 -1.020000 -0.717942
    endloop
  endfacet
  facet normal -0.000000 -1.000000 -0.000000
    outer loop
      vertex 0.460000 -1.020000 -0.717942
      vertex 0.450211 -1.020000 -0.711402
      vertex 0.375000 -1.020000 -0.900000
    endloop
  endfacet
  facet normal 0.000000 -1.000000 0.000000
    outer loop
      vertex 0.375000 1.020000 -0.900000
      vertex 0.460000 1.020000 -0.717942
      vertex 0.450211 1.020000 -0.711402
    endloop
  endfacet
  facet normal -0.000000 1.000000 -0.000000
    outer loop
      vertex 0.450211 1.020000 -0.711402
      vertex 0.460000 1.020000 -0.717942
      vertex 0.375000 1.020000 -0.900000
    endloop
  endfacet
  facet normal 0.000000 1.000000 0.000000
    outer loop
      vertex 0.375000 -1.020000 -0.900000
      vertex 0.441360 -1.020000 -0.703640
      vertex 0.450211 -1.020000 -0.711402
    endloop
  endfacet
  facet normal -0.000000 -1.000000 -0.000000
    outer loop
      vertex 0.450211 -1.020000 -0.711402
      vertex 0.441360 -1.020000 -0.703640
      vertex 0.375000 -1.020000 -0.900000
    endloop
  endfacet
  facet normal 0.000000 -1.000000 0.000000
    outer loop
      vertex 0.375000 1.020000 -0.900000
      vertex 0.450211 1.020000 -0.711402
      vertex 0.441360 1.020000 -0.703640
    endloop
  endfacet
  facet normal -0.000000 1.000000 -0.000000
    outer loop
      vertex 0.441360 1.020000 -0.703640
      vertex 0.450211 1.020000 -0.711402
      vertex 0.375000 1.020000 -0.900000
    endloop
  endfacet
  facet normal 0.000000 1.000000 0.000000
    outer loop
      vertex 0.375000 -1.020000 -0.900000
      vertex 0.433598 -1.020000 -0.694789
      vertex 0.441360 -1.020000 -0.703640
    endloop
  endfacet
  facet normal -0.000000 -1.000000 -0.000000
    outer loop
      vertex 0.441360 -1.020000 -0.703640
      vertex 0.433598 -1.020000 -0.694789
      vertex 0.375000 -1.020000 -0.900000
    endloop
  endfacet
  facet normal 0.000000 -1.000000 0.000000
    outer loop
      vertex 0.375000 1.020000 -0.900000
      vertex 0.441360 1.020000 -0.703640
      vertex 0.433598 1.020000 -0.694789
    endloop
  endfacet
  facet normal -0.000000 1.000000 -0.000000
    outer loop
      vertex 0.433598 1.020000 -0.694789
      vertex 0.441360 1.020000 -0.703640
      vertex 0.375000 1.020000 -0.900000
    endloop
  endfacet
  facet normal 0.000000 1.000000 0.000000
    outer loop
      vertex 0.375000 -1.020000 -0.900000
      vertex 0.427058 -1.020000 -0.685000
      vertex 0.433598 -1.020000 -0.694789
    endloop
  endfacet
  facet normal -0.000000 -1.000000 -0.000000
    outer loop
      vertex 0.433598 -1.020000 -0.694789
      vertex 0.427058 -1.020000 -0.685000
      vertex 0.375000 -1.020000 -0.900000
    endloop
  endfacet
  facet normal 0.000000 -1.000000 0.000000
    outer loop
      vertex 0.375000 1.020000 -0.900000
      vertex 0.433598 1.020000 -0.694789
      vertex 0.427058 1.020000 -0.685000
    endloop
  endfacet
  facet normal -0.000000 1.000000 -0.000000
    outer loop
      vertex 0.427058 1.020000 -0.685000
      vertex 0.433598 1.020000 -0.694789
      vertex 0.375000 1.020000 -0.900000
    endloop
  endfacet
  facet normal 0.000000 1.000000 0.000000
    outer loop
      vertex 0.375000 -1.020000 -0.900000
      vertex 0.421851 -1.020000 -0.674442
      vertex 0.427058 -1.020000 -0.685000
    endloop
  endfacet
  facet normal -0.000000 -1.000000 -0.000000
    outer loop
      vertex 0.427058 -1.020000 -0.685000
      vertex 0.421851 -1.020000 -0.674442
      vertex 0.375000 -1.020000 -0.900000
    endloop
  endfacet
  facet normal 0.000000 -1.000000 0.000000
    outer loop
      vertex 0.375000 1.020000 -0.900000
      vertex 0.427058 1.020000 -0.685000
      vertex 0.421851 1.020000 -0.674442
    endloop
  endfacet
  facet normal -0.000000 1.000000 -0.000000
    outer loop
      vertex 0.421851 1.020000 -0.674442
      vertex 0.427058 1.020000 -0.685000
      vertex 0.375000 1.020000 -0.900000
    endloop
  endfacet
  facet normal 0.000000 1.000000 0.000000
    outer loop
      vertex 0.460000 -1.020000 -0.562058
      vertex 0.597711 -1.020000 0.690544
      vertex 0.470558 -1.020000 -0.556851
    endloop
  endfacet
  facet normal -0.000000 -1.000000 -0.000000
    outer loop
      vertex 0.470558 -1.020000 -0.556851
      vertex 0.597711 -1.020000 0.690544
      vertex 0.460000 -1.020000 -0.562058
    endloop
  endfacet
  facet normal 0.000000 -1.000000 0.000000
    outer loop
      vertex 0.460000 1.020000 -0.562058
      vertex 0.470558 1.020000 -0.556851
      vertex 0.597711 1.020000 0.690544
    endloop
  endfacet
  facet normal -0.000000 1.000000 -0.000000
    outer loop
      vertex 0.597711 1.020000 0.690544
      vertex 0.470558 1.020000 -0.556851
      vertex 0.460000 1.020000 -0.562058
    endloop
  endfacet
  facet normal 0.000000 1.000000 0.000000
    outer loop
      vertex 0.460000 -1.020000 -0.562058
      vertex 0.586005 -1.020000 0.701005
      vertex 0.597711 -1.020000 0.690544
    endloop
  endfacet
  facet normal -0.000000 -1.000000 -0.000000
    outer loop
      vertex 0.597711 -1.020000 0.690544
      vertex 0.586005 -1.020000 0.701005
      vertex 0.460000 -1.020000 -0.562058
    endloop
  endfacet
  facet normal 0.000000 -1.000000 0.000000
    outer loop
      vertex 0.460000 1.020000 -0.562058
      vertex 0.597711 1.020000 0.690544
      vertex 0.586005 1.020000 0.701005
    endloop
  endfacet
  facet normal -0.000000 1.000000 -0.000000
    outer loop
      vertex 0.586005 1.020000 0.701005
      vertex 0.597711 1.020000 0.690544
      vertex 0.460000 1.020000 -0.562058
    endloop
  endfacet
  facet normal 0.000000 1.000000 0.000000
    outer loop
      vertex 0.597711 -1.020000 0.690544
      vertex 0.610516 -1.020000 0.681459
      vertex 0.470558 -1.020000 -0.556851
    endloop
  endfacet
  facet normal -0.000000 -1.000000 -0.000000
    outer loop
      vertex 0.470558 -1.020000 -0.556851
      vertex 0.610516 -1.020000 0.681459
      vertex 0.597711 -1.020000 0.690544
    endloop
  endfacet
  facet normal 0.000000 -1.000000 -0.000000
    outer loop
      vertex 0.597711 1.020000 0.690544
      vertex 0.470558 1.020000 -0.556851
      vertex 0.610516 1.020000 0.681459
    endloop
  endfacet
  facet normal -0.000000 1.000000 0.000000
    outer loop
      vertex 0.610516 1.020000 0.681459
      vertex 0.470558 1.020000 -0.556851
      vertex 0.597711 1.020000 0.690544
    endloop
  endfacet
  facet normal 0.000000 1.000000 0.000000
    outer loop
      vertex 0.610516 -1.020000 0.681459
      vertex 0.481706 -1.020000 -0.553067
      vertex 0.470558 -1.020000 -0.556851
    endloop
  endfacet
  facet normal -0.000000 -1.000000 -0.000000
    outer loop
      vertex 0.470558 -1.020000 -0.556851
      vertex 0.481706 -1.020000 -0.553067
      vertex 0.610516 -1.020000 0.681459
    endloop
  endfacet
  facet normal 0.000000 -1.000000 0.000000
    outer loop
      vertex 0.610516 1.020000 0.681459
      vertex 0.470558 1.020000 -0.556851
      vertex 0.481706 1.020000 -0.553067
    endloop
  endfacet
  facet normal -0.000000 1.000000 -0.000000
    outer loop
      vertex 0.481706 1.020000 -0.553067
      vertex 0.470558 1.020000 -0.556851
      vertex 0.610516 1.020000 0.681459
    endloop
  endfacet
  facet normal 0.000000 1.000000 0.000000
    outer loop
      vertex 0.610516 -1.020000 0.681459
      vertex 0.624256 -1.020000 0.673864
      vertex 0.481706 -1.020000 -0.553067
    endloop
  endfacet
  facet normal -0.000000 -1.000000 -0.000000
    outer loop
      vertex 0.481706 -1.020000 -0.553067
      vertex 0.624256 -1.020000 0.673864
      vertex 0.610516 -1.020000 0.681459
    endloop
  endfacet
  facet normal 0.000000 -1.000000 -0.000000
    outer loop
      vertex 0.610516 1.020000 0.681459
      vertex 0.481706 1.020000 -0.553067
      vertex 0.624256 1.020000 0.673864
    endloop
  endfacet
  facet normal -0.000000 1.000000 0.000000
    outer loop
      vertex 0.624256 1.020000 0.673864
      vertex 0.481706 1.020000 -0.553067
      vertex 0.610516 1.020000 0.681459
    endloop
  endfacet
  facet normal 0.000000 1.000000 0.000000
    outer loop
      vertex 0.624256 -1.020000 0.673864
      vertex 0.493253 -1.020000 -0.550770
      vertex 0.481706 -1.020000 -0.553067
    endloop
  endfacet
  facet normal -0.000000 -1.000000 -0.000000
    outer loop
      vertex 0.481706 -1.020000 -0.553067
      vertex 0.493253 -1.020000 -0.550770
      vertex 0.624256 -1.020000 0.673864
    endloop
  endfacet
  facet normal 0.000000 -1.000000 0.000000
    outer loop
      vertex 0.624256 1.020000 0.673864
      vertex 0.481706 1.020000 -0.553067
      vertex 0.493253 1.020000 -0.550770
    endloop
  endfacet
  facet normal -0.000000 1.000000 -0.000000
    outer loop
      vertex 0.493253 1.020000 -0.550770
      vertex 0.481706 1.020000 -0.553067
      vertex 0.624256 1.020000 0.673864
    endloop
  endfacet
  facet normal 0.000000 1.000000 0.000000
    outer loop
      vertex 0.624256 -1.020000 0.673864
      vertex 0.638761 -1.020000 0.667856
      vertex 0.493253 -1.020000 -0.550770
    endloop
  endfacet
  facet normal -0.000000 -1.000000 -0.000000
    outer loop
      vertex 0.493253 -1.020000 -0.550770
      vertex 0.638761 -1.020000 0.667856
      vertex 0.624256 -1.020000 0.673864
    endloop
  endfacet
  facet normal 0.000000 -1.000000 -0.000000
    outer loop
      vertex 0.624256 1.020000 0.673864
      vertex 0.493253 1.020000 -0.550770
      vertex 0.638761 1.020000 0.667856
    endloop
  endfacet
  facet normal -0.000000 1.000000 0.000000
    outer loop
      vertex 0.638761 1.020000 0.667856
      vertex 0.493253 1.020000 -0.550770
      vertex 0.624256 1.020000 0.673864
    endloop
  endfacet
  facet normal 0.000000 1.000000 0.000000
    outer loop
      vertex 0.638761 -1.020000 0.667856
      vertex 0.505000 -1.020000 -0.550000
      vertex 0.493253 -1.020000 -0.550770
    endloop
  endfacet
  facet normal -0.000000 -1.000000 -0.000000
    outer loop
      vertex 0.493253 -1.020000 -0.550770
      vertex 0.505000 -1.020000 -0.550000
      vertex 0.638761 -1.020000 0.667856
    endloop
  endfacet
  facet normal 0.000000 -1.000000 0.000000
    outer loop
      vertex 0.638761 1.020000 0.667856
      vertex 0.493253 1.020000 -0.550770
      vertex 0.505000 1.020000 -0.550000
    endloop
  endfacet
  facet normal -0.000000 1.000000 -0.000000
    outer loop
      vertex 0.505000 1.020000 -0.550000
      vertex 0.493253 1.020000 -0.550770
      vertex 0.638761 1.020000 0.667856
    endloop
  endfacet
  facet normal 0.000000 1.000000 0.000000
    outer loop
      vertex 0.638761 -1.020000 0.667856
      vertex 0.653847 -1.020000 0.663510
      vertex 0.505000 -1.020000 -0.550000
    endloop
  endfacet
  facet normal -0.000000 -1.000000 -0.000000
    outer loop
      vertex 0.505000 -1.020000 -0.550000
      vertex 0.653847 -1.020000 0.663510
      vertex 0.638761 -1.020000 0.667856
    endloop
  endfacet
  facet normal 0.000000 -1.000000 -0.000000
    outer loop
      vertex 0.638761 1.020000 0.667856
      vertex 0.505000 1.020000 -0.550000
      vertex 0.653847 1.020000 0.663510
    endloop
  endfacet
  facet normal -0.000000 1.000000 0.000000
    outer loop
      vertex 0.653847 1.020000 0.663510
      vertex 0.505000 1.020000 -0.550000
      vertex 0.638761 1.020000 0.667856
    endloop
  endfacet
  facet normal 0.000000 1.000000 0.000000
    outer loop
      vertex 0.653847 -1.020000 0.663510
      vertex 0.516747 -1.020000 -0.550770
      vertex 0.505000 -1.020000 -0.550000
    endloop
  endfacet
  facet normal -0.000000 -1.000000 -0.000000
    outer loop
      vertex 0.505000 -1.020000 -0.550000
      vertex 0.516747 -1.020000 -0.550770
      vertex 0.653847 -1.020000 0.663510
    endloop
  endfacet
  facet normal 0.000000 -1.000000 0.000000
    outer loop
      vertex 0.653847 1.020000 0.663510
      vertex 0.505000 1.020000 -0.550000
      vertex 0.516747 1.020000 -0.550770
    endloop
  endfacet
  facet normal -0.000000 1.000000 -0.000000
    outer loop
      vertex 0.516747 1.020000 -0.550770
      vertex 0.505000 1.020000 -0.550000
      vertex 0.653847 1.020000 0.663510
    endloop
  endfacet
  facet normal 0.000000 1.000000 0.000000
    outer loop
      vertex 0.653847 -1.020000 0.663510
      vertex 0.669325 -1.020000 0.660880
      vertex 0.516747 -1.020000 -0.550770
    endloop
  endfacet
  facet normal -0.000000 -1.000000 -0.000000
    outer loop
      vertex 0.516747 -1.020000 -0.550770
      vertex 0.669325 -1.020000 0.660880
      vertex 0.653847 -1.020000 0.663510
    endloop
  endfacet
  facet normal 0.000000 -1.000000 -0.000000
    outer loop
      vertex 0.653847 1.020000 0.663510
      vertex 0.516747 1.020000 -0.550770
      vertex 0.669325 1.020000 0.660880
    endloop
  endfacet
  facet normal -0.000000 1.000000 0.000000
    outer loop
      vertex 0.669325 1.020000 0.660880
      vertex 0.516747 1.020000 -0.550770
      vertex 0.653847 1.020000 0.663510
    endloop
  endfacet
  facet normal 0.000000 1.000000 0.000000
    outer loop
      vertex 0.669325 -1.020000 0.660880
      vertex 0.528294 -1.020000 -0.553067
      vertex 0.516747 -1.020000 -0.550770
    endloop
  endfacet
  facet normal -0.000000 -1.000000 -0.000000
    outer loop
      vertex 0.516747 -1.020000 -0.550770
      vertex 0.528294 -1.020000 -0.553067
      vertex 0.669325 -1.020000 0.660880
    endloop
  endfacet
  facet normal 0.000000 -1.000000 0.000000
    outer loop
      vertex 0.669325 1.020000 0.660880
      vertex 0.516747 1.020000 -0.550770
      vertex 0.528294 1.020000 -0.553067
    endloop
  endfacet
  facet normal -0.000000 1.000000 -0.000000
    outer loop
      vertex 0.528294 1.020000 -0.553067
      vertex 0.516747 1.020000 -0.550770
      vertex 0.669325 1.020000 0.660880
    endloop
  endfacet
  facet normal 0.000000 1.000000 0.000000
    outer loop
      vertex 0.669325 -1.020000 0.660880
      vertex 0.685000 -1.020000 0.660000
      vertex 0.528294 -1.020000 -0.553067
    endloop
  endfacet
  facet normal -0.000000 -1.000000 -0.000000
    outer loop
      vertex 0.528294 -1.020000 -0.553067
      vertex 0.685000 -1.020000 0.660000
      vertex 0.669325 -1.020000 0.660880
    endloop
  endfacet
  facet normal 0.000000 -1.000000 -0.000000
    outer loop
      vertex 0.669325 1.020000 0.660880
      vertex 0.528294 1.020000 -0.553067
      vertex 0.685000 1.020000 0.660000
    endloop
  endfacet
  facet normal -0.000000 1.000000 0.000000
    outer loop
      vertex 0.685000 1.020000 0.660000
      vertex 0.528294 1.020000 -0.553067
      vertex 0.669325 1.020000 0.660880
    endloop
  endfacet
  facet normal -0.000000 1.000000 0.000000
    outer loop
      vertex 0.685000 -1.020000 0.660000
      vertex 0.700675 -1.020000 0.660880
      vertex 0.528294 -1.020000 -0.553067
    endloop
  endfacet
  facet normal 0.000000 -1.000000 -0.000000
    outer loop
      vertex 0.528294 -1.020000 -0.553067
      vertex 0.700675 -1.020000 0.660880
      vertex 0.685000 -1.020000 0.660000
    endloop
  endfacet
  facet normal 0.000000 -1.000000 -0.000000
    outer loop
      vertex 0.685000 1.020000 0.660000
      vertex 0.528294 1.020000 -0.553067
      vertex 0.700675 1.020000 0.660880
    endloop
  endfacet
  facet normal -0.000000 1.000000 0.000000
    outer loop
      vertex 0.700675 1.020000 0.660880
      vertex 0.528294 1.020000 -0.553067
      vertex 0.685000 1.020000 0.660000
    endloop
  endfacet
  facet normal 0.000000 1.000000 0.000000
    outer loop
      vertex 0.700675 -1.020000 0.660880
      vertex 0.539442 -1.020000 -0.556851
      vertex 0.528294 -1.020000 -0.553067
    endloop
  endfacet
  facet normal -0.000000 -1.000000 -0.000000
    outer loop
      vertex 0.528294 -1.020000 -0.553067
      vertex 0.539442 -1.020000 -0.556851
      vertex 0.700675 -1.020000 0.660880
    endloop
  endfacet
  facet normal 0.000000 -1.000000 0.000000
    outer loop
      vertex 0.700675 1.020000 0.660880
      vertex 0.528294 1.020000 -0.553067
      vertex 0.539442 1.020000 -0.556851
    endloop
  endfacet
  facet normal -0.000000 1.000000 -0.000000
    outer loop
      vertex 0.539442 1.020000 -0.556851
      vertex 0.528294 1.020000 -0.553067
      vertex 0.700675 1.020000 0.660880
    endloop
  endfacet
  facet normal -0.000000 1.000000 0.000000
    outer loop
      vertex 0.700675 -1.020000 0.660880
      vertex 0.716153 -1.020000 0.663510
      vertex 0.539442 -1.020000 -0.556851
    endloop
  endfacet
  facet normal 0.000000 -1.000000 -0.000000
    outer loop
      vertex 0.539442 -1.020000 -0.556851
      vertex 0.716153 -1.020000 0.663510
      vertex 0.700675 -1.020000 0.660880
    endloop
  endfacet
  facet normal 0.000000 -1.000000 -0.000000
    outer loop
      vertex 0.700675 1.020000 0.660880
      vertex 0.539442 1.020000 -0.556851
      vertex 0.716153 1.020000 0.663510
    endloop
  endfacet
  facet normal -0.000000 1.000000 0.000000
    outer loop
      vertex 0.716153 1.020000 0.663510
      vertex 0.539442 1.020000 -0.556851
      vertex 0.700675 1.020000 0.660880
    endloop
  endfacet
  facet normal 0.000000 1.000000 0.000000
    outer loop
      vertex 0.716153 -1.020000 0.663510
      vertex 0.550000 -1.020000 -0.562058
      vertex 0.539442 -1.020000 -0.556851
    endloop
  endfacet
  facet normal -0.000000 -1.000000 -0.000000
    outer loop
      vertex 0.539442 -1.020000 -0.556851
      vertex 0.550000 -1.020000 -0.562058
      vertex 0.716153 -1.020000 0.663510
    endloop
  endfacet
  facet normal 0.000000 -1.000000 0.000000
    outer loop
      vertex 0.716153 1.020000 0.663510
      vertex 0.539442 1.020000 -0.556851
      vertex 0.550000 1.020000 -0.562058
    endloop
  endfacet
  facet normal -0.000000 1.000000 -0.000000
    outer loop
      vertex 0.550000 1.020000 -0.562058
      vertex 0.539442 1.020000 -0.556851
      vertex 0.716153 1.020000 0.663510
    endloop
  endfacet
  facet normal -0.000000 1.000000 0.000000
    outer loop
      vertex 0.716153 -1.020000 0.663510
      vertex 0.731239 -1.020000 0.667856
      vertex 0.550000 -1.020000 -0.562058
    endloop
  endfacet
  facet normal 0.000000 -1.000000 -0.000000
    outer loop
      vertex 0.550000 -1.020000 -0.562058
      vertex 0.731239 -1.020000 0.667856
      vertex 0.716153 -1.020000 0.663510
    endloop
  endfacet
  facet normal 0.000000 -1.000000 -0.000000
    outer loop
      vertex 0.716153 1.020000 0.663510
      vertex 0.550000 1.020000 -0.562058
      vertex 0.731239 1.020000 0.667856
    endloop
  endfacet
  facet normal -0.000000 1.000000 0.000000
    outer loop
      vertex 0.731239 1.020000 0.667856
      vertex 0.550000 1.020000 -0.562058
      vertex 0.716153 1.020000 0.663510
    endloop
  endfacet
  facet normal 0.000000 1.000000 0.000000
    outer loop
      vertex 0.731239 -1.020000 0.667856
      vertex 0.559789 -1.020000 -0.568598
      vertex 0.550000 -1.020000 -0.562058
    endloop
  endfacet
  facet normal -0.000000 -1.000000 -0.000000
    outer loop
      vertex 0.550000 -1.020000 -0.562058
      vertex 0.559789 -1.020000 -0.568598
      vertex 0.731239 -1.020000 0.667856
    endloop
  endfacet
  facet normal 0.000000 -1.000000 0.000000
    outer loop
      vertex 0.731239 1.020000 0.667856
      vertex 0.550000 1.020000 -0.562058
      vertex 0.559789 1.020000 -0.568598
    endloop
  endfacet
  facet normal -0.000000 1.000000 -0.000000
    outer loop
      vertex 0.559789 1.020000 -0.568598
      vertex 0.550000 1.020000 -0.562058
      vertex 0.731239 1.020000 0.667856
    endloop
  endfacet
  facet normal -0.000000 1.000000 0.000000
    outer loop
      vertex 0.731239 -1.020000 0.667856
      vertex 0.745744 -1.020000 0.673864
      vertex 0.559789 -1.020000 -0.568598
    endloop
  endfacet
  facet normal 0.000000 -1.000000 -0.000000
    outer loop
      vertex 0.559789 -1.020000 -0.568598
      vertex 0.745744 -1.020000 0.673864
      vertex 0.731239 -1.020000 0.667856
    endloop
  endfacet
  facet normal 0.000000 -1.000000 -0.000000
    outer loop
      vertex 0.731239 1.020000 0.667856
      vertex 0.559789 1.020000 -0.568598
      vertex 0.745744 1.020000 0.673864
    endloop
  endfacet
  facet normal -0.000000 1.000000 0.000000
    outer loop
      vertex 0.745744 1.020000 0.673864
      vertex 0.559789 1.020000 -0.568598
      vertex 0.731239 1.020000 0.667856
    endloop
  endfacet
  facet normal 0.000000 1.000000 0.000000
    outer loop
      vertex 0.745744 -1.020000 0.673864
      vertex 0.568640 -1.020000 -0.576360
      vertex 0.559789 -1.020000 -0.568598
    endloop
  endfacet
  facet normal -0.000000 -1.000000 -0.000000
    outer loop
      vertex 0.559789 -1.020000 -0.568598
      vertex 0.568640 -1.020000 -0.576360
      vertex 0.745744 -1.020000 0.673864
    endloop
  endfacet
  facet normal 0.000000 -1.000000 0.000000
    outer loop
      vertex 0.745744 1.020000 0.673864
      vertex 0.559789 1.020000 -0.568598
      vertex 0.568640 1.020000 -0.576360
    endloop
  endfacet
  facet normal -0.000000 1.000000 -0.000000
    outer loop
      vertex 0.568640 1.020000 -0.576360
      vertex 0.559789 1.020000 -0.568598
      vertex 0.745744 1.020000 0.673864
    endloop
  endfacet
  facet normal -0.000000 1.000000 0.000000
    outer loop
      vertex 0.745744 -1.020000 0.673864
      vertex 0.759484 -1.020000 0.681459
      vertex 0.568640 -1.020000 -0.576360
    endloop
  endfacet
  facet normal 0.000000 -1.000000 -0.000000
    outer loop
      vertex 0.568640 -1.020000 -0.576360
      vertex 0.759484 -1.020000 0.681459
      vertex 0.745744 -1.020000 0.673864
    endloop
  endfacet
  facet normal 0.000000 -1.000000 -0.000000
    outer loop
      vertex 0.745744 1.020000 0.673864
      vertex 0.568640 1.020000 -0.576360
      vertex 0.759484 1.020000 0.681459
    endloop
  endfacet
  facet normal -0.000000 1.000000 0.000000
    outer loop
      vertex 0.759484 1.020000 0.681459
      vertex 0.568640 1.020000 -0.576360
      vertex 0.745744 1.020000 0.673864
    endloop
  endfacet
  facet normal 0.000000 1.000000 0.000000
    outer loop
      vertex 0.759484 -1.020000 0.681459
      vertex 0.576402 -1.020000 -0.585211
      vertex 0.568640 -1.020000 -0.576360
    endloop
  endfacet
  facet normal -0.000000 -1.000000 -0.000000
    outer loop
      vertex 0.568640 -1.020000 -0.576360
      vertex 0.576402 -1.020000 -0.585211
      vertex 0.759484 -1.020000 0.681459
    endloop
  endfacet
  facet normal 0.000000 -1.000000 0.000000
    outer loop
      vertex 0.759484 1.020000 0.681459
      vertex 0.568640 1.020000 -0.576360
      vertex 0.576402 1.020000 -0.585211
    endloop
  endfacet
  facet normal -0.000000 1.000000 -0.000000
    outer loop
      vertex 0.576402 1.020000 -0.585211
      vertex 0.568640 1.020000 -0.576360
      vertex 0.759484 1.020000 0.681459
    endloop
  endfacet
  facet normal -0.000000 1.000000 0.000000
    outer loop
      vertex 0.759484 -1.020000 0.681459
      vertex 0.772289 -1.020000 0.690544
      vertex 0.576402 -1.020000 -0.585211
    endloop
  endfacet
  facet normal 0.000000 -1.000000 -0.000000
    outer loop
      vertex 0.576402 -1.020000 -0.585211
      vertex 0.772289 -1.020000 0.690544
      vertex 0.759484 -1.020000 0.681459
    endloop
  endfacet
  facet normal 0.000000 -1.000000 -0.000000
    outer loop
      vertex 0.759484 1.020000 0.681459
      vertex 0.576402 1.020000 -0.585211
      vertex 0.772289 1.020000 0.690544
    endloop
  endfacet
  facet normal -0.000000 1.000000 0.000000
    outer loop
      vertex 0.772289 1.020000 0.690544
      vertex 0.576402 1.020000 -0.585211
      vertex 0.759484 1.020000 0.681459
    endloop
  endfacet
  facet normal 0.000000 1.000000 0.000000
    outer loop
      vertex 0.772289 -1.020000 0.690544
      vertex 0.582942 -1.020000 -0.595000
      vertex 0.576402 -1.020000 -0.585211
    endloop
  endfacet
  facet normal -0.000000 -1.000000 -0.000000
    outer loop
      vertex 0.576402 -1.020000 -0.585211
      vertex 0.582942 -1.020000 -0.595000
      vertex 0.772289 -1.020000 0.690544
    endloop
  endfacet
  facet normal 0.000000 -1.000000 0.000000
    outer loop
      vertex 0.772289 1.020000 0.690544
      vertex 0.576402 1.020000 -0.585211
      vertex 0.582942 1.020000 -0.595000
    endloop
  endfacet
  facet normal -0.000000 1.000000 -0.000000
    outer loop
      vertex 0.582942 1.020000 -0.595000
      vertex 0.576402 1.020000 -0.585211
      vertex 0.772289 1.020000 0.690544
    endloop
  endfacet
  facet normal -0.000000 1.000000 0.000000
    outer loop
      vertex 0.772289 -1.020000 0.690544
      vertex 0.783995 -1.020000 0.701005
      vertex 0.582942 -1.020000 -0.595000
    endloop
  endfacet
  facet normal 0.000000 -1.000000 -0.000000
    outer loop
      vertex 0.582942 -1.020000 -0.595000
      vertex 0.783995 -1.020000 0.701005
      vertex 0.772289 -1.020000 0.690544
    endloop
  endfacet
  facet normal 0.000000 -1.000000 -0.000000
    outer loop
      vertex 0.772289 1.020000 0.690544
      vertex 0.582942 1.020000 -0.595000
      vertex 0.783995 1.020000 0.701005
    endloop
  endfacet
  facet normal -0.000000 1.000000 0.000000
    outer loop
      vertex 0.783995 1.020000 0.701005
      vertex 0.582942 1.020000 -0.595000
      vertex 0.772289 1.020000 0.690544
    endloop
  endfacet
  facet normal 0.000000 1.000000 0.000000
    outer loop
      vertex 0.783995 -1.020000 0.701005
      vertex 0.588149 -1.020000 -0.605558
      vertex 0.582942 -1.020000 -0.595000
    endloop
  endfacet
  facet normal -0.000000 -1.000000 -0.000000
    outer loop
      vertex 0.582942 -1.020000 -0.595000
      vertex 0.588149 -1.020000 -0.605558
      vertex 0.783995 -1.020000 0.701005
    endloop
  endfacet
  facet normal 0.000000 -1.000000 0.000000
    outer loop
      vertex 0.783995 1.020000 0.701005
      vertex 0.582942 1.020000 -0.595000
      vertex 0.588149 1.020000 -0.605558
    endloop
  endfacet
  facet normal -0.000000 1.000000 -0.000000
    outer loop
      vertex 0.588149 1.020000 -0.605558
      vertex 0.582942 1.020000 -0.595000
      vertex 0.783995 1.020000 0.701005
    endloop
  endfacet
  facet normal -0.000000 1.000000 0.000000
    outer loop
      vertex 0.783995 -1.020000 0.701005
      vertex 0.794456 -1.020000 0.712711
      vertex 0.588149 -1.020000 -0.605558
    endloop
  endfacet
  facet normal 0.000000 -1.000000 -0.000000
    outer loop
      vertex 0.588149 -1.020000 -0.605558
      vertex 0.794456 -1.020000 0.712711
      vertex 0.783995 -1.020000 0.701005
    endloop
  endfacet
  facet normal 0.000000 -1.000000 -0.000000
    outer loop
      vertex 0.783995 1.020000 0.701005
      vertex 0.588149 1.020000 -0.605558
      vertex 0.794456 1.020000 0.712711
    endloop
  endfacet
  facet normal -0.000000 1.000000 0.000000
    outer loop
      vertex 0.794456 1.020000 0.712711
      vertex 0.588149 1.020000 -0.605558
      vertex 0.783995 1.020000 0.701005
    endloop
  endfacet
  facet normal 0.000000 1.000000 0.000000
    outer loop
      vertex 0.794456 -1.020000 0.712711
      vertex 0.591933 -1.020000 -0.616706
      vertex 0.588149 -1.020000 -0.605558
    endloop
  endfacet
  facet normal -0.000000 -1.000000 -0.000000
    outer loop
      vertex 0.588149 -1.020000 -0.605558
      vertex 0.591933 -1.020000 -0.616706
      vertex 0.794456 -1.020000 0.712711
    endloop
  endfacet
  facet normal 0.000000 -1.000000 0.000000
    outer loop
      vertex 0.794456 1.020000 0.712711
      vertex 0.588149 1.020000 -0.605558
      vertex 0.591933 1.020000 -0.616706
    endloop
  endfacet
  facet normal -0.000000 1.000000 -0.000000
    outer loop
      vertex 0.591933 1.020000 -0.616706
      vertex 0.588149 1.020000 -0.605558
      vertex 0.794456 1.020000 0.712711
    endloop
  endfacet
  facet normal -0.000000 1.000000 0.000000
    outer loop
      vertex 0.794456 -1.020000 0.712711
      vertex 0.803541 -1.020000 0.725516
      vertex 0.591933 -1.020000 -0.616706
    endloop
  endfacet
  facet normal 0.000000 -1.000000 -0.000000
    outer loop
      vertex 0.591933 -1.020000 -0.616706
      vertex 0.803541 -1.020000 0.725516
      vertex 0.794456 -1.020000 0.712711
    endloop
  endfacet
  facet normal 0.000000 -1.000000 -0.000000
    outer loop
      vertex 0.794456 1.020000 0.712711
      vertex 0.591933 1.020000 -0.616706
      vertex 0.803541 1.020000 0.725516
    endloop
  endfacet
  facet normal -0.000000 1.000000 0.000000
    outer loop
      vertex 0.803541 1.020000 0.725516
      vertex 0.591933 1.020000 -0.616706
      vertex 0.794456 1.020000 0.712711
    endloop
  endfacet
  facet normal 0.000000 1.000000 0.000000
    outer loop
      vertex 0.803541 -1.020000 0.725516
      vertex 0.594230 -1.020000 -0.628253
      vertex 0.591933 -1.020000 -0.616706
    endloop
  endfacet
  facet normal -0.000000 -1.000000 -0.000000
    outer loop
      vertex 0.591933 -1.020000 -0.616706
      vertex 0.594230 -1.020000 -0.628253
      vertex 0.803541 -1.020000 0.725516
    endloop
  endfacet
  facet normal 0.000000 -1.000000 0.000000
    outer loop
      vertex 0.803541 1.020000 0.725516
      vertex 0.591933 1.020000 -0.616706
      vertex 0.594230 1.020000 -0.628253
    endloop
  endfacet
  facet normal -0.000000 1.000000 -0.000000
    outer loop
      vertex 0.594230 1.020000 -0.628253
      vertex 0.591933 1.020000 -0.616706
      vertex 0.803541 1.020000 0.725516
    endloop
  endfacet
  facet normal 0.000000 1.000000 0.000000
    outer loop
      vertex 0.805000 -1.020000 -1.300000
      vertex 0.802716 -1.020000 -1.311481
      vertex 0.799944 -1.020000 -1.316667
    endloop
  endfacet
  facet normal -0.000000 -1.000000 -0.000000
    outer loop
      vertex 0.799944 -1.020000 -1.316667
      vertex 0.802716 -1.020000 -1.311481
      vertex 0.805000 -1.020000 -1.300000
    endloop
  endfacet
  facet normal 0.000000 -1.000000 0.000000
    outer loop
      vertex 0.805000 1.020000 -1.300000
      vertex 0.799944 1.020000 -1.316667
      vertex 0.802716 1.020000 -1.311481
    endloop
  endfacet
  facet normal -0.000000 1.000000 -0.000000
    outer loop
      vertex 0.802716 1.020000 -1.311481
      vertex 0.799944 1.020000 -1.316667
      vertex 0.805000 1.020000 -1.300000
    endloop
  endfacet
  facet normal 0.000000 1.000000 0.000000
    outer loop
      vertex 0.805000 -1.020000 -1.300000
      vertex 0.804424 -1.020000 -1.305853
      vertex 0.802716 -1.020000 -1.311481
    endloop
  endfacet
  facet normal -0.000000 -1.000000 -0.000000
    outer loop
      vertex 0.802716 -1.020000 -1.311481
      vertex 0.804424 -1.020000 -1.305853
      vertex 0.805000 -1.020000 -1.300000
    endloop
  endfacet
  facet normal 0.000000 -1.000000 0.000000
    outer loop
      vertex 0.805000 1.020000 -1.300000
      vertex 0.802716 1.020000 -1.311481
      vertex 0.804424 1.020000 -1.305853
    endloop
  endfacet
  facet normal -0.000000 1.000000 -0.000000
    outer loop
      vertex 0.804424 1.020000 -1.305853
      vertex 0.802716 1.020000 -1.311481
      vertex 0.805000 1.020000 -1.300000
    endloop
  endfacet
  facet normal 0.000000 1.000000 0.000000
    outer loop
      vertex 0.805000 -1.020000 -1.300000
      vertex 0.804856 -1.020000 -1.302941
      vertex 0.804424 -1.020000 -1.305853
    endloop
  endfacet
  facet normal -0.000000 -1.000000 -0.000000
    outer loop
      vertex 0.804424 -1.020000 -1.305853
      vertex 0.804856 -1.020000 -1.302941
      vertex 0.805000 -1.020000 -1.300000
    endloop
  endfacet
  facet normal 0.000000 -1.000000 0.000000
    outer loop
      vertex 0.805000 1.020000 -1.300000
      vertex 0.804424 1.020000 -1.305853
      vertex 0.804856 1.020000 -1.302941
    endloop
  endfacet
  facet normal -0.000000 1.000000 -0.000000
    outer loop
      vertex 0.804856 1.020000 -1.302941
      vertex 0.804424 1.020000 -1.305853
      vertex 0.805000 1.020000 -1.300000
    endloop
  endfacet
  facet normal 0.000000 1.000000 0.000000
    outer loop
      vertex 0.804424 -1.020000 -1.305853
      vertex 0.803708 -1.020000 -1.308709
      vertex 0.802716 -1.020000 -1.311481
    endloop
  endfacet
  facet normal -0.000000 -1.000000 -0.000000
    outer loop
      vertex 0.802716 -1.020000 -1.311481
      vertex 0.803708 -1.020000 -1.308709
      vertex 0.804424 -1.020000 -1.305853
    endloop
  endfacet
  facet normal 0.000000 -1.000000 0.000000
    outer loop
      vertex 0.804424 1.020000 -1.305853
      vertex 0.802716 1.020000 -1.311481
      vertex 0.803708 1.020000 -1.308709
    endloop
  endfacet
  facet normal -0.000000 1.000000 -0.000000
    outer loop
      vertex 0.803708 1.020000 -1.308709
      vertex 0.802716 1.020000 -1.311481
      vertex 0.804424 1.020000 -1.305853
    endloop
  endfacet
  facet normal 0.000000 1.000000 0.000000
    outer loop
      vertex 0.802716 -1.020000 -1.311481
      vertex 0.801458 -1.020000 -1.314142
      vertex 0.799944 -1.020000 -1.316667
    endloop
  endfacet
  facet normal -0.000000 -1.000000 -0.000000
    outer loop
      vertex 0.799944 -1.020000 -1.316667
      vertex 0.801458 -1.020000 -1.314142
      vertex 0.802716 -1.020000 -1.311481
    endloop
  endfacet
  facet normal 0.000000 -1.000000 0.000000
    outer loop
      vertex 0.802716 1.020000 -1.311481
      vertex 0.799944 1.020000 -1.316667
      vertex 0.801458 1.020000 -1.314142
    endloop
  endfacet
  facet normal -0.000000 1.000000 -0.000000
    outer loop
      vertex 0.801458 1.020000 -1.314142
      vertex 0.799944 1.020000 -1.316667
      vertex 0.802716 1.020000 -1.311481
    endloop
  endfacet
  facet normal 0.242980 0.000000 0.970031
    outer loop
      vertex 0.780853 -1.020000 1.329424
      vertex 0.783709 -1.020000 1.328708
      vertex 0.783709 1.020000 1.328708
    endloop
  endfacet
  facet normal -0.242980 -0.000000 -0.970031
    outer loop
      vertex 0.783709 1.020000 1.328708
      vertex 0.783709 -1.020000 1.328708
      vertex 0.780853 -1.020000 1.329424
    endloop
  endfacet
  facet normal 0.242980 -0.000000 0.970031
    outer loop
      vertex 0.780853 -1.020000 1.329424
      vertex 0.783709 1.020000 1.328708
      vertex 0.780853 1.020000 1.329424
    endloop
  endfacet
  facet normal -0.242980 0.000000 -0.970031
    outer loop
      vertex 0.780853 1.020000 1.329424
      vertex 0.783709 1.020000 1.328708
      vertex 0.780853 -1.020000 1.329424
    endloop
  endfacet
  facet normal 0.336890 0.000000 0.941544
    outer loop
      vertex 0.783709 -1.020000 1.328708
      vertex 0.786481 -1.020000 1.327716
      vertex 0.786481 1.020000 1.327716
    endloop
  endfacet
  facet normal -0.336890 -0.000000 -0.941544
    outer loop
      vertex 0.786481 1.020000 1.327716
      vertex 0.786481 -1.020000 1.327716
      vertex 0.783709 -1.020000 1.328708
    endloop
  endfacet
  facet normal 0.336890 -0.000000 0.941544
    outer loop
      vertex 0.783709 -1.020000 1.328708
      vertex 0.786481 1.020000 1.327716
      vertex 0.783709 1.020000 1.328708
    endloop
  endfacet
  facet normal -0.336890 0.000000 -0.941544
    outer loop
      vertex 0.783709 1.020000 1.328708
      vertex 0.786481 1.020000 1.327716
      vertex 0.783709 -1.020000 1.328708
    endloop
  endfacet
  facet normal 0.427555 0.000000 0.903989
    outer loop
      vertex 0.786481 -1.020000 1.327716
      vertex 0.789142 -1.020000 1.326458
      vertex 0.789142 1.020000 1.326458
    endloop
  endfacet
  facet normal -0.427555 -0.000000 -0.903989
    outer loop
      vertex 0.789142 1.020000 1.326458
      vertex 0.789142 -1.020000 1.326458
      vertex 0.786481 -1.020000 1.327716
    endloop
  endfacet
  facet normal 0.427555 -0.000000 0.903989
    outer loop
      vertex 0.786481 -1.020000 1.327716
      vertex 0.789142 1.020000 1.326458
      vertex 0.786481 1.020000 1.327716
    endloop
  endfacet
  facet normal -0.427555 0.000000 -0.903989
    outer loop
      vertex 0.786481 1.020000 1.327716
      vertex 0.789142 1.020000 1.326458
      vertex 0.786481 -1.020000 1.327716
    endloop
  endfacet
  facet normal 0.514103 0.000000 0.857729
    outer loop
      vertex 0.789142 -1.020000 1.326458
      vertex 0.791667 -1.020000 1.324944
      vertex 0.791667 1.020000 1.324944
    endloop
  endfacet
  facet normal -0.514103 -0.000000 -0.857729
    outer loop
      vertex 0.791667 1.020000 1.324944
      vertex 0.791667 -1.020000 1.324944
      vertex 0.789142 -1.020000 1.326458
    endloop
  endfacet
  facet normal 0.514103 -0.000000 0.857729
    outer loop
      vertex 0.789142 -1.020000 1.326458
      vertex 0.791667 1.020000 1.324944
      vertex 0.789142 1.020000 1.326458
    endloop
  endfacet
  facet normal -0.514103 0.000000 -0.857729
    outer loop
      vertex 0.789142 1.020000 1.326458
      vertex 0.791667 1.020000 1.324944
      vertex 0.789142 -1.020000 1.326458
    endloop
  endfacet
  facet normal 0.595699 0.000000 0.803208
    outer loop
      vertex 0.791667 -1.020000 1.324944
      vertex 0.794032 -1.020000 1.323190
      vertex 0.794032 1.020000 1.323190
    endloop
  endfacet
  facet normal -0.595699 -0.000000 -0.803208
    outer loop
      vertex 0.794032 1.020000 1.323190
      vertex 0.794032 -1.020000 1.323190
      vertex 0.791667 -1.020000 1.324944
    endloop
  endfacet
  facet normal 0.595699 -0.000000 0.803208
    outer loop
      vertex 0.791667 -1.020000 1.324944
      vertex 0.794032 1.020000 1.323190
      vertex 0.791667 1.020000 1.324944
    endloop
  endfacet
  facet normal -0.595699 0.000000 -0.803208
    outer loop
      vertex 0.791667 1.020000 1.324944
      vertex 0.794032 1.020000 1.323190
      vertex 0.791667 -1.020000 1.324944
    endloop
  endfacet
  facet normal 0.671559 0.000000 0.740951
    outer loop
      vertex 0.794032 -1.020000 1.323190
      vertex 0.796213 -1.020000 1.321213
      vertex 0.796213 1.020000 1.321213
    endloop
  endfacet
  facet normal -0.671559 -0.000000 -0.740951
    outer loop
      vertex 0.796213 1.020000 1.321213
      vertex 0.796213 -1.020000 1.321213
      vertex 0.794032 -1.020000 1.323190
    endloop
  endfacet
  facet normal 0.671559 -0.000000 0.740951
    outer loop
      vertex 0.794032 -1.020000 1.323190
      vertex 0.796213 1.020000 1.321213
      vertex 0.794032 1.020000 1.323190
    endloop
  endfacet
  facet normal -0.671559 0.000000 -0.740951
    outer loop
      vertex 0.794032 1.020000 1.323190
      vertex 0.796213 1.020000 1.321213
      vertex 0.794032 -1.020000 1.323190
    endloop
  endfacet
  facet normal 0.740951 0.000000 0.671559
    outer loop
      vertex 0.796213 -1.020000 1.321213
      vertex 0.798190 -1.020000 1.319032
      vertex 0.798190 1.020000 1.319032
    endloop
  endfacet
  facet normal -0.740951 -0.000000 -0.671559
    outer loop
      vertex 0.798190 1.020000 1.319032
      vertex 0.798190 -1.020000 1.319032
      vertex 0.796213 -1.020000 1.321213
    endloop
  endfacet
  facet normal 0.740951 -0.000000 0.671559
    outer loop
      vertex 0.796213 -1.020000 1.321213
      vertex 0.798190 1.020000 1.319032
      vertex 0.796213 1.020000 1.321213
    endloop
  endfacet
  facet normal -0.740951 0.000000 -0.671559
    outer loop
      vertex 0.796213 1.020000 1.321213
      vertex 0.798190 1.020000 1.319032
      vertex 0.796213 -1.020000 1.321213
    endloop
  endfacet
  facet normal 0.803208 0.000000 0.595699
    outer loop
      vertex 0.798190 -1.020000 1.319032
      vertex 0.799944 -1.020000 1.316667
      vertex 0.799944 1.020000 1.316667
    endloop
  endfacet
  facet normal -0.803208 -0.000000 -0.595699
    outer loop
      vertex 0.799944 1.020000 1.316667
      vertex 0.799944 -1.020000 1.316667
      vertex 0.798190 -1.020000 1.319032
    endloop
  endfacet
  facet normal 0.803208 -0.000000 0.595699
    outer loop
      vertex 0.798190 -1.020000 1.319032
      vertex 0.799944 1.020000 1.316667
      vertex 0.798190 1.020000 1.319032
    endloop
  endfacet
  facet normal -0.803208 0.000000 -0.595699
    outer loop
      vertex 0.798190 1.020000 1.319032
      vertex 0.799944 1.020000 1.316667
      vertex 0.798190 -1.020000 1.319032
    endloop
  endfacet
  facet normal 0.857729 0.000000 0.514103
    outer loop
      vertex 0.799944 -1.020000 1.316667
      vertex 0.801458 -1.020000 1.314142
      vertex 0.801458 1.020000 1.314142
    endloop
  endfacet
  facet normal -0.857729 -0.000000 -0.514103
    outer loop
      vertex 0.801458 1.020000 1.314142
      vertex 0.801458 -1.020000 1.314142
      vertex 0.799944 -1.020000 1.316667
    endloop
  endfacet
  facet normal 0.857729 -0.000000 0.514103
    outer loop
      vertex 0.799944 -1.020000 1.316667
      vertex 0.801458 1.020000 1.314142
      vertex 0.799944 1.020000 1.316667
    endloop
  endfacet
  facet normal -0.857729 0.000000 -0.514103
    outer loop
      vertex 0.799944 1.020000 1.316667
      vertex 0.801458 1.020000 1.314142
      vertex 0.799944 -1.020000 1.316667
    endloop
  endfacet
  facet normal 0.903989 0.000000 0.427555
    outer loop
      vertex 0.801458 -1.020000 1.314142
      vertex 0.802716 -1.020000 1.311481
      vertex 0.802716 1.020000 1.311481
    endloop
  endfacet
  facet normal -0.903989 -0.000000 -0.427555
    outer loop
      vertex 0.802716 1.020000 1.311481
      vertex 0.802716 -1.020000 1.311481
      vertex 0.801458 -1.020000 1.314142
    endloop
  endfacet
  facet normal 0.903989 -0.000000 0.427555
    outer loop
      vertex 0.801458 -1.020000 1.314142
      vertex 0.802716 1.020000 1.311481
      vertex 0.801458 1.020000 1.314142
    endloop
  endfacet
  facet normal -0.903989 0.000000 -0.427555
    outer loop
      vertex 0.801458 1.020000 1.314142
      vertex 0.802716 1.020000 1.311481
      vertex 0.801458 -1.020000 1.314142
    endloop
  endfacet
  facet normal 0.941544 0.000000 0.336890
    outer loop
      vertex 0.802716 -1.020000 1.311481
      vertex 0.803708 -1.020000 1.308709
      vertex 0.803708 1.020000 1.308709
    endloop
  endfacet
  facet normal -0.941544 -0.000000 -0.336890
    outer loop
      vertex 0.803708 1.020000 1.308709
      vertex 0.803708 -1.020000 1.308709
      vertex 0.802716 -1.020000 1.311481
    endloop
  endfacet
  facet normal 0.941544 -0.000000 0.336890
    outer loop
      vertex 0.802716 -1.020000 1.311481
      vertex 0.803708 1.020000 1.308709
      vertex 0.802716 1.020000 1.311481
    endloop
  endfacet
  facet normal -0.941544 0.000000 -0.336890
    outer loop
      vertex 0.802716 1.020000 1.311481
      vertex 0.803708 1.020000 1.308709
      vertex 0.802716 -1.020000 1.311481
    endloop
  endfacet
  facet normal 0.970031 0.000000 0.242980
    outer loop
      vertex 0.803708 -1.020000 1.308709
      vertex 0.804424 -1.020000 1.305853
      vertex 0.804424 1.020000 1.305853
    endloop
  endfacet
  facet normal -0.970031 -0.000000 -0.242980
    outer loop
      vertex 0.804424 1.020000 1.305853
      vertex 0.804424 -1.020000 1.305853
      vertex 0.803708 -1.020000 1.308709
    endloop
  endfacet
  facet normal 0.970031 -0.000000 0.242980
    outer loop
      vertex 0.803708 -1.020000 1.308709
      vertex 0.804424 1.020000 1.305853
      vertex 0.803708 1.020000 1.308709
    endloop
  endfacet
  facet normal -0.970031 0.000000 -0.242980
    outer loop
      vertex 0.803708 1.020000 1.308709
      vertex 0.804424 1.020000 1.305853
      vertex 0.803708 -1.020000 1.308709
    endloop
  endfacet
  facet normal 0.989177 0.000000 0.146730
    outer loop
      vertex 0.804424 -1.020000 1.305853
      vertex 0.804856 -1.020000 1.302941
      vertex 0.804856 1.020000 1.302941
    endloop
  endfacet
  facet normal -0.989177 -0.000000 -0.146730
    outer loop
      vertex 0.804856 1.020000 1.302941
      vertex 0.804856 -1.020000 1.302941
      vertex 0.804424 -1.020000 1.305853
    endloop
  endfacet
  facet normal 0.989177 -0.000000 0.146730
    outer loop
      vertex 0.804424 -1.020000 1.305853
      vertex 0.804856 1.020000 1.302941
      vertex 0.804424 1.020000 1.305853
    endloop
  endfacet
  facet normal -0.989177 0.000000 -0.146730
    outer loop
      vertex 0.804424 1.020000 1.305853
      vertex 0.804856 1.020000 1.302941
      vertex 0.804424 -1.020000 1.305853
    endloop
  endfacet
  facet normal 0.998795 0.000000 0.049068
    outer loop
      vertex 0.804856 -1.020000 1.302941
      vertex 0.805000 -1.020000 1.300000
      vertex 0.805000 1.020000 1.300000
    endloop
  endfacet
  facet normal -0.998795 -0.000000 -0.049068
    outer loop
      vertex 0.805000 1.020000 1.300000
      vertex 0.805000 -1.020000 1.300000
      vertex 0.804856 -1.020000 1.302941
    endloop
  endfacet
  facet normal 0.998795 -0.000000 0.049068
    outer loop
      vertex 0.804856 -1.020000 1.302941
      vertex 0.805000 1.020000 1.300000
      vertex 0.804856 1.020000 1.302941
    endloop
  endfacet
  facet normal -0.998795 0.000000 -0.049068
    outer loop
      vertex 0.804856 1.020000 1.302941
      vertex 0.805000 1.020000 1.300000
      vertex 0.804856 -1.020000 1.302941
    endloop
  endfacet
  facet normal 1.000000 0.000000 0.000000
    outer loop
      vertex 0.805000 -1.020000 1.300000
      vertex 0.805000 -1.020000 0.871845
      vertex 0.805000 1.020000 0.871845
    endloop
  endfacet
  facet normal -1.000000 -0.000000 -0.000000
    outer loop
      vertex 0.805000 1.020000 0.871845
      vertex 0.805000 -1.020000 0.871845
      vertex 0.805000 -1.020000 1.300000
    endloop
  endfacet
  facet normal 1.000000 -0.000000 0.000000
    outer loop
      vertex 0.805000 -1.020000 1.300000
      vertex 0.805000 1.020000 0.871845
      vertex 0.805000 1.020000 1.300000
    endloop
  endfacet
  facet normal -1.000000 0.000000 -0.000000
    outer loop
      vertex 0.805000 1.020000 1.300000
      vertex 0.805000 1.020000 0.871845
      vertex 0.805000 -1.020000 1.300000
    endloop
  endfacet
  facet normal -0.875223 0.000000 -0.483719
    outer loop
      vertex 0.805000 -1.020000 0.871845
      vertex 0.803541 -1.020000 0.874484
      vertex 0.803541 1.020000 0.874484
    endloop
  endfacet
  facet normal 0.875223 -0.000000 0.483719
    outer loop
      vertex 0.803541 1.020000 0.874484
      vertex 0.803541 -1.020000 0.874484
      vertex 0.805000 -1.020000 0.871845
    endloop
  endfacet
  facet normal -0.875223 0.000000 -0.483719
    outer loop
      vertex 0.805000 -1.020000 0.871845
      vertex 0.803541 1.020000 0.874484
      vertex 0.805000 1.020000 0.871845
    endloop
  endfacet
  facet normal 0.875223 -0.000000 0.483719
    outer loop
      vertex 0.805000 1.020000 0.871845
      vertex 0.803541 1.020000 0.874484
      vertex 0.805000 -1.020000 0.871845
    endloop
  endfacet
  facet normal -0.815561 0.000000 -0.578671
    outer loop
      vertex 0.803541 -1.020000 0.874484
      vertex 0.794456 -1.020000 0.887289
      vertex 0.794456 1.020000 0.887289
    endloop
  endfacet
  facet normal 0.815561 -0.000000 0.578671
    outer loop
      vertex 0.794456 1.020000 0.887289
      vertex 0.794456 -1.020000 0.887289
      vertex 0.803541 -1.020000 0.874484
    endloop
  endfacet
  facet normal -0.815561 0.000000 -0.578671
    outer loop
      vertex 0.803541 -1.020000 0.874484
      vertex 0.794456 1.020000 0.887289
      vertex 0.803541 1.020000 0.874484
    endloop
  endfacet
  facet normal 0.815561 -0.000000 0.578671
    outer loop
      vertex 0.803541 1.020000 0.874484
      vertex 0.794456 1.020000 0.887289
      vertex 0.803541 -1.020000 0.874484
    endloop
  endfacet
  facet normal -0.745642 0.000000 -0.666347
    outer loop
      vertex 0.794456 -1.020000 0.887289
      vertex 0.783995 -1.020000 0.898995
      vertex 0.783995 1.020000 0.898995
    endloop
  endfacet
  facet normal 0.745642 -0.000000 0.666347
    outer loop
      vertex 0.783995 1.020000 0.898995
      vertex 0.783995 -1.020000 0.898995
      vertex 0.794456 -1.020000 0.887289
    endloop
  endfacet
  facet normal -0.745642 0.000000 -0.666347
    outer loop
      vertex 0.794456 -1.020000 0.887289
      vertex 0.783995 1.020000 0.898995
      vertex 0.794456 1.020000 0.887289
    endloop
  endfacet
  facet normal 0.745642 -0.000000 0.666347
    outer loop
      vertex 0.794456 1.020000 0.887289
      vertex 0.783995 1.020000 0.898995
      vertex 0.794456 -1.020000 0.887289
    endloop
  endfacet
  facet normal -0.666347 0.000000 -0.745642
    outer loop
      vertex 0.783995 -1.020000 0.898995
      vertex 0.772289 -1.020000 0.909456
      vertex 0.772289 1.020000 0.909456
    endloop
  endfacet
  facet normal 0.666347 -0.000000 0.745642
    outer loop
      vertex 0.772289 1.020000 0.909456
      vertex 0.772289 -1.020000 0.909456
      vertex 0.783995 -1.020000 0.898995
    endloop
  endfacet
  facet normal -0.666347 0.000000 -0.745642
    outer loop
      vertex 0.783995 -1.020000 0.898995
      vertex 0.772289 1.020000 0.909456
      vertex 0.783995 1.020000 0.898995
    endloop
  endfacet
  facet normal 0.666347 -0.000000 0.745642
    outer loop
      vertex 0.783995 1.020000 0.898995
      vertex 0.772289 1.020000 0.909456
      vertex 0.783995 -1.020000 0.898995
    endloop
  endfacet
  facet normal -0.578671 0.000000 -0.815561
    outer loop
      vertex 0.772289 -1.020000 0.909456
      vertex 0.759484 -1.020000 0.918541
      vertex 0.759484 1.020000 0.918541
    endloop
  endfacet
  facet normal 0.578671 -0.000000 0.815561
    outer loop
      vertex 0.759484 1.020000 0.918541
      vertex 0.759484 -1.020000 0.918541
      vertex 0.772289 -1.020000 0.909456
    endloop
  endfacet
  facet normal -0.578671 0.000000 -0.815561
    outer loop
      vertex 0.772289 -1.020000 0.909456
      vertex 0.759484 1.020000 0.918541
      vertex 0.772289 1.020000 0.909456
    endloop
  endfacet
  facet normal 0.578671 -0.000000 0.815561
    outer loop
      vertex 0.772289 1.020000 0.909456
      vertex 0.759484 1.020000 0.918541
      vertex 0.772289 -1.020000 0.909456
    endloop
  endfacet
  facet normal -0.483719 0.000000 -0.875223
    outer loop
      vertex 0.759484 -1.020000 0.918541
      vertex 0.745744 -1.020000 0.926136
      vertex 0.745744 1.020000 0.926136
    endloop
  endfacet
  facet normal 0.483719 -0.000000 0.875223
    outer loop
      vertex 0.745744 1.020000 0.926136
      vertex 0.745744 -1.020000 0.926136
      vertex 0.759484 -1.020000 0.918541
    endloop
  endfacet
  facet normal -0.483719 0.000000 -0.875223
    outer loop
      vertex 0.759484 -1.020000 0.918541
      vertex 0.745744 1.020000 0.926136
      vertex 0.759484 1.020000 0.918541
    endloop
  endfacet
  facet normal 0.483719 -0.000000 0.875223
    outer loop
      vertex 0.759484 1.020000 0.918541
      vertex 0.745744 1.020000 0.926136
      vertex 0.759484 -1.020000 0.918541
    endloop
  endfacet
  facet normal -0.382683 0.000000 -0.923880
    outer loop
      vertex 0.745744 -1.020000 0.926136
      vertex 0.731239 -1.020000 0.932144
      vertex 0.731239 1.020000 0.932144
    endloop
  endfacet
  facet normal 0.382683 -0.000000 0.923880
    outer loop
      vertex 0.731239 1.020000 0.932144
      vertex 0.731239 -1.020000 0.932144
      vertex 0.745744 -1.020000 0.926136
    endloop
  endfacet
  facet normal -0.382683 0.000000 -0.923880
    outer loop
      vertex 0.745744 -1.020000 0.926136
      vertex 0.731239 1.020000 0.932144
      vertex 0.745744 1.020000 0.926136
    endloop
  endfacet
  facet normal 0.382683 -0.000000 0.923880
    outer loop
      vertex 0.745744 1.020000 0.926136
      vertex 0.731239 1.020000 0.932144
      vertex 0.745744 -1.020000 0.926136
    endloop
  endfacet
  facet normal -0.276836 0.000000 -0.960917
    outer loop
      vertex 0.731239 -1.020000 0.932144
      vertex 0.716153 -1.020000 0.936490
      vertex 0.716153 1.020000 0.936490
    endloop
  endfacet
  facet normal 0.276836 -0.000000 0.960917
    outer loop
      vertex 0.716153 1.020000 0.936490
      vertex 0.716153 -1.020000 0.936490
      vertex 0.731239 -1.020000 0.932144
    endloop
  endfacet
  facet normal -0.276836 0.000000 -0.960917
    outer loop
      vertex 0.731239 -1.020000 0.932144
      vertex 0.716153 1.020000 0.936490
      vertex 0.731239 1.020000 0.932144
    endloop
  endfacet
  facet normal 0.276836 -0.000000 0.960917
    outer loop
      vertex 0.731239 1.020000 0.932144
      vertex 0.716153 1.020000 0.936490
      vertex 0.731239 -1.020000 0.932144
    endloop
  endfacet
  facet normal -0.167506 0.000000 -0.985871
    outer loop
      vertex 0.716153 -1.020000 0.936490
      vertex 0.700675 -1.020000 0.939120
      vertex 0.700675 1.020000 0.939120
    endloop
  endfacet
  facet normal 0.167506 -0.000000 0.985871
    outer loop
      vertex 0.700675 1.020000 0.939120
      vertex 0.700675 -1.020000 0.939120
      vertex 0.716153 -1.020000 0.936490
    endloop
  endfacet
  facet normal -0.167506 0.000000 -0.985871
    outer loop
      vertex 0.716153 -1.020000 0.936490
      vertex 0.700675 1.020000 0.939120
      vertex 0.716153 1.020000 0.936490
    endloop
  endfacet
  facet normal 0.167506 -0.000000 0.985871
    outer loop
      vertex 0.716153 1.020000 0.936490
      vertex 0.700675 1.020000 0.939120
      vertex 0.716153 -1.020000 0.936490
    endloop
  endfacet
  facet normal -0.056070 0.000000 -0.998427
    outer loop
      vertex 0.700675 -1.020000 0.939120
      vertex 0.685000 -1.020000 0.940000
      vertex 0.685000 1.020000 0.940000
    endloop
  endfacet
  facet normal 0.056070 -0.000000 0.998427
    outer loop
      vertex 0.685000 1.020000 0.940000
      vertex 0.685000 -1.020000 0.940000
      vertex 0.700675 -1.020000 0.939120
    endloop
  endfacet
  facet normal -0.056070 0.000000 -0.998427
    outer loop
      vertex 0.700675 -1.020000 0.939120
      vertex 0.685000 1.020000 0.940000
      vertex 0.700675 1.020000 0.939120
    endloop
  endfacet
  facet normal 0.056070 -0.000000 0.998427
    outer loop
      vertex 0.700675 1.020000 0.939120
      vertex 0.685000 1.020000 0.940000
      vertex 0.700675 -1.020000 0.939120
    endloop
  endfacet
  facet normal 0.056070 0.000000 -0.998427
    outer loop
      vertex 0.685000 -1.020000 0.940000
      vertex 0.669325 -1.020000 0.939120
      vertex 0.669325 1.020000 0.939120
    endloop
  endfacet
  facet normal -0.056070 -0.000000 0.998427
    outer loop
      vertex 0.669325 1.020000 0.939120
      vertex 0.669325 -1.020000 0.939120
      vertex 0.685000 -1.020000 0.940000
    endloop
  endfacet
  facet normal 0.056070 0.000000 -0.998427
    outer loop
      vertex 0.685000 -1.020000 0.940000
      vertex 0.669325 1.020000 0.939120
      vertex 0.685000 1.020000 0.940000
    endloop
  endfacet
  facet normal -0.056070 -0.000000 0.998427
    outer loop
      vertex 0.685000 1.020000 0.940000
      vertex 0.669325 1.020000 0.939120
      vertex 0.685000 -1.020000 0.940000
    endloop
  endfacet
  facet normal 0.167506 0.000000 -0.985871
    outer loop
      vertex 0.669325 -1.020000 0.939120
      vertex 0.653847 -1.020000 0.936490
      vertex 0.653847 1.020000 0.936490
    endloop
  endfacet
  facet normal -0.167506 -0.000000 0.985871
    outer loop
      vertex 0.653847 1.020000 0.936490
      vertex 0.653847 -1.020000 0.936490
      vertex 0.669325 -1.020000 0.939120
    endloop
  endfacet
  facet normal 0.167506 0.000000 -0.985871
    outer loop
      vertex 0.669325 -1.020000 0.939120
      vertex 0.653847 1.020000 0.936490
      vertex 0.669325 1.020000 0.939120
    endloop
  endfacet
  facet normal -0.167506 -0.000000 0.985871
    outer loop
      vertex 0.669325 1.020000 0.939120
      vertex 0.653847 1.020000 0.936490
      vertex 0.669325 -1.020000 0.939120
    endloop
  endfacet
  facet normal 0.276836 0.000000 -0.960917
    outer loop
      vertex 0.653847 -1.020000 0.936490
      vertex 0.638761 -1.020000 0.932144
      vertex 0.638761 1.020000 0.932144
    endloop
  endfacet
  facet normal -0.276836 -0.000000 0.960917
    outer loop
      vertex 0.638761 1.020000 0.932144
      vertex 0.638761 -1.020000 0.932144
      vertex 0.653847 -1.020000 0.936490
    endloop
  endfacet
  facet normal 0.276836 0.000000 -0.960917
    outer loop
      vertex 0.653847 -1.020000 0.936490
      vertex 0.638761 1.020000 0.932144
      vertex 0.653847 1.020000 0.936490
    endloop
  endfacet
  facet normal -0.276836 -0.000000 0.960917
    outer loop
      vertex 0.653847 1.020000 0.936490
      vertex 0.638761 1.020000 0.932144
      vertex 0.653847 -1.020000 0.936490
    endloop
  endfacet
  facet normal 0.382683 0.000000 -0.923880
    outer loop
      vertex 0.638761 -1.020000 0.932144
      vertex 0.624256 -1.020000 0.926136
      vertex 0.624256 1.020000 0.926136
    endloop
  endfacet
  facet normal -0.382683 -0.000000 0.923880
    outer loop
      vertex 0.624256 1.020000 0.926136
      vertex 0.624256 -1.020000 0.926136
      vertex 0.638761 -1.020000 0.932144
    endloop
  endfacet
  facet normal 0.382683 0.000000 -0.923880
    outer loop
      vertex 0.638761 -1.020000 0.932144
      vertex 0.624256 1.020000 0.926136
      vertex 0.638761 1.020000 0.932144
    endloop
  endfacet
  facet normal -0.382683 -0.000000 0.923880
    outer loop
      vertex 0.638761 1.020000 0.932144
      vertex 0.624256 1.020000 0.926136
      vertex 0.638761 -1.020000 0.932144
    endloop
  endfacet
  facet normal 0.483719 0.000000 -0.875223
    outer loop
      vertex 0.624256 -1.020000 0.926136
      vertex 0.610516 -1.020000 0.918541
      vertex 0.610516 1.020000 0.918541
    endloop
  endfacet
  facet normal -0.483719 -0.000000 0.875223
    outer loop
      vertex 0.610516 1.020000 0.918541
      vertex 0.610516 -1.020000 0.918541
      vertex 0.624256 -1.020000 0.926136
    endloop
  endfacet
  facet normal 0.483719 0.000000 -0.875223
    outer loop
      vertex 0.624256 -1.020000 0.926136
      vertex 0.610516 1.020000 0.918541
      vertex 0.624256 1.020000 0.926136
    endloop
  endfacet
  facet normal -0.483719 -0.000000 0.875223
    outer loop
      vertex 0.624256 1.020000 0.926136
      vertex 0.610516 1.020000 0.918541
      vertex 0.624256 -1.020000 0.926136
    endloop
  endfacet
  facet normal 0.578671 0.000000 -0.815561
    outer loop
      vertex 0.610516 -1.020000 0.918541
      vertex 0.597711 -1.020000 0.909456
      vertex 0.597711 1.020000 0.909456
    endloop
  endfacet
  facet normal -0.578671 -0.000000 0.815561
    outer loop
      vertex 0.597711 1.020000 0.909456
      vertex 0.597711 -1.020000 0.909456
      vertex 0.610516 -1.020000 0.918541
    endloop
  endfacet
  facet normal 0.578671 0.000000 -0.815561
    outer loop
      vertex 0.610516 -1.020000 0.918541
      vertex 0.597711 1.020000 0.909456
      vertex 0.610516 1.020000 0.918541
    endloop
  endfacet
  facet normal -0.578671 -0.000000 0.815561
    outer loop
      vertex 0.610516 1.020000 0.918541
      vertex 0.597711 1.020000 0.909456
      vertex 0.610516 -1.020000 0.918541
    endloop
  endfacet
  facet normal 0.666347 0.000000 -0.745642
    outer loop
      vertex 0.597711 -1.020000 0.909456
      vertex 0.586005 -1.020000 0.898995
      vertex 0.586005 1.020000 0.898995
    endloop
  endfacet
  facet normal -0.666347 -0.000000 0.745642
    outer loop
      vertex 0.586005 1.020000 0.898995
      vertex 0.586005 -1.020000 0.898995
      vertex 0.597711 -1.020000 0.909456
    endloop
  endfacet
  facet normal 0.666347 0.000000 -0.745642
    outer loop
      vertex 0.597711 -1.020000 0.909456
      vertex 0.586005 1.020000 0.898995
      vertex 0.597711 1.020000 0.909456
    endloop
  endfacet
  facet normal -0.666347 -0.000000 0.745642
    outer loop
      vertex 0.597711 1.020000 0.909456
      vertex 0.586005 1.020000 0.898995
      vertex 0.597711 -1.020000 0.909456
    endloop
  endfacet
  facet normal 0.745642 0.000000 -0.666347
    outer loop
      vertex 0.586005 -1.020000 0.898995
      vertex 0.575544 -1.020000 0.887289
      vertex 0.575544 1.020000 0.887289
    endloop
  endfacet
  facet normal -0.745642 -0.000000 0.666347
    outer loop
      vertex 0.575544 1.020000 0.887289
      vertex 0.575544 -1.020000 0.887289
      vertex 0.586005 -1.020000 0.898995
    endloop
  endfacet
  facet normal 0.745642 0.000000 -0.666347
    outer loop
      vertex 0.586005 -1.020000 0.898995
      vertex 0.575544 1.020000 0.887289
      vertex 0.586005 1.020000 0.898995
    endloop
  endfacet
  facet normal -0.745642 -0.000000 0.666347
    outer loop
      vertex 0.586005 1.020000 0.898995
      vertex 0.575544 1.020000 0.887289
      vertex 0.586005 -1.020000 0.898995
    endloop
  endfacet
  facet normal 0.815561 0.000000 -0.578671
    outer loop
      vertex 0.575544 -1.020000 0.887289
      vertex 0.566459 -1.020000 0.874484
      vertex 0.566459 1.020000 0.874484
    endloop
  endfacet
  facet normal -0.815561 -0.000000 0.578671
    outer loop
      vertex 0.566459 1.020000 0.874484
      vertex 0.566459 -1.020000 0.874484
      vertex 0.575544 -1.020000 0.887289
    endloop
  endfacet
  facet normal 0.815561 0.000000 -0.578671
    outer loop
      vertex 0.575544 -1.020000 0.887289
      vertex 0.566459 1.020000 0.874484
      vertex 0.575544 1.020000 0.887289
    endloop
  endfacet
  facet normal -0.815561 -0.000000 0.578671
    outer loop
      vertex 0.575544 1.020000 0.887289
      vertex 0.566459 1.020000 0.874484
      vertex 0.575544 -1.020000 0.887289
    endloop
  endfacet
  facet normal 0.875223 0.000000 -0.483719
    outer loop
      vertex 0.566459 -1.020000 0.874484
      vertex 0.558864 -1.020000 0.860744
      vertex 0.558864 1.020000 0.860744
    endloop
  endfacet
  facet normal -0.875223 -0.000000 0.483719
    outer loop
      vertex 0.558864 1.020000 0.860744
      vertex 0.558864 -1.020000 0.860744
      vertex 0.566459 -1.020000 0.874484
    endloop
  endfacet
  facet normal 0.875223 0.000000 -0.483719
    outer loop
      vertex 0.566459 -1.020000 0.874484
      vertex 0.558864 1.020000 0.860744
      vertex 0.566459 1.020000 0.874484
    endloop
  endfacet
  facet normal -0.875223 -0.000000 0.483719
    outer loop
      vertex 0.566459 1.020000 0.874484
      vertex 0.558864 1.020000 0.860744
      vertex 0.566459 -1.020000 0.874484
    endloop
  endfacet
  facet normal 0.923880 0.000000 -0.382683
    outer loop
      vertex 0.558864 -1.020000 0.860744
      vertex 0.552856 -1.020000 0.846239
      vertex 0.552856 1.020000 0.846239
    endloop
  endfacet
  facet normal -0.923880 -0.000000 0.382683
    outer loop
      vertex 0.552856 1.020000 0.846239
      vertex 0.552856 -1.020000 0.846239
      vertex 0.558864 -1.020000 0.860744
    endloop
  endfacet
  facet normal 0.923880 0.000000 -0.382683
    outer loop
      vertex 0.558864 -1.020000 0.860744
      vertex 0.552856 1.020000 0.846239
      vertex 0.558864 1.020000 0.860744
    endloop
  endfacet
  facet normal -0.923880 -0.000000 0.382683
    outer loop
      vertex 0.558864 1.020000 0.860744
      vertex 0.552856 1.020000 0.846239
      vertex 0.558864 -1.020000 0.860744
    endloop
  endfacet
  facet normal 0.960917 0.000000 -0.276836
    outer loop
      vertex 0.552856 -1.020000 0.846239
      vertex 0.548510 -1.020000 0.831153
      vertex 0.548510 1.020000 0.831153
    endloop
  endfacet
  facet normal -0.960917 -0.000000 0.276836
    outer loop
      vertex 0.548510 1.020000 0.831153
      vertex 0.548510 -1.020000 0.831153
      vertex 0.552856 -1.020000 0.846239
    endloop
  endfacet
  facet normal 0.960917 0.000000 -0.276836
    outer loop
      vertex 0.552856 -1.020000 0.846239
      vertex 0.548510 1.020000 0.831153
      vertex 0.552856 1.020000 0.846239
    endloop
  endfacet
  facet normal -0.960917 -0.000000 0.276836
    outer loop
      vertex 0.552856 1.020000 0.846239
      vertex 0.548510 1.020000 0.831153
      vertex 0.552856 -1.020000 0.846239
    endloop
  endfacet
  facet normal 0.985871 0.000000 -0.167506
    outer loop
      vertex 0.548510 -1.020000 0.831153
      vertex 0.545880 -1.020000 0.815675
      vertex 0.545880 1.020000 0.815675
    endloop
  endfacet
  facet normal -0.985871 -0.000000 0.167506
    outer loop
      vertex 0.545880 1.020000 0.815675
      vertex 0.545880 -1.020000 0.815675
      vertex 0.548510 -1.020000 0.831153
    endloop
  endfacet
  facet normal 0.985871 0.000000 -0.167506
    outer loop
      vertex 0.548510 -1.020000 0.831153
      vertex 0.545880 1.020000 0.815675
      vertex 0.548510 1.020000 0.831153
    endloop
  endfacet
  facet normal -0.985871 -0.000000 0.167506
    outer loop
      vertex 0.548510 1.020000 0.831153
      vertex 0.545880 1.020000 0.815675
      vertex 0.548510 -1.020000 0.831153
    endloop
  endfacet
  facet normal 0.998427 0.000000 -0.056070
    outer loop
      vertex 0.545880 -1.020000 0.815675
      vertex 0.545000 -1.020000 0.800000
      vertex 0.545000 1.020000 0.800000
    endloop
  endfacet
  facet normal -0.998427 -0.000000 0.056070
    outer loop
      vertex 0.545000 1.020000 0.800000
      vertex 0.545000 -1.020000 0.800000
      vertex 0.545880 -1.020000 0.815675
    endloop
  endfacet
  facet normal 0.998427 0.000000 -0.056070
    outer loop
      vertex 0.545880 -1.020000 0.815675
      vertex 0.545000 1.020000 0.800000
      vertex 0.545880 1.020000 0.815675
    endloop
  endfacet
  facet normal -0.998427 -0.000000 0.056070
    outer loop
      vertex 0.545880 1.020000 0.815675
      vertex 0.545000 1.020000 0.800000
      vertex 0.545880 -1.020000 0.815675
    endloop
  endfacet
  facet normal 0.998427 0.000000 0.056070
    outer loop
      vertex 0.545000 -1.020000 0.800000
      vertex 0.545880 -1.020000 0.784325
      vertex 0.545880 1.020000 0.784325
    endloop
  endfacet
  facet normal -0.998427 -0.000000 -0.056070
    outer loop
      vertex 0.545880 1.020000 0.784325
      vertex 0.545880 -1.020000 0.784325
      vertex 0.545000 -1.020000 0.800000
    endloop
  endfacet
  facet normal 0.998427 -0.000000 0.056070
    outer loop
      vertex 0.545000 -1.020000 0.800000
      vertex 0.545880 1.020000 0.784325
      vertex 0.545000 1.020000 0.800000
    endloop
  endfacet
  facet normal -0.998427 0.000000 -0.056070
    outer loop
      vertex 0.545000 1.020000 0.800000
      vertex 0.545880 1.020000 0.784325
      vertex 0.545000 -1.020000 0.800000
    endloop
  endfacet
  facet normal 0.985871 0.000000 0.167506
    outer loop
      vertex 0.545880 -1.020000 0.784325
      vertex 0.548510 -1.020000 0.768847
      vertex 0.548510 1.020000 0.768847
    endloop
  endfacet
  facet normal -0.985871 -0.000000 -0.167506
    outer loop
      vertex 0.548510 1.020000 0.768847
      vertex 0.548510 -1.020000 0.768847
      vertex 0.545880 -1.020000 0.784325
    endloop
  endfacet
  facet normal 0.985871 -0.000000 0.167506
    outer loop
      vertex 0.545880 -1.020000 0.784325
      vertex 0.548510 1.020000 0.768847
      vertex 0.545880 1.020000 0.784325
    endloop
  endfacet
  facet normal -0.985871 0.000000 -0.167506
    outer loop
      vertex 0.545880 1.020000 0.784325
      vertex 0.548510 1.020000 0.768847
      vertex 0.545880 -1.020000 0.784325
    endloop
  endfacet
  facet normal 0.960917 0.000000 0.276836
    outer loop
      vertex 0.548510 -1.020000 0.768847
      vertex 0.552856 -1.020000 0.753761
      vertex 0.552856 1.020000 0.753761
    endloop
  endfacet
  facet normal -0.960917 -0.000000 -0.276836
    outer loop
      vertex 0.552856 1.020000 0.753761
      vertex 0.552856 -1.020000 0.753761
      vertex 0.548510 -1.020000 0.768847
    endloop
  endfacet
  facet normal 0.960917 -0.000000 0.276836
    outer loop
      vertex 0.548510 -1.020000 0.768847
      vertex 0.552856 1.020000 0.753761
      vertex 0.548510 1.020000 0.768847
    endloop
  endfacet
  facet normal -0.960917 0.000000 -0.276836
    outer loop
      vertex 0.548510 1.020000 0.768847
      vertex 0.552856 1.020000 0.753761
      vertex 0.548510 -1.020000 0.768847
    endloop
  endfacet
  facet normal 0.923880 0.000000 0.382683
    outer loop
      vertex 0.552856 -1.020000 0.753761
      vertex 0.558864 -1.020000 0.739256
      vertex 0.558864 1.020000 0.739256
    endloop
  endfacet
  facet normal -0.923880 -0.000000 -0.382683
    outer loop
      vertex 0.558864 1.020000 0.739256
      vertex 0.558864 -1.020000 0.739256
      vertex 0.552856 -1.020000 0.753761
    endloop
  endfacet
  facet normal 0.923880 -0.000000 0.382683
    outer loop
      vertex 0.552856 -1.020000 0.753761
      vertex 0.558864 1.020000 0.739256
      vertex 0.552856 1.020000 0.753761
    endloop
  endfacet
  facet normal -0.923880 0.000000 -0.382683
    outer loop
      vertex 0.552856 1.020000 0.753761
      vertex 0.558864 1.020000 0.739256
      vertex 0.552856 -1.020000 0.753761
    endloop
  endfacet
  facet normal 0.875223 0.000000 0.483719
    outer loop
      vertex 0.558864 -1.020000 0.739256
      vertex 0.566459 -1.020000 0.725516
      vertex 0.566459 1.020000 0.725516
    endloop
  endfacet
  facet normal -0.875223 -0.000000 -0.483719
    outer loop
      vertex 0.566459 1.020000 0.725516
      vertex 0.566459 -1.020000 0.725516
      vertex 0.558864 -1.020000 0.739256
    endloop
  endfacet
  facet normal 0.875223 -0.000000 0.483719
    outer loop
      vertex 0.558864 -1.020000 0.739256
      vertex 0.566459 1.020000 0.725516
      vertex 0.558864 1.020000 0.739256
    endloop
  endfacet
  facet normal -0.875223 0.000000 -0.483719
    outer loop
      vertex 0.558864 1.020000 0.739256
      vertex 0.566459 1.020000 0.725516
      vertex 0.558864 -1.020000 0.739256
    endloop
  endfacet
  facet normal 0.815561 0.000000 0.578671
    outer loop
      vertex 0.566459 -1.020000 0.725516
      vertex 0.575544 -1.020000 0.712711
      vertex 0.575544 1.020000 0.712711
    endloop
  endfacet
  facet normal -0.815561 -0.000000 -0.578671
    outer loop
      vertex 0.575544 1.020000 0.712711
      vertex 0.575544 -1.020000 0.712711
      vertex 0.566459 -1.020000 0.725516
    endloop
  endfacet
  facet normal 0.815561 -0.000000 0.578671
    outer loop
      vertex 0.566459 -1.020000 0.725516
      vertex 0.575544 1.020000 0.712711
      vertex 0.566459 1.020000 0.725516
    endloop
  endfacet
  facet normal -0.815561 0.000000 -0.578671
    outer loop
      vertex 0.566459 1.020000 0.725516
      vertex 0.575544 1.020000 0.712711
      vertex 0.566459 -1.020000 0.725516
    endloop
  endfacet
  facet normal 0.745642 0.000000 0.666347
    outer loop
      vertex 0.575544 -1.020000 0.712711
      vertex 0.586005 -1.020000 0.701005
      vertex 0.586005 1.020000 0.701005
    endloop
  endfacet
  facet normal -0.745642 -0.000000 -0.666347
    outer loop
      vertex 0.586005 1.020000 0.701005
      vertex 0.586005 -1.020000 0.701005
      vertex 0.575544 -1.020000 0.712711
    endloop
  endfacet
  facet normal 0.745642 -0.000000 0.666347
    outer loop
      vertex 0.575544 -1.020000 0.712711
      vertex 0.586005 1.020000 0.701005
      vertex 0.575544 1.020000 0.712711
    endloop
  endfacet
  facet normal -0.745642 0.000000 -0.666347
    outer loop
      vertex 0.575544 1.020000 0.712711
      vertex 0.586005 1.020000 0.701005
      vertex 0.575544 -1.020000 0.712711
    endloop
  endfacet
  facet normal 0.666347 0.000000 0.745642
    outer loop
      vertex 0.586005 -1.020000 0.701005
      vertex 0.597711 -1.020000 0.690544
      vertex 0.597711 1.020000 0.690544
    endloop
  endfacet
  facet normal -0.666347 -0.000000 -0.745642
    outer loop
      vertex 0.597711 1.020000 0.690544
      vertex 0.597711 -1.020000 0.690544
      vertex 0.586005 -1.020000 0.701005
    endloop
  endfacet
  facet normal 0.666347 -0.000000 0.745642
    outer loop
      vertex 0.586005 -1.020000 0.701005
      vertex 0.597711 1.020000 0.690544
      vertex 0.586005 1.020000 0.701005
    endloop
  endfacet
  facet normal -0.666347 0.000000 -0.745642
    outer loop
      vertex 0.586005 1.020000 0.701005
      vertex 0.597711 1.020000 0.690544
      vertex 0.586005 -1.020000 0.701005
    endloop
  endfacet
  facet normal 0.578671 0.000000 0.815561
    outer loop
      vertex 0.597711 -1.020000 0.690544
      vertex 0.610516 -1.020000 0.681459
      vertex 0.610516 1.020000 0.681459
    endloop
  endfacet
  facet normal -0.578671 -0.000000 -0.815561
    outer loop
      vertex 0.610516 1.020000 0.681459
      vertex 0.610516 -1.020000 0.681459
      vertex 0.597711 -1.020000 0.690544
    endloop
  endfacet
  facet normal 0.578671 -0.000000 0.815561
    outer loop
      vertex 0.597711 -1.020000 0.690544
      vertex 0.610516 1.020000 0.681459
      vertex 0.597711 1.020000 0.690544
    endloop
  endfacet
  facet normal -0.578671 0.000000 -0.815561
    outer loop
      vertex 0.597711 1.020000 0.690544
      vertex 0.610516 1.020000 0.681459
      vertex 0.597711 -1.020000 0.690544
    endloop
  endfacet
  facet normal 0.483719 0.000000 0.875223
    outer loop
      vertex 0.610516 -1.020000 0.681459
      vertex 0.624256 -1.020000 0.673864
      vertex 0.624256 1.020000 0.673864
    endloop
  endfacet
  facet normal -0.483719 -0.000000 -0.875223
    outer loop
      vertex 0.624256 1.020000 0.673864
      vertex 0.624256 -1.020000 0.673864
      vertex 0.610516 -1.020000 0.681459
    endloop
  endfacet
  facet normal 0.483719 -0.000000 0.875223
    outer loop
      vertex 0.610516 -1.020000 0.681459
      vertex 0.624256 1.020000 0.673864
      vertex 0.610516 1.020000 0.681459
    endloop
  endfacet
  facet normal -0.483719 0.000000 -0.875223
    outer loop
      vertex 0.610516 1.020000 0.681459
      vertex 0.624256 1.020000 0.673864
      vertex 0.610516 -1.020000 0.681459
    endloop
  endfacet
  facet normal 0.382683 0.000000 0.923880
    outer loop
      vertex 0.624256 -1.020000 0.673864
      vertex 0.638761 -1.020000 0.667856
      vertex 0.638761 1.020000 0.667856
    endloop
  endfacet
  facet normal -0.382683 -0.000000 -0.923880
    outer loop
      vertex 0.638761 1.020000 0.667856
      vertex 0.638761 -1.020000 0.667856
      vertex 0.624256 -1.020000 0.673864
    endloop
  endfacet
  facet normal 0.382683 -0.000000 0.923880
    outer loop
      vertex 0.624256 -1.020000 0.673864
      vertex 0.638761 1.020000 0.667856
      vertex 0.624256 1.020000 0.673864
    endloop
  endfacet
  facet normal -0.382683 0.000000 -0.923880
    outer loop
      vertex 0.624256 1.020000 0.673864
      vertex 0.638761 1.020000 0.667856
      vertex 0.624256 -1.020000 0.673864
    endloop
  endfacet
  facet normal 0.276836 0.000000 0.960917
    outer loop
      vertex 0.638761 -1.020000 0.667856
      vertex 0.653847 -1.020000 0.663510
      vertex 0.653847 1.020000 0.663510
    endloop
  endfacet
  facet normal -0.276836 -0.000000 -0.960917
    outer loop
      vertex 0.653847 1.020000 0.663510
      vertex 0.653847 -1.020000 0.663510
      vertex 0.638761 -1.020000 0.667856
    endloop
  endfacet
  facet normal 0.276836 -0.000000 0.960917
    outer loop
      vertex 0.638761 -1.020000 0.667856
      vertex 0.653847 1.020000 0.663510
      vertex 0.638761 1.020000 0.667856
    endloop
  endfacet
  facet normal -0.276836 0.000000 -0.960917
    outer loop
      vertex 0.638761 1.020000 0.667856
      vertex 0.653847 1.020000 0.663510
      vertex 0.638761 -1.020000 0.667856
    endloop
  endfacet
  facet normal 0.167506 0.000000 0.985871
    outer loop
      vertex 0.653847 -1.020000 0.663510
      vertex 0.669325 -1.020000 0.660880
      vertex 0.669325 1.020000 0.660880
    endloop
  endfacet
  facet normal -0.167506 -0.000000 -0.985871
    outer loop
      vertex 0.669325 1.020000 0.660880
      vertex 0.669325 -1.020000 0.660880
      vertex 0.653847 -1.020000 0.663510
    endloop
  endfacet
  facet normal 0.167506 -0.000000 0.985871
    outer loop
      vertex 0.653847 -1.020000 0.663510
      vertex 0.669325 1.020000 0.660880
      vertex 0.653847 1.020000 0.663510
    endloop
  endfacet
  facet normal -0.167506 0.000000 -0.985871
    outer loop
      vertex 0.653847 1.020000 0.663510
      vertex 0.669325 1.020000 0.660880
      vertex 0.653847 -1.020000 0.663510
    endloop
  endfacet
  facet normal 0.056070 0.000000 0.998427
    outer loop
      vertex 0.669325 -1.020000 0.660880
      vertex 0.685000 -1.020000 0.660000
      vertex 0.685000 1.020000 0.660000
    endloop
  endfacet
  facet normal -0.056070 -0.000000 -0.998427
    outer loop
      vertex 0.685000 1.020000 0.660000
      vertex 0.685000 -1.020000 0.660000
      vertex 0.669325 -1.020000 0.660880
    endloop
  endfacet
  facet normal 0.056070 -0.000000 0.998427
    outer loop
      vertex 0.669325 -1.020000 0.660880
      vertex 0.685000 1.020000 0.660000
      vertex 0.669325 1.020000 0.660880
    endloop
  endfacet
  facet normal -0.056070 0.000000 -0.998427
    outer loop
      vertex 0.669325 1.020000 0.660880
      vertex 0.685000 1.020000 0.660000
      vertex 0.669325 -1.020000 0.660880
    endloop
  endfacet
  facet normal -0.056070 0.000000 0.998427
    outer loop
      vertex 0.685000 -1.020000 0.660000
      vertex 0.700675 -1.020000 0.660880
      vertex 0.700675 1.020000 0.660880
    endloop
  endfacet
  facet normal 0.056070 -0.000000 -0.998427
    outer loop
      vertex 0.700675 1.020000 0.660880
      vertex 0.700675 -1.020000 0.660880
      vertex 0.685000 -1.020000 0.660000
    endloop
  endfacet
  facet normal -0.056070 0.000000 0.998427
    outer loop
      vertex 0.685000 -1.020000 0.660000
      vertex 0.700675 1.020000 0.660880
      vertex 0.685000 1.020000 0.660000
    endloop
  endfacet
  facet normal 0.056070 -0.000000 -0.998427
    outer loop
      vertex 0.685000 1.020000 0.660000
      vertex 0.700675 1.020000 0.660880
      vertex 0.685000 -1.020000 0.660000
    endloop
  endfacet
  facet normal -0.167506 0.000000 0.985871
    outer loop
      vertex 0.700675 -1.020000 0.660880
      vertex 0.716153 -1.020000 0.663510
      vertex 0.716153 1.020000 0.663510
    endloop
  endfacet
  facet normal 0.167506 -0.000000 -0.985871
    outer loop
      vertex 0.716153 1.020000 0.663510
      vertex 0.716153 -1.020000 0.663510
      vertex 0.700675 -1.020000 0.660880
    endloop
  endfacet
  facet normal -0.167506 0.000000 0.985871
    outer loop
      vertex 0.700675 -1.020000 0.660880
      vertex 0.716153 1.020000 0.663510
      vertex 0.700675 1.020000 0.660880
    endloop
  endfacet
  facet normal 0.167506 -0.000000 -0.985871
    outer loop
      vertex 0.700675 1.020000 0.660880
      vertex 0.716153 1.020000 0.663510
      vertex 0.700675 -1.020000 0.660880
    endloop
  endfacet
  facet normal -0.276836 0.000000 0.960917
    outer loop
      vertex 0.716153 -1.020000 0.663510
      vertex 0.731239 -1.020000 0.667856
      vertex 0.731239 1.020000 0.667856
    endloop
  endfacet
  facet normal 0.276836 -0.000000 -0.960917
    outer loop
      vertex 0.731239 1.020000 0.667856
      vertex 0.731239 -1.020000 0.667856
      vertex 0.716153 -1.020000 0.663510
    endloop
  endfacet
  facet normal -0.276836 0.000000 0.960917
    outer loop
      vertex 0.716153 -1.020000 0.663510
      vertex 0.731239 1.020000 0.667856
      vertex 0.716153 1.020000 0.663510
    endloop
  endfacet
  facet normal 0.276836 -0.000000 -0.960917
    outer loop
      vertex 0.716153 1.020000 0.663510
      vertex 0.731239 1.020000 0.667856
      vertex 0.716153 -1.020000 0.663510
    endloop
  endfacet
  facet normal -0.382683 0.000000 0.923880
    outer loop
      vertex 0.731239 -1.020000 0.667856
      vertex 0.745744 -1.020000 0.673864
      vertex 0.745744 1.020000 0.673864
    endloop
  endfacet
  facet normal 0.382683 -0.000000 -0.923880
    outer loop
      vertex 0.745744 1.020000 0.673864
      vertex 0.745744 -1.020000 0.673864
      vertex 0.731239 -1.020000 0.667856
    endloop
  endfacet
  facet normal -0.382683 0.000000 0.923880
    outer loop
      vertex 0.731239 -1.020000 0.667856
      vertex 0.745744 1.020000 0.673864
      vertex 0.731239 1.020000 0.667856
    endloop
  endfacet
  facet normal 0.382683 -0.000000 -0.923880
    outer loop
      vertex 0.731239 1.020000 0.667856
      vertex 0.745744 1.020000 0.673864
      vertex 0.731239 -1.020000 0.667856
    endloop
  endfacet
  facet normal -0.483719 0.000000 0.875223
    outer loop
      vertex 0.745744 -1.020000 0.673864
      vertex 0.759484 -1.020000 0.681459
      vertex 0.759484 1.020000 0.681459
    endloop
  endfacet
  facet normal 0.483719 -0.000000 -0.875223
    outer loop
      vertex 0.759484 1.020000 0.681459
      vertex 0.759484 -1.020000 0.681459
      vertex 0.745744 -1.020000 0.673864
    endloop
  endfacet
  facet normal -0.483719 0.000000 0.875223
    outer loop
      vertex 0.745744 -1.020000 0.673864
      vertex 0.759484 1.020000 0.681459
      vertex 0.745744 1.020000 0.673864
    endloop
  endfacet
  facet normal 0.483719 -0.000000 -0.875223
    outer loop
      vertex 0.745744 1.020000 0.673864
      vertex 0.759484 1.020000 0.681459
      vertex 0.745744 -1.020000 0.673864
    endloop
  endfacet
  facet normal -0.578671 0.000000 0.815561
    outer loop
      vertex 0.759484 -1.020000 0.681459
      vertex 0.772289 -1.020000 0.690544
      vertex 0.772289 1.020000 0.690544
    endloop
  endfacet
  facet normal 0.578671 -0.000000 -0.815561
    outer loop
      vertex 0.772289 1.020000 0.690544
      vertex 0.772289 -1.020000 0.690544
      vertex 0.759484 -1.020000 0.681459
    endloop
  endfacet
  facet normal -0.578671 0.000000 0.815561
    outer loop
      vertex 0.759484 -1.020000 0.681459
      vertex 0.772289 1.020000 0.690544
      vertex 0.759484 1.020000 0.681459
    endloop
  endfacet
  facet normal 0.578671 -0.000000 -0.815561
    outer loop
      vertex 0.759484 1.020000 0.681459
      vertex 0.772289 1.020000 0.690544
      vertex 0.759484 -1.020000 0.681459
    endloop
  endfacet
  facet normal -0.666347 0.000000 0.745642
    outer loop
      vertex 0.772289 -1.020000 0.690544
      vertex 0.783995 -1.020000 0.701005
      vertex 0.783995 1.020000 0.701005
    endloop
  endfacet
  facet normal 0.666347 -0.000000 -0.745642
    outer loop
      vertex 0.783995 1.020000 0.701005
      vertex 0.783995 -1.020000 0.701005
      vertex 0.772289 -1.020000 0.690544
    endloop
  endfacet
  facet normal -0.666347 0.000000 0.745642
    outer loop
      vertex 0.772289 -1.020000 0.690544
      vertex 0.783995 1.020000 0.701005
      vertex 0.772289 1.020000 0.690544
    endloop
  endfacet
  facet normal 0.666347 -0.000000 -0.745642
    outer loop
      vertex 0.772289 1.020000 0.690544
      vertex 0.783995 1.020000 0.701005
      vertex 0.772289 -1.020000 0.690544
    endloop
  endfacet
  facet normal -0.745642 0.000000 0.666347
    outer loop
      vertex 0.783995 -1.020000 0.701005
      vertex 0.794456 -1.020000 0.712711
      vertex 0.794456 1.020000 0.712711
    endloop
  endfacet
  facet normal 0.745642 -0.000000 -0.666347
    outer loop
      vertex 0.794456 1.020000 0.712711
      vertex 0.794456 -1.020000 0.712711
      vertex 0.783995 -1.020000 0.701005
    endloop
  endfacet
  facet normal -0.745642 0.000000 0.666347
    outer loop
      vertex 0.783995 -1.020000 0.701005
      vertex 0.794456 1.020000 0.712711
      vertex 0.783995 1.020000 0.701005
    endloop
  endfacet
  facet normal 0.745642 -0.000000 -0.666347
    outer loop
      vertex 0.783995 1.020000 0.701005
      vertex 0.794456 1.020000 0.712711
      vertex 0.783995 -1.020000 0.701005
    endloop
  endfacet
  facet normal -0.815561 0.000000 0.578671
    outer loop
      vertex 0.794456 -1.020000 0.712711
      vertex 0.803541 -1.020000 0.725516
      vertex 0.803541 1.020000 0.725516
    endloop
  endfacet
  facet normal 0.815561 -0.000000 -0.578671
    outer loop
      vertex 0.803541 1.020000 0.725516
      vertex 0.803541 -1.020000 0.725516
      vertex 0.794456 -1.020000 0.712711
    endloop
  endfacet
  facet normal -0.815561 0.000000 0.578671
    outer loop
      vertex 0.794456 -1.020000 0.712711
      vertex 0.803541 1.020000 0.725516
      vertex 0.794456 1.020000 0.712711
    endloop
  endfacet
  facet normal 0.815561 -0.000000 -0.578671
    outer loop
      vertex 0.794456 1.020000 0.712711
      vertex 0.803541 1.020000 0.725516
      vertex 0.794456 -1.020000 0.712711
    endloop
  endfacet
  facet normal -0.875223 0.000000 0.483719
    outer loop
      vertex 0.803541 -1.020000 0.725516
      vertex 0.805000 -1.020000 0.728155
      vertex 0.805000 1.020000 0.728155
    endloop
  endfacet
  facet normal 0.875223 -0.000000 -0.483719
    outer loop
      vertex 0.805000 1.020000 0.728155
      vertex 0.805000 -1.020000 0.728155
      vertex 0.803541 -1.020000 0.725516
    endloop
  endfacet
  facet normal -0.875223 0.000000 0.483719
    outer loop
      vertex 0.803541 -1.020000 0.725516
      vertex 0.805000 1.020000 0.728155
      vertex 0.803541 1.020000 0.725516
    endloop
  endfacet
  facet normal 0.875223 -0.000000 -0.483719
    outer loop
      vertex 0.803541 1.020000 0.725516
      vertex 0.805000 1.020000 0.728155
      vertex 0.803541 -1.020000 0.725516
    endloop
  endfacet
  facet normal 1.000000 0.000000 0.000000
    outer loop
      vertex 0.805000 -1.020000 0.728155
      vertex 0.805000 -1.020000 -1.300000
      vertex 0.805000 1.020000 -1.300000
    endloop
  endfacet
  facet normal -1.000000 -0.000000 -0.000000
    outer loop
      vertex 0.805000 1.020000 -1.300000
      vertex 0.805000 -1.020000 -1.300000
      vertex 0.805000 -1.020000 0.728155
    endloop
  endfacet
  facet normal 1.000000 -0.000000 0.000000
    outer loop
      vertex 0.805000 -1.020000 0.728155
      vertex 0.805000 1.020000 -1.300000
      vertex 0.805000 1.020000 0.728155
    endloop
  endfacet
  facet normal -1.000000 0.000000 -0.000000
    outer loop
      vertex 0.805000 1.020000 0.728155
      vertex 0.805000 1.020000 -1.300000
      vertex 0.805000 -1.020000 0.728155
    endloop
  endfacet
  facet normal 0.998795 0.000000 -0.049068
    outer loop
      vertex 0.805000 -1.020000 -1.300000
      vertex 0.804856 -1.020000 -1.302941
      vertex 0.804856 1.020000 -1.302941
    endloop
  endfacet
  facet normal -0.998795 -0.000000 0.049068
    outer loop
      vertex 0.804856 1.020000 -1.302941
      vertex 0.804856 -1.020000 -1.302941
      vertex 0.805000 -1.020000 -1.300000
    endloop
  endfacet
  facet normal 0.998795 0.000000 -0.049068
    outer loop
      vertex 0.805000 -1.020000 -1.300000
      vertex 0.804856 1.020000 -1.302941
      vertex 0.805000 1.020000 -1.300000
    endloop
  endfacet
  facet normal -0.998795 -0.000000 0.049068
    outer loop
      vertex 0.805000 1.020000 -1.300000
      vertex 0.804856 1.020000 -1.302941
      vertex 0.805000 -1.020000 -1.300000
    endloop
  endfacet
  facet normal 0.989177 0.000000 -0.146730
    outer loop
      vertex 0.804856 -1.020000 -1.302941
      vertex 0.804424 -1.020000 -1.305853
      vertex 0.804424 1.020000 -1.305853
    endloop
  endfacet
  facet normal -0.989177 -0.000000 0.146730
    outer loop
      vertex 0.804424 1.020000 -1.305853
      vertex 0.804424 -1.020000 -1.305853
      vertex 0.804856 -1.020000 -1.302941
    endloop
  endfacet
  facet normal 0.989177 0.000000 -0.146730
    outer loop
      vertex 0.804856 -1.020000 -1.302941
      vertex 0.804424 1.020000 -1.305853
      vertex 0.804856 1.020000 -1.302941
    endloop
  endfacet
  facet normal -0.989177 -0.000000 0.146730
    outer loop
      vertex 0.804856 1.020000 -1.302941
      vertex 0.804424 1.020000 -1.305853
      vertex 0.804856 -1.020000 -1.302941
    endloop
  endfacet
  facet normal 0.970031 0.000000 -0.242980
    outer loop
      vertex 0.804424 -1.020000 -1.305853
      vertex 0.803708 -1.020000 -1.308709
      vertex 0.803708 1.020000 -1.308709
    endloop
  endfacet
  facet normal -0.970031 -0.000000 0.242980
    outer loop
      vertex 0.803708 1.020000 -1.308709
      vertex 0.803708 -1.020000 -1.308709
      vertex 0.804424 -1.020000 -1.305853
    endloop
  endfacet
  facet normal 0.970031 0.000000 -0.242980
    outer loop
      vertex 0.804424 -1.020000 -1.305853
      vertex 0.803708 1.020000 -1.308709
      vertex 0.804424 1.020000 -1.305853
    endloop
  endfacet
  facet normal -0.970031 -0.000000 0.242980
    outer loop
      vertex 0.804424 1.020000 -1.305853
      vertex 0.803708 1.020000 -1.308709
      vertex 0.804424 -1.020000 -1.305853
    endloop
  endfacet
  facet normal 0.941544 0.000000 -0.336890
    outer loop
      vertex 0.803708 -1.020000 -1.308709
      vertex 0.802716 -1.020000 -1.311481
      vertex 0.802716 1.020000 -1.311481
    endloop
  endfacet
  facet normal -0.941544 -0.000000 0.336890
    outer loop
      vertex 0.802716 1.020000 -1.311481
      vertex 0.802716 -1.020000 -1.311481
      vertex 0.803708 -1.020000 -1.308709
    endloop
  endfacet
  facet normal 0.941544 0.000000 -0.336890
    outer loop
      vertex 0.803708 -1.020000 -1.308709
      vertex 0.802716 1.020000 -1.311481
      vertex 0.803708 1.020000 -1.308709
    endloop
  endfacet
  facet normal -0.941544 -0.000000 0.336890
    outer loop
      vertex 0.803708 1.020000 -1.308709
      vertex 0.802716 1.020000 -1.311481
      vertex 0.803708 -1.020000 -1.308709
    endloop
  endfacet
  facet normal 0.903989 0.000000 -0.427555
    outer loop
      vertex 0.802716 -1.020000 -1.311481
      vertex 0.801458 -1.020000 -1.314142
      vertex 0.801458 1.020000 -1.314142
    endloop
  endfacet
  facet normal -0.903989 -0.000000 0.427555
    outer loop
      vertex 0.801458 1.020000 -1.314142
      vertex 0.801458 -1.020000 -1.314142
      vertex 0.802716 -1.020000 -1.311481
    endloop
  endfacet
  facet normal 0.903989 0.000000 -0.427555
    outer loop
      vertex 0.802716 -1.020000 -1.311481
      vertex 0.801458 1.020000 -1.314142
      vertex 0.802716 1.020000 -1.311481
    endloop
  endfacet
  facet normal -0.903989 -0.000000 0.427555
    outer loop
      vertex 0.802716 1.020000 -1.311481
      vertex 0.801458 1.020000 -1.314142
      vertex 0.802716 -1.020000 -1.311481
    endloop
  endfacet
  facet normal 0.857729 0.000000 -0.514103
    outer loop
      vertex 0.801458 -1.020000 -1.314142
      vertex 0.799944 -1.020000 -1.316667
      vertex 0.799944 1.020000 -1.316667
    endloop
  endfacet
  facet normal -0.857729 -0.000000 0.514103
    outer loop
      vertex 0.799944 1.020000 -1.316667
      vertex 0.799944 -1.020000 -1.316667
      vertex 0.801458 -1.020000 -1.314142
    endloop
  endfacet
  facet normal 0.857729 0.000000 -0.514103
    outer loop
      vertex 0.801458 -1.020000 -1.314142
      vertex 0.799944 1.020000 -1.316667
      vertex 0.801458 1.020000 -1.314142
    endloop
  endfacet
  facet normal -0.857729 -0.000000 0.514103
    outer loop
      vertex 0.801458 1.020000 -1.314142
      vertex 0.799944 1.020000 -1.316667
      vertex 0.801458 -1.020000 -1.314142
    endloop
  endfacet
  facet normal 0.803208 0.000000 -0.595699
    outer loop
      vertex 0.799944 -1.020000 -1.316667
      vertex 0.798190 -1.020000 -1.319032
      vertex 0.798190 1.020000 -1.319032
    endloop
  endfacet
  facet normal -0.803208 -0.000000 0.595699
    outer loop
      vertex 0.798190 1.020000 -1.319032
      vertex 0.798190 -1.020000 -1.319032
      vertex 0.799944 -1.020000 -1.316667
    endloop
  endfacet
  facet normal 0.803208 0.000000 -0.595699
    outer loop
      vertex 0.799944 -1.020000 -1.316667
      vertex 0.798190 1.020000 -1.319032
      vertex 0.799944 1.020000 -1.316667
    endloop
  endfacet
  facet normal -0.803208 -0.000000 0.595699
    outer loop
      vertex 0.799944 1.020000 -1.316667
      vertex 0.798190 1.020000 -1.319032
      vertex 0.799944 -1.020000 -1.316667
    endloop
  endfacet
  facet normal 0.740951 0.000000 -0.671559
    outer loop
      vertex 0.798190 -1.020000 -1.319032
      vertex 0.796213 -1.020000 -1.321213
      vertex 0.796213 1.020000 -1.321213
    endloop
  endfacet
  facet normal -0.740951 -0.000000 0.671559
    outer loop
      vertex 0.796213 1.020000 -1.321213
      vertex 0.796213 -1.020000 -1.321213
      vertex 0.798190 -1.020000 -1.319032
    endloop
  endfacet
  facet normal 0.740951 0.000000 -0.671559
    outer loop
      vertex 0.798190 -1.020000 -1.319032
      vertex 0.796213 1.020000 -1.321213
      vertex 0.798190 1.020000 -1.319032
    endloop
  endfacet
  facet normal -0.740951 -0.000000 0.671559
    outer loop
      vertex 0.798190 1.020000 -1.319032
      vertex 0.796213 1.020000 -1.321213
      vertex 0.798190 -1.020000 -1.319032
    endloop
  endfacet
  facet normal 0.671559 0.000000 -0.740951
    outer loop
      vertex 0.796213 -1.020000 -1.321213
      vertex 0.794032 -1.020000 -1.323190
      vertex 0.794032 1.020000 -1.323190
    endloop
  endfacet
  facet normal -0.671559 -0.000000 0.740951
    outer loop
      vertex 0.794032 1.020000 -1.323190
      vertex 0.794032 -1.020000 -1.323190
      vertex 0.796213 -1.020000 -1.321213
    endloop
  endfacet
  facet normal 0.671559 0.000000 -0.740951
    outer loop
      vertex 0.796213 -1.020000 -1.321213
      vertex 0.794032 1.020000 -1.323190
      vertex 0.796213 1.020000 -1.321213
    endloop
  endfacet
  facet normal -0.671559 -0.000000 0.740951
    outer loop
      vertex 0.796213 1.020000 -1.321213
      vertex 0.794032 1.020000 -1.323190
      vertex 0.796213 -1.020000 -1.321213
    endloop
  endfacet
  facet normal 0.595699 0.000000 -0.803208
    outer loop
      vertex 0.794032 -1.020000 -1.323190
      vertex 0.791667 -1.020000 -1.324944
      vertex 0.791667 1.020000 -1.324944
    endloop
  endfacet
  facet normal -0.595699 -0.000000 0.803208
    outer loop
      vertex 0.791667 1.020000 -1.324944
      vertex 0.791667 -1.020000 -1.324944
      vertex 0.794032 -1.020000 -1.323190
    endloop
  endfacet
  facet normal 0.595699 0.000000 -0.803208
    outer loop
      vertex 0.794032 -1.020000 -1.323190
      vertex 0.791667 1.020000 -1.324944
      vertex 0.794032 1.020000 -1.323190
    endloop
  endfacet
  facet normal -0.595699 -0.000000 0.803208
    outer loop
      vertex 0.794032 1.020000 -1.323190
      vertex 0.791667 1.020000 -1.324944
      vertex 0.794032 -1.020000 -1.323190
    endloop
  endfacet
  facet normal 0.514103 0.000000 -0.857729
    outer loop
      vertex 0.791667 -1.020000 -1.324944
      vertex 0.789142 -1.020000 -1.326458
      vertex 0.789142 1.020000 -1.326458
    endloop
  endfacet
  facet normal -0.514103 -0.000000 0.857729
    outer loop
      vertex 0.789142 1.020000 -1.326458
      vertex 0.789142 -1.020000 -1.326458
      vertex 0.791667 -1.020000 -1.324944
    endloop
  endfacet
  facet normal 0.514103 0.000000 -0.857729
    outer loop
      vertex 0.791667 -1.020000 -1.324944
      vertex 0.789142 1.020000 -1.326458
      vertex 0.791667 1.020000 -1.324944
    endloop
  endfacet
  facet normal -0.514103 -0.000000 0.857729
    outer loop
      vertex 0.791667 1.020000 -1.324944
      vertex 0.789142 1.020000 -1.326458
      vertex 0.791667 -1.020000 -1.324944
    endloop
  endfacet
  facet normal 0.427555 0.000000 -0.903989
    outer loop
      vertex 0.789142 -1.020000 -1.326458
      vertex 0.786481 -1.020000 -1.327716
      vertex 0.786481 1.020000 -1.327716
    endloop
  endfacet
  facet normal -0.427555 -0.000000 0.903989
    outer loop
      vertex 0.786481 1.020000 -1.327716
      vertex 0.786481 -1.020000 -1.327716
      vertex 0.789142 -1.020000 -1.326458
    endloop
  endfacet
  facet normal 0.427555 0.000000 -0.903989
    outer loop
      vertex 0.789142 -1.020000 -1.326458
      vertex 0.786481 1.020000 -1.327716
      vertex 0.789142 1.020000 -1.326458
    endloop
  endfacet
  facet normal -0.427555 -0.000000 0.903989
    outer loop
      vertex 0.789142 1.020000 -1.326458
      vertex 0.786481 1.020000 -1.327716
      vertex 0.789142 -1.020000 -1.326458
    endloop
  endfacet
  facet normal 0.336890 0.000000 -0.941544
    outer loop
      vertex 0.786481 -1.020000 -1.327716
      vertex 0.783709 -1.020000 -1.328708
      vertex 0.783709 1.020000 -1.328708
    endloop
  endfacet
  facet normal -0.336890 -0.000000 0.941544
    outer loop
      vertex 0.783709 1.020000 -1.328708
      vertex 0.783709 -1.020000 -1.328708
      vertex 0.786481 -1.020000 -1.327716
    endloop
  endfacet
  facet normal 0.336890 0.000000 -0.941544
    outer loop
      vertex 0.786481 -1.020000 -1.327716
      vertex 0.783709 1.020000 -1.328708
      vertex 0.786481 1.020000 -1.327716
    endloop
  endfacet
  facet normal -0.336890 -0.000000 0.941544
    outer loop
      vertex 0.786481 1.020000 -1.327716
      vertex 0.783709 1.020000 -1.328708
      vertex 0.786481 -1.020000 -1.327716
    endloop
  endfacet
  facet normal 0.242980 0.000000 -0.970031
    outer loop
      vertex 0.783709 -1.020000 -1.328708
      vertex 0.780853 -1.020000 -1.329424
      vertex 0.780853 1.020000 -1.329424
    endloop
  endfacet
  facet normal -0.242980 -0.000000 0.970031
    outer loop
      vertex 0.780853 1.020000 -1.329424
      vertex 0.780853 -1.020000 -1.329424
      vertex 0.783709 -1.020000 -1.328708
    endloop
  endfacet
  facet normal 0.242980 0.000000 -0.970031
    outer loop
      vertex 0.783709 -1.020000 -1.328708
      vertex 0.780853 1.020000 -1.329424
      vertex 0.783709 1.020000 -1.328708
    endloop
  endfacet
  facet normal -0.242980 -0.000000 0.970031
    outer loop
      vertex 0.783709 1.020000 -1.328708
      vertex 0.780853 1.020000 -1.329424
      vertex 0.783709 -1.020000 -1.328708
    endloop
  endfacet
  facet normal 0.146730 0.000000 -0.989177
    outer loop
      vertex 0.780853 -1.020000 -1.329424
      vertex 0.777941 -1.020000 -1.329856
      vertex 0.777941 1.020000 -1.329856
    endloop
  endfacet
  facet normal -0.146730 -0.000000 0.989177
    outer loop
      vertex 0.777941 1.020000 -1.329856
      vertex 0.777941 -1.020000 -1.329856
      vertex 0.780853 -1.020000 -1.329424
    endloop
  endfacet
  facet normal 0.146730 0.000000 -0.989177
    outer loop
      vertex 0.780853 -1.020000 -1.329424
      vertex 0.777941 1.020000 -1.329856
      vertex 0.780853 1.020000 -1.329424
    endloop
  endfacet
  facet normal -0.146730 -0.000000 0.989177
    outer loop
      vertex 0.780853 1.020000 -1.329424
      vertex 0.777941 1.020000 -1.329856
      vertex 0.780853 -1.020000 -1.329424
    endloop
  endfacet
  facet normal 0.049068 0.000000 -0.998795
    outer loop
      vertex 0.777941 -1.020000 -1.329856
      vertex 0.775000 -1.020000 -1.330000
      vertex 0.775000 1.020000 -1.330000
    endloop
  endfacet
  facet normal -0.049068 -0.000000 0.998795
    outer loop
      vertex 0.775000 1.020000 -1.330000
      vertex 0.775000 -1.020000 -1.330000
      vertex 0.777941 -1.020000 -1.329856
    endloop
  endfacet
  facet normal 0.049068 0.000000 -0.998795
    outer loop
      vertex 0.777941 -1.020000 -1.329856
      vertex 0.775000 1.020000 -1.330000
      vertex 0.777941 1.020000 -1.329856
    endloop
  endfacet
  facet normal -0.049068 -0.000000 0.998795
    outer loop
      vertex 0.777941 1.020000 -1.329856
      vertex 0.775000 1.020000 -1.330000
      vertex 0.777941 -1.020000 -1.329856
    endloop
  endfacet
  facet normal 0.000000 0.000000 -1.000000
    outer loop
      vertex 0.775000 -1.020000 -1.330000
      vertex 0.020000 -1.020000 -1.330000
      vertex 0.020000 1.020000 -1.330000
    endloop
  endfacet
  facet normal -0.000000 -0.000000 1.000000
    outer loop
      vertex 0.020000 1.020000 -1.330000
      vertex 0.020000 -1.020000 -1.330000
      vertex 0.775000 -1.020000 -1.330000
    endloop
  endfacet
  facet normal 0.000000 0.000000 -1.000000
    outer loop
      vertex 0.775000 -1.020000 -1.330000
      vertex 0.020000 1.020000 -1.330000
      vertex 0.775000 1.020000 -1.330000
    endloop
  endfacet
  facet normal -0.000000 -0.000000 1.000000
    outer loop
      vertex 0.775000 1.020000 -1.330000
      vertex 0.020000 1.020000 -1.330000
      vertex 0.775000 -1.020000 -1.330000
    endloop
  endfacet
  facet normal -1.000000 0.000000 0.000000
    outer loop
      vertex 0.020000 -1.020000 -1.330000
      vertex 0.020000 -1.020000 -0.900000
      vertex 0.020000 1.020000 -0.900000
    endloop
  endfacet
  facet normal 1.000000 -0.000000 -0.000000
    outer loop
      vertex 0.020000 1.020000 -0.900000
      vertex 0.020000 -1.020000 -0.900000
      vertex 0.020000 -1.020000 -1.330000
    endloop
  endfacet
  facet normal -1.000000 0.000000 0.000000
    outer loop
      vertex 0.020000 -1.020000 -1.330000
      vertex 0.020000 1.020000 -0.900000
      vertex 0.020000 1.020000 -1.330000
    endloop
  endfacet
  facet normal 1.000000 -0.000000 -0.000000
    outer loop
      vertex 0.020000 1.020000 -1.330000
      vertex 0.020000 1.020000 -0.900000
      vertex 0.020000 -1.020000 -1.330000
    endloop
  endfacet
  facet normal 0.000000 0.000000 1.000000
    outer loop
      vertex 0.020000 -1.020000 -0.900000
      vertex 0.375000 -1.020000 -0.900000
      vertex 0.375000 1.020000 -0.900000
    endloop
  endfacet
  facet normal -0.000000 -0.000000 -1.000000
    outer loop
      vertex 0.375000 1.020000 -0.900000
      vertex 0.375000 -1.020000 -0.900000
      vertex 0.020000 -1.020000 -0.900000
    endloop
  endfacet
  facet normal 0.000000 0.000000 1.000000
    outer loop
      vertex 0.020000 -1.020000 -0.900000
      vertex 0.375000 1.020000 -0.900000
      vertex 0.020000 1.020000 -0.900000
    endloop
  endfacet
  facet normal -0.000000 -0.000000 -1.000000
    outer loop
      vertex 0.020000 1.020000 -0.900000
      vertex 0.375000 1.020000 -0.900000
      vertex 0.020000 -1.020000 -0.900000
    endloop
  endfacet
  facet normal -1.000000 0.000000 0.000000
    outer loop
      vertex 0.375000 -1.020000 -0.900000
      vertex 0.375000 -1.020000 0.900000
      vertex 0.375000 1.020000 0.900000
    endloop
  endfacet
  facet normal 1.000000 -0.000000 -0.000000
    outer loop
      vertex 0.375000 1.020000 0.900000
      vertex 0.375000 -1.020000 0.900000
      vertex 0.375000 -1.020000 -0.900000
    endloop
  endfacet
  facet normal -1.000000 0.000000 0.000000
    outer loop
      vertex 0.375000 -1.020000 -0.900000
      vertex 0.375000 1.020000 0.900000
      vertex 0.375000 1.020000 -0.900000
    endloop
  endfacet
  facet normal 1.000000 -0.000000 -0.000000
    outer loop
      vertex 0.375000 1.020000 -0.900000
      vertex 0.375000 1.020000 0.900000
      vertex 0.375000 -1.020000 -0.900000
    endloop
  endfacet
  facet normal 0.000000 0.000000 -1.000000
    outer loop
      vertex 0.375000 -1.020000 0.900000
      vertex 0.020000 -1.020000 0.900000
      vertex 0.020000 1.020000 0.900000
    endloop
  endfacet
  facet normal -0.000000 -0.000000 1.000000
    outer loop
      vertex 0.020000 1.020000 0.900000
      vertex 0.020000 -1.020000 0.900000
      vertex 0.375000 -1.020000 0.900000
    endloop
  endfacet
  facet normal 0.000000 0.000000 -1.000000
    outer loop
      vertex 0.375000 -1.020000 0.900000
      vertex 0.020000 1.020000 0.900000
      vertex 0.375000 1.020000 0.900000
    endloop
  endfacet
  facet normal -0.000000 -0.000000 1.000000
    outer loop
      vertex 0.375000 1.020000 0.900000
      vertex 0.020000 1.020000 0.900000
      vertex 0.375000 -1.020000 0.900000
    endloop
  endfacet
  facet normal -1.000000 0.000000 0.000000
    outer loop
      vertex 0.020000 -1.020000 0.900000
      vertex 0.020000 -1.020000 1.330000
      vertex 0.020000 1.020000 1.330000
    endloop
  endfacet
  facet normal 1.000000 -0.000000 -0.000000
    outer loop
      vertex 0.020000 1.020000 1.330000
      vertex 0.020000 -1.020000 1.330000
      vertex 0.020000 -1.020000 0.900000
    endloop
  endfacet
  facet normal -1.000000 0.000000 0.000000
    outer loop
      vertex 0.020000 -1.020000 0.900000
      vertex 0.020000 1.020000 1.330000
      vertex 0.020000 1.020000 0.900000
    endloop
  endfacet
  facet normal 1.000000 -0.000000 -0.000000
    outer loop
      vertex 0.020000 1.020000 0.900000
      vertex 0.020000 1.020000 1.330000
      vertex 0.020000 -1.020000 0.900000
    endloop
  endfacet
  facet normal 0.000000 0.000000 1.000000
    outer loop
      vertex 0.020000 -1.020000 1.330000
      vertex 0.775000 -1.020000 1.330000
      vertex 0.775000 1.020000 1.330000
    endloop
  endfacet
  facet normal -0.000000 -0.000000 -1.000000
    outer loop
      vertex 0.775000 1.020000 1.330000
      vertex 0.775000 -1.020000 1.330000
      vertex 0.020000 -1.020000 1.330000
    endloop
  endfacet
  facet normal 0.000000 0.000000 1.000000
    outer loop
      vertex 0.020000 -1.020000 1.330000
      vertex 0.775000 1.020000 1.330000
      vertex 0.020000 1.020000 1.330000
    endloop
  endfacet
  facet normal -0.000000 -0.000000 -1.000000
    outer loop
      vertex 0.020000 1.020000 1.330000
      vertex 0.775000 1.020000 1.330000
      vertex 0.020000 -1.020000 1.330000
    endloop
  endfacet
  facet normal 0.049068 0.000000 0.998795
    outer loop
      vertex 0.775000 -1.020000 1.330000
      vertex 0.777941 -1.020000 1.329856
      vertex 0.777941 1.020000 1.329856
    endloop
  endfacet
  facet normal -0.049068 -0.000000 -0.998795
    outer loop
      vertex 0.777941 1.020000 1.329856
      vertex 0.777941 -1.020000 1.329856
      vertex 0.775000 -1.020000 1.330000
    endloop
  endfacet
  facet normal 0.049068 -0.000000 0.998795
    outer loop
      vertex 0.775000 -1.020000 1.330000
      vertex 0.777941 1.020000 1.329856
      vertex 0.775000 1.020000 1.330000
    endloop
  endfacet
  facet normal -0.049068 0.000000 -0.998795
    outer loop
      vertex 0.775000 1.020000 1.330000
      vertex 0.777941 1.020000 1.329856
      vertex 0.775000 -1.020000 1.330000
    endloop
  endfacet
  facet normal 0.146730 0.000000 0.989177
    outer loop
      vertex 0.777941 -1.020000 1.329856
      vertex 0.780853 -1.020000 1.329424
      vertex 0.780853 1.020000 1.329424
    endloop
  endfacet
  facet normal -0.146730 -0.000000 -0.989177
    outer loop
      vertex 0.780853 1.020000 1.329424
      vertex 0.780853 -1.020000 1.329424
      vertex 0.777941 -1.020000 1.329856
    endloop
  endfacet
  facet normal 0.146730 -0.000000 0.989177
    outer loop
      vertex 0.777941 -1.020000 1.329856
      vertex 0.780853 1.020000 1.329424
      vertex 0.777941 1.020000 1.329856
    endloop
  endfacet
  facet normal -0.146730 0.000000 -0.989177
    outer loop
      vertex 0.777941 1.020000 1.329856
      vertex 0.780853 1.020000 1.329424
      vertex 0.777941 -1.020000 1.329856
    endloop
  endfacet
  facet normal 0.980785 0.000000 0.195090
    outer loop
      vertex 0.594230 -1.020000 -0.628253
      vertex 0.591933 1.020000 -0.616706
      vertex 0.591933 -1.020000 -0.616706
    endloop
  endfacet
  facet normal -0.980785 -0.000000 -0.195090
    outer loop
      vertex 0.591933 -1.020000 -0.616706
      vertex 0.591933 1.020000 -0.616706
      vertex 0.594230 -1.020000 -0.628253
    endloop
  endfacet
  facet normal 0.980785 -0.000000 0.195090
    outer loop
      vertex 0.594230 -1.020000 -0.628253
      vertex 0.594230 1.020000 -0.628253
      vertex 0.591933 1.020000 -0.616706
    endloop
  endfacet
  facet normal -0.980785 0.000000 -0.195090
    outer loop
      vertex 0.591933 1.020000 -0.616706
      vertex 0.594230 1.020000 -0.628253
      vertex 0.594230 -1.020000 -0.628253
    endloop
  endfacet
  facet normal 0.946930 0.000000 0.321439
    outer loop
      vertex 0.591933 -1.020000 -0.616706
      vertex 0.588149 1.020000 -0.605558
      vertex 0.588149 -1.020000 -0.605558
    endloop
  endfacet
  facet normal -0.946930 -0.000000 -0.321439
    outer loop
      vertex 0.588149 -1.020000 -0.605558
      vertex 0.588149 1.020000 -0.605558
      vertex 0.591933 -1.020000 -0.616706
    endloop
  endfacet
  facet normal 0.946930 -0.000000 0.321439
    outer loop
      vertex 0.591933 -1.020000 -0.616706
      vertex 0.591933 1.020000 -0.616706
      vertex 0.588149 1.020000 -0.605558
    endloop
  endfacet
  facet normal -0.946930 0.000000 -0.321439
    outer loop
      vertex 0.588149 1.020000 -0.605558
      vertex 0.591933 1.020000 -0.616706
      vertex 0.591933 -1.020000 -0.616706
    endloop
  endfacet
  facet normal 0.896873 0.000000 0.442289
    outer loop
      vertex 0.588149 -1.020000 -0.605558
      vertex 0.582942 1.020000 -0.595000
      vertex 0.582942 -1.020000 -0.595000
    endloop
  endfacet
  facet normal -0.896873 -0.000000 -0.442289
    outer loop
      vertex 0.582942 -1.020000 -0.595000
      vertex 0.582942 1.020000 -0.595000
      vertex 0.588149 -1.020000 -0.605558
    endloop
  endfacet
  facet normal 0.896873 -0.000000 0.442289
    outer loop
      vertex 0.588149 -1.020000 -0.605558
      vertex 0.588149 1.020000 -0.605558
      vertex 0.582942 1.020000 -0.595000
    endloop
  endfacet
  facet normal -0.896873 0.000000 -0.442289
    outer loop
      vertex 0.582942 1.020000 -0.595000
      vertex 0.588149 1.020000 -0.605558
      vertex 0.588149 -1.020000 -0.605558
    endloop
  endfacet
  facet normal 0.831470 0.000000 0.555570
    outer loop
      vertex 0.582942 -1.020000 -0.595000
      vertex 0.576402 1.020000 -0.585211
      vertex 0.576402 -1.020000 -0.585211
    endloop
  endfacet
  facet normal -0.831470 -0.000000 -0.555570
    outer loop
      vertex 0.576402 -1.020000 -0.585211
      vertex 0.576402 1.020000 -0.585211
      vertex 0.582942 -1.020000 -0.595000
    endloop
  endfacet
  facet normal 0.831470 -0.000000 0.555570
    outer loop
      vertex 0.582942 -1.020000 -0.595000
      vertex 0.582942 1.020000 -0.595000
      vertex 0.576402 1.020000 -0.585211
    endloop
  endfacet
  facet normal -0.831470 0.000000 -0.555570
    outer loop
      vertex 0.576402 1.020000 -0.585211
      vertex 0.582942 1.020000 -0.595000
      vertex 0.582942 -1.020000 -0.595000
    endloop
  endfacet
  facet normal 0.751840 0.000000 0.659346
    outer loop
      vertex 0.576402 -1.020000 -0.585211
      vertex 0.568640 1.020000 -0.576360
      vertex 0.568640 -1.020000 -0.576360
    endloop
  endfacet
  facet normal -0.751840 -0.000000 -0.659346
    outer loop
      vertex 0.568640 -1.020000 -0.576360
      vertex 0.568640 1.020000 -0.576360
      vertex 0.576402 -1.020000 -0.585211
    endloop
  endfacet
  facet normal 0.751840 -0.000000 0.659346
    outer loop
      vertex 0.576402 -1.020000 -0.585211
      vertex 0.576402 1.020000 -0.585211
      vertex 0.568640 1.020000 -0.576360
    endloop
  endfacet
  facet normal -0.751840 0.000000 -0.659346
    outer loop
      vertex 0.568640 1.020000 -0.576360
      vertex 0.576402 1.020000 -0.585211
      vertex 0.576402 -1.020000 -0.585211
    endloop
  endfacet
  facet normal 0.659346 0.000000 0.751840
    outer loop
      vertex 0.568640 -1.020000 -0.576360
      vertex 0.559789 1.020000 -0.568598
      vertex 0.559789 -1.020000 -0.568598
    endloop
  endfacet
  facet normal -0.659346 -0.000000 -0.751840
    outer loop
      vertex 0.559789 -1.020000 -0.568598
      vertex 0.559789 1.020000 -0.568598
      vertex 0.568640 -1.020000 -0.576360
    endloop
  endfacet
  facet normal 0.659346 -0.000000 0.751840
    outer loop
      vertex 0.568640 -1.020000 -0.576360
      vertex 0.568640 1.020000 -0.576360
      vertex 0.559789 1.020000 -0.568598
    endloop
  endfacet
  facet normal -0.659346 0.000000 -0.751840
    outer loop
      vertex 0.559789 1.020000 -0.568598
      vertex 0.568640 1.020000 -0.576360
      vertex 0.568640 -1.020000 -0.576360
    endloop
  endfacet
  facet normal 0.555570 0.000000 0.831470
    outer loop
      vertex 0.559789 -1.020000 -0.568598
      vertex 0.550000 1.020000 -0.562058
      vertex 0.550000 -1.020000 -0.562058
    endloop
  endfacet
  facet normal -0.555570 -0.000000 -0.831470
    outer loop
      vertex 0.550000 -1.020000 -0.562058
      vertex 0.550000 1.020000 -0.562058
      vertex 0.559789 -1.020000 -0.568598
    endloop
  endfacet
  facet normal 0.555570 -0.000000 0.831470
    outer loop
      vertex 0.559789 -1.020000 -0.568598
      vertex 0.559789 1.020000 -0.568598
      vertex 0.550000 1.020000 -0.562058
    endloop
  endfacet
  facet normal -0.555570 0.000000 -0.831470
    outer loop
      vertex 0.550000 1.020000 -0.562058
      vertex 0.559789 1.020000 -0.568598
      vertex 0.559789 -1.020000 -0.568598
    endloop
  endfacet
  facet normal 0.442289 0.000000 0.896873
    outer loop
      vertex 0.550000 -1.020000 -0.562058
      vertex 0.539442 1.020000 -0.556851
      vertex 0.539442 -1.020000 -0.556851
    endloop
  endfacet
  facet normal -0.442289 -0.000000 -0.896873
    outer loop
      vertex 0.539442 -1.020000 -0.556851
      vertex 0.539442 1.020000 -0.556851
      vertex 0.550000 -1.020000 -0.562058
    endloop
  endfacet
  facet normal 0.442289 -0.000000 0.896873
    outer loop
      vertex 0.550000 -1.020000 -0.562058
      vertex 0.550000 1.020000 -0.562058
      vertex 0.539442 1.020000 -0.556851
    endloop
  endfacet
  facet normal -0.442289 0.000000 -0.896873
    outer loop
      vertex 0.539442 1.020000 -0.556851
      vertex 0.550000 1.020000 -0.562058
      vertex 0.550000 -1.020000 -0.562058
    endloop
  endfacet
  facet normal 0.321439 0.000000 0.946930
    outer loop
      vertex 0.539442 -1.020000 -0.556851
      vertex 0.528294 1.020000 -0.553067
      vertex 0.528294 -1.020000 -0.553067
    endloop
  endfacet
  facet normal -0.321439 -0.000000 -0.946930
    outer loop
      vertex 0.528294 -1.020000 -0.553067
      vertex 0.528294 1.020000 -0.553067
      vertex 0.539442 -1.020000 -0.556851
    endloop
  endfacet
  facet normal 0.321439 -0.000000 0.946930
    outer loop
      vertex 0.539442 -1.020000 -0.556851
      vertex 0.539442 1.020000 -0.556851
      vertex 0.528294 1.020000 -0.553067
    endloop
  endfacet
  facet normal -0.321439 0.000000 -0.946930
    outer loop
      vertex 0.528294 1.020000 -0.553067
      vertex 0.539442 1.020000 -0.556851
      vertex 0.539442 -1.020000 -0.556851
    endloop
  endfacet
  facet normal 0.195090 0.000000 0.980785
    outer loop
      vertex 0.528294 -1.020000 -0.553067
      vertex 0.516747 1.020000 -0.550770
      vertex 0.516747 -1.020000 -0.550770
    endloop
  endfacet
  facet normal -0.195090 -0.000000 -0.980785
    outer loop
      vertex 0.516747 -1.020000 -0.550770
      vertex 0.516747 1.020000 -0.550770
      vertex 0.528294 -1.020000 -0.553067
    endloop
  endfacet
  facet normal 0.195090 -0.000000 0.980785
    outer loop
      vertex 0.528294 -1.020000 -0.553067
      vertex 0.528294 1.020000 -0.553067
      vertex 0.516747 1.020000 -0.550770
    endloop
  endfacet
  facet normal -0.195090 0.000000 -0.980785
    outer loop
      vertex 0.516747 1.020000 -0.550770
      vertex 0.528294 1.020000 -0.553067
      vertex 0.528294 -1.020000 -0.553067
    endloop
  endfacet
  facet normal 0.065403 0.000000 0.997859
    outer loop
      vertex 0.516747 -1.020000 -0.550770
      vertex 0.505000 1.020000 -0.550000
      vertex 0.505000 -1.020000 -0.550000
    endloop
  endfacet
  facet normal -0.065403 -0.000000 -0.997859
    outer loop
      vertex 0.505000 -1.020000 -0.550000
      vertex 0.505000 1.020000 -0.550000
      vertex 0.516747 -1.020000 -0.550770
    endloop
  endfacet
  facet normal 0.065403 -0.000000 0.997859
    outer loop
      vertex 0.516747 -1.020000 -0.550770
      vertex 0.516747 1.020000 -0.550770
      vertex 0.505000 1.020000 -0.550000
    endloop
  endfacet
  facet normal -0.065403 0.000000 -0.997859
    outer loop
      vertex 0.505000 1.020000 -0.550000
      vertex 0.516747 1.020000 -0.550770
      vertex 0.516747 -1.020000 -0.550770
    endloop
  endfacet
  facet normal -0.065403 0.000000 0.997859
    outer loop
      vertex 0.505000 -1.020000 -0.550000
      vertex 0.493253 1.020000 -0.550770
      vertex 0.493253 -1.020000 -0.550770
    endloop
  endfacet
  facet normal 0.065403 -0.000000 -0.997859
    outer loop
      vertex 0.493253 -1.020000 -0.550770
      vertex 0.493253 1.020000 -0.550770
      vertex 0.505000 -1.020000 -0.550000
    endloop
  endfacet
  facet normal -0.065403 0.000000 0.997859
    outer loop
      vertex 0.505000 -1.020000 -0.550000
      vertex 0.505000 1.020000 -0.550000
      vertex 0.493253 1.020000 -0.550770
    endloop
  endfacet
  facet normal 0.065403 -0.000000 -0.997859
    outer loop
      vertex 0.493253 1.020000 -0.550770
      vertex 0.505000 1.020000 -0.550000
      vertex 0.505000 -1.020000 -0.550000
    endloop
  endfacet
  facet normal -0.195090 0.000000 0.980785
    outer loop
      vertex 0.493253 -1.020000 -0.550770
      vertex 0.481706 1.020000 -0.553067
      vertex 0.481706 -1.020000 -0.553067
    endloop
  endfacet
  facet normal 0.195090 -0.000000 -0.980785
    outer loop
      vertex 0.481706 -1.020000 -0.553067
      vertex 0.481706 1.020000 -0.553067
      vertex 0.493253 -1.020000 -0.550770
    endloop
  endfacet
  facet normal -0.195090 0.000000 0.980785
    outer loop
      vertex 0.493253 -1.020000 -0.550770
      vertex 0.493253 1.020000 -0.550770
      vertex 0.481706 1.020000 -0.553067
    endloop
  endfacet
  facet normal 0.195090 -0.000000 -0.980785
    outer loop
      vertex 0.481706 1.020000 -0.553067
      vertex 0.493253 1.020000 -0.550770
      vertex 0.493253 -1.020000 -0.550770
    endloop
  endfacet
  facet normal -0.321439 0.000000 0.946930
    outer loop
      vertex 0.481706 -1.020000 -0.553067
      vertex 0.470558 1.020000 -0.556851
      vertex 0.470558 -1.020000 -0.556851
    endloop
  endfacet
  facet normal 0.321439 -0.000000 -0.946930
    outer loop
      vertex 0.470558 -1.020000 -0.556851
      vertex 0.470558 1.020000 -0.556851
      vertex 0.481706 -1.020000 -0.553067
    endloop
  endfacet
  facet normal -0.321439 0.000000 0.946930
    outer loop
      vertex 0.481706 -1.020000 -0.553067
      vertex 0.481706 1.020000 -0.553067
      vertex 0.470558 1.020000 -0.556851
    endloop
  endfacet
  facet normal 0.321439 -0.000000 -0.946930
    outer loop
      vertex 0.470558 1.020000 -0.556851
      vertex 0.481706 1.020000 -0.553067
      vertex 0.481706 -1.020000 -0.553067
    endloop
  endfacet
  facet normal -0.442289 0.000000 0.896873
    outer loop
      vertex 0.470558 -1.020000 -0.556851
      vertex 0.460000 1.020000 -0.562058
      vertex 0.460000 -1.020000 -0.562058
    endloop
  endfacet
  facet normal 0.442289 -0.000000 -0.896873
    outer loop
      vertex 0.460000 -1.020000 -0.562058
      vertex 0.460000 1.020000 -0.562058
      vertex 0.470558 -1.020000 -0.556851
    endloop
  endfacet
  facet normal -0.442289 0.000000 0.896873
    outer loop
      vertex 0.470558 -1.020000 -0.556851
      vertex 0.470558 1.020000 -0.556851
      vertex 0.460000 1.020000 -0.562058
    endloop
  endfacet
  facet normal 0.442289 -0.000000 -0.896873
    outer loop
      vertex 0.460000 1.020000 -0.562058
      vertex 0.470558 1.020000 -0.556851
      vertex 0.470558 -1.020000 -0.556851
    endloop
  endfacet
  facet normal -0.555570 0.000000 0.831470
    outer loop
      vertex 0.460000 -1.020000 -0.562058
      vertex 0.450211 1.020000 -0.568598
      vertex 0.450211 -1.020000 -0.568598
    endloop
  endfacet
  facet normal 0.555570 -0.000000 -0.831470
    outer loop
      vertex 0.450211 -1.020000 -0.568598
      vertex 0.450211 1.020000 -0.568598
      vertex 0.460000 -1.020000 -0.562058
    endloop
  endfacet
  facet normal -0.555570 0.000000 0.831470
    outer loop
      vertex 0.460000 -1.020000 -0.562058
      vertex 0.460000 1.020000 -0.562058
      vertex 0.450211 1.020000 -0.568598
    endloop
  endfacet
  facet normal 0.555570 -0.000000 -0.831470
    outer loop
      vertex 0.450211 1.020000 -0.568598
      vertex 0.460000 1.020000 -0.562058
      vertex 0.460000 -1.020000 -0.562058
    endloop
  endfacet
  facet normal -0.659346 0.000000 0.751840
    outer loop
      vertex 0.450211 -1.020000 -0.568598
      vertex 0.441360 1.020000 -0.576360
      vertex 0.441360 -1.020000 -0.576360
    endloop
  endfacet
  facet normal 0.659346 -0.000000 -0.751840
    outer loop
      vertex 0.441360 -1.020000 -0.576360
      vertex 0.441360 1.020000 -0.576360
      vertex 0.450211 -1.020000 -0.568598
    endloop
  endfacet
  facet normal -0.659346 0.000000 0.751840
    outer loop
      vertex 0.450211 -1.020000 -0.568598
      vertex 0.450211 1.020000 -0.568598
      vertex 0.441360 1.020000 -0.576360
    endloop
  endfacet
  facet normal 0.659346 -0.000000 -0.751840
    outer loop
      vertex 0.441360 1.020000 -0.576360
      vertex 0.450211 1.020000 -0.568598
      vertex 0.450211 -1.020000 -0.568598
    endloop
  endfacet
  facet normal -0.751840 0.000000 0.659346
    outer loop
      vertex 0.441360 -1.020000 -0.576360
      vertex 0.433598 1.020000 -0.585211
      vertex 0.433598 -1.020000 -0.585211
    endloop
  endfacet
  facet normal 0.751840 -0.000000 -0.659346
    outer loop
      vertex 0.433598 -1.020000 -0.585211
      vertex 0.433598 1.020000 -0.585211
      vertex 0.441360 -1.020000 -0.576360
    endloop
  endfacet
  facet normal -0.751840 0.000000 0.659346
    outer loop
      vertex 0.441360 -1.020000 -0.576360
      vertex 0.441360 1.020000 -0.576360
      vertex 0.433598 1.020000 -0.585211
    endloop
  endfacet
  facet normal 0.751840 -0.000000 -0.659346
    outer loop
      vertex 0.433598 1.020000 -0.585211
      vertex 0.441360 1.020000 -0.576360
      vertex 0.441360 -1.020000 -0.576360
    endloop
  endfacet
  facet normal -0.831470 0.000000 0.555570
    outer loop
      vertex 0.433598 -1.020000 -0.585211
      vertex 0.427058 1.020000 -0.595000
      vertex 0.427058 -1.020000 -0.595000
    endloop
  endfacet
  facet normal 0.831470 -0.000000 -0.555570
    outer loop
      vertex 0.427058 -1.020000 -0.595000
      vertex 0.427058 1.020000 -0.595000
      vertex 0.433598 -1.020000 -0.585211
    endloop
  endfacet
  facet normal -0.831470 0.000000 0.555570
    outer loop
      vertex 0.433598 -1.020000 -0.585211
      vertex 0.433598 1.020000 -0.585211
      vertex 0.427058 1.020000 -0.595000
    endloop
  endfacet
  facet normal 0.831470 -0.000000 -0.555570
    outer loop
      vertex 0.427058 1.020000 -0.595000
      vertex 0.433598 1.020000 -0.585211
      vertex 0.433598 -1.020000 -0.585211
    endloop
  endfacet
  facet normal -0.896873 0.000000 0.442289
    outer loop
      vertex 0.427058 -1.020000 -0.595000
      vertex 0.421851 1.020000 -0.605558
      vertex 0.421851 -1.020000 -0.605558
    endloop
  endfacet
  facet normal 0.896873 -0.000000 -0.442289
    outer loop
      vertex 0.421851 -1.020000 -0.605558
      vertex 0.421851 1.020000 -0.605558
      vertex 0.427058 -1.020000 -0.595000
    endloop
  endfacet
  facet normal -0.896873 0.000000 0.442289
    outer loop
      vertex 0.427058 -1.020000 -0.595000
      vertex 0.427058 1.020000 -0.595000
      vertex 0.421851 1.020000 -0.605558
    endloop
  endfacet
  facet normal 0.896873 -0.000000 -0.442289
    outer loop
      vertex 0.421851 1.020000 -0.605558
      vertex 0.427058 1.020000 -0.595000
      vertex 0.427058 -1.020000 -0.595000
    endloop
  endfacet
  facet normal -0.946930 0.000000 0.321439
    outer loop
      vertex 0.421851 -1.020000 -0.605558
      vertex 0.418067 1.020000 -0.616706
      vertex 0.418067 -1.020000 -0.616706
    endloop
  endfacet
  facet normal 0.946930 -0.000000 -0.321439
    outer loop
      vertex 0.418067 -1.020000 -0.616706
      vertex 0.418067 1.020000 -0.616706
      vertex 0.421851 -1.020000 -0.605558
    endloop
  endfacet
  facet normal -0.946930 0.000000 0.321439
    outer loop
      vertex 0.421851 -1.020000 -0.605558
      vertex 0.421851 1.020000 -0.605558
      vertex 0.418067 1.020000 -0.616706
    endloop
  endfacet
  facet normal 0.946930 -0.000000 -0.321439
    outer loop
      vertex 0.418067 1.020000 -0.616706
      vertex 0.421851 1.020000 -0.605558
      vertex 0.421851 -1.020000 -0.605558
    endloop
  endfacet
  facet normal -0.980785 0.000000 0.195090
    outer loop
      vertex 0.418067 -1.020000 -0.616706
      vertex 0.415770 1.020000 -0.628253
      vertex 0.415770 -1.020000 -0.628253
    endloop
  endfacet
  facet normal 0.980785 -0.000000 -0.195090
    outer loop
      vertex 0.415770 -1.020000 -0.628253
      vertex 0.415770 1.020000 -0.628253
      vertex 0.418067 -1.020000 -0.616706
    endloop
  endfacet
  facet normal -0.980785 0.000000 0.195090
    outer loop
      vertex 0.418067 -1.020000 -0.616706
      vertex 0.418067 1.020000 -0.616706
      vertex 0.415770 1.020000 -0.628253
    endloop
  endfacet
  facet normal 0.980785 -0.000000 -0.195090
    outer loop
      vertex 0.415770 1.020000 -0.628253
      vertex 0.418067 1.020000 -0.616706
      vertex 0.418067 -1.020000 -0.616706
    endloop
  endfacet
  facet normal -0.997859 0.000000 0.065403
    outer loop
      vertex 0.415770 -1.020000 -0.628253
      vertex 0.415000 1.020000 -0.640000
      vertex 0.415000 -1.020000 -0.640000
    endloop
  endfacet
  facet normal 0.997859 -0.000000 -0.065403
    outer loop
      vertex 0.415000 -1.020000 -0.640000
      vertex 0.415000 1.020000 -0.640000
      vertex 0.415770 -1.020000 -0.628253
    endloop
  endfacet
  facet normal -0.997859 0.000000 0.065403
    outer loop
      vertex 0.415770 -1.020000 -0.628253
      vertex 0.415770 1.020000 -0.628253
      vertex 0.415000 1.020000 -0.640000
    endloop
  endfacet
  facet normal 0.997859 -0.000000 -0.065403
    outer loop
      vertex 0.415000 1.020000 -0.640000
      vertex 0.415770 1.020000 -0.628253
      vertex 0.415770 -1.020000 -0.628253
    endloop
  endfacet
  facet normal -0.997859 0.000000 -0.065403
    outer loop
      vertex 0.415000 -1.020000 -0.640000
      vertex 0.415770 1.020000 -0.651747
      vertex 0.415770 -1.020000 -0.651747
    endloop
  endfacet
  facet normal 0.997859 -0.000000 0.065403
    outer loop
      vertex 0.415770 -1.020000 -0.651747
      vertex 0.415770 1.020000 -0.651747
      vertex 0.415000 -1.020000 -0.640000
    endloop
  endfacet
  facet normal -0.997859 0.000000 -0.065403
    outer loop
      vertex 0.415000 -1.020000 -0.640000
      vertex 0.415000 1.020000 -0.640000
      vertex 0.415770 1.020000 -0.651747
    endloop
  endfacet
  facet normal 0.997859 -0.000000 0.065403
    outer loop
      vertex 0.415770 1.020000 -0.651747
      vertex 0.415000 1.020000 -0.640000
      vertex 0.415000 -1.020000 -0.640000
    endloop
  endfacet
  facet normal -0.980785 0.000000 -0.195090
    outer loop
      vertex 0.415770 -1.020000 -0.651747
      vertex 0.418067 1.020000 -0.663294
      vertex 0.418067 -1.020000 -0.663294
    endloop
  endfacet
  facet normal 0.980785 -0.000000 0.195090
    outer loop
      vertex 0.418067 -1.020000 -0.663294
      vertex 0.418067 1.020000 -0.663294
      vertex 0.415770 -1.020000 -0.651747
    endloop
  endfacet
  facet normal -0.980785 0.000000 -0.195090
    outer loop
      vertex 0.415770 -1.020000 -0.651747
      vertex 0.415770 1.020000 -0.651747
      vertex 0.418067 1.020000 -0.663294
    endloop
  endfacet
  facet normal 0.980785 -0.000000 0.195090
    outer loop
      vertex 0.418067 1.020000 -0.663294
      vertex 0.415770 1.020000 -0.651747
      vertex 0.415770 -1.020000 -0.651747
    endloop
  endfacet
  facet normal -0.946930 0.000000 -0.321439
    outer loop
      vertex 0.418067 -1.020000 -0.663294
      vertex 0.421851 1.020000 -0.674442
      vertex 0.421851 -1.020000 -0.674442
    endloop
  endfacet
  facet normal 0.946930 -0.000000 0.321439
    outer loop
      vertex 0.421851 -1.020000 -0.674442
      vertex 0.421851 1.020000 -0.674442
      vertex 0.418067 -1.020000 -0.663294
    endloop
  endfacet
  facet normal -0.946930 0.000000 -0.321439
    outer loop
      vertex 0.418067 -1.020000 -0.663294
      vertex 0.418067 1.020000 -0.663294
      vertex 0.421851 1.020000 -0.674442
    endloop
  endfacet
  facet normal 0.946930 -0.000000 0.321439
    outer loop
      vertex 0.421851 1.020000 -0.674442
      vertex 0.418067 1.020000 -0.663294
      vertex 0.418067 -1.020000 -0.663294
    endloop
  endfacet
  facet normal -0.896873 0.000000 -0.442289
    outer loop
      vertex 0.421851 -1.020000 -0.674442
      vertex 0.427058 1.020000 -0.685000
      vertex 0.427058 -1.020000 -0.685000
    endloop
  endfacet
  facet normal 0.896873 -0.000000 0.442289
    outer loop
      vertex 0.427058 -1.020000 -0.685000
      vertex 0.427058 1.020000 -0.685000
      vertex 0.421851 -1.020000 -0.674442
    endloop
  endfacet
  facet normal -0.896873 0.000000 -0.442289
    outer loop
      vertex 0.421851 -1.020000 -0.674442
      vertex 0.421851 1.020000 -0.674442
      vertex 0.427058 1.020000 -0.685000
    endloop
  endfacet
  facet normal 0.896873 -0.000000 0.442289
    outer loop
      vertex 0.427058 1.020000 -0.685000
      vertex 0.421851 1.020000 -0.674442
      vertex 0.421851 -1.020000 -0.674442
    endloop
  endfacet
  facet normal -0.831470 0.000000 -0.555570
    outer loop
      vertex 0.427058 -1.020000 -0.685000
      vertex 0.433598 1.020000 -0.694789
      vertex 0.433598 -1.020000 -0.694789
    endloop
  endfacet
  facet normal 0.831470 -0.000000 0.555570
    outer loop
      vertex 0.433598 -1.020000 -0.694789
      vertex 0.433598 1.020000 -0.694789
      vertex 0.427058 -1.020000 -0.685000
    endloop
  endfacet
  facet normal -0.831470 0.000000 -0.555570
    outer loop
      vertex 0.427058 -1.020000 -0.685000
      vertex 0.427058 1.020000 -0.685000
      vertex 0.433598 1.020000 -0.694789
    endloop
  endfacet
  facet normal 0.831470 -0.000000 0.555570
    outer loop
      vertex 0.433598 1.020000 -0.694789
      vertex 0.427058 1.020000 -0.685000
      vertex 0.427058 -1.020000 -0.685000
    endloop
  endfacet
  facet normal -0.751840 0.000000 -0.659346
    outer loop
      vertex 0.433598 -1.020000 -0.694789
      vertex 0.441360 1.020000 -0.703640
      vertex 0.441360 -1.020000 -0.703640
    endloop
  endfacet
  facet normal 0.751840 -0.000000 0.659346
    outer loop
      vertex 0.441360 -1.020000 -0.703640
      vertex 0.441360 1.020000 -0.703640
      vertex 0.433598 -1.020000 -0.694789
    endloop
  endfacet
  facet normal -0.751840 0.000000 -0.659346
    outer loop
      vertex 0.433598 -1.020000 -0.694789
      vertex 0.433598 1.020000 -0.694789
      vertex 0.441360 1.020000 -0.703640
    endloop
  endfacet
  facet normal 0.751840 -0.000000 0.659346
    outer loop
      vertex 0.441360 1.020000 -0.703640
      vertex 0.433598 1.020000 -0.694789
      vertex 0.433598 -1.020000 -0.694789
    endloop
  endfacet
  facet normal -0.659346 0.000000 -0.751840
    outer loop
      vertex 0.441360 -1.020000 -0.703640
      vertex 0.450211 1.020000 -0.711402
      vertex 0.450211 -1.020000 -0.711402
    endloop
  endfacet
  facet normal 0.659346 -0.000000 0.751840
    outer loop
      vertex 0.450211 -1.020000 -0.711402
      vertex 0.450211 1.020000 -0.711402
      vertex 0.441360 -1.020000 -0.703640
    endloop
  endfacet
  facet normal -0.659346 0.000000 -0.751840
    outer loop
      vertex 0.441360 -1.020000 -0.703640
      vertex 0.441360 1.020000 -0.703640
      vertex 0.450211 1.020000 -0.711402
    endloop
  endfacet
  facet normal 0.659346 -0.000000 0.751840
    outer loop
      vertex 0.450211 1.020000 -0.711402
      vertex 0.441360 1.020000 -0.703640
      vertex 0.441360 -1.020000 -0.703640
    endloop
  endfacet
  facet normal -0.555570 0.000000 -0.831470
    outer loop
      vertex 0.450211 -1.020000 -0.711402
      vertex 0.460000 1.020000 -0.717942
      vertex 0.460000 -1.020000 -0.717942
    endloop
  endfacet
  facet normal 0.555570 -0.000000 0.831470
    outer loop
      vertex 0.460000 -1.020000 -0.717942
      vertex 0.460000 1.020000 -0.717942
      vertex 0.450211 -1.020000 -0.711402
    endloop
  endfacet
  facet normal -0.555570 0.000000 -0.831470
    outer loop
      vertex 0.450211 -1.020000 -0.711402
      vertex 0.450211 1.020000 -0.711402
      vertex 0.460000 1.020000 -0.717942
    endloop
  endfacet
  facet normal 0.555570 -0.000000 0.831470
    outer loop
      vertex 0.460000 1.020000 -0.717942
      vertex 0.450211 1.020000 -0.711402
      vertex 0.450211 -1.020000 -0.711402
    endloop
  endfacet
  facet normal -0.442289 0.000000 -0.896873
    outer loop
      vertex 0.460000 -1.020000 -0.717942
      vertex 0.470558 1.020000 -0.723149
      vertex 0.470558 -1.020000 -0.723149
    endloop
  endfacet
  facet normal 0.442289 -0.000000 0.896873
    outer loop
      vertex 0.470558 -1.020000 -0.723149
      vertex 0.470558 1.020000 -0.723149
      vertex 0.460000 -1.020000 -0.717942
    endloop
  endfacet
  facet normal -0.442289 0.000000 -0.896873
    outer loop
      vertex 0.460000 -1.020000 -0.717942
      vertex 0.460000 1.020000 -0.717942
      vertex 0.470558 1.020000 -0.723149
    endloop
  endfacet
  facet normal 0.442289 -0.000000 0.896873
    outer loop
      vertex 0.470558 1.020000 -0.723149
      vertex 0.460000 1.020000 -0.717942
      vertex 0.460000 -1.020000 -0.717942
    endloop
  endfacet
  facet normal -0.321439 0.000000 -0.946930
    outer loop
      vertex 0.470558 -1.020000 -0.723149
      vertex 0.481706 1.020000 -0.726933
      vertex 0.481706 -1.020000 -0.726933
    endloop
  endfacet
  facet normal 0.321439 -0.000000 0.946930
    outer loop
      vertex 0.481706 -1.020000 -0.726933
      vertex 0.481706 1.020000 -0.726933
      vertex 0.470558 -1.020000 -0.723149
    endloop
  endfacet
  facet normal -0.321439 0.000000 -0.946930
    outer loop
      vertex 0.470558 -1.020000 -0.723149
      vertex 0.470558 1.020000 -0.723149
      vertex 0.481706 1.020000 -0.726933
    endloop
  endfacet
  facet normal 0.321439 -0.000000 0.946930
    outer loop
      vertex 0.481706 1.020000 -0.726933
      vertex 0.470558 1.020000 -0.723149
      vertex 0.470558 -1.020000 -0.723149
    endloop
  endfacet
  facet normal -0.195090 0.000000 -0.980785
    outer loop
      vertex 0.481706 -1.020000 -0.726933
      vertex 0.493253 1.020000 -0.729230
      vertex 0.493253 -1.020000 -0.729230
    endloop
  endfacet
  facet normal 0.195090 -0.000000 0.980785
    outer loop
      vertex 0.493253 -1.020000 -0.729230
      vertex 0.493253 1.020000 -0.729230
      vertex 0.481706 -1.020000 -0.726933
    endloop
  endfacet
  facet normal -0.195090 0.000000 -0.980785
    outer loop
      vertex 0.481706 -1.020000 -0.726933
      vertex 0.481706 1.020000 -0.726933
      vertex 0.493253 1.020000 -0.729230
    endloop
  endfacet
  facet normal 0.195090 -0.000000 0.980785
    outer loop
      vertex 0.493253 1.020000 -0.729230
      vertex 0.481706 1.020000 -0.726933
      vertex 0.481706 -1.020000 -0.726933
    endloop
  endfacet
  facet normal -0.065403 0.000000 -0.997859
    outer loop
      vertex 0.493253 -1.020000 -0.729230
      vertex 0.505000 1.020000 -0.730000
      vertex 0.505000 -1.020000 -0.730000
    endloop
  endfacet
  facet normal 0.065403 -0.000000 0.997859
    outer loop
      vertex 0.505000 -1.020000 -0.730000
      vertex 0.505000 1.020000 -0.730000
      vertex 0.493253 -1.020000 -0.729230
    endloop
  endfacet
  facet normal -0.065403 0.000000 -0.997859
    outer loop
      vertex 0.493253 -1.020000 -0.729230
      vertex 0.493253 1.020000 -0.729230
      vertex 0.505000 1.020000 -0.730000
    endloop
  endfacet
  facet normal 0.065403 -0.000000 0.997859
    outer loop
      vertex 0.505000 1.020000 -0.730000
      vertex 0.493253 1.020000 -0.729230
      vertex 0.493253 -1.020000 -0.729230
    endloop
  endfacet
  facet normal 0.065403 0.000000 -0.997859
    outer loop
      vertex 0.505000 -1.020000 -0.730000
      vertex 0.516747 1.020000 -0.729230
      vertex 0.516747 -1.020000 -0.729230
    endloop
  endfacet
  facet normal -0.065403 -0.000000 0.997859
    outer loop
      vertex 0.516747 -1.020000 -0.729230
      vertex 0.516747 1.020000 -0.729230
      vertex 0.505000 -1.020000 -0.730000
    endloop
  endfacet
  facet normal 0.065403 0.000000 -0.997859
    outer loop
      vertex 0.505000 -1.020000 -0.730000
      vertex 0.505000 1.020000 -0.730000
      vertex 0.516747 1.020000 -0.729230
    endloop
  endfacet
  facet normal -0.065403 -0.000000 0.997859
    outer loop
      vertex 0.516747 1.020000 -0.729230
      vertex 0.505000 1.020000 -0.730000
      vertex 0.505000 -1.020000 -0.730000
    endloop
  endfacet
  facet normal 0.195090 0.000000 -0.980785
    outer loop
      vertex 0.516747 -1.020000 -0.729230
      vertex 0.528294 1.020000 -0.726933
      vertex 0.528294 -1.020000 -0.726933
    endloop
  endfacet
  facet normal -0.195090 -0.000000 0.980785
    outer loop
      vertex 0.528294 -1.020000 -0.726933
      vertex 0.528294 1.020000 -0.726933
      vertex 0.516747 -1.020000 -0.729230
    endloop
  endfacet
  facet normal 0.195090 0.000000 -0.980785
    outer loop
      vertex 0.516747 -1.020000 -0.729230
      vertex 0.516747 1.020000 -0.729230
      vertex 0.528294 1.020000 -0.726933
    endloop
  endfacet
  facet normal -0.195090 -0.000000 0.980785
    outer loop
      vertex 0.528294 1.020000 -0.726933
      vertex 0.516747 1.020000 -0.729230
      vertex 0.516747 -1.020000 -0.729230
    endloop
  endfacet
  facet normal 0.321439 0.000000 -0.946930
    outer loop
      vertex 0.528294 -1.020000 -0.726933
      vertex 0.539442 1.020000 -0.723149
      vertex 0.539442 -1.020000 -0.723149
    endloop
  endfacet
  facet normal -0.321439 -0.000000 0.946930
    outer loop
      vertex 0.539442 -1.020000 -0.723149
      vertex 0.539442 1.020000 -0.723149
      vertex 0.528294 -1.020000 -0.726933
    endloop
  endfacet
  facet normal 0.321439 0.000000 -0.946930
    outer loop
      vertex 0.528294 -1.020000 -0.726933
      vertex 0.528294 1.020000 -0.726933
      vertex 0.539442 1.020000 -0.723149
    endloop
  endfacet
  facet normal -0.321439 -0.000000 0.946930
    outer loop
      vertex 0.539442 1.020000 -0.723149
      vertex 0.528294 1.020000 -0.726933
      vertex 0.528294 -1.020000 -0.726933
    endloop
  endfacet
  facet normal 0.442289 0.000000 -0.896873
    outer loop
      vertex 0.539442 -1.020000 -0.723149
      vertex 0.550000 1.020000 -0.717942
      vertex 0.550000 -1.020000 -0.717942
    endloop
  endfacet
  facet normal -0.442289 -0.000000 0.896873
    outer loop
      vertex 0.550000 -1.020000 -0.717942
      vertex 0.550000 1.020000 -0.717942
      vertex 0.539442 -1.020000 -0.723149
    endloop
  endfacet
  facet normal 0.442289 0.000000 -0.896873
    outer loop
      vertex 0.539442 -1.020000 -0.723149
      vertex 0.539442 1.020000 -0.723149
      vertex 0.550000 1.020000 -0.717942
    endloop
  endfacet
  facet normal -0.442289 -0.000000 0.896873
    outer loop
      vertex 0.550000 1.020000 -0.717942
      vertex 0.539442 1.020000 -0.723149
      vertex 0.539442 -1.020000 -0.723149
    endloop
  endfacet
  facet normal 0.555570 0.000000 -0.831470
    outer loop
      vertex 0.550000 -1.020000 -0.717942
      vertex 0.559789 1.020000 -0.711402
      vertex 0.559789 -1.020000 -0.711402
    endloop
  endfacet
  facet normal -0.555570 -0.000000 0.831470
    outer loop
      vertex 0.559789 -1.020000 -0.711402
      vertex 0.559789 1.020000 -0.711402
      vertex 0.550000 -1.020000 -0.717942
    endloop
  endfacet
  facet normal 0.555570 0.000000 -0.831470
    outer loop
      vertex 0.550000 -1.020000 -0.717942
      vertex 0.550000 1.020000 -0.717942
      vertex 0.559789 1.020000 -0.711402
    endloop
  endfacet
  facet normal -0.555570 -0.000000 0.831470
    outer loop
      vertex 0.559789 1.020000 -0.711402
      vertex 0.550000 1.020000 -0.717942
      vertex 0.550000 -1.020000 -0.717942
    endloop
  endfacet
  facet normal 0.659346 0.000000 -0.751840
    outer loop
      vertex 0.559789 -1.020000 -0.711402
      vertex 0.568640 1.020000 -0.703640
      vertex 0.568640 -1.020000 -0.703640
    endloop
  endfacet
  facet normal -0.659346 -0.000000 0.751840
    outer loop
      vertex 0.568640 -1.020000 -0.703640
      vertex 0.568640 1.020000 -0.703640
      vertex 0.559789 -1.020000 -0.711402
    endloop
  endfacet
  facet normal 0.659346 0.000000 -0.751840
    outer loop
      vertex 0.559789 -1.020000 -0.711402
      vertex 0.559789 1.020000 -0.711402
      vertex 0.568640 1.020000 -0.703640
    endloop
  endfacet
  facet normal -0.659346 -0.000000 0.751840
    outer loop
      vertex 0.568640 1.020000 -0.703640
      vertex 0.559789 1.020000 -0.711402
      vertex 0.559789 -1.020000 -0.711402
    endloop
  endfacet
  facet normal 0.751840 0.000000 -0.659346
    outer loop
      vertex 0.568640 -1.020000 -0.703640
      vertex 0.576402 1.020000 -0.694789
      vertex 0.576402 -1.020000 -0.694789
    endloop
  endfacet
  facet normal -0.751840 -0.000000 0.659346
    outer loop
      vertex 0.576402 -1.020000 -0.694789
      vertex 0.576402 1.020000 -0.694789
      vertex 0.568640 -1.020000 -0.703640
    endloop
  endfacet
  facet normal 0.751840 0.000000 -0.659346
    outer loop
      vertex 0.568640 -1.020000 -0.703640
      vertex 0.568640 1.020000 -0.703640
      vertex 0.576402 1.020000 -0.694789
    endloop
  endfacet
  facet normal -0.751840 -0.000000 0.659346
    outer loop
      vertex 0.576402 1.020000 -0.694789
      vertex 0.568640 1.020000 -0.703640
      vertex 0.568640 -1.020000 -0.703640
    endloop
  endfacet
  facet normal 0.831470 0.000000 -0.555570
    outer loop
      vertex 0.576402 -1.020000 -0.694789
      vertex 0.582942 1.020000 -0.685000
      vertex 0.582942 -1.020000 -0.685000
    endloop
  endfacet
  facet normal -0.831470 -0.000000 0.555570
    outer loop
      vertex 0.582942 -1.020000 -0.685000
      vertex 0.582942 1.020000 -0.685000
      vertex 0.576402 -1.020000 -0.694789
    endloop
  endfacet
  facet normal 0.831470 0.000000 -0.555570
    outer loop
      vertex 0.576402 -1.020000 -0.694789
      vertex 0.576402 1.020000 -0.694789
      vertex 0.582942 1.020000 -0.685000
    endloop
  endfacet
  facet normal -0.831470 -0.000000 0.555570
    outer loop
      vertex 0.582942 1.020000 -0.685000
      vertex 0.576402 1.020000 -0.694789
      vertex 0.576402 -1.020000 -0.694789
    endloop
  endfacet
  facet normal 0.896873 0.000000 -0.442289
    outer loop
      vertex 0.582942 -1.020000 -0.685000
      vertex 0.588149 1.020000 -0.674442
      vertex 0.588149 -1.020000 -0.674442
    endloop
  endfacet
  facet normal -0.896873 -0.000000 0.442289
    outer loop
      vertex 0.588149 -1.020000 -0.674442
      vertex 0.588149 1.020000 -0.674442
      vertex 0.582942 -1.020000 -0.685000
    endloop
  endfacet
  facet normal 0.896873 0.000000 -0.442289
    outer loop
      vertex 0.582942 -1.020000 -0.685000
      vertex 0.582942 1.020000 -0.685000
      vertex 0.588149 1.020000 -0.674442
    endloop
  endfacet
  facet normal -0.896873 -0.000000 0.442289
    outer loop
      vertex 0.588149 1.020000 -0.674442
      vertex 0.582942 1.020000 -0.685000
      vertex 0.582942 -1.020000 -0.685000
    endloop
  endfacet
  facet normal 0.946930 0.000000 -0.321439
    outer loop
      vertex 0.588149 -1.020000 -0.674442
      vertex 0.591933 1.020000 -0.663294
      vertex 0.591933 -1.020000 -0.663294
    endloop
  endfacet
  facet normal -0.946930 -0.000000 0.321439
    outer loop
      vertex 0.591933 -1.020000 -0.663294
      vertex 0.591933 1.020000 -0.663294
      vertex 0.588149 -1.020000 -0.674442
    endloop
  endfacet
  facet normal 0.946930 0.000000 -0.321439
    outer loop
      vertex 0.588149 -1.020000 -0.674442
      vertex 0.588149 1.020000 -0.674442
      vertex 0.591933 1.020000 -0.663294
    endloop
  endfacet
  facet normal -0.946930 -0.000000 0.321439
    outer loop
      vertex 0.591933 1.020000 -0.663294
      vertex 0.588149 1.020000 -0.674442
      vertex 0.588149 -1.020000 -0.674442
    endloop
  endfacet
  facet normal 0.980785 0.000000 -0.195090
    outer loop
      vertex 0.591933 -1.020000 -0.663294
      vertex 0.594230 1.020000 -0.651747
      vertex 0.594230 -1.020000 -0.651747
    endloop
  endfacet
  facet normal -0.980785 -0.000000 0.195090
    outer loop
      vertex 0.594230 -1.020000 -0.651747
      vertex 0.594230 1.020000 -0.651747
      vertex 0.591933 -1.020000 -0.663294
    endloop
  endfacet
  facet normal 0.980785 0.000000 -0.195090
    outer loop
      vertex 0.591933 -1.020000 -0.663294
      vertex 0.591933 1.020000 -0.663294
      vertex 0.594230 1.020000 -0.651747
    endloop
  endfacet
  facet normal -0.980785 -0.000000 0.195090
    outer loop
      vertex 0.594230 1.020000 -0.651747
      vertex 0.591933 1.020000 -0.663294
      vertex 0.591933 -1.020000 -0.663294
    endloop
  endfacet
  facet normal 0.997859 0.000000 -0.065403
    outer loop
      vertex 0.594230 -1.020000 -0.651747
      vertex 0.595000 1.020000 -0.640000
      vertex 0.595000 -1.020000 -0.640000
    endloop
  endfacet
  facet normal -0.997859 -0.000000 0.065403
    outer loop
      vertex 0.595000 -1.020000 -0.640000
      vertex 0.595000 1.020000 -0.640000
      vertex 0.594230 -1.020000 -0.651747
    endloop
  endfacet
  facet normal 0.997859 0.000000 -0.065403
    outer loop
      vertex 0.594230 -1.020000 -0.651747
      vertex 0.594230 1.020000 -0.651747
      vertex 0.595000 1.020000 -0.640000
    endloop
  endfacet
  facet normal -0.997859 -0.000000 0.065403
    outer loop
      vertex 0.595000 1.020000 -0.640000
      vertex 0.594230 1.020000 -0.651747
      vertex 0.594230 -1.020000 -0.651747
    endloop
  endfacet
  facet normal 0.997859 0.000000 0.065403
    outer loop
      vertex 0.595000 -1.020000 -0.640000
      vertex 0.594230 1.020000 -0.628253
      vertex 0.594230 -1.020000 -0.628253
    endloop
  endfacet
  facet normal -0.997859 -0.000000 -0.065403
    outer loop
      vertex 0.594230 -1.020000 -0.628253
      vertex 0.594230 1.020000 -0.628253
      vertex 0.595000 -1.020000 -0.640000
    endloop
  endfacet
  facet normal 0.997859 -0.000000 0.065403
    outer loop
      vertex 0.595000 -1.020000 -0.640000
      vertex 0.595000 1.020000 -0.640000
      vertex 0.594230 1.020000 -0.628253
    endloop
  endfacet
  facet normal -0.997859 0.000000 -0.065403
    outer loop
      vertex 0.594230 1.020000 -0.628253
      vertex 0.595000 1.020000 -0.640000
      vertex 0.595000 -1.020000 -0.640000
    endloop
  endfacet
endsolid mesh
