solid mesh
  facet normal 0.000000 1.000000 0.000000
    outer loop
      vertex -0.781467 -1.020000 2.606547
      vertex -0.785094 -1.020000 2.602032
      vertex -0.783390 -1.020000 2.604377
    endloop
  endfacet
  facet normal -0.000000 -1.000000 -0.000000
    outer loop
      vertex -0.783390 -1.020000 2.604377
      vertex -0.785094 -1.020000 2.602032
      vertex -0.781467 -1.020000 2.606547
    endloop
  endfacet
  facet normal 0.000000 -1.000000 0.000000
    outer loop
      vertex -0.781467 1.020000 2.606547
      vertex -0.783390 1.020000 2.604377
      vertex -0.785094 1.020000 2.602032
    endloop
  endfacet
  facet normal -0.000000 1.000000 -0.000000
    outer loop
      vertex -0.785094 1.020000 2.602032
      vertex -0.783390 1.020000 2.604377
      vertex -0.781467 1.020000 2.606547
    endloop
  endfacet
  facet normal 0.000000 1.000000 0.000000
    outer loop
      vertex -0.781467 -1.020000 2.606547
      vertex -0.786563 -1.020000 2.599533
      vertex -0.785094 -1.020000 2.602032
    endloop
  endfacet
  facet normal -0.000000 -1.000000 -0.000000
    outer loop
      vertex -0.785094 -1.020000 2.602032
      vertex -0.786563 -1.020000 2.599533
      vertex -0.781467 -1.020000 2.606547
    endloop
  endfacet
  facet normal 0.000000 -1.000000 0.000000
    outer loop
      vertex -0.781467 1.020000 2.606547
      vertex -0.785094 1.020000 2.602032
      vertex -0.786563 1.020000 2.599533
    endloop
  endfacet
  facet normal -0.000000 1.000000 -0.000000
    outer loop
      vertex -0.786563 1.020000 2.599533
      vertex -0.785094 1.020000 2.602032
      vertex -0.781467 1.020000 2.606547
    endloop
  endfacet
  facet normal -0.000000 1.000000 0.000000
    outer loop
      vertex -0.781467 -1.020000 2.606547
      vertex -0.774578 -1.020000 2.611811
      vertex -0.786563 -1.020000 2.599533
    endloop
  endfacet
  facet normal 0.000000 -1.000000 -0.000000
    outer loop
      vertex -0.786563 -1.020000 2.599533
      vertex -0.774578 -1.020000 2.611811
      vertex -0.781467 -1.020000 2.606547
    endloop
  endfacet
  facet normal 0.000000 -1.000000 -0.000000
    outer loop
      vertex -0.781467 1.020000 2.606547
      vertex -0.786563 1.020000 2.599533
      vertex -0.774578 1.020000 2.611811
    endloop
  endfacet
  facet normal -0.000000 1.000000 0.000000
    outer loop
      vertex -0.774578 1.020000 2.611811
      vertex -0.786563 1.020000 2.599533
      vertex -0.781467 1.020000 2.606547
    endloop
  endfacet
  facet normal 0.000000 1.000000 0.000000
    outer loop
      vertex -0.781467 -1.020000 2.606547
      vertex -0.779344 -1.020000 2.608521
      vertex -0.774578 -1.020000 2.611811
    endloop
  endfacet
  facet normal -0.000000 -1.000000 -0.000000
    outer loop
      vertex -0.774578 -1.020000 2.611811
      vertex -0.779344 -1.020000 2.608521
      vertex -0.781467 -1.020000 2.606547
    endloop
  endfacet
  facet normal 0.000000 -1.000000 0.000000
    outer loop
      vertex -0.781467 1.020000 2.606547
      vertex -0.774578 1.020000 2.611811
      vertex -0.779344 1.020000 2.608521
    endloop
  endfacet
  facet normal -0.000000 1.000000 -0.000000
    outer loop
      vertex -0.779344 1.020000 2.608521
      vertex -0.774578 1.020000 2.611811
      vertex -0.781467 1.020000 2.606547
    endloop
  endfacet
  facet normal 0.000000 1.000000 0.000000
    outer loop
      vertex -0.779344 -1.020000 2.608521
      vertex -0.777041 -1.020000 2.610281
      vertex -0.774578 -1.020000 2.611811
    endloop
  endfacet
  facet normal -0.000000 -1.000000 -0.000000
    outer loop
      vertex -0.774578 -1.020000 2.611811
      vertex -0.777041 -1.020000 2.610281
      vertex -0.779344 -1.020000 2.608521
    endloop
  endfacet
  facet normal 0.000000 -1.000000 0.000000
    outer loop
      vertex -0.779344 1.020000 2.608521
      vertex -0.774578 1.020000 2.611811
      vertex -0.777041 1.020000 2.610281
    endloop
  endfacet
  facet normal -0.000000 1.000000 -0.000000
    outer loop
      vertex -0.777041 1.020000 2.610281
      vertex -0.774578 1.020000 2.611811
      vertex -0.779344 1.020000 2.608521
    endloop
  endfacet
  facet normal -0.000000 1.000000 0.000000
    outer loop
      vertex -0.774578 -1.020000 2.611811
      vertex -0.769269 -1.020000 2.614123
      vertex -0.786563 -1.020000 2.599533
    endloop
  endfacet
  facet normal 0.000000 -1.000000 -0.000000
    outer loop
      vertex -0.786563 -1.020000 2.599533
      vertex -0.769269 -1.020000 2.614123
      vertex -0.774578 -1.020000 2.611811
    endloop
  endfacet
  facet normal 0.000000 -1.000000 -0.000000
    outer loop
      vertex -0.774578 1.020000 2.611811
      vertex -0.786563 1.020000 2.599533
      vertex -0.769269 1.020000 2.614123
    endloop
  endfacet
  facet normal -0.000000 1.000000 0.000000
    outer loop
      vertex -0.769269 1.020000 2.614123
      vertex -0.786563 1.020000 2.599533
      vertex -0.774578 1.020000 2.611811
    endloop
  endfacet
  facet normal 0.000000 1.000000 0.000000
    outer loop
      vertex -0.774578 -1.020000 2.611811
      vertex -0.771979 -1.020000 2.613096
      vertex -0.769269 -1.020000 2.614123
    endloop
  endfacet
  facet normal -0.000000 -1.000000 -0.000000
    outer loop
      vertex -0.769269 -1.020000 2.614123
      vertex -0.771979 -1.020000 2.613096
      vertex -0.774578 -1.020000 2.611811
    endloop
  endfacet
  facet normal 0.000000 -1.000000 0.000000
    outer loop
      vertex -0.774578 1.020000 2.611811
      vertex -0.769269 1.020000 2.614123
      vertex -0.771979 1.020000 2.613096
    endloop
  endfacet
  facet normal -0.000000 1.000000 -0.000000
    outer loop
      vertex -0.771979 1.020000 2.613096
      vertex -0.769269 1.020000 2.614123
      vertex -0.774578 1.020000 2.611811
    endloop
  endfacet
  facet normal -0.000000 1.000000 0.000000
    outer loop
      vertex -0.769269 -1.020000 2.614123
      vertex -0.754947 -1.020000 2.615163
      vertex -0.786563 -1.020000 2.599533
    endloop
  endfacet
  facet normal 0.000000 -1.000000 -0.000000
    outer loop
      vertex -0.786563 -1.020000 2.599533
      vertex -0.754947 -1.020000 2.615163
      vertex -0.769269 -1.020000 2.614123
    endloop
  endfacet
  facet normal 0.000000 -1.000000 -0.000000
    outer loop
      vertex -0.769269 1.020000 2.614123
      vertex -0.786563 1.020000 2.599533
      vertex -0.754947 1.020000 2.615163
    endloop
  endfacet
  facet normal -0.000000 1.000000 0.000000
    outer loop
      vertex -0.754947 1.020000 2.615163
      vertex -0.786563 1.020000 2.599533
      vertex -0.769269 1.020000 2.614123
    endloop
  endfacet
  facet normal 0.000000 1.000000 0.000000
    outer loop
      vertex -0.769269 -1.020000 2.614123
      vertex -0.760723 -1.020000 2.615582
      vertex -0.754947 -1.020000 2.615163
    endloop
  endfacet
  facet normal -0.000000 -1.000000 -0.000000
    outer loop
      vertex -0.754947 -1.020000 2.615163
      vertex -0.760723 -1.020000 2.615582
      vertex -0.769269 -1.020000 2.614123
    endloop
  endfacet
  facet normal 0.000000 -1.000000 0.000000
    outer loop
      vertex -0.769269 1.020000 2.614123
      vertex -0.754947 1.020000 2.615163
      vertex -0.760723 1.020000 2.615582
    endloop
  endfacet
  facet normal -0.000000 1.000000 -0.000000
    outer loop
      vertex -0.760723 1.020000 2.615582
      vertex -0.754947 1.020000 2.615163
      vertex -0.769269 1.020000 2.614123
    endloop
  endfacet
  facet normal 0.000000 1.000000 0.000000
    outer loop
      vertex -0.769269 -1.020000 2.614123
      vertex -0.766472 -1.020000 2.614885
      vertex -0.760723 -1.020000 2.615582
    endloop
  endfacet
  facet normal -0.000000 -1.000000 -0.000000
    outer loop
      vertex -0.760723 -1.020000 2.615582
      vertex -0.766472 -1.020000 2.614885
      vertex -0.769269 -1.020000 2.614123
    endloop
  endfacet
  facet normal 0.000000 -1.000000 0.000000
    outer loop
      vertex -0.769269 1.020000 2.614123
      vertex -0.760723 1.020000 2.615582
      vertex -0.766472 1.020000 2.614885
    endloop
  endfacet
  facet normal -0.000000 1.000000 -0.000000
    outer loop
      vertex -0.766472 1.020000 2.614885
      vertex -0.760723 1.020000 2.615582
      vertex -0.769269 1.020000 2.614123
    endloop
  endfacet
  facet normal 0.000000 1.000000 0.000000
    outer loop
      vertex -0.766472 -1.020000 2.614885
      vertex -0.763614 -1.020000 2.615373
      vertex -0.760723 -1.020000 2.615582
    endloop
  endfacet
  facet normal -0.000000 -1.000000 -0.000000
    outer loop
      vertex -0.760723 -1.020000 2.615582
      vertex -0.763614 -1.020000 2.615373
      vertex -0.766472 -1.020000 2.614885
    endloop
  endfacet
  facet normal 0.000000 -1.000000 0.000000
    outer loop
      vertex -0.766472 1.020000 2.614885
      vertex -0.760723 1.020000 2.615582
      vertex -0.763614 1.020000 2.615373
    endloop
  endfacet
  facet normal -0.000000 1.000000 -0.000000
    outer loop
      vertex -0.763614 1.020000 2.615373
      vertex -0.760723 1.020000 2.615582
      vertex -0.766472 1.020000 2.614885
    endloop
  endfacet
  facet normal 0.000000 1.000000 0.000000
    outer loop
      vertex -0.760723 -1.020000 2.615582
      vertex -0.757825 -1.020000 2.615512
      vertex -0.754947 -1.020000 2.615163
    endloop
  endfacet
  facet normal -0.000000 -1.000000 -0.000000
    outer loop
      vertex -0.754947 -1.020000 2.615163
      vertex -0.757825 -1.020000 2.615512
      vertex -0.760723 -1.020000 2.615582
    endloop
  endfacet
  facet normal 0.000000 -1.000000 0.000000
    outer loop
      vertex -0.760723 1.020000 2.615582
      vertex -0.754947 1.020000 2.615163
      vertex -0.757825 1.020000 2.615512
    endloop
  endfacet
  facet normal -0.000000 1.000000 -0.000000
    outer loop
      vertex -0.757825 1.020000 2.615512
      vertex -0.754947 1.020000 2.615163
      vertex -0.760723 1.020000 2.615582
    endloop
  endfacet
  facet normal 0.000000 1.000000 0.000000
    outer loop
      vertex -0.754947 -1.020000 2.615163
      vertex -0.746702 -1.020000 2.612483
      vertex -0.786563 -1.020000 2.599533
    endloop
  endfacet
  facet normal -0.000000 -1.000000 -0.000000
    outer loop
      vertex -0.786563 -1.020000 2.599533
      vertex -0.746702 -1.020000 2.612483
      vertex -0.754947 -1.020000 2.615163
    endloop
  endfacet
  facet normal 0.000000 -1.000000 -0.000000
    outer loop
      vertex -0.754947 1.020000 2.615163
      vertex -0.786563 1.020000 2.599533
      vertex -0.746702 1.020000 2.612483
    endloop
  endfacet
  facet normal -0.000000 1.000000 0.000000
    outer loop
      vertex -0.746702 1.020000 2.612483
      vertex -0.786563 1.020000 2.599533
      vertex -0.754947 1.020000 2.615163
    endloop
  endfacet
  facet normal 0.000000 1.000000 0.000000
    outer loop
      vertex -0.754947 -1.020000 2.615163
      vertex -0.752116 -1.020000 2.614537
      vertex -0.746702 -1.020000 2.612483
    endloop
  endfacet
  facet normal -0.000000 -1.000000 -0.000000
    outer loop
      vertex -0.746702 -1.020000 2.612483
      vertex -0.752116 -1.020000 2.614537
      vertex -0.754947 -1.020000 2.615163
    endloop
  endfacet
  facet normal 0.000000 -1.000000 0.000000
    outer loop
      vertex -0.754947 1.020000 2.615163
      vertex -0.746702 1.020000 2.612483
      vertex -0.752116 1.020000 2.614537
    endloop
  endfacet
  facet normal -0.000000 1.000000 -0.000000
    outer loop
      vertex -0.752116 1.020000 2.614537
      vertex -0.746702 1.020000 2.612483
      vertex -0.754947 1.020000 2.615163
    endloop
  endfacet
  facet normal 0.000000 1.000000 0.000000
    outer loop
      vertex -0.752116 -1.020000 2.614537
      vertex -0.749359 -1.020000 2.613641
      vertex -0.746702 -1.020000 2.612483
    endloop
  endfacet
  facet normal -0.000000 -1.000000 -0.000000
    outer loop
      vertex -0.746702 -1.020000 2.612483
      vertex -0.749359 -1.020000 2.613641
      vertex -0.752116 -1.020000 2.614537
    endloop
  endfacet
  facet normal 0.000000 -1.000000 0.000000
    outer loop
      vertex -0.752116 1.020000 2.614537
      vertex -0.746702 1.020000 2.612483
      vertex -0.749359 1.020000 2.613641
    endloop
  endfacet
  facet normal -0.000000 1.000000 -0.000000
    outer loop
      vertex -0.749359 1.020000 2.613641
      vertex -0.746702 1.020000 2.612483
      vertex -0.752116 1.020000 2.614537
    endloop
  endfacet
  facet normal 0.000000 1.000000 0.000000
    outer loop
      vertex -0.746702 -1.020000 2.612483
      vertex -0.735727 -1.020000 2.603222
      vertex -0.786563 -1.020000 2.599533
    endloop
  endfacet
  facet normal -0.000000 -1.000000 -0.000000
    outer loop
      vertex -0.786563 -1.020000 2.599533
      vertex -0.735727 -1.020000 2.603222
      vertex -0.746702 -1.020000 2.612483
    endloop
  endfacet
  facet normal 0.000000 -1.000000 -0.000000
    outer loop
      vertex -0.746702 1.020000 2.612483
      vertex -0.786563 1.020000 2.599533
      vertex -0.735727 1.020000 2.603222
    endloop
  endfacet
  facet normal -0.000000 1.000000 0.000000
    outer loop
      vertex -0.735727 1.020000 2.603222
      vertex -0.786563 1.020000 2.599533
      vertex -0.746702 1.020000 2.612483
    endloop
  endfacet
  facet normal 0.000000 1.000000 0.000000
    outer loop
      vertex -0.746702 -1.020000 2.612483
      vertex -0.737542 -1.020000 2.605482
      vertex -0.735727 -1.020000 2.603222
    endloop
  endfacet
  facet normal -0.000000 -1.000000 -0.000000
    outer loop
      vertex -0.735727 -1.020000 2.603222
      vertex -0.737542 -1.020000 2.605482
      vertex -0.746702 -1.020000 2.612483
    endloop
  endfacet
  facet normal 0.000000 -1.000000 0.000000
    outer loop
      vertex -0.746702 1.020000 2.612483
      vertex -0.735727 1.020000 2.603222
      vertex -0.737542 1.020000 2.605482
    endloop
  endfacet
  facet normal -0.000000 1.000000 -0.000000
    outer loop
      vertex -0.737542 1.020000 2.605482
      vertex -0.735727 1.020000 2.603222
      vertex -0.746702 1.020000 2.612483
    endloop
  endfacet
  facet normal 0.000000 1.000000 0.000000
    outer loop
      vertex -0.746702 -1.020000 2.612483
      vertex -0.744168 -1.020000 2.611074
      vertex -0.737542 -1.020000 2.605482
    endloop
  endfacet
  facet normal -0.000000 -1.000000 -0.000000
    outer loop
      vertex -0.737542 -1.020000 2.605482
      vertex -0.744168 -1.020000 2.611074
      vertex -0.746702 -1.020000 2.612483
    endloop
  endfacet
  facet normal 0.000000 -1.000000 0.000000
    outer loop
      vertex -0.746702 1.020000 2.612483
      vertex -0.737542 1.020000 2.605482
      vertex -0.744168 1.020000 2.611074
    endloop
  endfacet
  facet normal -0.000000 1.000000 -0.000000
    outer loop
      vertex -0.744168 1.020000 2.611074
      vertex -0.737542 1.020000 2.605482
      vertex -0.746702 1.020000 2.612483
    endloop
  endfacet
  facet normal 0.000000 1.000000 0.000000
    outer loop
      vertex -0.744168 -1.020000 2.611074
      vertex -0.739567 -1.020000 2.607557
      vertex -0.737542 -1.020000 2.605482
    endloop
  endfacet
  facet normal -0.000000 -1.000000 -0.000000
    outer loop
      vertex -0.737542 -1.020000 2.605482
      vertex -0.739567 -1.020000 2.607557
      vertex -0.744168 -1.020000 2.611074
    endloop
  endfacet
  facet normal 0.000000 -1.000000 0.000000
    outer loop
      vertex -0.744168 1.020000 2.611074
      vertex -0.737542 1.020000 2.605482
      vertex -0.739567 1.020000 2.607557
    endloop
  endfacet
  facet normal -0.000000 1.000000 -0.000000
    outer loop
      vertex -0.739567 1.020000 2.607557
      vertex -0.737542 1.020000 2.605482
      vertex -0.744168 1.020000 2.611074
    endloop
  endfacet
  facet normal 0.000000 1.000000 0.000000
    outer loop
      vertex -0.744168 -1.020000 2.611074
      vertex -0.741783 -1.020000 2.609427
      vertex -0.739567 -1.020000 2.607557
    endloop
  endfacet
  facet normal -0.000000 -1.000000 -0.000000
    outer loop
      vertex -0.739567 -1.020000 2.607557
      vertex -0.741783 -1.020000 2.609427
      vertex -0.744168 -1.020000 2.611074
    endloop
  endfacet
  facet normal 0.000000 -1.000000 0.000000
    outer loop
      vertex -0.744168 1.020000 2.611074
      vertex -0.739567 1.020000 2.607557
      vertex -0.741783 1.020000 2.609427
    endloop
  endfacet
  facet normal -0.000000 1.000000 -0.000000
    outer loop
      vertex -0.741783 1.020000 2.609427
      vertex -0.739567 1.020000 2.607557
      vertex -0.744168 1.020000 2.611074
    endloop
  endfacet
  facet normal 0.000000 1.000000 0.000000
    outer loop
      vertex -0.735727 -1.020000 2.603222
      vertex -0.789860 -1.020000 2.588487
      vertex -0.786563 -1.020000 2.599533
    endloop
  endfacet
  facet normal -0.000000 -1.000000 -0.000000
    outer loop
      vertex -0.786563 -1.020000 2.599533
      vertex -0.789860 -1.020000 2.588487
      vertex -0.735727 -1.020000 2.603222
    endloop
  endfacet
  facet normal 0.000000 -1.000000 0.000000
    outer loop
      vertex -0.735727 1.020000 2.603222
      vertex -0.786563 1.020000 2.599533
      vertex -0.789860 1.020000 2.588487
    endloop
  endfacet
  facet normal -0.000000 1.000000 -0.000000
    outer loop
      vertex -0.789860 1.020000 2.588487
      vertex -0.786563 1.020000 2.599533
      vertex -0.735727 1.020000 2.603222
    endloop
  endfacet
  facet normal 0.000000 1.000000 0.000000
    outer loop
      vertex -0.735727 -1.020000 2.603222
      vertex -0.732792 -1.020000 2.598230
      vertex -0.789860 -1.020000 2.588487
    endloop
  endfacet
  facet normal -0.000000 -1.000000 -0.000000
    outer loop
      vertex -0.789860 -1.020000 2.588487
      vertex -0.732792 -1.020000 2.598230
      vertex -0.735727 -1.020000 2.603222
    endloop
  endfacet
  facet normal 0.000000 -1.000000 -0.000000
    outer loop
      vertex -0.735727 1.020000 2.603222
      vertex -0.789860 1.020000 2.588487
      vertex -0.732792 1.020000 2.598230
    endloop
  endfacet
  facet normal -0.000000 1.000000 0.000000
    outer loop
      vertex -0.732792 1.020000 2.598230
      vertex -0.789860 1.020000 2.588487
      vertex -0.735727 1.020000 2.603222
    endloop
  endfacet
  facet normal 0.000000 1.000000 0.000000
    outer loop
      vertex -0.735727 -1.020000 2.603222
      vertex -0.734139 -1.020000 2.600797
      vertex -0.732792 -1.020000 2.598230
    endloop
  endfacet
  facet normal -0.000000 -1.000000 -0.000000
    outer loop
      vertex -0.732792 -1.020000 2.598230
      vertex -0.734139 -1.020000 2.600797
      vertex -0.735727 -1.020000 2.603222
    endloop
  endfacet
  facet normal 0.000000 -1.000000 0.000000
    outer loop
      vertex -0.735727 1.020000 2.603222
      vertex -0.732792 1.020000 2.598230
      vertex -0.734139 1.020000 2.600797
    endloop
  endfacet
  facet normal -0.000000 1.000000 -0.000000
    outer loop
      vertex -0.734139 1.020000 2.600797
      vertex -0.732792 1.020000 2.598230
      vertex -0.735727 1.020000 2.603222
    endloop
  endfacet
  facet normal 0.000000 1.000000 0.000000
    outer loop
      vertex -0.732792 -1.020000 2.598230
      vertex -0.790000 -1.020000 2.585591
      vertex -0.789860 -1.020000 2.588487
    endloop
  endfacet
  facet normal -0.000000 -1.000000 -0.000000
    outer loop
      vertex -0.789860 -1.020000 2.588487
      vertex -0.790000 -1.020000 2.585591
      vertex -0.732792 -1.020000 2.598230
    endloop
  endfacet
  facet normal 0.000000 -1.000000 0.000000
    outer loop
      vertex -0.732792 1.020000 2.598230
      vertex -0.789860 1.020000 2.588487
      vertex -0.790000 1.020000 2.585591
    endloop
  endfacet
  facet normal -0.000000 1.000000 -0.000000
    outer loop
      vertex -0.790000 1.020000 2.585591
      vertex -0.789860 1.020000 2.588487
      vertex -0.732792 1.020000 2.598230
    endloop
  endfacet
  facet normal 0.000000 1.000000 0.000000
    outer loop
      vertex -0.732792 -1.020000 2.598230
      vertex -0.020000 -1.020000 1.063747
      vertex -0.790000 -1.020000 2.585591
    endloop
  endfacet
  facet normal -0.000000 -1.000000 -0.000000
    outer loop
      vertex -0.790000 -1.020000 2.585591
      vertex -0.020000 -1.020000 1.063747
      vertex -0.732792 -1.020000 2.598230
    endloop
  endfacet
  facet normal 0.000000 -1.000000 -0.000000
    outer loop
      vertex -0.732792 1.020000 2.598230
      vertex -0.790000 1.020000 2.585591
      vertex -0.020000 1.020000 1.063747
    endloop
  endfacet
  facet normal -0.000000 1.000000 0.000000
    outer loop
      vertex -0.020000 1.020000 1.063747
      vertex -0.790000 1.020000 2.585591
      vertex -0.732792 1.020000 2.598230
    endloop
  endfacet
  facet normal 0.000000 1.000000 0.000000
    outer loop
      vertex -0.020000 -1.020000 1.063747
      vertex -0.670000 -1.020000 0.805000
      vertex -0.790000 -1.020000 2.585591
    endloop
  endfacet
  facet normal -0.000000 -1.000000 -0.000000
    outer loop
      vertex -0.790000 -1.020000 2.585591
      vertex -0.670000 -1.020000 0.805000
      vertex -0.020000 -1.020000 1.063747
    endloop
  endfacet
  facet normal -0.000000 -1.000000 0.000000
    outer loop
      vertex -0.020000 1.020000 1.063747
      vertex -0.790000 1.020000 2.585591
      vertex -0.670000 1.020000 0.805000
    endloop
  endfacet
  facet normal 0.000000 1.000000 -0.000000
    outer loop
      vertex -0.670000 1.020000 0.805000
      vertex -0.790000 1.020000 2.585591
      vertex -0.020000 1.020000 1.063747
    endloop
  endfacet
  facet normal 0.000000 1.000000 0.000000
    outer loop
      vertex -0.020000 -1.020000 1.063747
      vertex -0.655445 -1.020000 0.804183
      vertex -0.670000 -1.020000 0.805000
    endloop
  endfacet
  facet normal -0.000000 -1.000000 -0.000000
    outer loop
      vertex -0.670000 -1.020000 0.805000
      vertex -0.655445 -1.020000 0.804183
      vertex -0.020000 -1.020000 1.063747
    endloop
  endfacet
  facet normal 0.000000 -1.000000 0.000000
    outer loop
      vertex -0.020000 1.020000 1.063747
      vertex -0.670000 1.020000 0.805000
      vertex -0.655445 1.020000 0.804183
    endloop
  endfacet
  facet normal -0.000000 1.000000 -0.000000
    outer loop
      vertex -0.655445 1.020000 0.804183
      vertex -0.670000 1.020000 0.805000
      vertex -0.020000 1.020000 1.063747
    endloop
  endfacet
  facet normal 0.000000 1.000000 0.000000
    outer loop
      vertex -0.020000 -1.020000 1.063747
      vertex -0.641072 -1.020000 0.801741
      vertex -0.655445 -1.020000 0.804183
    endloop
  endfacet
  facet normal -0.000000 -1.000000 -0.000000
    outer loop
      vertex -0.655445 -1.020000 0.804183
      vertex -0.641072 -1.020000 0.801741
      vertex -0.020000 -1.020000 1.063747
    endloop
  endfacet
  facet normal 0.000000 -1.000000 0.000000
    outer loop
      vertex -0.020000 1.020000 1.063747
      vertex -0.655445 1.020000 0.804183
      vertex -0.641072 1.020000 0.801741
    endloop
  endfacet
  facet normal -0.000000 1.000000 -0.000000
    outer loop
      vertex -0.641072 1.020000 0.801741
      vertex -0.655445 1.020000 0.804183
      vertex -0.020000 1.020000 1.063747
    endloop
  endfacet
  facet normal 0.000000 1.000000 0.000000
    outer loop
      vertex -0.020000 -1.020000 1.063747
      vertex -0.627064 -1.020000 0.797705
      vertex -0.641072 -1.020000 0.801741
    endloop
  endfacet
  facet normal -0.000000 -1.000000 -0.000000
    outer loop
      vertex -0.641072 -1.020000 0.801741
      vertex -0.627064 -1.020000 0.797705
      vertex -0.020000 -1.020000 1.063747
    endloop
  endfacet
  facet normal 0.000000 -1.000000 0.000000
    outer loop
      vertex -0.020000 1.020000 1.063747
      vertex -0.641072 1.020000 0.801741
      vertex -0.627064 1.020000 0.797705
    endloop
  endfacet
  facet normal -0.000000 1.000000 -0.000000
    outer loop
      vertex -0.627064 1.020000 0.797705
      vertex -0.641072 1.020000 0.801741
      vertex -0.020000 1.020000 1.063747
    endloop
  endfacet
  facet normal 0.000000 1.000000 0.000000
    outer loop
      vertex -0.020000 -1.020000 1.063747
      vertex -0.360000 -1.020000 0.775000
      vertex -0.627064 -1.020000 0.797705
    endloop
  endfacet
  facet normal -0.000000 -1.000000 -0.000000
    outer loop
      vertex -0.627064 -1.020000 0.797705
      vertex -0.360000 -1.020000 0.775000
      vertex -0.020000 -1.020000 1.063747
    endloop
  endfacet
  facet normal 0.000000 -1.000000 0.000000
    outer loop
      vertex -0.020000 1.020000 1.063747
      vertex -0.627064 1.020000 0.797705
      vertex -0.360000 1.020000 0.775000
    endloop
  endfacet
  facet normal -0.000000 1.000000 -0.000000
    outer loop
      vertex -0.360000 1.020000 0.775000
      vertex -0.627064 1.020000 0.797705
      vertex -0.020000 1.020000 1.063747
    endloop
  endfacet
  facet normal 0.000000 1.000000 0.000000
    outer loop
      vertex -0.020000 -1.020000 1.063747
      vertex -0.020000 -1.020000 0.043056
      vertex -0.360000 -1.020000 0.775000
    endloop
  endfacet
  facet normal -0.000000 -1.000000 -0.000000
    outer loop
      vertex -0.360000 -1.020000 0.775000
      vertex -0.020000 -1.020000 0.043056
      vertex -0.020000 -1.020000 1.063747
    endloop
  endfacet
  facet normal 0.000000 -1.000000 -0.000000
    outer loop
      vertex -0.020000 1.020000 1.063747
      vertex -0.360000 1.020000 0.775000
      vertex -0.020000 1.020000 0.043056
    endloop
  endfacet
  facet normal -0.000000 1.000000 0.000000
    outer loop
      vertex -0.020000 1.020000 0.043056
      vertex -0.360000 1.020000 0.775000
      vertex -0.020000 1.020000 1.063747
    endloop
  endfacet
  facet normal 0.000000 1.000000 -0.000000
    outer loop
      vertex -0.020000 -1.020000 -1.205000
      vertex -0.360000 -1.020000 -0.775000
      vertex -0.020000 -1.020000 -0.775000
    endloop
  endfacet
  facet normal -0.000000 -1.000000 0.000000
    outer loop
      vertex -0.020000 -1.020000 -0.775000
      vertex -0.360000 -1.020000 -0.775000
      vertex -0.020000 -1.020000 -1.205000
    endloop
  endfacet
  facet normal 0.000000 -1.000000 0.000000
    outer loop
      vertex -0.020000 1.020000 -1.205000
      vertex -0.020000 1.020000 -0.775000
      vertex -0.360000 1.020000 -0.775000
    endloop
  endfacet
  facet normal -0.000000 1.000000 -0.000000
    outer loop
      vertex -0.360000 1.020000 -0.775000
      vertex -0.020000 1.020000 -0.775000
      vertex -0.020000 1.020000 -1.205000
    endloop
  endfacet
  facet normal 0.000000 1.000000 0.000000
    outer loop
      vertex -0.020000 -1.020000 -1.205000
      vertex -0.760000 -1.020000 -1.205000
      vertex -0.360000 -1.020000 -0.775000
    endloop
  endfacet
  facet normal -0.000000 -1.000000 -0.000000
    outer loop
      vertex -0.360000 -1.020000 -0.775000
      vertex -0.760000 -1.020000 -1.205000
      vertex -0.020000 -1.020000 -1.205000
    endloop
  endfacet
  facet normal 0.000000 -1.000000 0.000000
    outer loop
      vertex -0.020000 1.020000 -1.205000
      vertex -0.360000 1.020000 -0.775000
      vertex -0.760000 1.020000 -1.205000
    endloop
  endfacet
  facet normal -0.000000 1.000000 -0.000000
    outer loop
      vertex -0.760000 1.020000 -1.205000
      vertex -0.360000 1.020000 -0.775000
      vertex -0.020000 1.020000 -1.205000
    endloop
  endfacet
  facet normal 0.000000 1.000000 -0.000000
    outer loop
      vertex -0.760000 -1.020000 -1.205000
      vertex -0.790000 -1.020000 -1.175000
      vertex -0.360000 -1.020000 -0.775000
    endloop
  endfacet
  facet normal -0.000000 -1.000000 0.000000
    outer loop
      vertex -0.360000 -1.020000 -0.775000
      vertex -0.790000 -1.020000 -1.175000
      vertex -0.760000 -1.020000 -1.205000
    endloop
  endfacet
  facet normal 0.000000 -1.000000 0.000000
    outer loop
      vertex -0.760000 1.020000 -1.205000
      vertex -0.360000 1.020000 -0.775000
      vertex -0.790000 1.020000 -1.175000
    endloop
  endfacet
  facet normal -0.000000 1.000000 -0.000000
    outer loop
      vertex -0.790000 1.020000 -1.175000
      vertex -0.360000 1.020000 -0.775000
      vertex -0.760000 1.020000 -1.205000
    endloop
  endfacet
  facet normal 0.000000 1.000000 0.000000
    outer loop
      vertex -0.760000 -1.020000 -1.205000
      vertex -0.789424 -1.020000 -1.180853
      vertex -0.790000 -1.020000 -1.175000
    endloop
  endfacet
  facet normal -0.000000 -1.000000 -0.000000
    outer loop
      vertex -0.790000 -1.020000 -1.175000
      vertex -0.789424 -1.020000 -1.180853
      vertex -0.760000 -1.020000 -1.205000
    endloop
  endfacet
  facet normal 0.000000 -1.000000 0.000000
    outer loop
      vertex -0.760000 1.020000 -1.205000
      vertex -0.790000 1.020000 -1.175000
      vertex -0.789424 1.020000 -1.180853
    endloop
  endfacet
  facet normal -0.000000 1.000000 -0.000000
    outer loop
      vertex -0.789424 1.020000 -1.180853
      vertex -0.790000 1.020000 -1.175000
      vertex -0.760000 1.020000 -1.205000
    endloop
  endfacet
  facet normal 0.000000 1.000000 0.000000
    outer loop
      vertex -0.760000 -1.020000 -1.205000
      vertex -0.788708 -1.020000 -1.183709
      vertex -0.789424 -1.020000 -1.180853
    endloop
  endfacet
  facet normal -0.000000 -1.000000 -0.000000
    outer loop
      vertex -0.789424 -1.020000 -1.180853
      vertex -0.788708 -1.020000 -1.183709
      vertex -0.760000 -1.020000 -1.205000
    endloop
  endfacet
  facet normal 0.000000 -1.000000 0.000000
    outer loop
      vertex -0.760000 1.020000 -1.205000
      vertex -0.789424 1.020000 -1.180853
      vertex -0.788708 1.020000 -1.183709
    endloop
  endfacet
  facet normal -0.000000 1.000000 -0.000000
    outer loop
      vertex -0.788708 1.020000 -1.183709
      vertex -0.789424 1.020000 -1.180853
      vertex -0.760000 1.020000 -1.205000
    endloop
  endfacet
  facet normal 0.000000 1.000000 0.000000
    outer loop
      vertex -0.760000 -1.020000 -1.205000
      vertex -0.779032 -1.020000 -1.198190
      vertex -0.788708 -1.020000 -1.183709
    endloop
  endfacet
  facet normal -0.000000 -1.000000 -0.000000
    outer loop
      vertex -0.788708 -1.020000 -1.183709
      vertex -0.779032 -1.020000 -1.198190
      vertex -0.760000 -1.020000 -1.205000
    endloop
  endfacet
  facet normal 0.000000 -1.000000 0.000000
    outer loop
      vertex -0.760000 1.020000 -1.205000
      vertex -0.788708 1.020000 -1.183709
      vertex -0.779032 1.020000 -1.198190
    endloop
  endfacet
  facet normal -0.000000 1.000000 -0.000000
    outer loop
      vertex -0.779032 1.020000 -1.198190
      vertex -0.788708 1.020000 -1.183709
      vertex -0.760000 1.020000 -1.205000
    endloop
  endfacet
  facet normal 0.000000 1.000000 0.000000
    outer loop
      vertex -0.760000 -1.020000 -1.205000
      vertex -0.762941 -1.020000 -1.204856
      vertex -0.779032 -1.020000 -1.198190
    endloop
  endfacet
  facet normal -0.000000 -1.000000 -0.000000
    outer loop
      vertex -0.779032 -1.020000 -1.198190
      vertex -0.762941 -1.020000 -1.204856
      vertex -0.760000 -1.020000 -1.205000
    endloop
  endfacet
  facet normal 0.000000 -1.000000 0.000000
    outer loop
      vertex -0.760000 1.020000 -1.205000
      vertex -0.779032 1.020000 -1.198190
      vertex -0.762941 1.020000 -1.204856
    endloop
  endfacet
  facet normal -0.000000 1.000000 -0.000000
    outer loop
      vertex -0.762941 1.020000 -1.204856
      vertex -0.779032 1.020000 -1.198190
      vertex -0.760000 1.020000 -1.205000
    endloop
  endfacet
  facet normal 0.000000 1.000000 0.000000
    outer loop
      vertex -0.762941 -1.020000 -1.204856
      vertex -0.771481 -1.020000 -1.202716
      vertex -0.779032 -1.020000 -1.198190
    endloop
  endfacet
  facet normal -0.000000 -1.000000 -0.000000
    outer loop
      vertex -0.779032 -1.020000 -1.198190
      vertex -0.771481 -1.020000 -1.202716
      vertex -0.762941 -1.020000 -1.204856
    endloop
  endfacet
  facet normal 0.000000 -1.000000 0.000000
    outer loop
      vertex -0.762941 1.020000 -1.204856
      vertex -0.779032 1.020000 -1.198190
      vertex -0.771481 1.020000 -1.202716
    endloop
  endfacet
  facet normal -0.000000 1.000000 -0.000000
    outer loop
      vertex -0.771481 1.020000 -1.202716
      vertex -0.779032 1.020000 -1.198190
      vertex -0.762941 1.020000 -1.204856
    endloop
  endfacet
  facet normal 0.000000 1.000000 0.000000
    outer loop
      vertex -0.762941 -1.020000 -1.204856
      vertex -0.765853 -1.020000 -1.204424
      vertex -0.771481 -1.020000 -1.202716
    endloop
  endfacet
  facet normal -0.000000 -1.000000 -0.000000
    outer loop
      vertex -0.771481 -1.020000 -1.202716
      vertex -0.765853 -1.020000 -1.204424
      vertex -0.762941 -1.020000 -1.204856
    endloop
  endfacet
  facet normal 0.000000 -1.000000 0.000000
    outer loop
      vertex -0.762941 1.020000 -1.204856
      vertex -0.771481 1.020000 -1.202716
      vertex -0.765853 1.020000 -1.204424
    endloop
  endfacet
  facet normal -0.000000 1.000000 -0.000000
    outer loop
      vertex -0.765853 1.020000 -1.204424
      vertex -0.771481 1.020000 -1.202716
      vertex -0.762941 1.020000 -1.204856
    endloop
  endfacet
  facet normal 0.000000 1.000000 0.000000
    outer loop
      vertex -0.765853 -1.020000 -1.204424
      vertex -0.768709 -1.020000 -1.203708
      vertex -0.771481 -1.020000 -1.202716
    endloop
  endfacet
  facet normal -0.000000 -1.000000 -0.000000
    outer loop
      vertex -0.771481 -1.020000 -1.202716
      vertex -0.768709 -1.020000 -1.203708
      vertex -0.765853 -1.020000 -1.204424
    endloop
  endfacet
  facet normal 0.000000 -1.000000 0.000000
    outer loop
      vertex -0.765853 1.020000 -1.204424
      vertex -0.771481 1.020000 -1.202716
      vertex -0.768709 1.020000 -1.203708
    endloop
  endfacet
  facet normal -0.000000 1.000000 -0.000000
    outer loop
      vertex -0.768709 1.020000 -1.203708
      vertex -0.771481 1.020000 -1.202716
      vertex -0.765853 1.020000 -1.204424
    endloop
  endfacet
  facet normal 0.000000 1.000000 0.000000
    outer loop
      vertex -0.771481 -1.020000 -1.202716
      vertex -0.776667 -1.020000 -1.199944
      vertex -0.779032 -1.020000 -1.198190
    endloop
  endfacet
  facet normal -0.000000 -1.000000 -0.000000
    outer loop
      vertex -0.779032 -1.020000 -1.198190
      vertex -0.776667 -1.020000 -1.199944
      vertex -0.771481 -1.020000 -1.202716
    endloop
  endfacet
  facet normal 0.000000 -1.000000 0.000000
    outer loop
      vertex -0.771481 1.020000 -1.202716
      vertex -0.779032 1.020000 -1.198190
      vertex -0.776667 1.020000 -1.199944
    endloop
  endfacet
  facet normal -0.000000 1.000000 -0.000000
    outer loop
      vertex -0.776667 1.020000 -1.199944
      vertex -0.779032 1.020000 -1.198190
      vertex -0.771481 1.020000 -1.202716
    endloop
  endfacet
  facet normal 0.000000 1.000000 0.000000
    outer loop
      vertex -0.771481 -1.020000 -1.202716
      vertex -0.774142 -1.020000 -1.201458
      vertex -0.776667 -1.020000 -1.199944
    endloop
  endfacet
  facet normal -0.000000 -1.000000 -0.000000
    outer loop
      vertex -0.776667 -1.020000 -1.199944
      vertex -0.774142 -1.020000 -1.201458
      vertex -0.771481 -1.020000 -1.202716
    endloop
  endfacet
  facet normal 0.000000 -1.000000 0.000000
    outer loop
      vertex -0.771481 1.020000 -1.202716
      vertex -0.776667 1.020000 -1.199944
      vertex -0.774142 1.020000 -1.201458
    endloop
  endfacet
  facet normal -0.000000 1.000000 -0.000000
    outer loop
      vertex -0.774142 1.020000 -1.201458
      vertex -0.776667 1.020000 -1.199944
      vertex -0.771481 1.020000 -1.202716
    endloop
  endfacet
  facet normal 0.000000 1.000000 0.000000
    outer loop
      vertex -0.779032 -1.020000 -1.198190
      vertex -0.783190 -1.020000 -1.194032
      vertex -0.788708 -1.020000 -1.183709
    endloop
  endfacet
  facet normal -0.000000 -1.000000 -0.000000
    outer loop
      vertex -0.788708 -1.020000 -1.183709
      vertex -0.783190 -1.020000 -1.194032
      vertex -0.779032 -1.020000 -1.198190
    endloop
  endfacet
  facet normal 0.000000 -1.000000 0.000000
    outer loop
      vertex -0.779032 1.020000 -1.198190
      vertex -0.788708 1.020000 -1.183709
      vertex -0.783190 1.020000 -1.194032
    endloop
  endfacet
  facet normal -0.000000 1.000000 -0.000000
    outer loop
      vertex -0.783190 1.020000 -1.194032
      vertex -0.788708 1.020000 -1.183709
      vertex -0.779032 1.020000 -1.198190
    endloop
  endfacet
  facet normal 0.000000 1.000000 0.000000
    outer loop
      vertex -0.779032 -1.020000 -1.198190
      vertex -0.781213 -1.020000 -1.196213
      vertex -0.783190 -1.020000 -1.194032
    endloop
  endfacet
  facet normal -0.000000 -1.000000 -0.000000
    outer loop
      vertex -0.783190 -1.020000 -1.194032
      vertex -0.781213 -1.020000 -1.196213
      vertex -0.779032 -1.020000 -1.198190
    endloop
  endfacet
  facet normal 0.000000 -1.000000 0.000000
    outer loop
      vertex -0.779032 1.020000 -1.198190
      vertex -0.783190 1.020000 -1.194032
      vertex -0.781213 1.020000 -1.196213
    endloop
  endfacet
  facet normal -0.000000 1.000000 -0.000000
    outer loop
      vertex -0.781213 1.020000 -1.196213
      vertex -0.783190 1.020000 -1.194032
      vertex -0.779032 1.020000 -1.198190
    endloop
  endfacet
  facet normal 0.000000 1.000000 0.000000
    outer loop
      vertex -0.783190 -1.020000 -1.194032
      vertex -0.786458 -1.020000 -1.189142
      vertex -0.788708 -1.020000 -1.183709
    endloop
  endfacet
  facet normal -0.000000 -1.000000 -0.000000
    outer loop
      vertex -0.788708 -1.020000 -1.183709
      vertex -0.786458 -1.020000 -1.189142
      vertex -0.783190 -1.020000 -1.194032
    endloop
  endfacet
  facet normal 0.000000 -1.000000 0.000000
    outer loop
      vertex -0.783190 1.020000 -1.194032
      vertex -0.788708 1.020000 -1.183709
      vertex -0.786458 1.020000 -1.189142
    endloop
  endfacet
  facet normal -0.000000 1.000000 -0.000000
    outer loop
      vertex -0.786458 1.020000 -1.189142
      vertex -0.788708 1.020000 -1.183709
      vertex -0.783190 1.020000 -1.194032
    endloop
  endfacet
  facet normal 0.000000 1.000000 0.000000
    outer loop
      vertex -0.783190 -1.020000 -1.194032
      vertex -0.784944 -1.020000 -1.191667
      vertex -0.786458 -1.020000 -1.189142
    endloop
  endfacet
  facet normal -0.000000 -1.000000 -0.000000
    outer loop
      vertex -0.786458 -1.020000 -1.189142
      vertex -0.784944 -1.020000 -1.191667
      vertex -0.783190 -1.020000 -1.194032
    endloop
  endfacet
  facet normal 0.000000 -1.000000 0.000000
    outer loop
      vertex -0.783190 1.020000 -1.194032
      vertex -0.786458 1.020000 -1.189142
      vertex -0.784944 1.020000 -1.191667
    endloop
  endfacet
  facet normal -0.000000 1.000000 -0.000000
    outer loop
      vertex -0.784944 1.020000 -1.191667
      vertex -0.786458 1.020000 -1.189142
      vertex -0.783190 1.020000 -1.194032
    endloop
  endfacet
  facet normal 0.000000 1.000000 0.000000
    outer loop
      vertex -0.786458 -1.020000 -1.189142
      vertex -0.787716 -1.020000 -1.186481
      vertex -0.788708 -1.020000 -1.183709
    endloop
  endfacet
  facet normal -0.000000 -1.000000 -0.000000
    outer loop
      vertex -0.788708 -1.020000 -1.183709
      vertex -0.787716 -1.020000 -1.186481
      vertex -0.786458 -1.020000 -1.189142
    endloop
  endfacet
  facet normal 0.000000 -1.000000 0.000000
    outer loop
      vertex -0.786458 1.020000 -1.189142
      vertex -0.788708 1.020000 -1.183709
      vertex -0.787716 1.020000 -1.186481
    endloop
  endfacet
  facet normal -0.000000 1.000000 -0.000000
    outer loop
      vertex -0.787716 1.020000 -1.186481
      vertex -0.788708 1.020000 -1.183709
      vertex -0.786458 1.020000 -1.189142
    endloop
  endfacet
  facet normal 0.000000 1.000000 0.000000
    outer loop
      vertex -0.789424 -1.020000 -1.180853
      vertex -0.789856 -1.020000 -1.177941
      vertex -0.790000 -1.020000 -1.175000
    endloop
  endfacet
  facet normal -0.000000 -1.000000 -0.000000
    outer loop
      vertex -0.790000 -1.020000 -1.175000
      vertex -0.789856 -1.020000 -1.177941
      vertex -0.789424 -1.020000 -1.180853
    endloop
  endfacet
  facet normal 0.000000 -1.000000 0.000000
    outer loop
      vertex -0.789424 1.020000 -1.180853
      vertex -0.790000 1.020000 -1.175000
      vertex -0.789856 1.020000 -1.177941
    endloop
  endfacet
  facet normal -0.000000 1.000000 -0.000000
    outer loop
      vertex -0.789856 1.020000 -1.177941
      vertex -0.790000 1.020000 -1.175000
      vertex -0.789424 1.020000 -1.180853
    endloop
  endfacet
  facet normal 0.000000 1.000000 0.000000
    outer loop
      vertex -0.790000 -1.020000 -1.175000
      vertex -0.548268 -1.020000 -0.587388
      vertex -0.360000 -1.020000 -0.775000
    endloop
  endfacet
  facet normal -0.000000 -1.000000 -0.000000
    outer loop
      vertex -0.360000 -1.020000 -0.775000
      vertex -0.548268 -1.020000 -0.587388
      vertex -0.790000 -1.020000 -1.175000
    endloop
  endfacet
  facet normal 0.000000 -1.000000 0.000000
    outer loop
      vertex -0.790000 1.020000 -1.175000
      vertex -0.360000 1.020000 -0.775000
      vertex -0.548268 1.020000 -0.587388
    endloop
  endfacet
  facet normal -0.000000 1.000000 -0.000000
    outer loop
      vertex -0.548268 1.020000 -0.587388
      vertex -0.360000 1.020000 -0.775000
      vertex -0.790000 1.020000 -1.175000
    endloop
  endfacet
  facet normal 0.000000 1.000000 0.000000
    outer loop
      vertex -0.790000 -1.020000 -1.175000
      vertex -0.560000 -1.020000 -0.581603
      vertex -0.548268 -1.020000 -0.587388
    endloop
  endfacet
  facet normal -0.000000 -1.000000 -0.000000
    outer loop
      vertex -0.548268 -1.020000 -0.587388
      vertex -0.560000 -1.020000 -0.581603
      vertex -0.790000 -1.020000 -1.175000
    endloop
  endfacet
  facet normal 0.000000 -1.000000 0.000000
    outer loop
      vertex -0.790000 1.020000 -1.175000
      vertex -0.548268 1.020000 -0.587388
      vertex -0.560000 1.020000 -0.581603
    endloop
  endfacet
  facet normal -0.000000 1.000000 -0.000000
    outer loop
      vertex -0.560000 1.020000 -0.581603
      vertex -0.548268 1.020000 -0.587388
      vertex -0.790000 1.020000 -1.175000
    endloop
  endfacet
  facet normal 0.000000 1.000000 0.000000
    outer loop
      vertex -0.790000 -1.020000 -1.175000
      vertex -0.570876 -1.020000 -0.574335
      vertex -0.560000 -1.020000 -0.581603
    endloop
  endfacet
  facet normal -0.000000 -1.000000 -0.000000
    outer loop
      vertex -0.560000 -1.020000 -0.581603
      vertex -0.570876 -1.020000 -0.574335
      vertex -0.790000 -1.020000 -1.175000
    endloop
  endfacet
  facet normal 0.000000 -1.000000 0.000000
    outer loop
      vertex -0.790000 1.020000 -1.175000
      vertex -0.560000 1.020000 -0.581603
      vertex -0.570876 1.020000 -0.574335
    endloop
  endfacet
  facet normal -0.000000 1.000000 -0.000000
    outer loop
      vertex -0.570876 1.020000 -0.574335
      vertex -0.560000 1.020000 -0.581603
      vertex -0.790000 1.020000 -1.175000
    endloop
  endfacet
  facet normal 0.000000 1.000000 0.000000
    outer loop
      vertex -0.790000 -1.020000 -1.175000
      vertex -0.580711 -1.020000 -0.565711
      vertex -0.570876 -1.020000 -0.574335
    endloop
  endfacet
  facet normal -0.000000 -1.000000 -0.000000
    outer loop
      vertex -0.570876 -1.020000 -0.574335
      vertex -0.580711 -1.020000 -0.565711
      vertex -0.790000 -1.020000 -1.175000
    endloop
  endfacet
  facet normal 0.000000 -1.000000 0.000000
    outer loop
      vertex -0.790000 1.020000 -1.175000
      vertex -0.570876 1.020000 -0.574335
      vertex -0.580711 1.020000 -0.565711
    endloop
  endfacet
  facet normal -0.000000 1.000000 -0.000000
    outer loop
      vertex -0.580711 1.020000 -0.565711
      vertex -0.570876 1.020000 -0.574335
      vertex -0.790000 1.020000 -1.175000
    endloop
  endfacet
  facet normal 0.000000 1.000000 0.000000
    outer loop
      vertex -0.790000 -1.020000 -1.175000
      vertex -0.589335 -1.020000 -0.555876
      vertex -0.580711 -1.020000 -0.565711
    endloop
  endfacet
  facet normal -0.000000 -1.000000 -0.000000
    outer loop
      vertex -0.580711 -1.020000 -0.565711
      vertex -0.589335 -1.020000 -0.555876
      vertex -0.790000 -1.020000 -1.175000
    endloop
  endfacet
  facet normal 0.000000 -1.000000 0.000000
    outer loop
      vertex -0.790000 1.020000 -1.175000
      vertex -0.580711 1.020000 -0.565711
      vertex -0.589335 1.020000 -0.555876
    endloop
  endfacet
  facet normal -0.000000 1.000000 -0.000000
    outer loop
      vertex -0.589335 1.020000 -0.555876
      vertex -0.580711 1.020000 -0.565711
      vertex -0.790000 1.020000 -1.175000
    endloop
  endfacet
  facet normal 0.000000 1.000000 0.000000
    outer loop
      vertex -0.790000 -1.020000 -1.175000
      vertex -0.596603 -1.020000 -0.545000
      vertex -0.589335 -1.020000 -0.555876
    endloop
  endfacet
  facet normal -0.000000 -1.000000 -0.000000
    outer loop
      vertex -0.589335 -1.020000 -0.555876
      vertex -0.596603 -1.020000 -0.545000
      vertex -0.790000 -1.020000 -1.175000
    endloop
  endfacet
  facet normal 0.000000 -1.000000 0.000000
    outer loop
      vertex -0.790000 1.020000 -1.175000
      vertex -0.589335 1.020000 -0.555876
      vertex -0.596603 1.020000 -0.545000
    endloop
  endfacet
  facet normal -0.000000 1.000000 -0.000000
    outer loop
      vertex -0.596603 1.020000 -0.545000
      vertex -0.589335 1.020000 -0.555876
      vertex -0.790000 1.020000 -1.175000
    endloop
  endfacet
  facet normal 0.000000 1.000000 0.000000
    outer loop
      vertex -0.790000 -1.020000 -1.175000
      vertex -0.602388 -1.020000 -0.533268
      vertex -0.596603 -1.020000 -0.545000
    endloop
  endfacet
  facet normal -0.000000 -1.000000 -0.000000
    outer loop
      vertex -0.596603 -1.020000 -0.545000
      vertex -0.602388 -1.020000 -0.533268
      vertex -0.790000 -1.020000 -1.175000
    endloop
  endfacet
  facet normal 0.000000 -1.000000 0.000000
    outer loop
      vertex -0.790000 1.020000 -1.175000
      vertex -0.596603 1.020000 -0.545000
      vertex -0.602388 1.020000 -0.533268
    endloop
  endfacet
  facet normal -0.000000 1.000000 -0.000000
    outer loop
      vertex -0.602388 1.020000 -0.533268
      vertex -0.596603 1.020000 -0.545000
      vertex -0.790000 1.020000 -1.175000
    endloop
  endfacet
  facet normal 0.000000 1.000000 0.000000
    outer loop
      vertex -0.790000 -1.020000 -1.175000
      vertex -0.606593 -1.020000 -0.520882
      vertex -0.602388 -1.020000 -0.533268
    endloop
  endfacet
  facet normal -0.000000 -1.000000 -0.000000
    outer loop
      vertex -0.602388 -1.020000 -0.533268
      vertex -0.606593 -1.020000 -0.520882
      vertex -0.790000 -1.020000 -1.175000
    endloop
  endfacet
  facet normal 0.000000 -1.000000 0.000000
    outer loop
      vertex -0.790000 1.020000 -1.175000
      vertex -0.602388 1.020000 -0.533268
      vertex -0.606593 1.020000 -0.520882
    endloop
  endfacet
  facet normal -0.000000 1.000000 -0.000000
    outer loop
      vertex -0.606593 1.020000 -0.520882
      vertex -0.602388 1.020000 -0.533268
      vertex -0.790000 1.020000 -1.175000
    endloop
  endfacet
  facet normal 0.000000 1.000000 0.000000
    outer loop
      vertex -0.790000 -1.020000 -1.175000
      vertex -0.609144 -1.020000 -0.508053
      vertex -0.606593 -1.020000 -0.520882
    endloop
  endfacet
  facet normal -0.000000 -1.000000 -0.000000
    outer loop
      vertex -0.606593 -1.020000 -0.520882
      vertex -0.609144 -1.020000 -0.508053
      vertex -0.790000 -1.020000 -1.175000
    endloop
  endfacet
  facet normal 0.000000 -1.000000 0.000000
    outer loop
      vertex -0.790000 1.020000 -1.175000
      vertex -0.606593 1.020000 -0.520882
      vertex -0.609144 1.020000 -0.508053
    endloop
  endfacet
  facet normal -0.000000 1.000000 -0.000000
    outer loop
      vertex -0.609144 1.020000 -0.508053
      vertex -0.606593 1.020000 -0.520882
      vertex -0.790000 1.020000 -1.175000
    endloop
  endfacet
  facet normal 0.000000 1.000000 0.000000
    outer loop
      vertex -0.790000 -1.020000 -1.175000
      vertex -0.610000 -1.020000 -0.495000
      vertex -0.609144 -1.020000 -0.508053
    endloop
  endfacet
  facet normal -0.000000 -1.000000 -0.000000
    outer loop
      vertex -0.609144 -1.020000 -0.508053
      vertex -0.610000 -1.020000 -0.495000
      vertex -0.790000 -1.020000 -1.175000
    endloop
  endfacet
  facet normal 0.000000 -1.000000 0.000000
    outer loop
      vertex -0.790000 1.020000 -1.175000
      vertex -0.609144 1.020000 -0.508053
      vertex -0.610000 1.020000 -0.495000
    endloop
  endfacet
  facet normal -0.000000 1.000000 -0.000000
    outer loop
      vertex -0.610000 1.020000 -0.495000
      vertex -0.609144 1.020000 -0.508053
      vertex -0.790000 1.020000 -1.175000
    endloop
  endfacet
  facet normal 0.000000 1.000000 0.000000
    outer loop
      vertex -0.790000 -1.020000 -1.175000
      vertex -0.609144 -1.020000 -0.481947
      vertex -0.610000 -1.020000 -0.495000
    endloop
  endfacet
  facet normal -0.000000 -1.000000 -0.000000
    outer loop
      vertex -0.610000 -1.020000 -0.495000
      vertex -0.609144 -1.020000 -0.481947
      vertex -0.790000 -1.020000 -1.175000
    endloop
  endfacet
  facet normal 0.000000 -1.000000 0.000000
    outer loop
      vertex -0.790000 1.020000 -1.175000
      vertex -0.610000 1.020000 -0.495000
      vertex -0.609144 1.020000 -0.481947
    endloop
  endfacet
  facet normal -0.000000 1.000000 -0.000000
    outer loop
      vertex -0.609144 1.020000 -0.481947
      vertex -0.610000 1.020000 -0.495000
      vertex -0.790000 1.020000 -1.175000
    endloop
  endfacet
  facet normal 0.000000 1.000000 0.000000
    outer loop
      vertex -0.790000 -1.020000 -1.175000
      vertex -0.787126 -1.020000 0.618595
      vertex -0.609144 -1.020000 -0.481947
    endloop
  endfacet
  facet normal -0.000000 -1.000000 -0.000000
    outer loop
      vertex -0.609144 -1.020000 -0.481947
      vertex -0.787126 -1.020000 0.618595
      vertex -0.790000 -1.020000 -1.175000
    endloop
  endfacet
  facet normal 0.000000 -1.000000 0.000000
    outer loop
      vertex -0.790000 1.020000 -1.175000
      vertex -0.609144 1.020000 -0.481947
      vertex -0.787126 1.020000 0.618595
    endloop
  endfacet
  facet normal -0.000000 1.000000 -0.000000
    outer loop
      vertex -0.787126 1.020000 0.618595
      vertex -0.609144 1.020000 -0.481947
      vertex -0.790000 1.020000 -1.175000
    endloop
  endfacet
  facet normal 0.000000 1.000000 0.000000
    outer loop
      vertex -0.790000 -1.020000 -1.175000
      vertex -0.790000 -1.020000 0.625534
      vertex -0.787126 -1.020000 0.618595
    endloop
  endfacet
  facet normal -0.000000 -1.000000 -0.000000
    outer loop
      vertex -0.787126 -1.020000 0.618595
      vertex -0.790000 -1.020000 0.625534
      vertex -0.790000 -1.020000 -1.175000
    endloop
  endfacet
  facet normal 0.000000 -1.000000 0.000000
    outer loop
      vertex -0.790000 1.020000 -1.175000
      vertex -0.787126 1.020000 0.618595
      vertex -0.790000 1.020000 0.625534
    endloop
  endfacet
  facet normal -0.000000 1.000000 -0.000000
    outer loop
      vertex -0.790000 1.020000 0.625534
      vertex -0.787126 1.020000 0.618595
      vertex -0.790000 1.020000 -1.175000
    endloop
  endfacet
  facet normal 0.000000 1.000000 0.000000
    outer loop
      vertex -0.790000 -1.020000 0.724466
      vertex -0.790000 -1.020000 2.585591
      vertex -0.787126 -1.020000 0.731405
    endloop
  endfacet
  facet normal -0.000000 -1.000000 -0.000000
    outer loop
      vertex -0.787126 -1.020000 0.731405
      vertex -0.790000 -1.020000 2.585591
      vertex -0.790000 -1.020000 0.724466
    endloop
  endfacet
  facet normal 0.000000 -1.000000 0.000000
    outer loop
      vertex -0.790000 1.020000 0.724466
      vertex -0.787126 1.020000 0.731405
      vertex -0.790000 1.020000 2.585591
    endloop
  endfacet
  facet normal -0.000000 1.000000 -0.000000
    outer loop
      vertex -0.790000 1.020000 2.585591
      vertex -0.787126 1.020000 0.731405
      vertex -0.790000 1.020000 0.724466
    endloop
  endfacet
  facet normal 0.000000 1.000000 0.000000
    outer loop
      vertex -0.790000 -1.020000 2.585591
      vertex -0.780074 -1.020000 0.744164
      vertex -0.787126 -1.020000 0.731405
    endloop
  endfacet
  facet normal -0.000000 -1.000000 -0.000000
    outer loop
      vertex -0.787126 -1.020000 0.731405
      vertex -0.780074 -1.020000 0.744164
      vertex -0.790000 -1.020000 2.585591
    endloop
  endfacet
  facet normal 0.000000 -1.000000 0.000000
    outer loop
      vertex -0.790000 1.020000 2.585591
      vertex -0.787126 1.020000 0.731405
      vertex -0.780074 1.020000 0.744164
    endloop
  endfacet
  facet normal -0.000000 1.000000 -0.000000
    outer loop
      vertex -0.780074 1.020000 0.744164
      vertex -0.787126 1.020000 0.731405
      vertex -0.790000 1.020000 2.585591
    endloop
  endfacet
  facet normal 0.000000 1.000000 0.000000
    outer loop
      vertex -0.790000 -1.020000 2.585591
      vertex -0.771638 -1.020000 0.756054
      vertex -0.780074 -1.020000 0.744164
    endloop
  endfacet
  facet normal -0.000000 -1.000000 -0.000000
    outer loop
      vertex -0.780074 -1.020000 0.744164
      vertex -0.771638 -1.020000 0.756054
      vertex -0.790000 -1.020000 2.585591
    endloop
  endfacet
  facet normal 0.000000 -1.000000 0.000000
    outer loop
      vertex -0.790000 1.020000 2.585591
      vertex -0.780074 1.020000 0.744164
      vertex -0.771638 1.020000 0.756054
    endloop
  endfacet
  facet normal -0.000000 1.000000 -0.000000
    outer loop
      vertex -0.771638 1.020000 0.756054
      vertex -0.780074 1.020000 0.744164
      vertex -0.790000 1.020000 2.585591
    endloop
  endfacet
  facet normal 0.000000 1.000000 0.000000
    outer loop
      vertex -0.790000 -1.020000 2.585591
      vertex -0.761924 -1.020000 0.766924
      vertex -0.771638 -1.020000 0.756054
    endloop
  endfacet
  facet normal -0.000000 -1.000000 -0.000000
    outer loop
      vertex -0.771638 -1.020000 0.756054
      vertex -0.761924 -1.020000 0.766924
      vertex -0.790000 -1.020000 2.585591
    endloop
  endfacet
  facet normal 0.000000 -1.000000 0.000000
    outer loop
      vertex -0.790000 1.020000 2.585591
      vertex -0.771638 1.020000 0.756054
      vertex -0.761924 1.020000 0.766924
    endloop
  endfacet
  facet normal -0.000000 1.000000 -0.000000
    outer loop
      vertex -0.761924 1.020000 0.766924
      vertex -0.771638 1.020000 0.756054
      vertex -0.790000 1.020000 2.585591
    endloop
  endfacet
  facet normal 0.000000 1.000000 0.000000
    outer loop
      vertex -0.790000 -1.020000 2.585591
      vertex -0.751054 -1.020000 0.776638
      vertex -0.761924 -1.020000 0.766924
    endloop
  endfacet
  facet normal -0.000000 -1.000000 -0.000000
    outer loop
      vertex -0.761924 -1.020000 0.766924
      vertex -0.751054 -1.020000 0.776638
      vertex -0.790000 -1.020000 2.585591
    endloop
  endfacet
  facet normal 0.000000 -1.000000 0.000000
    outer loop
      vertex -0.790000 1.020000 2.585591
      vertex -0.761924 1.020000 0.766924
      vertex -0.751054 1.020000 0.776638
    endloop
  endfacet
  facet normal -0.000000 1.000000 -0.000000
    outer loop
      vertex -0.751054 1.020000 0.776638
      vertex -0.761924 1.020000 0.766924
      vertex -0.790000 1.020000 2.585591
    endloop
  endfacet
  facet normal 0.000000 1.000000 0.000000
    outer loop
      vertex -0.790000 -1.020000 2.585591
      vertex -0.739164 -1.020000 0.785074
      vertex -0.751054 -1.020000 0.776638
    endloop
  endfacet
  facet normal -0.000000 -1.000000 -0.000000
    outer loop
      vertex -0.751054 -1.020000 0.776638
      vertex -0.739164 -1.020000 0.785074
      vertex -0.790000 -1.020000 2.585591
    endloop
  endfacet
  facet normal 0.000000 -1.000000 0.000000
    outer loop
      vertex -0.790000 1.020000 2.585591
      vertex -0.751054 1.020000 0.776638
      vertex -0.739164 1.020000 0.785074
    endloop
  endfacet
  facet normal -0.000000 1.000000 -0.000000
    outer loop
      vertex -0.739164 1.020000 0.785074
      vertex -0.751054 1.020000 0.776638
      vertex -0.790000 1.020000 2.585591
    endloop
  endfacet
  facet normal 0.000000 1.000000 0.000000
    outer loop
      vertex -0.790000 -1.020000 2.585591
      vertex -0.726405 -1.020000 0.792126
      vertex -0.739164 -1.020000 0.785074
    endloop
  endfacet
  facet normal -0.000000 -1.000000 -0.000000
    outer loop
      vertex -0.739164 -1.020000 0.785074
      vertex -0.726405 -1.020000 0.792126
      vertex -0.790000 -1.020000 2.585591
    endloop
  endfacet
  facet normal 0.000000 -1.000000 0.000000
    outer loop
      vertex -0.790000 1.020000 2.585591
      vertex -0.739164 1.020000 0.785074
      vertex -0.726405 1.020000 0.792126
    endloop
  endfacet
  facet normal -0.000000 1.000000 -0.000000
    outer loop
      vertex -0.726405 1.020000 0.792126
      vertex -0.739164 1.020000 0.785074
      vertex -0.790000 1.020000 2.585591
    endloop
  endfacet
  facet normal 0.000000 1.000000 0.000000
    outer loop
      vertex -0.790000 -1.020000 2.585591
      vertex -0.712936 -1.020000 0.797705
      vertex -0.726405 -1.020000 0.792126
    endloop
  endfacet
  facet normal -0.000000 -1.000000 -0.000000
    outer loop
      vertex -0.726405 -1.020000 0.792126
      vertex -0.712936 -1.020000 0.797705
      vertex -0.790000 -1.020000 2.585591
    endloop
  endfacet
  facet normal 0.000000 -1.000000 0.000000
    outer loop
      vertex -0.790000 1.020000 2.585591
      vertex -0.726405 1.020000 0.792126
      vertex -0.712936 1.020000 0.797705
    endloop
  endfacet
  facet normal -0.000000 1.000000 -0.000000
    outer loop
      vertex -0.712936 1.020000 0.797705
      vertex -0.726405 1.020000 0.792126
      vertex -0.790000 1.020000 2.585591
    endloop
  endfacet
  facet normal 0.000000 1.000000 0.000000
    outer loop
      vertex -0.790000 -1.020000 2.585591
      vertex -0.698928 -1.020000 0.801741
      vertex -0.712936 -1.020000 0.797705
    endloop
  endfacet
  facet normal -0.000000 -1.000000 -0.000000
    outer loop
      vertex -0.712936 -1.020000 0.797705
      vertex -0.698928 -1.020000 0.801741
      vertex -0.790000 -1.020000 2.585591
    endloop
  endfacet
  facet normal 0.000000 -1.000000 0.000000
    outer loop
      vertex -0.790000 1.020000 2.585591
      vertex -0.712936 1.020000 0.797705
      vertex -0.698928 1.020000 0.801741
    endloop
  endfacet
  facet normal -0.000000 1.000000 -0.000000
    outer loop
      vertex -0.698928 1.020000 0.801741
      vertex -0.712936 1.020000 0.797705
      vertex -0.790000 1.020000 2.585591
    endloop
  endfacet
  facet normal 0.000000 1.000000 0.000000
    outer loop
      vertex -0.790000 -1.020000 2.585591
      vertex -0.684555 -1.020000 0.804183
      vertex -0.698928 -1.020000 0.801741
    endloop
  endfacet
  facet normal -0.000000 -1.000000 -0.000000
    outer loop
      vertex -0.698928 -1.020000 0.801741
      vertex -0.684555 -1.020000 0.804183
      vertex -0.790000 -1.020000 2.585591
    endloop
  endfacet
  facet normal 0.000000 -1.000000 0.000000
    outer loop
      vertex -0.790000 1.020000 2.585591
      vertex -0.698928 1.020000 0.801741
      vertex -0.684555 1.020000 0.804183
    endloop
  endfacet
  facet normal -0.000000 1.000000 -0.000000
    outer loop
      vertex -0.684555 1.020000 0.804183
      vertex -0.698928 1.020000 0.801741
      vertex -0.790000 1.020000 2.585591
    endloop
  endfacet
  facet normal 0.000000 1.000000 0.000000
    outer loop
      vertex -0.790000 -1.020000 2.585591
      vertex -0.670000 -1.020000 0.805000
      vertex -0.684555 -1.020000 0.804183
    endloop
  endfacet
  facet normal -0.000000 -1.000000 -0.000000
    outer loop
      vertex -0.684555 -1.020000 0.804183
      vertex -0.670000 -1.020000 0.805000
      vertex -0.790000 -1.020000 2.585591
    endloop
  endfacet
  facet normal 0.000000 -1.000000 0.000000
    outer loop
      vertex -0.790000 1.020000 2.585591
      vertex -0.684555 1.020000 0.804183
      vertex -0.670000 1.020000 0.805000
    endloop
  endfacet
  facet normal -0.000000 1.000000 -0.000000
    outer loop
      vertex -0.670000 1.020000 0.805000
      vertex -0.684555 1.020000 0.804183
      vertex -0.790000 1.020000 2.585591
    endloop
  endfacet
  facet normal 0.000000 1.000000 0.000000
    outer loop
      vertex -0.627064 -1.020000 0.797705
      vertex -0.360000 -1.020000 0.775000
      vertex -0.613595 -1.020000 0.792126
    endloop
  endfacet
  facet normal -0.000000 -1.000000 -0.000000
    outer loop
      vertex -0.613595 -1.020000 0.792126
      vertex -0.360000 -1.020000 0.775000
      vertex -0.627064 -1.020000 0.797705
    endloop
  endfacet
  facet normal 0.000000 -1.000000 0.000000
    outer loop
      vertex -0.627064 1.020000 0.797705
      vertex -0.613595 1.020000 0.792126
      vertex -0.360000 1.020000 0.775000
    endloop
  endfacet
  facet normal -0.000000 1.000000 -0.000000
    outer loop
      vertex -0.360000 1.020000 0.775000
      vertex -0.613595 1.020000 0.792126
      vertex -0.627064 1.020000 0.797705
    endloop
  endfacet
  facet normal 0.000000 1.000000 0.000000
    outer loop
      vertex -0.360000 -1.020000 0.775000
      vertex -0.600836 -1.020000 0.785074
      vertex -0.613595 -1.020000 0.792126
    endloop
  endfacet
  facet normal -0.000000 -1.000000 -0.000000
    outer loop
      vertex -0.613595 -1.020000 0.792126
      vertex -0.600836 -1.020000 0.785074
      vertex -0.360000 -1.020000 0.775000
    endloop
  endfacet
  facet normal 0.000000 -1.000000 0.000000
    outer loop
      vertex -0.360000 1.020000 0.775000
      vertex -0.613595 1.020000 0.792126
      vertex -0.600836 1.020000 0.785074
    endloop
  endfacet
  facet normal -0.000000 1.000000 -0.000000
    outer loop
      vertex -0.600836 1.020000 0.785074
      vertex -0.613595 1.020000 0.792126
      vertex -0.360000 1.020000 0.775000
    endloop
  endfacet
  facet normal 0.000000 1.000000 0.000000
    outer loop
      vertex -0.360000 -1.020000 0.775000
      vertex -0.588946 -1.020000 0.776638
      vertex -0.600836 -1.020000 0.785074
    endloop
  endfacet
  facet normal -0.000000 -1.000000 -0.000000
    outer loop
      vertex -0.600836 -1.020000 0.785074
      vertex -0.588946 -1.020000 0.776638
      vertex -0.360000 -1.020000 0.775000
    endloop
  endfacet
  facet normal 0.000000 -1.000000 0.000000
    outer loop
      vertex -0.360000 1.020000 0.775000
      vertex -0.600836 1.020000 0.785074
      vertex -0.588946 1.020000 0.776638
    endloop
  endfacet
  facet normal -0.000000 1.000000 -0.000000
    outer loop
      vertex -0.588946 1.020000 0.776638
      vertex -0.600836 1.020000 0.785074
      vertex -0.360000 1.020000 0.775000
    endloop
  endfacet
  facet normal 0.000000 1.000000 0.000000
    outer loop
      vertex -0.360000 -1.020000 0.775000
      vertex -0.578076 -1.020000 0.766924
      vertex -0.588946 -1.020000 0.776638
    endloop
  endfacet
  facet normal -0.000000 -1.000000 -0.000000
    outer loop
      vertex -0.588946 -1.020000 0.776638
      vertex -0.578076 -1.020000 0.766924
      vertex -0.360000 -1.020000 0.775000
    endloop
  endfacet
  facet normal -0.000000 -1.000000 0.000000
    outer loop
      vertex -0.360000 1.020000 0.775000
      vertex -0.588946 1.020000 0.776638
      vertex -0.578076 1.020000 0.766924
    endloop
  endfacet
  facet normal 0.000000 1.000000 -0.000000
    outer loop
      vertex -0.578076 1.020000 0.766924
      vertex -0.588946 1.020000 0.776638
      vertex -0.360000 1.020000 0.775000
    endloop
  endfacet
  facet normal 0.000000 1.000000 0.000000
    outer loop
      vertex -0.360000 -1.020000 0.775000
      vertex -0.568362 -1.020000 0.756054
      vertex -0.578076 -1.020000 0.766924
    endloop
  endfacet
  facet normal -0.000000 -1.000000 -0.000000
    outer loop
      vertex -0.578076 -1.020000 0.766924
      vertex -0.568362 -1.020000 0.756054
      vertex -0.360000 -1.020000 0.775000
    endloop
  endfacet
  facet normal 0.000000 -1.000000 0.000000
    outer loop
      vertex -0.360000 1.020000 0.775000
      vertex -0.578076 1.020000 0.766924
      vertex -0.568362 1.020000 0.756054
    endloop
  endfacet
  facet normal -0.000000 1.000000 -0.000000
    outer loop
      vertex -0.568362 1.020000 0.756054
      vertex -0.578076 1.020000 0.766924
      vertex -0.360000 1.020000 0.775000
    endloop
  endfacet
  facet normal 0.000000 1.000000 0.000000
    outer loop
      vertex -0.360000 -1.020000 0.775000
      vertex -0.559926 -1.020000 0.744164
      vertex -0.568362 -1.020000 0.756054
    endloop
  endfacet
  facet normal -0.000000 -1.000000 -0.000000
    outer loop
      vertex -0.568362 -1.020000 0.756054
      vertex -0.559926 -1.020000 0.744164
      vertex -0.360000 -1.020000 0.775000
    endloop
  endfacet
  facet normal 0.000000 -1.000000 0.000000
    outer loop
      vertex -0.360000 1.020000 0.775000
      vertex -0.568362 1.020000 0.756054
      vertex -0.559926 1.020000 0.744164
    endloop
  endfacet
  facet normal -0.000000 1.000000 -0.000000
    outer loop
      vertex -0.559926 1.020000 0.744164
      vertex -0.568362 1.020000 0.756054
      vertex -0.360000 1.020000 0.775000
    endloop
  endfacet
  facet normal 0.000000 1.000000 0.000000
    outer loop
      vertex -0.360000 -1.020000 0.775000
      vertex -0.552874 -1.020000 0.731405
      vertex -0.559926 -1.020000 0.744164
    endloop
  endfacet
  facet normal -0.000000 -1.000000 -0.000000
    outer loop
      vertex -0.559926 -1.020000 0.744164
      vertex -0.552874 -1.020000 0.731405
      vertex -0.360000 -1.020000 0.775000
    endloop
  endfacet
  facet normal 0.000000 -1.000000 0.000000
    outer loop
      vertex -0.360000 1.020000 0.775000
      vertex -0.559926 1.020000 0.744164
      vertex -0.552874 1.020000 0.731405
    endloop
  endfacet
  facet normal -0.000000 1.000000 -0.000000
    outer loop
      vertex -0.552874 1.020000 0.731405
      vertex -0.559926 1.020000 0.744164
      vertex -0.360000 1.020000 0.775000
    endloop
  endfacet
  facet normal 0.000000 1.000000 0.000000
    outer loop
      vertex -0.360000 -1.020000 0.775000
      vertex -0.547295 -1.020000 0.717936
      vertex -0.552874 -1.020000 0.731405
    endloop
  endfacet
  facet normal -0.000000 -1.000000 -0.000000
    outer loop
      vertex -0.552874 -1.020000 0.731405
      vertex -0.547295 -1.020000 0.717936
      vertex -0.360000 -1.020000 0.775000
    endloop
  endfacet
  facet normal 0.000000 -1.000000 0.000000
    outer loop
      vertex -0.360000 1.020000 0.775000
      vertex -0.552874 1.020000 0.731405
      vertex -0.547295 1.020000 0.717936
    endloop
  endfacet
  facet normal -0.000000 1.000000 -0.000000
    outer loop
      vertex -0.547295 1.020000 0.717936
      vertex -0.552874 1.020000 0.731405
      vertex -0.360000 1.020000 0.775000
    endloop
  endfacet
  facet normal 0.000000 1.000000 0.000000
    outer loop
      vertex -0.360000 -1.020000 0.775000
      vertex -0.543259 -1.020000 0.703928
      vertex -0.547295 -1.020000 0.717936
    endloop
  endfacet
  facet normal -0.000000 -1.000000 -0.000000
    outer loop
      vertex -0.547295 -1.020000 0.717936
      vertex -0.543259 -1.020000 0.703928
      vertex -0.360000 -1.020000 0.775000
    endloop
  endfacet
  facet normal 0.000000 -1.000000 0.000000
    outer loop
      vertex -0.360000 1.020000 0.775000
      vertex -0.547295 1.020000 0.717936
      vertex -0.543259 1.020000 0.703928
    endloop
  endfacet
  facet normal -0.000000 1.000000 -0.000000
    outer loop
      vertex -0.543259 1.020000 0.703928
      vertex -0.547295 1.020000 0.717936
      vertex -0.360000 1.020000 0.775000
    endloop
  endfacet
  facet normal 0.000000 1.000000 0.000000
    outer loop
      vertex -0.360000 -1.020000 0.775000
      vertex -0.540817 -1.020000 0.689555
      vertex -0.543259 -1.020000 0.703928
    endloop
  endfacet
  facet normal -0.000000 -1.000000 -0.000000
    outer loop
      vertex -0.543259 -1.020000 0.703928
      vertex -0.540817 -1.020000 0.689555
      vertex -0.360000 -1.020000 0.775000
    endloop
  endfacet
  facet normal 0.000000 -1.000000 0.000000
    outer loop
      vertex -0.360000 1.020000 0.775000
      vertex -0.543259 1.020000 0.703928
      vertex -0.540817 1.020000 0.689555
    endloop
  endfacet
  facet normal -0.000000 1.000000 -0.000000
    outer loop
      vertex -0.540817 1.020000 0.689555
      vertex -0.543259 1.020000 0.703928
      vertex -0.360000 1.020000 0.775000
    endloop
  endfacet
  facet normal 0.000000 1.000000 0.000000
    outer loop
      vertex -0.360000 -1.020000 0.775000
      vertex -0.540000 -1.020000 0.675000
      vertex -0.540817 -1.020000 0.689555
    endloop
  endfacet
  facet normal -0.000000 -1.000000 -0.000000
    outer loop
      vertex -0.540817 -1.020000 0.689555
      vertex -0.540000 -1.020000 0.675000
      vertex -0.360000 -1.020000 0.775000
    endloop
  endfacet
  facet normal 0.000000 -1.000000 0.000000
    outer loop
      vertex -0.360000 1.020000 0.775000
      vertex -0.540817 1.020000 0.689555
      vertex -0.540000 1.020000 0.675000
    endloop
  endfacet
  facet normal -0.000000 1.000000 -0.000000
    outer loop
      vertex -0.540000 1.020000 0.675000
      vertex -0.540817 1.020000 0.689555
      vertex -0.360000 1.020000 0.775000
    endloop
  endfacet
  facet normal 0.000000 1.000000 0.000000
    outer loop
      vertex -0.360000 -1.020000 0.775000
      vertex -0.540817 -1.020000 0.660445
      vertex -0.540000 -1.020000 0.675000
    endloop
  endfacet
  facet normal -0.000000 -1.000000 -0.000000
    outer loop
      vertex -0.540000 -1.020000 0.675000
      vertex -0.540817 -1.020000 0.660445
      vertex -0.360000 -1.020000 0.775000
    endloop
  endfacet
  facet normal 0.000000 -1.000000 0.000000
    outer loop
      vertex -0.360000 1.020000 0.775000
      vertex -0.540000 1.020000 0.675000
      vertex -0.540817 1.020000 0.660445
    endloop
  endfacet
  facet normal -0.000000 1.000000 -0.000000
    outer loop
      vertex -0.540817 1.020000 0.660445
      vertex -0.540000 1.020000 0.675000
      vertex -0.360000 1.020000 0.775000
    endloop
  endfacet
  facet normal 0.000000 1.000000 0.000000
    outer loop
      vertex -0.360000 -1.020000 0.775000
      vertex -0.543259 -1.020000 0.646072
      vertex -0.540817 -1.020000 0.660445
    endloop
  endfacet
  facet normal -0.000000 -1.000000 -0.000000
    outer loop
      vertex -0.540817 -1.020000 0.660445
      vertex -0.543259 -1.020000 0.646072
      vertex -0.360000 -1.020000 0.775000
    endloop
  endfacet
  facet normal 0.000000 -1.000000 0.000000
    outer loop
      vertex -0.360000 1.020000 0.775000
      vertex -0.540817 1.020000 0.660445
      vertex -0.543259 1.020000 0.646072
    endloop
  endfacet
  facet normal -0.000000 1.000000 -0.000000
    outer loop
      vertex -0.543259 1.020000 0.646072
      vertex -0.540817 1.020000 0.660445
      vertex -0.360000 1.020000 0.775000
    endloop
  endfacet
  facet normal 0.000000 1.000000 0.000000
    outer loop
      vertex -0.360000 -1.020000 0.775000
      vertex -0.547295 -1.020000 0.632064
      vertex -0.543259 -1.020000 0.646072
    endloop
  endfacet
  facet normal -0.000000 -1.000000 -0.000000
    outer loop
      vertex -0.543259 -1.020000 0.646072
      vertex -0.547295 -1.020000 0.632064
      vertex -0.360000 -1.020000 0.775000
    endloop
  endfacet
  facet normal 0.000000 -1.000000 0.000000
    outer loop
      vertex -0.360000 1.020000 0.775000
      vertex -0.543259 1.020000 0.646072
      vertex -0.547295 1.020000 0.632064
    endloop
  endfacet
  facet normal -0.000000 1.000000 -0.000000
    outer loop
      vertex -0.547295 1.020000 0.632064
      vertex -0.543259 1.020000 0.646072
      vertex -0.360000 1.020000 0.775000
    endloop
  endfacet
  facet normal 0.000000 1.000000 0.000000
    outer loop
      vertex -0.360000 -1.020000 0.775000
      vertex -0.552874 -1.020000 0.618595
      vertex -0.547295 -1.020000 0.632064
    endloop
  endfacet
  facet normal -0.000000 -1.000000 -0.000000
    outer loop
      vertex -0.547295 -1.020000 0.632064
      vertex -0.552874 -1.020000 0.618595
      vertex -0.360000 -1.020000 0.775000
    endloop
  endfacet
  facet normal 0.000000 -1.000000 0.000000
    outer loop
      vertex -0.360000 1.020000 0.775000
      vertex -0.547295 1.020000 0.632064
      vertex -0.552874 1.020000 0.618595
    endloop
  endfacet
  facet normal -0.000000 1.000000 -0.000000
    outer loop
      vertex -0.552874 1.020000 0.618595
      vertex -0.547295 1.020000 0.632064
      vertex -0.360000 1.020000 0.775000
    endloop
  endfacet
  facet normal 0.000000 1.000000 0.000000
    outer loop
      vertex -0.360000 -1.020000 0.775000
      vertex -0.559926 -1.020000 0.605836
      vertex -0.552874 -1.020000 0.618595
    endloop
  endfacet
  facet normal -0.000000 -1.000000 -0.000000
    outer loop
      vertex -0.552874 -1.020000 0.618595
      vertex -0.559926 -1.020000 0.605836
      vertex -0.360000 -1.020000 0.775000
    endloop
  endfacet
  facet normal 0.000000 -1.000000 0.000000
    outer loop
      vertex -0.360000 1.020000 0.775000
      vertex -0.552874 1.020000 0.618595
      vertex -0.559926 1.020000 0.605836
    endloop
  endfacet
  facet normal -0.000000 1.000000 -0.000000
    outer loop
      vertex -0.559926 1.020000 0.605836
      vertex -0.552874 1.020000 0.618595
      vertex -0.360000 1.020000 0.775000
    endloop
  endfacet
  facet normal 0.000000 1.000000 0.000000
    outer loop
      vertex -0.020000 -1.020000 0.043056
      vertex -0.510000 -1.020000 -0.395000
      vertex -0.627064 -1.020000 0.552295
    endloop
  endfacet
  facet normal -0.000000 -1.000000 -0.000000
    outer loop
      vertex -0.627064 -1.020000 0.552295
      vertex -0.510000 -1.020000 -0.395000
      vertex -0.020000 -1.020000 0.043056
    endloop
  endfacet
  facet normal -0.000000 -1.000000 0.000000
    outer loop
      vertex -0.020000 1.020000 0.043056
      vertex -0.627064 1.020000 0.552295
      vertex -0.510000 1.020000 -0.395000
    endloop
  endfacet
  facet normal 0.000000 1.000000 -0.000000
    outer loop
      vertex -0.510000 1.020000 -0.395000
      vertex -0.627064 1.020000 0.552295
      vertex -0.020000 1.020000 0.043056
    endloop
  endfacet
  facet normal 0.000000 1.000000 0.000000
    outer loop
      vertex -0.360000 -1.020000 -0.775000
      vertex -0.423397 -1.020000 -0.545000
      vertex -0.417612 -1.020000 -0.533268
    endloop
  endfacet
  facet normal -0.000000 -1.000000 -0.000000
    outer loop
      vertex -0.417612 -1.020000 -0.533268
      vertex -0.423397 -1.020000 -0.545000
      vertex -0.360000 -1.020000 -0.775000
    endloop
  endfacet
  facet normal 0.000000 -1.000000 0.000000
    outer loop
      vertex -0.360000 1.020000 -0.775000
      vertex -0.417612 1.020000 -0.533268
      vertex -0.423397 1.020000 -0.545000
    endloop
  endfacet
  facet normal -0.000000 1.000000 -0.000000
    outer loop
      vertex -0.423397 1.020000 -0.545000
      vertex -0.417612 1.020000 -0.533268
      vertex -0.360000 1.020000 -0.775000
    endloop
  endfacet
  facet normal 0.000000 1.000000 0.000000
    outer loop
      vertex -0.360000 -1.020000 -0.775000
      vertex -0.430665 -1.020000 -0.555876
      vertex -0.423397 -1.020000 -0.545000
    endloop
  endfacet
  facet normal -0.000000 -1.000000 -0.000000
    outer loop
      vertex -0.423397 -1.020000 -0.545000
      vertex -0.430665 -1.020000 -0.555876
      vertex -0.360000 -1.020000 -0.775000
    endloop
  endfacet
  facet normal 0.000000 -1.000000 0.000000
    outer loop
      vertex -0.360000 1.020000 -0.775000
      vertex -0.423397 1.020000 -0.545000
      vertex -0.430665 1.020000 -0.555876
    endloop
  endfacet
  facet normal -0.000000 1.000000 -0.000000
    outer loop
      vertex -0.430665 1.020000 -0.555876
      vertex -0.423397 1.020000 -0.545000
      vertex -0.360000 1.020000 -0.775000
    endloop
  endfacet
  facet normal 0.000000 1.000000 0.000000
    outer loop
      vertex -0.360000 -1.020000 -0.775000
      vertex -0.439289 -1.020000 -0.565711
      vertex -0.430665 -1.020000 -0.555876
    endloop
  endfacet
  facet normal -0.000000 -1.000000 -0.000000
    outer loop
      vertex -0.430665 -1.020000 -0.555876
      vertex -0.439289 -1.020000 -0.565711
      vertex -0.360000 -1.020000 -0.775000
    endloop
  endfacet
  facet normal 0.000000 -1.000000 0.000000
    outer loop
      vertex -0.360000 1.020000 -0.775000
      vertex -0.430665 1.020000 -0.555876
      vertex -0.439289 1.020000 -0.565711
    endloop
  endfacet
  facet normal -0.000000 1.000000 -0.000000
    outer loop
      vertex -0.439289 1.020000 -0.565711
      vertex -0.430665 1.020000 -0.555876
      vertex -0.360000 1.020000 -0.775000
    endloop
  endfacet
  facet normal 0.000000 1.000000 0.000000
    outer loop
      vertex -0.360000 -1.020000 -0.775000
      vertex -0.449124 -1.020000 -0.574335
      vertex -0.439289 -1.020000 -0.565711
    endloop
  endfacet
  facet normal -0.000000 -1.000000 -0.000000
    outer loop
      vertex -0.439289 -1.020000 -0.565711
      vertex -0.449124 -1.020000 -0.574335
      vertex -0.360000 -1.020000 -0.775000
    endloop
  endfacet
  facet normal 0.000000 -1.000000 0.000000
    outer loop
      vertex -0.360000 1.020000 -0.775000
      vertex -0.439289 1.020000 -0.565711
      vertex -0.449124 1.020000 -0.574335
    endloop
  endfacet
  facet normal -0.000000 1.000000 -0.000000
    outer loop
      vertex -0.449124 1.020000 -0.574335
      vertex -0.439289 1.020000 -0.565711
      vertex -0.360000 1.020000 -0.775000
    endloop
  endfacet
  facet normal 0.000000 1.000000 0.000000
    outer loop
      vertex -0.360000 -1.020000 -0.775000
      vertex -0.460000 -1.020000 -0.581603
      vertex -0.449124 -1.020000 -0.574335
    endloop
  endfacet
  facet normal -0.000000 -1.000000 -0.000000
    outer loop
      vertex -0.449124 -1.020000 -0.574335
      vertex -0.460000 -1.020000 -0.581603
      vertex -0.360000 -1.020000 -0.775000
    endloop
  endfacet
  facet normal 0.000000 -1.000000 0.000000
    outer loop
      vertex -0.360000 1.020000 -0.775000
      vertex -0.449124 1.020000 -0.574335
      vertex -0.460000 1.020000 -0.581603
    endloop
  endfacet
  facet normal -0.000000 1.000000 -0.000000
    outer loop
      vertex -0.460000 1.020000 -0.581603
      vertex -0.449124 1.020000 -0.574335
      vertex -0.360000 1.020000 -0.775000
    endloop
  endfacet
  facet normal 0.000000 1.000000 0.000000
    outer loop
      vertex -0.360000 -1.020000 -0.775000
      vertex -0.471732 -1.020000 -0.587388
      vertex -0.460000 -1.020000 -0.581603
    endloop
  endfacet
  facet normal -0.000000 -1.000000 -0.000000
    outer loop
      vertex -0.460000 -1.020000 -0.581603
      vertex -0.471732 -1.020000 -0.587388
      vertex -0.360000 -1.020000 -0.775000
    endloop
  endfacet
  facet normal 0.000000 -1.000000 0.000000
    outer loop
      vertex -0.360000 1.020000 -0.775000
      vertex -0.460000 1.020000 -0.581603
      vertex -0.471732 1.020000 -0.587388
    endloop
  endfacet
  facet normal -0.000000 1.000000 -0.000000
    outer loop
      vertex -0.471732 1.020000 -0.587388
      vertex -0.460000 1.020000 -0.581603
      vertex -0.360000 1.020000 -0.775000
    endloop
  endfacet
  facet normal 0.000000 1.000000 0.000000
    outer loop
      vertex -0.360000 -1.020000 -0.775000
      vertex -0.484118 -1.020000 -0.591593
      vertex -0.471732 -1.020000 -0.587388
    endloop
  endfacet
  facet normal -0.000000 -1.000000 -0.000000
    outer loop
      vertex -0.471732 -1.020000 -0.587388
      vertex -0.484118 -1.020000 -0.591593
      vertex -0.360000 -1.020000 -0.775000
    endloop
  endfacet
  facet normal 0.000000 -1.000000 0.000000
    outer loop
      vertex -0.360000 1.020000 -0.775000
      vertex -0.471732 1.020000 -0.587388
      vertex -0.484118 1.020000 -0.591593
    endloop
  endfacet
  facet normal -0.000000 1.000000 -0.000000
    outer loop
      vertex -0.484118 1.020000 -0.591593
      vertex -0.471732 1.020000 -0.587388
      vertex -0.360000 1.020000 -0.775000
    endloop
  endfacet
  facet normal 0.000000 1.000000 0.000000
    outer loop
      vertex -0.360000 -1.020000 -0.775000
      vertex -0.496947 -1.020000 -0.594144
      vertex -0.484118 -1.020000 -0.591593
    endloop
  endfacet
  facet normal -0.000000 -1.000000 -0.000000
    outer loop
      vertex -0.484118 -1.020000 -0.591593
      vertex -0.496947 -1.020000 -0.594144
      vertex -0.360000 -1.020000 -0.775000
    endloop
  endfacet
  facet normal 0.000000 -1.000000 0.000000
    outer loop
      vertex -0.360000 1.020000 -0.775000
      vertex -0.484118 1.020000 -0.591593
      vertex -0.496947 1.020000 -0.594144
    endloop
  endfacet
  facet normal -0.000000 1.000000 -0.000000
    outer loop
      vertex -0.496947 1.020000 -0.594144
      vertex -0.484118 1.020000 -0.591593
      vertex -0.360000 1.020000 -0.775000
    endloop
  endfacet
  facet normal 0.000000 1.000000 0.000000
    outer loop
      vertex -0.360000 -1.020000 -0.775000
      vertex -0.510000 -1.020000 -0.595000
      vertex -0.496947 -1.020000 -0.594144
    endloop
  endfacet
  facet normal -0.000000 -1.000000 -0.000000
    outer loop
      vertex -0.496947 -1.020000 -0.594144
      vertex -0.510000 -1.020000 -0.595000
      vertex -0.360000 -1.020000 -0.775000
    endloop
  endfacet
  facet normal 0.000000 -1.000000 0.000000
    outer loop
      vertex -0.360000 1.020000 -0.775000
      vertex -0.496947 1.020000 -0.594144
      vertex -0.510000 1.020000 -0.595000
    endloop
  endfacet
  facet normal -0.000000 1.000000 -0.000000
    outer loop
      vertex -0.510000 1.020000 -0.595000
      vertex -0.496947 1.020000 -0.594144
      vertex -0.360000 1.020000 -0.775000
    endloop
  endfacet
  facet normal 0.000000 1.000000 0.000000
    outer loop
      vertex -0.360000 -1.020000 -0.775000
      vertex -0.523053 -1.020000 -0.594144
      vertex -0.510000 -1.020000 -0.595000
    endloop
  endfacet
  facet normal -0.000000 -1.000000 -0.000000
    outer loop
      vertex -0.510000 -1.020000 -0.595000
      vertex -0.523053 -1.020000 -0.594144
      vertex -0.360000 -1.020000 -0.775000
    endloop
  endfacet
  facet normal 0.000000 -1.000000 0.000000
    outer loop
      vertex -0.360000 1.020000 -0.775000
      vertex -0.510000 1.020000 -0.595000
      vertex -0.523053 1.020000 -0.594144
    endloop
  endfacet
  facet normal -0.000000 1.000000 -0.000000
    outer loop
      vertex -0.523053 1.020000 -0.594144
      vertex -0.510000 1.020000 -0.595000
      vertex -0.360000 1.020000 -0.775000
    endloop
  endfacet
  facet normal 0.000000 1.000000 0.000000
    outer loop
      vertex -0.360000 -1.020000 -0.775000
      vertex -0.535882 -1.020000 -0.591593
      vertex -0.523053 -1.020000 -0.594144
    endloop
  endfacet
  facet normal -0.000000 -1.000000 -0.000000
    outer loop
      vertex -0.523053 -1.020000 -0.594144
      vertex -0.535882 -1.020000 -0.591593
      vertex -0.360000 -1.020000 -0.775000
    endloop
  endfacet
  facet normal 0.000000 -1.000000 0.000000
    outer loop
      vertex -0.360000 1.020000 -0.775000
      vertex -0.523053 1.020000 -0.594144
      vertex -0.535882 1.020000 -0.591593
    endloop
  endfacet
  facet normal -0.000000 1.000000 -0.000000
    outer loop
      vertex -0.535882 1.020000 -0.591593
      vertex -0.523053 1.020000 -0.594144
      vertex -0.360000 1.020000 -0.775000
    endloop
  endfacet
  facet normal 0.000000 1.000000 0.000000
    outer loop
      vertex -0.360000 -1.020000 -0.775000
      vertex -0.548268 -1.020000 -0.587388
      vertex -0.535882 -1.020000 -0.591593
    endloop
  endfacet
  facet normal -0.000000 -1.000000 -0.000000
    outer loop
      vertex -0.535882 -1.020000 -0.591593
      vertex -0.548268 -1.020000 -0.587388
      vertex -0.360000 -1.020000 -0.775000
    endloop
  endfacet
  facet normal 0.000000 -1.000000 0.000000
    outer loop
      vertex -0.360000 1.020000 -0.775000
      vertex -0.535882 1.020000 -0.591593
      vertex -0.548268 1.020000 -0.587388
    endloop
  endfacet
  facet normal -0.000000 1.000000 -0.000000
    outer loop
      vertex -0.548268 1.020000 -0.587388
      vertex -0.535882 1.020000 -0.591593
      vertex -0.360000 1.020000 -0.775000
    endloop
  endfacet
  facet normal 0.000000 1.000000 -0.000000
    outer loop
      vertex -0.609144 -1.020000 -0.481947
      vertex -0.780074 -1.020000 0.605836
      vertex -0.606593 -1.020000 -0.469118
    endloop
  endfacet
  facet normal -0.000000 -1.000000 0.000000
    outer loop
      vertex -0.606593 -1.020000 -0.469118
      vertex -0.780074 -1.020000 0.605836
      vertex -0.609144 -1.020000 -0.481947
    endloop
  endfacet
  facet normal 0.000000 -1.000000 0.000000
    outer loop
      vertex -0.609144 1.020000 -0.481947
      vertex -0.606593 1.020000 -0.469118
      vertex -0.780074 1.020000 0.605836
    endloop
  endfacet
  facet normal -0.000000 1.000000 -0.000000
    outer loop
      vertex -0.780074 1.020000 0.605836
      vertex -0.606593 1.020000 -0.469118
      vertex -0.609144 1.020000 -0.481947
    endloop
  endfacet
  facet normal 0.000000 1.000000 0.000000
    outer loop
      vertex -0.609144 -1.020000 -0.481947
      vertex -0.787126 -1.020000 0.618595
      vertex -0.780074 -1.020000 0.605836
    endloop
  endfacet
  facet normal -0.000000 -1.000000 -0.000000
    outer loop
      vertex -0.780074 -1.020000 0.605836
      vertex -0.787126 -1.020000 0.618595
      vertex -0.609144 -1.020000 -0.481947
    endloop
  endfacet
  facet normal 0.000000 -1.000000 0.000000
    outer loop
      vertex -0.609144 1.020000 -0.481947
      vertex -0.780074 1.020000 0.605836
      vertex -0.787126 1.020000 0.618595
    endloop
  endfacet
  facet normal -0.000000 1.000000 -0.000000
    outer loop
      vertex -0.787126 1.020000 0.618595
      vertex -0.780074 1.020000 0.605836
      vertex -0.609144 1.020000 -0.481947
    endloop
  endfacet
  facet normal 0.000000 1.000000 0.000000
    outer loop
      vertex -0.780074 -1.020000 0.605836
      vertex -0.771638 -1.020000 0.593946
      vertex -0.606593 -1.020000 -0.469118
    endloop
  endfacet
  facet normal -0.000000 -1.000000 -0.000000
    outer loop
      vertex -0.606593 -1.020000 -0.469118
      vertex -0.771638 -1.020000 0.593946
      vertex -0.780074 -1.020000 0.605836
    endloop
  endfacet
  facet normal 0.000000 -1.000000 0.000000
    outer loop
      vertex -0.780074 1.020000 0.605836
      vertex -0.606593 1.020000 -0.469118
      vertex -0.771638 1.020000 0.593946
    endloop
  endfacet
  facet normal -0.000000 1.000000 -0.000000
    outer loop
      vertex -0.771638 1.020000 0.593946
      vertex -0.606593 1.020000 -0.469118
      vertex -0.780074 1.020000 0.605836
    endloop
  endfacet
  facet normal 0.000000 1.000000 0.000000
    outer loop
      vertex -0.771638 -1.020000 0.593946
      vertex -0.602388 -1.020000 -0.456732
      vertex -0.606593 -1.020000 -0.469118
    endloop
  endfacet
  facet normal -0.000000 -1.000000 -0.000000
    outer loop
      vertex -0.606593 -1.020000 -0.469118
      vertex -0.602388 -1.020000 -0.456732
      vertex -0.771638 -1.020000 0.593946
    endloop
  endfacet
  facet normal 0.000000 -1.000000 0.000000
    outer loop
      vertex -0.771638 1.020000 0.593946
      vertex -0.606593 1.020000 -0.469118
      vertex -0.602388 1.020000 -0.456732
    endloop
  endfacet
  facet normal -0.000000 1.000000 -0.000000
    outer loop
      vertex -0.602388 1.020000 -0.456732
      vertex -0.606593 1.020000 -0.469118
      vertex -0.771638 1.020000 0.593946
    endloop
  endfacet
  facet normal 0.000000 1.000000 0.000000
    outer loop
      vertex -0.771638 -1.020000 0.593946
      vertex -0.761924 -1.020000 0.583076
      vertex -0.602388 -1.020000 -0.456732
    endloop
  endfacet
  facet normal -0.000000 -1.000000 -0.000000
    outer loop
      vertex -0.602388 -1.020000 -0.456732
      vertex -0.761924 -1.020000 0.583076
      vertex -0.771638 -1.020000 0.593946
    endloop
  endfacet
  facet normal 0.000000 -1.000000 0.000000
    outer loop
      vertex -0.771638 1.020000 0.593946
      vertex -0.602388 1.020000 -0.456732
      vertex -0.761924 1.020000 0.583076
    endloop
  endfacet
  facet normal -0.000000 1.000000 -0.000000
    outer loop
      vertex -0.761924 1.020000 0.583076
      vertex -0.602388 1.020000 -0.456732
      vertex -0.771638 1.020000 0.593946
    endloop
  endfacet
  facet normal 0.000000 1.000000 0.000000
    outer loop
      vertex -0.761924 -1.020000 0.583076
      vertex -0.596603 -1.020000 -0.445000
      vertex -0.602388 -1.020000 -0.456732
    endloop
  endfacet
  facet normal -0.000000 -1.000000 -0.000000
    outer loop
      vertex -0.602388 -1.020000 -0.456732
      vertex -0.596603 -1.020000 -0.445000
      vertex -0.761924 -1.020000 0.583076
    endloop
  endfacet
  facet normal 0.000000 -1.000000 0.000000
    outer loop
      vertex -0.761924 1.020000 0.583076
      vertex -0.602388 1.020000 -0.456732
      vertex -0.596603 1.020000 -0.445000
    endloop
  endfacet
  facet normal -0.000000 1.000000 -0.000000
    outer loop
      vertex -0.596603 1.020000 -0.445000
      vertex -0.602388 1.020000 -0.456732
      vertex -0.761924 1.020000 0.583076
    endloop
  endfacet
  facet normal 0.000000 1.000000 0.000000
    outer loop
      vertex -0.761924 -1.020000 0.583076
      vertex -0.751054 -1.020000 0.573362
      vertex -0.596603 -1.020000 -0.445000
    endloop
  endfacet
  facet normal -0.000000 -1.000000 -0.000000
    outer loop
      vertex -0.596603 -1.020000 -0.445000
      vertex -0.751054 -1.020000 0.573362
      vertex -0.761924 -1.020000 0.583076
    endloop
  endfacet
  facet normal 0.000000 -1.000000 0.000000
    outer loop
      vertex -0.761924 1.020000 0.583076
      vertex -0.596603 1.020000 -0.445000
      vertex -0.751054 1.020000 0.573362
    endloop
  endfacet
  facet normal -0.000000 1.000000 -0.000000
    outer loop
      vertex -0.751054 1.020000 0.573362
      vertex -0.596603 1.020000 -0.445000
      vertex -0.761924 1.020000 0.583076
    endloop
  endfacet
  facet normal 0.000000 1.000000 0.000000
    outer loop
      vertex -0.751054 -1.020000 0.573362
      vertex -0.589335 -1.020000 -0.434124
      vertex -0.596603 -1.020000 -0.445000
    endloop
  endfacet
  facet normal -0.000000 -1.000000 -0.000000
    outer loop
      vertex -0.596603 -1.020000 -0.445000
      vertex -0.589335 -1.020000 -0.434124
      vertex -0.751054 -1.020000 0.573362
    endloop
  endfacet
  facet normal 0.000000 -1.000000 0.000000
    outer loop
      vertex -0.751054 1.020000 0.573362
      vertex -0.596603 1.020000 -0.445000
      vertex -0.589335 1.020000 -0.434124
    endloop
  endfacet
  facet normal -0.000000 1.000000 -0.000000
    outer loop
      vertex -0.589335 1.020000 -0.434124
      vertex -0.596603 1.020000 -0.445000
      vertex -0.751054 1.020000 0.573362
    endloop
  endfacet
  facet normal 0.000000 1.000000 0.000000
    outer loop
      vertex -0.751054 -1.020000 0.573362
      vertex -0.739164 -1.020000 0.564926
      vertex -0.589335 -1.020000 -0.434124
    endloop
  endfacet
  facet normal -0.000000 -1.000000 -0.000000
    outer loop
      vertex -0.589335 -1.020000 -0.434124
      vertex -0.739164 -1.020000 0.564926
      vertex -0.751054 -1.020000 0.573362
    endloop
  endfacet
  facet normal 0.000000 -1.000000 0.000000
    outer loop
      vertex -0.751054 1.020000 0.573362
      vertex -0.589335 1.020000 -0.434124
      vertex -0.739164 1.020000 0.564926
    endloop
  endfacet
  facet normal -0.000000 1.000000 -0.000000
    outer loop
      vertex -0.739164 1.020000 0.564926
      vertex -0.589335 1.020000 -0.434124
      vertex -0.751054 1.020000 0.573362
    endloop
  endfacet
  facet normal 0.000000 1.000000 0.000000
    outer loop
      vertex -0.739164 -1.020000 0.564926
      vertex -0.580711 -1.020000 -0.424289
      vertex -0.589335 -1.020000 -0.434124
    endloop
  endfacet
  facet normal -0.000000 -1.000000 -0.000000
    outer loop
      vertex -0.589335 -1.020000 -0.434124
      vertex -0.580711 -1.020000 -0.424289
      vertex -0.739164 -1.020000 0.564926
    endloop
  endfacet
  facet normal 0.000000 -1.000000 0.000000
    outer loop
      vertex -0.739164 1.020000 0.564926
      vertex -0.589335 1.020000 -0.434124
      vertex -0.580711 1.020000 -0.424289
    endloop
  endfacet
  facet normal -0.000000 1.000000 -0.000000
    outer loop
      vertex -0.580711 1.020000 -0.424289
      vertex -0.589335 1.020000 -0.434124
      vertex -0.739164 1.020000 0.564926
    endloop
  endfacet
  facet normal 0.000000 1.000000 0.000000
    outer loop
      vertex -0.739164 -1.020000 0.564926
      vertex -0.726405 -1.020000 0.557874
      vertex -0.580711 -1.020000 -0.424289
    endloop
  endfacet
  facet normal -0.000000 -1.000000 -0.000000
    outer loop
      vertex -0.580711 -1.020000 -0.424289
      vertex -0.726405 -1.020000 0.557874
      vertex -0.739164 -1.020000 0.564926
    endloop
  endfacet
  facet normal 0.000000 -1.000000 0.000000
    outer loop
      vertex -0.739164 1.020000 0.564926
      vertex -0.580711 1.020000 -0.424289
      vertex -0.726405 1.020000 0.557874
    endloop
  endfacet
  facet normal -0.000000 1.000000 -0.000000
    outer loop
      vertex -0.726405 1.020000 0.557874
      vertex -0.580711 1.020000 -0.424289
      vertex -0.739164 1.020000 0.564926
    endloop
  endfacet
  facet normal 0.000000 1.000000 0.000000
    outer loop
      vertex -0.726405 -1.020000 0.557874
      vertex -0.570876 -1.020000 -0.415665
      vertex -0.580711 -1.020000 -0.424289
    endloop
  endfacet
  facet normal -0.000000 -1.000000 -0.000000
    outer loop
      vertex -0.580711 -1.020000 -0.424289
      vertex -0.570876 -1.020000 -0.415665
      vertex -0.726405 -1.020000 0.557874
    endloop
  endfacet
  facet normal 0.000000 -1.000000 0.000000
    outer loop
      vertex -0.726405 1.020000 0.557874
      vertex -0.580711 1.020000 -0.424289
      vertex -0.570876 1.020000 -0.415665
    endloop
  endfacet
  facet normal -0.000000 1.000000 -0.000000
    outer loop
      vertex -0.570876 1.020000 -0.415665
      vertex -0.580711 1.020000 -0.424289
      vertex -0.726405 1.020000 0.557874
    endloop
  endfacet
  facet normal 0.000000 1.000000 0.000000
    outer loop
      vertex -0.726405 -1.020000 0.557874
      vertex -0.712936 -1.020000 0.552295
      vertex -0.570876 -1.020000 -0.415665
    endloop
  endfacet
  facet normal -0.000000 -1.000000 -0.000000
    outer loop
      vertex -0.570876 -1.020000 -0.415665
      vertex -0.712936 -1.020000 0.552295
      vertex -0.726405 -1.020000 0.557874
    endloop
  endfacet
  facet normal 0.000000 -1.000000 0.000000
    outer loop
      vertex -0.726405 1.020000 0.557874
      vertex -0.570876 1.020000 -0.415665
      vertex -0.712936 1.020000 0.552295
    endloop
  endfacet
  facet normal -0.000000 1.000000 -0.000000
    outer loop
      vertex -0.712936 1.020000 0.552295
      vertex -0.570876 1.020000 -0.415665
      vertex -0.726405 1.020000 0.557874
    endloop
  endfacet
  facet normal 0.000000 1.000000 0.000000
    outer loop
      vertex -0.712936 -1.020000 0.552295
      vertex -0.560000 -1.020000 -0.408397
      vertex -0.570876 -1.020000 -0.415665
    endloop
  endfacet
  facet normal -0.000000 -1.000000 -0.000000
    outer loop
      vertex -0.570876 -1.020000 -0.415665
      vertex -0.560000 -1.020000 -0.408397
      vertex -0.712936 -1.020000 0.552295
    endloop
  endfacet
  facet normal 0.000000 -1.000000 0.000000
    outer loop
      vertex -0.712936 1.020000 0.552295
      vertex -0.570876 1.020000 -0.415665
      vertex -0.560000 1.020000 -0.408397
    endloop
  endfacet
  facet normal -0.000000 1.000000 -0.000000
    outer loop
      vertex -0.560000 1.020000 -0.408397
      vertex -0.570876 1.020000 -0.415665
      vertex -0.712936 1.020000 0.552295
    endloop
  endfacet
  facet normal 0.000000 1.000000 0.000000
    outer loop
      vertex -0.712936 -1.020000 0.552295
      vertex -0.698928 -1.020000 0.548259
      vertex -0.560000 -1.020000 -0.408397
    endloop
  endfacet
  facet normal -0.000000 -1.000000 -0.000000
    outer loop
      vertex -0.560000 -1.020000 -0.408397
      vertex -0.698928 -1.020000 0.548259
      vertex -0.712936 -1.020000 0.552295
    endloop
  endfacet
  facet normal 0.000000 -1.000000 0.000000
    outer loop
      vertex -0.712936 1.020000 0.552295
      vertex -0.560000 1.020000 -0.408397
      vertex -0.698928 1.020000 0.548259
    endloop
  endfacet
  facet normal -0.000000 1.000000 -0.000000
    outer loop
      vertex -0.698928 1.020000 0.548259
      vertex -0.560000 1.020000 -0.408397
      vertex -0.712936 1.020000 0.552295
    endloop
  endfacet
  facet normal 0.000000 1.000000 0.000000
    outer loop
      vertex -0.698928 -1.020000 0.548259
      vertex -0.548268 -1.020000 -0.402612
      vertex -0.560000 -1.020000 -0.408397
    endloop
  endfacet
  facet normal -0.000000 -1.000000 -0.000000
    outer loop
      vertex -0.560000 -1.020000 -0.408397
      vertex -0.548268 -1.020000 -0.402612
      vertex -0.698928 -1.020000 0.548259
    endloop
  endfacet
  facet normal 0.000000 -1.000000 0.000000
    outer loop
      vertex -0.698928 1.020000 0.548259
      vertex -0.560000 1.020000 -0.408397
      vertex -0.548268 1.020000 -0.402612
    endloop
  endfacet
  facet normal -0.000000 1.000000 -0.000000
    outer loop
      vertex -0.548268 1.020000 -0.402612
      vertex -0.560000 1.020000 -0.408397
      vertex -0.698928 1.020000 0.548259
    endloop
  endfacet
  facet normal 0.000000 1.000000 0.000000
    outer loop
      vertex -0.698928 -1.020000 0.548259
      vertex -0.684555 -1.020000 0.545817
      vertex -0.548268 -1.020000 -0.402612
    endloop
  endfacet
  facet normal -0.000000 -1.000000 -0.000000
    outer loop
      vertex -0.548268 -1.020000 -0.402612
      vertex -0.684555 -1.020000 0.545817
      vertex -0.698928 -1.020000 0.548259
    endloop
  endfacet
  facet normal 0.000000 -1.000000 0.000000
    outer loop
      vertex -0.698928 1.020000 0.548259
      vertex -0.548268 1.020000 -0.402612
      vertex -0.684555 1.020000 0.545817
    endloop
  endfacet
  facet normal -0.000000 1.000000 -0.000000
    outer loop
      vertex -0.684555 1.020000 0.545817
      vertex -0.548268 1.020000 -0.402612
      vertex -0.698928 1.020000 0.548259
    endloop
  endfacet
  facet normal 0.000000 1.000000 0.000000
    outer loop
      vertex -0.684555 -1.020000 0.545817
      vertex -0.670000 -1.020000 0.545000
      vertex -0.548268 -1.020000 -0.402612
    endloop
  endfacet
  facet normal -0.000000 -1.000000 -0.000000
    outer loop
      vertex -0.548268 -1.020000 -0.402612
      vertex -0.670000 -1.020000 0.545000
      vertex -0.684555 -1.020000 0.545817
    endloop
  endfacet
  facet normal 0.000000 -1.000000 0.000000
    outer loop
      vertex -0.684555 1.020000 0.545817
      vertex -0.548268 1.020000 -0.402612
      vertex -0.670000 1.020000 0.545000
    endloop
  endfacet
  facet normal -0.000000 1.000000 -0.000000
    outer loop
      vertex -0.670000 1.020000 0.545000
      vertex -0.548268 1.020000 -0.402612
      vertex -0.684555 1.020000 0.545817
    endloop
  endfacet
  facet normal 0.000000 1.000000 0.000000
    outer loop
      vertex -0.670000 -1.020000 0.545000
      vertex -0.535882 -1.020000 -0.398407
      vertex -0.548268 -1.020000 -0.402612
    endloop
  endfacet
  facet normal -0.000000 -1.000000 -0.000000
    outer loop
      vertex -0.548268 -1.020000 -0.402612
      vertex -0.535882 -1.020000 -0.398407
      vertex -0.670000 -1.020000 0.545000
    endloop
  endfacet
  facet normal 0.000000 -1.000000 0.000000
    outer loop
      vertex -0.670000 1.020000 0.545000
      vertex -0.548268 1.020000 -0.402612
      vertex -0.535882 1.020000 -0.398407
    endloop
  endfacet
  facet normal -0.000000 1.000000 -0.000000
    outer loop
      vertex -0.535882 1.020000 -0.398407
      vertex -0.548268 1.020000 -0.402612
      vertex -0.670000 1.020000 0.545000
    endloop
  endfacet
  facet normal -0.000000 1.000000 0.000000
    outer loop
      vertex -0.670000 -1.020000 0.545000
      vertex -0.655445 -1.020000 0.545817
      vertex -0.535882 -1.020000 -0.398407
    endloop
  endfacet
  facet normal 0.000000 -1.000000 -0.000000
    outer loop
      vertex -0.535882 -1.020000 -0.398407
      vertex -0.655445 -1.020000 0.545817
      vertex -0.670000 -1.020000 0.545000
    endloop
  endfacet
  facet normal 0.000000 -1.000000 0.000000
    outer loop
      vertex -0.670000 1.020000 0.545000
      vertex -0.535882 1.020000 -0.398407
      vertex -0.655445 1.020000 0.545817
    endloop
  endfacet
  facet normal -0.000000 1.000000 -0.000000
    outer loop
      vertex -0.655445 1.020000 0.545817
      vertex -0.535882 1.020000 -0.398407
      vertex -0.670000 1.020000 0.545000
    endloop
  endfacet
  facet normal 0.000000 1.000000 0.000000
    outer loop
      vertex -0.655445 -1.020000 0.545817
      vertex -0.523053 -1.020000 -0.395856
      vertex -0.535882 -1.020000 -0.398407
    endloop
  endfacet
  facet normal -0.000000 -1.000000 -0.000000
    outer loop
      vertex -0.535882 -1.020000 -0.398407
      vertex -0.523053 -1.020000 -0.395856
      vertex -0.655445 -1.020000 0.545817
    endloop
  endfacet
  facet normal 0.000000 -1.000000 0.000000
    outer loop
      vertex -0.655445 1.020000 0.545817
      vertex -0.535882 1.020000 -0.398407
      vertex -0.523053 1.020000 -0.395856
    endloop
  endfacet
  facet normal -0.000000 1.000000 -0.000000
    outer loop
      vertex -0.523053 1.020000 -0.395856
      vertex -0.535882 1.020000 -0.398407
      vertex -0.655445 1.020000 0.545817
    endloop
  endfacet
  facet normal -0.000000 1.000000 0.000000
    outer loop
      vertex -0.655445 -1.020000 0.545817
      vertex -0.641072 -1.020000 0.548259
      vertex -0.523053 -1.020000 -0.395856
    endloop
  endfacet
  facet normal 0.000000 -1.000000 -0.000000
    outer loop
      vertex -0.523053 -1.020000 -0.395856
      vertex -0.641072 -1.020000 0.548259
      vertex -0.655445 -1.020000 0.545817
    endloop
  endfacet
  facet normal 0.000000 -1.000000 0.000000
    outer loop
      vertex -0.655445 1.020000 0.545817
      vertex -0.523053 1.020000 -0.395856
      vertex -0.641072 1.020000 0.548259
    endloop
  endfacet
  facet normal -0.000000 1.000000 -0.000000
    outer loop
      vertex -0.641072 1.020000 0.548259
      vertex -0.523053 1.020000 -0.395856
      vertex -0.655445 1.020000 0.545817
    endloop
  endfacet
  facet normal 0.000000 1.000000 0.000000
    outer loop
      vertex -0.641072 -1.020000 0.548259
      vertex -0.510000 -1.020000 -0.395000
      vertex -0.523053 -1.020000 -0.395856
    endloop
  endfacet
  facet normal -0.000000 -1.000000 -0.000000
    outer loop
      vertex -0.523053 -1.020000 -0.395856
      vertex -0.510000 -1.020000 -0.395000
      vertex -0.641072 -1.020000 0.548259
    endloop
  endfacet
  facet normal 0.000000 -1.000000 0.000000
    outer loop
      vertex -0.641072 1.020000 0.548259
      vertex -0.523053 1.020000 -0.395856
      vertex -0.510000 1.020000 -0.395000
    endloop
  endfacet
  facet normal -0.000000 1.000000 -0.000000
    outer loop
      vertex -0.510000 1.020000 -0.395000
      vertex -0.523053 1.020000 -0.395856
      vertex -0.641072 1.020000 0.548259
    endloop
  endfacet
  facet normal -0.000000 1.000000 0.000000
    outer loop
      vertex -0.641072 -1.020000 0.548259
      vertex -0.627064 -1.020000 0.552295
      vertex -0.510000 -1.020000 -0.395000
    endloop
  endfacet
  facet normal 0.000000 -1.000000 -0.000000
    outer loop
      vertex -0.510000 -1.020000 -0.395000
      vertex -0.627064 -1.020000 0.552295
      vertex -0.641072 -1.020000 0.548259
    endloop
  endfacet
  facet normal 0.000000 -1.000000 0.000000
    outer loop
      vertex -0.641072 1.020000 0.548259
      vertex -0.510000 1.020000 -0.395000
      vertex -0.627064 1.020000 0.552295
    endloop
  endfacet
  facet normal -0.000000 1.000000 -0.000000
    outer loop
      vertex -0.627064 1.020000 0.552295
      vertex -0.510000 1.020000 -0.395000
      vertex -0.641072 1.020000 0.548259
    endloop
  endfacet
  facet normal 0.000000 1.000000 0.000000
    outer loop
      vertex -0.789860 -1.020000 2.588487
      vertex -0.788747 -1.020000 2.594170
      vertex -0.786563 -1.020000 2.599533
    endloop
  endfacet
  facet normal -0.000000 -1.000000 -0.000000
    outer loop
      vertex -0.786563 -1.020000 2.599533
      vertex -0.788747 -1.020000 2.594170
      vertex -0.789860 -1.020000 2.588487
    endloop
  endfacet
  facet normal 0.000000 -1.000000 0.000000
    outer loop
      vertex -0.789860 1.020000 2.588487
      vertex -0.786563 1.020000 2.599533
      vertex -0.788747 1.020000 2.594170
    endloop
  endfacet
  facet normal -0.000000 1.000000 -0.000000
    outer loop
      vertex -0.788747 1.020000 2.594170
      vertex -0.786563 1.020000 2.599533
      vertex -0.789860 1.020000 2.588487
    endloop
  endfacet
  facet normal 0.000000 1.000000 0.000000
    outer loop
      vertex -0.789860 -1.020000 2.588487
      vertex -0.789441 -1.020000 2.591355
      vertex -0.788747 -1.020000 2.594170
    endloop
  endfacet
  facet normal -0.000000 -1.000000 -0.000000
    outer loop
      vertex -0.788747 -1.020000 2.594170
      vertex -0.789441 -1.020000 2.591355
      vertex -0.789860 -1.020000 2.588487
    endloop
  endfacet
  facet normal 0.000000 -1.000000 0.000000
    outer loop
      vertex -0.789860 1.020000 2.588487
      vertex -0.788747 1.020000 2.594170
      vertex -0.789441 1.020000 2.591355
    endloop
  endfacet
  facet normal -0.000000 1.000000 -0.000000
    outer loop
      vertex -0.789441 1.020000 2.591355
      vertex -0.788747 1.020000 2.594170
      vertex -0.789860 1.020000 2.588487
    endloop
  endfacet
  facet normal 0.000000 1.000000 0.000000
    outer loop
      vertex -0.788747 -1.020000 2.594170
      vertex -0.787785 -1.020000 2.596905
      vertex -0.786563 -1.020000 2.599533
    endloop
  endfacet
  facet normal -0.000000 -1.000000 -0.000000
    outer loop
      vertex -0.786563 -1.020000 2.599533
      vertex -0.787785 -1.020000 2.596905
      vertex -0.788747 -1.020000 2.594170
    endloop
  endfacet
  facet normal 0.000000 -1.000000 0.000000
    outer loop
      vertex -0.788747 1.020000 2.594170
      vertex -0.786563 1.020000 2.599533
      vertex -0.787785 1.020000 2.596905
    endloop
  endfacet
  facet normal -0.000000 1.000000 -0.000000
    outer loop
      vertex -0.787785 1.020000 2.596905
      vertex -0.786563 1.020000 2.599533
      vertex -0.788747 1.020000 2.594170
    endloop
  endfacet
  facet normal -0.671559 0.000000 -0.740951
    outer loop
      vertex -0.779032 -1.020000 -1.198190
      vertex -0.781213 -1.020000 -1.196213
      vertex -0.781213 1.020000 -1.196213
    endloop
  endfacet
  facet normal 0.671559 -0.000000 0.740951
    outer loop
      vertex -0.781213 1.020000 -1.196213
      vertex -0.781213 -1.020000 -1.196213
      vertex -0.779032 -1.020000 -1.198190
    endloop
  endfacet
  facet normal -0.671559 0.000000 -0.740951
    outer loop
      vertex -0.779032 -1.020000 -1.198190
      vertex -0.781213 1.020000 -1.196213
      vertex -0.779032 1.020000 -1.198190
    endloop
  endfacet
  facet normal 0.671559 -0.000000 0.740951
    outer loop
      vertex -0.779032 1.020000 -1.198190
      vertex -0.781213 1.020000 -1.196213
      vertex -0.779032 -1.020000 -1.198190
    endloop
  endfacet
  facet normal -0.740951 0.000000 -0.671559
    outer loop
      vertex -0.781213 -1.020000 -1.196213
      vertex -0.783190 -1.020000 -1.194032
      vertex -0.783190 1.020000 -1.194032
    endloop
  endfacet
  facet normal 0.740951 -0.000000 0.671559
    outer loop
      vertex -0.783190 1.020000 -1.194032
      vertex -0.783190 -1.020000 -1.194032
      vertex -0.781213 -1.020000 -1.196213
    endloop
  endfacet
  facet normal -0.740951 0.000000 -0.671559
    outer loop
      vertex -0.781213 -1.020000 -1.196213
      vertex -0.783190 1.020000 -1.194032
      vertex -0.781213 1.020000 -1.196213
    endloop
  endfacet
  facet normal 0.740951 -0.000000 0.671559
    outer loop
      vertex -0.781213 1.020000 -1.196213
      vertex -0.783190 1.020000 -1.194032
      vertex -0.781213 -1.020000 -1.196213
    endloop
  endfacet
  facet normal -0.803208 0.000000 -0.595699
    outer loop
      vertex -0.783190 -1.020000 -1.194032
      vertex -0.784944 -1.020000 -1.191667
      vertex -0.784944 1.020000 -1.191667
    endloop
  endfacet
  facet normal 0.803208 -0.000000 0.595699
    outer loop
      vertex -0.784944 1.020000 -1.191667
      vertex -0.784944 -1.020000 -1.191667
      vertex -0.783190 -1.020000 -1.194032
    endloop
  endfacet
  facet normal -0.803208 0.000000 -0.595699
    outer loop
      vertex -0.783190 -1.020000 -1.194032
      vertex -0.784944 1.020000 -1.191667
      vertex -0.783190 1.020000 -1.194032
    endloop
  endfacet
  facet normal 0.803208 -0.000000 0.595699
    outer loop
      vertex -0.783190 1.020000 -1.194032
      vertex -0.784944 1.020000 -1.191667
      vertex -0.783190 -1.020000 -1.194032
    endloop
  endfacet
  facet normal -0.857729 0.000000 -0.514103
    outer loop
      vertex -0.784944 -1.020000 -1.191667
      vertex -0.786458 -1.020000 -1.189142
      vertex -0.786458 1.020000 -1.189142
    endloop
  endfacet
  facet normal 0.857729 -0.000000 0.514103
    outer loop
      vertex -0.786458 1.020000 -1.189142
      vertex -0.786458 -1.020000 -1.189142
      vertex -0.784944 -1.020000 -1.191667
    endloop
  endfacet
  facet normal -0.857729 0.000000 -0.514103
    outer loop
      vertex -0.784944 -1.020000 -1.191667
      vertex -0.786458 1.020000 -1.189142
      vertex -0.784944 1.020000 -1.191667
    endloop
  endfacet
  facet normal 0.857729 -0.000000 0.514103
    outer loop
      vertex -0.784944 1.020000 -1.191667
      vertex -0.786458 1.020000 -1.189142
      vertex -0.784944 -1.020000 -1.191667
    endloop
  endfacet
  facet normal -0.903989 0.000000 -0.427555
    outer loop
      vertex -0.786458 -1.020000 -1.189142
      vertex -0.787716 -1.020000 -1.186481
      vertex -0.787716 1.020000 -1.186481
    endloop
  endfacet
  facet normal 0.903989 -0.000000 0.427555
    outer loop
      vertex -0.787716 1.020000 -1.186481
      vertex -0.787716 -1.020000 -1.186481
      vertex -0.786458 -1.020000 -1.189142
    endloop
  endfacet
  facet normal -0.903989 0.000000 -0.427555
    outer loop
      vertex -0.786458 -1.020000 -1.189142
      vertex -0.787716 1.020000 -1.186481
      vertex -0.786458 1.020000 -1.189142
    endloop
  endfacet
  facet normal 0.903989 -0.000000 0.427555
    outer loop
      vertex -0.786458 1.020000 -1.189142
      vertex -0.787716 1.020000 -1.186481
      vertex -0.786458 -1.020000 -1.189142
    endloop
  endfacet
  facet normal -0.941544 0.000000 -0.336890
    outer loop
      vertex -0.787716 -1.020000 -1.186481
      vertex -0.788708 -1.020000 -1.183709
      vertex -0.788708 1.020000 -1.183709
    endloop
  endfacet
  facet normal 0.941544 -0.000000 0.336890
    outer loop
      vertex -0.788708 1.020000 -1.183709
      vertex -0.788708 -1.020000 -1.183709
      vertex -0.787716 -1.020000 -1.186481
    endloop
  endfacet
  facet normal -0.941544 0.000000 -0.336890
    outer loop
      vertex -0.787716 -1.020000 -1.186481
      vertex -0.788708 1.020000 -1.183709
      vertex -0.787716 1.020000 -1.186481
    endloop
  endfacet
  facet normal 0.941544 -0.000000 0.336890
    outer loop
      vertex -0.787716 1.020000 -1.186481
      vertex -0.788708 1.020000 -1.183709
      vertex -0.787716 -1.020000 -1.186481
    endloop
  endfacet
  facet normal -0.970031 0.000000 -0.242980
    outer loop
      vertex -0.788708 -1.020000 -1.183709
      vertex -0.789424 -1.020000 -1.180853
      vertex -0.789424 1.020000 -1.180853
    endloop
  endfacet
  facet normal 0.970031 -0.000000 0.242980
    outer loop
      vertex -0.789424 1.020000 -1.180853
      vertex -0.789424 -1.020000 -1.180853
      vertex -0.788708 -1.020000 -1.183709
    endloop
  endfacet
  facet normal -0.970031 0.000000 -0.242980
    outer loop
      vertex -0.788708 -1.020000 -1.183709
      vertex -0.789424 1.020000 -1.180853
      vertex -0.788708 1.020000 -1.183709
    endloop
  endfacet
  facet normal 0.970031 -0.000000 0.242980
    outer loop
      vertex -0.788708 1.020000 -1.183709
      vertex -0.789424 1.020000 -1.180853
      vertex -0.788708 -1.020000 -1.183709
    endloop
  endfacet
  facet normal -0.989177 0.000000 -0.146730
    outer loop
      vertex -0.789424 -1.020000 -1.180853
      vertex -0.789856 -1.020000 -1.177941
      vertex -0.789856 1.020000 -1.177941
    endloop
  endfacet
  facet normal 0.989177 -0.000000 0.146730
    outer loop
      vertex -0.789856 1.020000 -1.177941
      vertex -0.789856 -1.020000 -1.177941
      vertex -0.789424 -1.020000 -1.180853
    endloop
  endfacet
  facet normal -0.989177 0.000000 -0.146730
    outer loop
      vertex -0.789424 -1.020000 -1.180853
      vertex -0.789856 1.020000 -1.177941
      vertex -0.789424 1.020000 -1.180853
    endloop
  endfacet
  facet normal 0.989177 -0.000000 0.146730
    outer loop
      vertex -0.789424 1.020000 -1.180853
      vertex -0.789856 1.020000 -1.177941
      vertex -0.789424 -1.020000 -1.180853
    endloop
  endfacet
  facet normal -0.998795 0.000000 -0.049068
    outer loop
      vertex -0.789856 -1.020000 -1.177941
      vertex -0.790000 -1.020000 -1.175000
      vertex -0.790000 1.020000 -1.175000
    endloop
  endfacet
  facet normal 0.998795 -0.000000 0.049068
    outer loop
      vertex -0.790000 1.020000 -1.175000
      vertex -0.790000 -1.020000 -1.175000
      vertex -0.789856 -1.020000 -1.177941
    endloop
  endfacet
  facet normal -0.998795 0.000000 -0.049068
    outer loop
      vertex -0.789856 -1.020000 -1.177941
      vertex -0.790000 1.020000 -1.175000
      vertex -0.789856 1.020000 -1.177941
    endloop
  endfacet
  facet normal 0.998795 -0.000000 0.049068
    outer loop
      vertex -0.789856 1.020000 -1.177941
      vertex -0.790000 1.020000 -1.175000
      vertex -0.789856 -1.020000 -1.177941
    endloop
  endfacet
  facet normal -1.000000 0.000000 0.000000
    outer loop
      vertex -0.790000 -1.020000 -1.175000
      vertex -0.790000 -1.020000 0.625534
      vertex -0.790000 1.020000 0.625534
    endloop
  endfacet
  facet normal 1.000000 -0.000000 -0.000000
    outer loop
      vertex -0.790000 1.020000 0.625534
      vertex -0.790000 -1.020000 0.625534
      vertex -0.790000 -1.020000 -1.175000
    endloop
  endfacet
  facet normal -1.000000 0.000000 0.000000
    outer loop
      vertex -0.790000 -1.020000 -1.175000
      vertex -0.790000 1.020000 0.625534
      vertex -0.790000 1.020000 -1.175000
    endloop
  endfacet
  facet normal 1.000000 -0.000000 -0.000000
    outer loop
      vertex -0.790000 1.020000 -1.175000
      vertex -0.790000 1.020000 0.625534
      vertex -0.790000 -1.020000 -1.175000
    endloop
  endfacet
  facet normal 0.923880 0.000000 0.382683
    outer loop
      vertex -0.790000 -1.020000 0.625534
      vertex -0.787126 -1.020000 0.618595
      vertex -0.787126 1.020000 0.618595
    endloop
  endfacet
  facet normal -0.923880 -0.000000 -0.382683
    outer loop
      vertex -0.787126 1.020000 0.618595
      vertex -0.787126 -1.020000 0.618595
      vertex -0.790000 -1.020000 0.625534
    endloop
  endfacet
  facet normal 0.923880 -0.000000 0.382683
    outer loop
      vertex -0.790000 -1.020000 0.625534
      vertex -0.787126 1.020000 0.618595
      vertex -0.790000 1.020000 0.625534
    endloop
  endfacet
  facet normal -0.923880 0.000000 -0.382683
    outer loop
      vertex -0.790000 1.020000 0.625534
      vertex -0.787126 1.020000 0.618595
      vertex -0.790000 -1.020000 0.625534
    endloop
  endfacet
  facet normal 0.875223 0.000000 0.483719
    outer loop
      vertex -0.787126 -1.020000 0.618595
      vertex -0.780074 -1.020000 0.605836
      vertex -0.780074 1.020000 0.605836
    endloop
  endfacet
  facet normal -0.875223 -0.000000 -0.483719
    outer loop
      vertex -0.780074 1.020000 0.605836
      vertex -0.780074 -1.020000 0.605836
      vertex -0.787126 -1.020000 0.618595
    endloop
  endfacet
  facet normal 0.875223 -0.000000 0.483719
    outer loop
      vertex -0.787126 -1.020000 0.618595
      vertex -0.780074 1.020000 0.605836
      vertex -0.787126 1.020000 0.618595
    endloop
  endfacet
  facet normal -0.875223 0.000000 -0.483719
    outer loop
      vertex -0.787126 1.020000 0.618595
      vertex -0.780074 1.020000 0.605836
      vertex -0.787126 -1.020000 0.618595
    endloop
  endfacet
  facet normal 0.815561 0.000000 0.578671
    outer loop
      vertex -0.780074 -1.020000 0.605836
      vertex -0.771638 -1.020000 0.593946
      vertex -0.771638 1.020000 0.593946
    endloop
  endfacet
  facet normal -0.815561 -0.000000 -0.578671
    outer loop
      vertex -0.771638 1.020000 0.593946
      vertex -0.771638 -1.020000 0.593946
      vertex -0.780074 -1.020000 0.605836
    endloop
  endfacet
  facet normal 0.815561 -0.000000 0.578671
    outer loop
      vertex -0.780074 -1.020000 0.605836
      vertex -0.771638 1.020000 0.593946
      vertex -0.780074 1.020000 0.605836
    endloop
  endfacet
  facet normal -0.815561 0.000000 -0.578671
    outer loop
      vertex -0.780074 1.020000 0.605836
      vertex -0.771638 1.020000 0.593946
      vertex -0.780074 -1.020000 0.605836
    endloop
  endfacet
  facet normal 0.745642 0.000000 0.666347
    outer loop
      vertex -0.771638 -1.020000 0.593946
      vertex -0.761924 -1.020000 0.583076
      vertex -0.761924 1.020000 0.583076
    endloop
  endfacet
  facet normal -0.745642 -0.000000 -0.666347
    outer loop
      vertex -0.761924 1.020000 0.583076
      vertex -0.761924 -1.020000 0.583076
      vertex -0.771638 -1.020000 0.593946
    endloop
  endfacet
  facet normal 0.745642 -0.000000 0.666347
    outer loop
      vertex -0.771638 -1.020000 0.593946
      vertex -0.761924 1.020000 0.583076
      vertex -0.771638 1.020000 0.593946
    endloop
  endfacet
  facet normal -0.745642 0.000000 -0.666347
    outer loop
      vertex -0.771638 1.020000 0.593946
      vertex -0.761924 1.020000 0.583076
      vertex -0.771638 -1.020000 0.593946
    endloop
  endfacet
  facet normal 0.666347 0.000000 0.745642
    outer loop
      vertex -0.761924 -1.020000 0.583076
      vertex -0.751054 -1.020000 0.573362
      vertex -0.751054 1.020000 0.573362
    endloop
  endfacet
  facet normal -0.666347 -0.000000 -0.745642
    outer loop
      vertex -0.751054 1.020000 0.573362
      vertex -0.751054 -1.020000 0.573362
      vertex -0.761924 -1.020000 0.583076
    endloop
  endfacet
  facet normal 0.666347 -0.000000 0.745642
    outer loop
      vertex -0.761924 -1.020000 0.583076
      vertex -0.751054 1.020000 0.573362
      vertex -0.761924 1.020000 0.583076
    endloop
  endfacet
  facet normal -0.666347 0.000000 -0.745642
    outer loop
      vertex -0.761924 1.020000 0.583076
      vertex -0.751054 1.020000 0.573362
      vertex -0.761924 -1.020000 0.583076
    endloop
  endfacet
  facet normal 0.578671 0.000000 0.815561
    outer loop
      vertex -0.751054 -1.020000 0.573362
      vertex -0.739164 -1.020000 0.564926
      vertex -0.739164 1.020000 0.564926
    endloop
  endfacet
  facet normal -0.578671 -0.000000 -0.815561
    outer loop
      vertex -0.739164 1.020000 0.564926
      vertex -0.739164 -1.020000 0.564926
      vertex -0.751054 -1.020000 0.573362
    endloop
  endfacet
  facet normal 0.578671 -0.000000 0.815561
    outer loop
      vertex -0.751054 -1.020000 0.573362
      vertex -0.739164 1.020000 0.564926
      vertex -0.751054 1.020000 0.573362
    endloop
  endfacet
  facet normal -0.578671 0.000000 -0.815561
    outer loop
      vertex -0.751054 1.020000 0.573362
      vertex -0.739164 1.020000 0.564926
      vertex -0.751054 -1.020000 0.573362
    endloop
  endfacet
  facet normal 0.483719 0.000000 0.875223
    outer loop
      vertex -0.739164 -1.020000 0.564926
      vertex -0.726405 -1.020000 0.557874
      vertex -0.726405 1.020000 0.557874
    endloop
  endfacet
  facet normal -0.483719 -0.000000 -0.875223
    outer loop
      vertex -0.726405 1.020000 0.557874
      vertex -0.726405 -1.020000 0.557874
      vertex -0.739164 -1.020000 0.564926
    endloop
  endfacet
  facet normal 0.483719 -0.000000 0.875223
    outer loop
      vertex -0.739164 -1.020000 0.564926
      vertex -0.726405 1.020000 0.557874
      vertex -0.739164 1.020000 0.564926
    endloop
  endfacet
  facet normal -0.483719 0.000000 -0.875223
    outer loop
      vertex -0.739164 1.020000 0.564926
      vertex -0.726405 1.020000 0.557874
      vertex -0.739164 -1.020000 0.564926
    endloop
  endfacet
  facet normal 0.382683 0.000000 0.923880
    outer loop
      vertex -0.726405 -1.020000 0.557874
      vertex -0.712936 -1.020000 0.552295
      vertex -0.712936 1.020000 0.552295
    endloop
  endfacet
  facet normal -0.382683 -0.000000 -0.923880
    outer loop
      vertex -0.712936 1.020000 0.552295
      vertex -0.712936 -1.020000 0.552295
      vertex -0.726405 -1.020000 0.557874
    endloop
  endfacet
  facet normal 0.382683 -0.000000 0.923880
    outer loop
      vertex -0.726405 -1.020000 0.557874
      vertex -0.712936 1.020000 0.552295
      vertex -0.726405 1.020000 0.557874
    endloop
  endfacet
  facet normal -0.382683 0.000000 -0.923880
    outer loop
      vertex -0.726405 1.020000 0.557874
      vertex -0.712936 1.020000 0.552295
      vertex -0.726405 -1.020000 0.557874
    endloop
  endfacet
  facet normal 0.276836 0.000000 0.960917
    outer loop
      vertex -0.712936 -1.020000 0.552295
      vertex -0.698928 -1.020000 0.548259
      vertex -0.698928 1.020000 0.548259
    endloop
  endfacet
  facet normal -0.276836 -0.000000 -0.960917
    outer loop
      vertex -0.698928 1.020000 0.548259
      vertex -0.698928 -1.020000 0.548259
      vertex -0.712936 -1.020000 0.552295
    endloop
  endfacet
  facet normal 0.276836 -0.000000 0.960917
    outer loop
      vertex -0.712936 -1.020000 0.552295
      vertex -0.698928 1.020000 0.548259
      vertex -0.712936 1.020000 0.552295
    endloop
  endfacet
  facet normal -0.276836 0.000000 -0.960917
    outer loop
      vertex -0.712936 1.020000 0.552295
      vertex -0.698928 1.020000 0.548259
      vertex -0.712936 -1.020000 0.552295
    endloop
  endfacet
  facet normal 0.167506 0.000000 0.985871
    outer loop
      vertex -0.698928 -1.020000 0.548259
      vertex -0.684555 -1.020000 0.545817
      vertex -0.684555 1.020000 0.545817
    endloop
  endfacet
  facet normal -0.167506 -0.000000 -0.985871
    outer loop
      vertex -0.684555 1.020000 0.545817
      vertex -0.684555 -1.020000 0.545817
      vertex -0.698928 -1.020000 0.548259
    endloop
  endfacet
  facet normal 0.167506 -0.000000 0.985871
    outer loop
      vertex -0.698928 -1.020000 0.548259
      vertex -0.684555 1.020000 0.545817
      vertex -0.698928 1.020000 0.548259
    endloop
  endfacet
  facet normal -0.167506 0.000000 -0.985871
    outer loop
      vertex -0.698928 1.020000 0.548259
      vertex -0.684555 1.020000 0.545817
      vertex -0.698928 -1.020000 0.548259
    endloop
  endfacet
  facet normal 0.056070 0.000000 0.998427
    outer loop
      vertex -0.684555 -1.020000 0.545817
      vertex -0.670000 -1.020000 0.545000
      vertex -0.670000 1.020000 0.545000
    endloop
  endfacet
  facet normal -0.056070 -0.000000 -0.998427
    outer loop
      vertex -0.670000 1.020000 0.545000
      vertex -0.670000 -1.020000 0.545000
      vertex -0.684555 -1.020000 0.545817
    endloop
  endfacet
  facet normal 0.056070 -0.000000 0.998427
    outer loop
      vertex -0.684555 -1.020000 0.545817
      vertex -0.670000 1.020000 0.545000
      vertex -0.684555 1.020000 0.545817
    endloop
  endfacet
  facet normal -0.056070 0.000000 -0.998427
    outer loop
      vertex -0.684555 1.020000 0.545817
      vertex -0.670000 1.020000 0.545000
      vertex -0.684555 -1.020000 0.545817
    endloop
  endfacet
  facet normal -0.056070 0.000000 0.998427
    outer loop
      vertex -0.670000 -1.020000 0.545000
      vertex -0.655445 -1.020000 0.545817
      vertex -0.655445 1.020000 0.545817
    endloop
  endfacet
  facet normal 0.056070 -0.000000 -0.998427
    outer loop
      vertex -0.655445 1.020000 0.545817
      vertex -0.655445 -1.020000 0.545817
      vertex -0.670000 -1.020000 0.545000
    endloop
  endfacet
  facet normal -0.056070 0.000000 0.998427
    outer loop
      vertex -0.670000 -1.020000 0.545000
      vertex -0.655445 1.020000 0.545817
      vertex -0.670000 1.020000 0.545000
    endloop
  endfacet
  facet normal 0.056070 -0.000000 -0.998427
    outer loop
      vertex -0.670000 1.020000 0.545000
      vertex -0.655445 1.020000 0.545817
      vertex -0.670000 -1.020000 0.545000
    endloop
  endfacet
  facet normal -0.167506 0.000000 0.985871
    outer loop
      vertex -0.655445 -1.020000 0.545817
      vertex -0.641072 -1.020000 0.548259
      vertex -0.641072 1.020000 0.548259
    endloop
  endfacet
  facet normal 0.167506 -0.000000 -0.985871
    outer loop
      vertex -0.641072 1.020000 0.548259
      vertex -0.641072 -1.020000 0.548259
      vertex -0.655445 -1.020000 0.545817
    endloop
  endfacet
  facet normal -0.167506 0.000000 0.985871
    outer loop
      vertex -0.655445 -1.020000 0.545817
      vertex -0.641072 1.020000 0.548259
      vertex -0.655445 1.020000 0.545817
    endloop
  endfacet
  facet normal 0.167506 -0.000000 -0.985871
    outer loop
      vertex -0.655445 1.020000 0.545817
      vertex -0.641072 1.020000 0.548259
      vertex -0.655445 -1.020000 0.545817
    endloop
  endfacet
  facet normal -0.276836 0.000000 0.960917
    outer loop
      vertex -0.641072 -1.020000 0.548259
      vertex -0.627064 -1.020000 0.552295
      vertex -0.627064 1.020000 0.552295
    endloop
  endfacet
  facet normal 0.276836 -0.000000 -0.960917
    outer loop
      vertex -0.627064 1.020000 0.552295
      vertex -0.627064 -1.020000 0.552295
      vertex -0.641072 -1.020000 0.548259
    endloop
  endfacet
  facet normal -0.276836 0.000000 0.960917
    outer loop
      vertex -0.641072 -1.020000 0.548259
      vertex -0.627064 1.020000 0.552295
      vertex -0.641072 1.020000 0.548259
    endloop
  endfacet
  facet normal 0.276836 -0.000000 -0.960917
    outer loop
      vertex -0.641072 1.020000 0.548259
      vertex -0.627064 1.020000 0.552295
      vertex -0.641072 -1.020000 0.548259
    endloop
  endfacet
  facet normal -0.382683 0.000000 0.923880
    outer loop
      vertex -0.627064 -1.020000 0.552295
      vertex -0.613595 -1.020000 0.557874
      vertex -0.613595 1.020000 0.557874
    endloop
  endfacet
  facet normal 0.382683 -0.000000 -0.923880
    outer loop
      vertex -0.613595 1.020000 0.557874
      vertex -0.613595 -1.020000 0.557874
      vertex -0.627064 -1.020000 0.552295
    endloop
  endfacet
  facet normal -0.382683 0.000000 0.923880
    outer loop
      vertex -0.627064 -1.020000 0.552295
      vertex -0.613595 1.020000 0.557874
      vertex -0.627064 1.020000 0.552295
    endloop
  endfacet
  facet normal 0.382683 -0.000000 -0.923880
    outer loop
      vertex -0.627064 1.020000 0.552295
      vertex -0.613595 1.020000 0.557874
      vertex -0.627064 -1.020000 0.552295
    endloop
  endfacet
  facet normal -0.483719 0.000000 0.875223
    outer loop
      vertex -0.613595 -1.020000 0.557874
      vertex -0.600836 -1.020000 0.564926
      vertex -0.600836 1.020000 0.564926
    endloop
  endfacet
  facet normal 0.483719 -0.000000 -0.875223
    outer loop
      vertex -0.600836 1.020000 0.564926
      vertex -0.600836 -1.020000 0.564926
      vertex -0.613595 -1.020000 0.557874
    endloop
  endfacet
  facet normal -0.483719 0.000000 0.875223
    outer loop
      vertex -0.613595 -1.020000 0.557874
      vertex -0.600836 1.020000 0.564926
      vertex -0.613595 1.020000 0.557874
    endloop
  endfacet
  facet normal 0.483719 -0.000000 -0.875223
    outer loop
      vertex -0.613595 1.020000 0.557874
      vertex -0.600836 1.020000 0.564926
      vertex -0.613595 -1.020000 0.557874
    endloop
  endfacet
  facet normal -0.578671 0.000000 0.815561
    outer loop
      vertex -0.600836 -1.020000 0.564926
      vertex -0.588946 -1.020000 0.573362
      vertex -0.588946 1.020000 0.573362
    endloop
  endfacet
  facet normal 0.578671 -0.000000 -0.815561
    outer loop
      vertex -0.588946 1.020000 0.573362
      vertex -0.588946 -1.020000 0.573362
      vertex -0.600836 -1.020000 0.564926
    endloop
  endfacet
  facet normal -0.578671 0.000000 0.815561
    outer loop
      vertex -0.600836 -1.020000 0.564926
      vertex -0.588946 1.020000 0.573362
      vertex -0.600836 1.020000 0.564926
    endloop
  endfacet
  facet normal 0.578671 -0.000000 -0.815561
    outer loop
      vertex -0.600836 1.020000 0.564926
      vertex -0.588946 1.020000 0.573362
      vertex -0.600836 -1.020000 0.564926
    endloop
  endfacet
  facet normal -0.666347 0.000000 0.745642
    outer loop
      vertex -0.588946 -1.020000 0.573362
      vertex -0.578076 -1.020000 0.583076
      vertex -0.578076 1.020000 0.583076
    endloop
  endfacet
  facet normal 0.666347 -0.000000 -0.745642
    outer loop
      vertex -0.578076 1.020000 0.583076
      vertex -0.578076 -1.020000 0.583076
      vertex -0.588946 -1.020000 0.573362
    endloop
  endfacet
  facet normal -0.666347 0.000000 0.745642
    outer loop
      vertex -0.588946 -1.020000 0.573362
      vertex -0.578076 1.020000 0.583076
      vertex -0.588946 1.020000 0.573362
    endloop
  endfacet
  facet normal 0.666347 -0.000000 -0.745642
    outer loop
      vertex -0.588946 1.020000 0.573362
      vertex -0.578076 1.020000 0.583076
      vertex -0.588946 -1.020000 0.573362
    endloop
  endfacet
  facet normal -0.745642 0.000000 0.666347
    outer loop
      vertex -0.578076 -1.020000 0.583076
      vertex -0.568362 -1.020000 0.593946
      vertex -0.568362 1.020000 0.593946
    endloop
  endfacet
  facet normal 0.745642 -0.000000 -0.666347
    outer loop
      vertex -0.568362 1.020000 0.593946
      vertex -0.568362 -1.020000 0.593946
      vertex -0.578076 -1.020000 0.583076
    endloop
  endfacet
  facet normal -0.745642 0.000000 0.666347
    outer loop
      vertex -0.578076 -1.020000 0.583076
      vertex -0.568362 1.020000 0.593946
      vertex -0.578076 1.020000 0.583076
    endloop
  endfacet
  facet normal 0.745642 -0.000000 -0.666347
    outer loop
      vertex -0.578076 1.020000 0.583076
      vertex -0.568362 1.020000 0.593946
      vertex -0.578076 -1.020000 0.583076
    endloop
  endfacet
  facet normal -0.815561 0.000000 0.578671
    outer loop
      vertex -0.568362 -1.020000 0.593946
      vertex -0.559926 -1.020000 0.605836
      vertex -0.559926 1.020000 0.605836
    endloop
  endfacet
  facet normal 0.815561 -0.000000 -0.578671
    outer loop
      vertex -0.559926 1.020000 0.605836
      vertex -0.559926 -1.020000 0.605836
      vertex -0.568362 -1.020000 0.593946
    endloop
  endfacet
  facet normal -0.815561 0.000000 0.578671
    outer loop
      vertex -0.568362 -1.020000 0.593946
      vertex -0.559926 1.020000 0.605836
      vertex -0.568362 1.020000 0.593946
    endloop
  endfacet
  facet normal 0.815561 -0.000000 -0.578671
    outer loop
      vertex -0.568362 1.020000 0.593946
      vertex -0.559926 1.020000 0.605836
      vertex -0.568362 -1.020000 0.593946
    endloop
  endfacet
  facet normal -0.875223 0.000000 0.483719
    outer loop
      vertex -0.559926 -1.020000 0.605836
      vertex -0.552874 -1.020000 0.618595
      vertex -0.552874 1.020000 0.618595
    endloop
  endfacet
  facet normal 0.875223 -0.000000 -0.483719
    outer loop
      vertex -0.552874 1.020000 0.618595
      vertex -0.552874 -1.020000 0.618595
      vertex -0.559926 -1.020000 0.605836
    endloop
  endfacet
  facet normal -0.875223 0.000000 0.483719
    outer loop
      vertex -0.559926 -1.020000 0.605836
      vertex -0.552874 1.020000 0.618595
      vertex -0.559926 1.020000 0.605836
    endloop
  endfacet
  facet normal 0.875223 -0.000000 -0.483719
    outer loop
      vertex -0.559926 1.020000 0.605836
      vertex -0.552874 1.020000 0.618595
      vertex -0.559926 -1.020000 0.605836
    endloop
  endfacet
  facet normal -0.923880 0.000000 0.382683
    outer loop
      vertex -0.552874 -1.020000 0.618595
      vertex -0.547295 -1.020000 0.632064
      vertex -0.547295 1.020000 0.632064
    endloop
  endfacet
  facet normal 0.923880 -0.000000 -0.382683
    outer loop
      vertex -0.547295 1.020000 0.632064
      vertex -0.547295 -1.020000 0.632064
      vertex -0.552874 -1.020000 0.618595
    endloop
  endfacet
  facet normal -0.923880 0.000000 0.382683
    outer loop
      vertex -0.552874 -1.020000 0.618595
      vertex -0.547295 1.020000 0.632064
      vertex -0.552874 1.020000 0.618595
    endloop
  endfacet
  facet normal 0.923880 -0.000000 -0.382683
    outer loop
      vertex -0.552874 1.020000 0.618595
      vertex -0.547295 1.020000 0.632064
      vertex -0.552874 -1.020000 0.618595
    endloop
  endfacet
  facet normal -0.960917 0.000000 0.276836
    outer loop
      vertex -0.547295 -1.020000 0.632064
      vertex -0.543259 -1.020000 0.646072
      vertex -0.543259 1.020000 0.646072
    endloop
  endfacet
  facet normal 0.960917 -0.000000 -0.276836
    outer loop
      vertex -0.543259 1.020000 0.646072
      vertex -0.543259 -1.020000 0.646072
      vertex -0.547295 -1.020000 0.632064
    endloop
  endfacet
  facet normal -0.960917 0.000000 0.276836
    outer loop
      vertex -0.547295 -1.020000 0.632064
      vertex -0.543259 1.020000 0.646072
      vertex -0.547295 1.020000 0.632064
    endloop
  endfacet
  facet normal 0.960917 -0.000000 -0.276836
    outer loop
      vertex -0.547295 1.020000 0.632064
      vertex -0.543259 1.020000 0.646072
      vertex -0.547295 -1.020000 0.632064
    endloop
  endfacet
  facet normal -0.985871 0.000000 0.167506
    outer loop
      vertex -0.543259 -1.020000 0.646072
      vertex -0.540817 -1.020000 0.660445
      vertex -0.540817 1.020000 0.660445
    endloop
  endfacet
  facet normal 0.985871 -0.000000 -0.167506
    outer loop
      vertex -0.540817 1.020000 0.660445
      vertex -0.540817 -1.020000 0.660445
      vertex -0.543259 -1.020000 0.646072
    endloop
  endfacet
  facet normal -0.985871 0.000000 0.167506
    outer loop
      vertex -0.543259 -1.020000 0.646072
      vertex -0.540817 1.020000 0.660445
      vertex -0.543259 1.020000 0.646072
    endloop
  endfacet
  facet normal 0.985871 -0.000000 -0.167506
    outer loop
      vertex -0.543259 1.020000 0.646072
      vertex -0.540817 1.020000 0.660445
      vertex -0.543259 -1.020000 0.646072
    endloop
  endfacet
  facet normal -0.998427 0.000000 0.056070
    outer loop
      vertex -0.540817 -1.020000 0.660445
      vertex -0.540000 -1.020000 0.675000
      vertex -0.540000 1.020000 0.675000
    endloop
  endfacet
  facet normal 0.998427 -0.000000 -0.056070
    outer loop
      vertex -0.540000 1.020000 0.675000
      vertex -0.540000 -1.020000 0.675000
      vertex -0.540817 -1.020000 0.660445
    endloop
  endfacet
  facet normal -0.998427 0.000000 0.056070
    outer loop
      vertex -0.540817 -1.020000 0.660445
      vertex -0.540000 1.020000 0.675000
      vertex -0.540817 1.020000 0.660445
    endloop
  endfacet
  facet normal 0.998427 -0.000000 -0.056070
    outer loop
      vertex -0.540817 1.020000 0.660445
      vertex -0.540000 1.020000 0.675000
      vertex -0.540817 -1.020000 0.660445
    endloop
  endfacet
  facet normal -0.998427 0.000000 -0.056070
    outer loop
      vertex -0.540000 -1.020000 0.675000
      vertex -0.540817 -1.020000 0.689555
      vertex -0.540817 1.020000 0.689555
    endloop
  endfacet
  facet normal 0.998427 -0.000000 0.056070
    outer loop
      vertex -0.540817 1.020000 0.689555
      vertex -0.540817 -1.020000 0.689555
      vertex -0.540000 -1.020000 0.675000
    endloop
  endfacet
  facet normal -0.998427 0.000000 -0.056070
    outer loop
      vertex -0.540000 -1.020000 0.675000
      vertex -0.540817 1.020000 0.689555
      vertex -0.540000 1.020000 0.675000
    endloop
  endfacet
  facet normal 0.998427 -0.000000 0.056070
    outer loop
      vertex -0.540000 1.020000 0.675000
      vertex -0.540817 1.020000 0.689555
      vertex -0.540000 -1.020000 0.675000
    endloop
  endfacet
  facet normal -0.985871 0.000000 -0.167506
    outer loop
      vertex -0.540817 -1.020000 0.689555
      vertex -0.543259 -1.020000 0.703928
      vertex -0.543259 1.020000 0.703928
    endloop
  endfacet
  facet normal 0.985871 -0.000000 0.167506
    outer loop
      vertex -0.543259 1.020000 0.703928
      vertex -0.543259 -1.020000 0.703928
      vertex -0.540817 -1.020000 0.689555
    endloop
  endfacet
  facet normal -0.985871 0.000000 -0.167506
    outer loop
      vertex -0.540817 -1.020000 0.689555
      vertex -0.543259 1.020000 0.703928
      vertex -0.540817 1.020000 0.689555
    endloop
  endfacet
  facet normal 0.985871 -0.000000 0.167506
    outer loop
      vertex -0.540817 1.020000 0.689555
      vertex -0.543259 1.020000 0.703928
      vertex -0.540817 -1.020000 0.689555
    endloop
  endfacet
  facet normal -0.960917 0.000000 -0.276836
    outer loop
      vertex -0.543259 -1.020000 0.703928
      vertex -0.547295 -1.020000 0.717936
      vertex -0.547295 1.020000 0.717936
    endloop
  endfacet
  facet normal 0.960917 -0.000000 0.276836
    outer loop
      vertex -0.547295 1.020000 0.717936
      vertex -0.547295 -1.020000 0.717936
      vertex -0.543259 -1.020000 0.703928
    endloop
  endfacet
  facet normal -0.960917 0.000000 -0.276836
    outer loop
      vertex -0.543259 -1.020000 0.703928
      vertex -0.547295 1.020000 0.717936
      vertex -0.543259 1.020000 0.703928
    endloop
  endfacet
  facet normal 0.960917 -0.000000 0.276836
    outer loop
      vertex -0.543259 1.020000 0.703928
      vertex -0.547295 1.020000 0.717936
      vertex -0.543259 -1.020000 0.703928
    endloop
  endfacet
  facet normal -0.923880 0.000000 -0.382683
    outer loop
      vertex -0.547295 -1.020000 0.717936
      vertex -0.552874 -1.020000 0.731405
      vertex -0.552874 1.020000 0.731405
    endloop
  endfacet
  facet normal 0.923880 -0.000000 0.382683
    outer loop
      vertex -0.552874 1.020000 0.731405
      vertex -0.552874 -1.020000 0.731405
      vertex -0.547295 -1.020000 0.717936
    endloop
  endfacet
  facet normal -0.923880 0.000000 -0.382683
    outer loop
      vertex -0.547295 -1.020000 0.717936
      vertex -0.552874 1.020000 0.731405
      vertex -0.547295 1.020000 0.717936
    endloop
  endfacet
  facet normal 0.923880 -0.000000 0.382683
    outer loop
      vertex -0.547295 1.020000 0.717936
      vertex -0.552874 1.020000 0.731405
      vertex -0.547295 -1.020000 0.717936
    endloop
  endfacet
  facet normal -0.875223 0.000000 -0.483719
    outer loop
      vertex -0.552874 -1.020000 0.731405
      vertex -0.559926 -1.020000 0.744164
      vertex -0.559926 1.020000 0.744164
    endloop
  endfacet
  facet normal 0.875223 -0.000000 0.483719
    outer loop
      vertex -0.559926 1.020000 0.744164
      vertex -0.559926 -1.020000 0.744164
      vertex -0.552874 -1.020000 0.731405
    endloop
  endfacet
  facet normal -0.875223 0.000000 -0.483719
    outer loop
      vertex -0.552874 -1.020000 0.731405
      vertex -0.559926 1.020000 0.744164
      vertex -0.552874 1.020000 0.731405
    endloop
  endfacet
  facet normal 0.875223 -0.000000 0.483719
    outer loop
      vertex -0.552874 1.020000 0.731405
      vertex -0.559926 1.020000 0.744164
      vertex -0.552874 -1.020000 0.731405
    endloop
  endfacet
  facet normal -0.815561 0.000000 -0.578671
    outer loop
      vertex -0.559926 -1.020000 0.744164
      vertex -0.568362 -1.020000 0.756054
      vertex -0.568362 1.020000 0.756054
    endloop
  endfacet
  facet normal 0.815561 -0.000000 0.578671
    outer loop
      vertex -0.568362 1.020000 0.756054
      vertex -0.568362 -1.020000 0.756054
      vertex -0.559926 -1.020000 0.744164
    endloop
  endfacet
  facet normal -0.815561 0.000000 -0.578671
    outer loop
      vertex -0.559926 -1.020000 0.744164
      vertex -0.568362 1.020000 0.756054
      vertex -0.559926 1.020000 0.744164
    endloop
  endfacet
  facet normal 0.815561 -0.000000 0.578671
    outer loop
      vertex -0.559926 1.020000 0.744164
      vertex -0.568362 1.020000 0.756054
      vertex -0.559926 -1.020000 0.744164
    endloop
  endfacet
  facet normal -0.745642 0.000000 -0.666347
    outer loop
      vertex -0.568362 -1.020000 0.756054
      vertex -0.578076 -1.020000 0.766924
      vertex -0.578076 1.020000 0.766924
    endloop
  endfacet
  facet normal 0.745642 -0.000000 0.666347
    outer loop
      vertex -0.578076 1.020000 0.766924
      vertex -0.578076 -1.020000 0.766924
      vertex -0.568362 -1.020000 0.756054
    endloop
  endfacet
  facet normal -0.745642 0.000000 -0.666347
    outer loop
      vertex -0.568362 -1.020000 0.756054
      vertex -0.578076 1.020000 0.766924
      vertex -0.568362 1.020000 0.756054
    endloop
  endfacet
  facet normal 0.745642 -0.000000 0.666347
    outer loop
      vertex -0.568362 1.020000 0.756054
      vertex -0.578076 1.020000 0.766924
      vertex -0.568362 -1.020000 0.756054
    endloop
  endfacet
  facet normal -0.666347 0.000000 -0.745642
    outer loop
      vertex -0.578076 -1.020000 0.766924
      vertex -0.588946 -1.020000 0.776638
      vertex -0.588946 1.020000 0.776638
    endloop
  endfacet
  facet normal 0.666347 -0.000000 0.745642
    outer loop
      vertex -0.588946 1.020000 0.776638
      vertex -0.588946 -1.020000 0.776638
      vertex -0.578076 -1.020000 0.766924
    endloop
  endfacet
  facet normal -0.666347 0.000000 -0.745642
    outer loop
      vertex -0.578076 -1.020000 0.766924
      vertex -0.588946 1.020000 0.776638
      vertex -0.578076 1.020000 0.766924
    endloop
  endfacet
  facet normal 0.666347 -0.000000 0.745642
    outer loop
      vertex -0.578076 1.020000 0.766924
      vertex -0.588946 1.020000 0.776638
      vertex -0.578076 -1.020000 0.766924
    endloop
  endfacet
  facet normal -0.578671 0.000000 -0.815561
    outer loop
      vertex -0.588946 -1.020000 0.776638
      vertex -0.600836 -1.020000 0.785074
      vertex -0.600836 1.020000 0.785074
    endloop
  endfacet
  facet normal 0.578671 -0.000000 0.815561
    outer loop
      vertex -0.600836 1.020000 0.785074
      vertex -0.600836 -1.020000 0.785074
      vertex -0.588946 -1.020000 0.776638
    endloop
  endfacet
  facet normal -0.578671 0.000000 -0.815561
    outer loop
      vertex -0.588946 -1.020000 0.776638
      vertex -0.600836 1.020000 0.785074
      vertex -0.588946 1.020000 0.776638
    endloop
  endfacet
  facet normal 0.578671 -0.000000 0.815561
    outer loop
      vertex -0.588946 1.020000 0.776638
      vertex -0.600836 1.020000 0.785074
      vertex -0.588946 -1.020000 0.776638
    endloop
  endfacet
  facet normal -0.483719 0.000000 -0.875223
    outer loop
      vertex -0.600836 -1.020000 0.785074
      vertex -0.613595 -1.020000 0.792126
      vertex -0.613595 1.020000 0.792126
    endloop
  endfacet
  facet normal 0.483719 -0.000000 0.875223
    outer loop
      vertex -0.613595 1.020000 0.792126
      vertex -0.613595 -1.020000 0.792126
      vertex -0.600836 -1.020000 0.785074
    endloop
  endfacet
  facet normal -0.483719 0.000000 -0.875223
    outer loop
      vertex -0.600836 -1.020000 0.785074
      vertex -0.613595 1.020000 0.792126
      vertex -0.600836 1.020000 0.785074
    endloop
  endfacet
  facet normal 0.483719 -0.000000 0.875223
    outer loop
      vertex -0.600836 1.020000 0.785074
      vertex -0.613595 1.020000 0.792126
      vertex -0.600836 -1.020000 0.785074
    endloop
  endfacet
  facet normal -0.382683 0.000000 -0.923880
    outer loop
      vertex -0.613595 -1.020000 0.792126
      vertex -0.627064 -1.020000 0.797705
      vertex -0.627064 1.020000 0.797705
    endloop
  endfacet
  facet normal 0.382683 -0.000000 0.923880
    outer loop
      vertex -0.627064 1.020000 0.797705
      vertex -0.627064 -1.020000 0.797705
      vertex -0.613595 -1.020000 0.792126
    endloop
  endfacet
  facet normal -0.382683 0.000000 -0.923880
    outer loop
      vertex -0.613595 -1.020000 0.792126
      vertex -0.627064 1.020000 0.797705
      vertex -0.613595 1.020000 0.792126
    endloop
  endfacet
  facet normal 0.382683 -0.000000 0.923880
    outer loop
      vertex -0.613595 1.020000 0.792126
      vertex -0.627064 1.020000 0.797705
      vertex -0.613595 -1.020000 0.792126
    endloop
  endfacet
  facet normal -0.276836 0.000000 -0.960917
    outer loop
      vertex -0.627064 -1.020000 0.797705
      vertex -0.641072 -1.020000 0.801741
      vertex -0.641072 1.020000 0.801741
    endloop
  endfacet
  facet normal 0.276836 -0.000000 0.960917
    outer loop
      vertex -0.641072 1.020000 0.801741
      vertex -0.641072 -1.020000 0.801741
      vertex -0.627064 -1.020000 0.797705
    endloop
  endfacet
  facet normal -0.276836 0.000000 -0.960917
    outer loop
      vertex -0.627064 -1.020000 0.797705
      vertex -0.641072 1.020000 0.801741
      vertex -0.627064 1.020000 0.797705
    endloop
  endfacet
  facet normal 0.276836 -0.000000 0.960917
    outer loop
      vertex -0.627064 1.020000 0.797705
      vertex -0.641072 1.020000 0.801741
      vertex -0.627064 -1.020000 0.797705
    endloop
  endfacet
  facet normal -0.167506 0.000000 -0.985871
    outer loop
      vertex -0.641072 -1.020000 0.801741
      vertex -0.655445 -1.020000 0.804183
      vertex -0.655445 1.020000 0.804183
    endloop
  endfacet
  facet normal 0.167506 -0.000000 0.985871
    outer loop
      vertex -0.655445 1.020000 0.804183
      vertex -0.655445 -1.020000 0.804183
      vertex -0.641072 -1.020000 0.801741
    endloop
  endfacet
  facet normal -0.167506 0.000000 -0.985871
    outer loop
      vertex -0.641072 -1.020000 0.801741
      vertex -0.655445 1.020000 0.804183
      vertex -0.641072 1.020000 0.801741
    endloop
  endfacet
  facet normal 0.167506 -0.000000 0.985871
    outer loop
      vertex -0.641072 1.020000 0.801741
      vertex -0.655445 1.020000 0.804183
      vertex -0.641072 -1.020000 0.801741
    endloop
  endfacet
  facet normal -0.056070 0.000000 -0.998427
    outer loop
      vertex -0.655445 -1.020000 0.804183
      vertex -0.670000 -1.020000 0.805000
      vertex -0.670000 1.020000 0.805000
    endloop
  endfacet
  facet normal 0.056070 -0.000000 0.998427
    outer loop
      vertex -0.670000 1.020000 0.805000
      vertex -0.670000 -1.020000 0.805000
      vertex -0.655445 -1.020000 0.804183
    endloop
  endfacet
  facet normal -0.056070 0.000000 -0.998427
    outer loop
      vertex -0.655445 -1.020000 0.804183
      vertex -0.670000 1.020000 0.805000
      vertex -0.655445 1.020000 0.804183
    endloop
  endfacet
  facet normal 0.056070 -0.000000 0.998427
    outer loop
      vertex -0.655445 1.020000 0.804183
      vertex -0.670000 1.020000 0.805000
      vertex -0.655445 -1.020000 0.804183
    endloop
  endfacet
  facet normal 0.056070 0.000000 -0.998427
    outer loop
      vertex -0.670000 -1.020000 0.805000
      vertex -0.684555 -1.020000 0.804183
      vertex -0.684555 1.020000 0.804183
    endloop
  endfacet
  facet normal -0.056070 -0.000000 0.998427
    outer loop
      vertex -0.684555 1.020000 0.804183
      vertex -0.684555 -1.020000 0.804183
      vertex -0.670000 -1.020000 0.805000
    endloop
  endfacet
  facet normal 0.056070 0.000000 -0.998427
    outer loop
      vertex -0.670000 -1.020000 0.805000
      vertex -0.684555 1.020000 0.804183
      vertex -0.670000 1.020000 0.805000
    endloop
  endfacet
  facet normal -0.056070 -0.000000 0.998427
    outer loop
      vertex -0.670000 1.020000 0.805000
      vertex -0.684555 1.020000 0.804183
      vertex -0.670000 -1.020000 0.805000
    endloop
  endfacet
  facet normal 0.167506 0.000000 -0.985871
    outer loop
      vertex -0.684555 -1.020000 0.804183
      vertex -0.698928 -1.020000 0.801741
      vertex -0.698928 1.020000 0.801741
    endloop
  endfacet
  facet normal -0.167506 -0.000000 0.985871
    outer loop
      vertex -0.698928 1.020000 0.801741
      vertex -0.698928 -1.020000 0.801741
      vertex -0.684555 -1.020000 0.804183
    endloop
  endfacet
  facet normal 0.167506 0.000000 -0.985871
    outer loop
      vertex -0.684555 -1.020000 0.804183
      vertex -0.698928 1.020000 0.801741
      vertex -0.684555 1.020000 0.804183
    endloop
  endfacet
  facet normal -0.167506 -0.000000 0.985871
    outer loop
      vertex -0.684555 1.020000 0.804183
      vertex -0.698928 1.020000 0.801741
      vertex -0.684555 -1.020000 0.804183
    endloop
  endfacet
  facet normal 0.276836 0.000000 -0.960917
    outer loop
      vertex -0.698928 -1.020000 0.801741
      vertex -0.712936 -1.020000 0.797705
      vertex -0.712936 1.020000 0.797705
    endloop
  endfacet
  facet normal -0.276836 -0.000000 0.960917
    outer loop
      vertex -0.712936 1.020000 0.797705
      vertex -0.712936 -1.020000 0.797705
      vertex -0.698928 -1.020000 0.801741
    endloop
  endfacet
  facet normal 0.276836 0.000000 -0.960917
    outer loop
      vertex -0.698928 -1.020000 0.801741
      vertex -0.712936 1.020000 0.797705
      vertex -0.698928 1.020000 0.801741
    endloop
  endfacet
  facet normal -0.276836 -0.000000 0.960917
    outer loop
      vertex -0.698928 1.020000 0.801741
      vertex -0.712936 1.020000 0.797705
      vertex -0.698928 -1.020000 0.801741
    endloop
  endfacet
  facet normal 0.382683 0.000000 -0.923880
    outer loop
      vertex -0.712936 -1.020000 0.797705
      vertex -0.726405 -1.020000 0.792126
      vertex -0.726405 1.020000 0.792126
    endloop
  endfacet
  facet normal -0.382683 -0.000000 0.923880
    outer loop
      vertex -0.726405 1.020000 0.792126
      vertex -0.726405 -1.020000 0.792126
      vertex -0.712936 -1.020000 0.797705
    endloop
  endfacet
  facet normal 0.382683 0.000000 -0.923880
    outer loop
      vertex -0.712936 -1.020000 0.797705
      vertex -0.726405 1.020000 0.792126
      vertex -0.712936 1.020000 0.797705
    endloop
  endfacet
  facet normal -0.382683 -0.000000 0.923880
    outer loop
      vertex -0.712936 1.020000 0.797705
      vertex -0.726405 1.020000 0.792126
      vertex -0.712936 -1.020000 0.797705
    endloop
  endfacet
  facet normal 0.483719 0.000000 -0.875223
    outer loop
      vertex -0.726405 -1.020000 0.792126
      vertex -0.739164 -1.020000 0.785074
      vertex -0.739164 1.020000 0.785074
    endloop
  endfacet
  facet normal -0.483719 -0.000000 0.875223
    outer loop
      vertex -0.739164 1.020000 0.785074
      vertex -0.739164 -1.020000 0.785074
      vertex -0.726405 -1.020000 0.792126
    endloop
  endfacet
  facet normal 0.483719 0.000000 -0.875223
    outer loop
      vertex -0.726405 -1.020000 0.792126
      vertex -0.739164 1.020000 0.785074
      vertex -0.726405 1.020000 0.792126
    endloop
  endfacet
  facet normal -0.483719 -0.000000 0.875223
    outer loop
      vertex -0.726405 1.020000 0.792126
      vertex -0.739164 1.020000 0.785074
      vertex -0.726405 -1.020000 0.792126
    endloop
  endfacet
  facet normal 0.578671 0.000000 -0.815561
    outer loop
      vertex -0.739164 -1.020000 0.785074
      vertex -0.751054 -1.020000 0.776638
      vertex -0.751054 1.020000 0.776638
    endloop
  endfacet
  facet normal -0.578671 -0.000000 0.815561
    outer loop
      vertex -0.751054 1.020000 0.776638
      vertex -0.751054 -1.020000 0.776638
      vertex -0.739164 -1.020000 0.785074
    endloop
  endfacet
  facet normal 0.578671 0.000000 -0.815561
    outer loop
      vertex -0.739164 -1.020000 0.785074
      vertex -0.751054 1.020000 0.776638
      vertex -0.739164 1.020000 0.785074
    endloop
  endfacet
  facet normal -0.578671 -0.000000 0.815561
    outer loop
      vertex -0.739164 1.020000 0.785074
      vertex -0.751054 1.020000 0.776638
      vertex -0.739164 -1.020000 0.785074
    endloop
  endfacet
  facet normal 0.666347 0.000000 -0.745642
    outer loop
      vertex -0.751054 -1.020000 0.776638
      vertex -0.761924 -1.020000 0.766924
      vertex -0.761924 1.020000 0.766924
    endloop
  endfacet
  facet normal -0.666347 -0.000000 0.745642
    outer loop
      vertex -0.761924 1.020000 0.766924
      vertex -0.761924 -1.020000 0.766924
      vertex -0.751054 -1.020000 0.776638
    endloop
  endfacet
  facet normal 0.666347 0.000000 -0.745642
    outer loop
      vertex -0.751054 -1.020000 0.776638
      vertex -0.761924 1.020000 0.766924
      vertex -0.751054 1.020000 0.776638
    endloop
  endfacet
  facet normal -0.666347 -0.000000 0.745642
    outer loop
      vertex -0.751054 1.020000 0.776638
      vertex -0.761924 1.020000 0.766924
      vertex -0.751054 -1.020000 0.776638
    endloop
  endfacet
  facet normal 0.745642 0.000000 -0.666347
    outer loop
      vertex -0.761924 -1.020000 0.766924
      vertex -0.771638 -1.020000 0.756054
      vertex -0.771638 1.020000 0.756054
    endloop
  endfacet
  facet normal -0.745642 -0.000000 0.666347
    outer loop
      vertex -0.771638 1.020000 0.756054
      vertex -0.771638 -1.020000 0.756054
      vertex -0.761924 -1.020000 0.766924
    endloop
  endfacet
  facet normal 0.745642 0.000000 -0.666347
    outer loop
      vertex -0.761924 -1.020000 0.766924
      vertex -0.771638 1.020000 0.756054
      vertex -0.761924 1.020000 0.766924
    endloop
  endfacet
  facet normal -0.745642 -0.000000 0.666347
    outer loop
      vertex -0.761924 1.020000 0.766924
      vertex -0.771638 1.020000 0.756054
      vertex -0.761924 -1.020000 0.766924
    endloop
  endfacet
  facet normal 0.815561 0.000000 -0.578671
    outer loop
      vertex -0.771638 -1.020000 0.756054
      vertex -0.780074 -1.020000 0.744164
      vertex -0.780074 1.020000 0.744164
    endloop
  endfacet
  facet normal -0.815561 -0.000000 0.578671
    outer loop
      vertex -0.780074 1.020000 0.744164
      vertex -0.780074 -1.020000 0.744164
      vertex -0.771638 -1.020000 0.756054
    endloop
  endfacet
  facet normal 0.815561 0.000000 -0.578671
    outer loop
      vertex -0.771638 -1.020000 0.756054
      vertex -0.780074 1.020000 0.744164
      vertex -0.771638 1.020000 0.756054
    endloop
  endfacet
  facet normal -0.815561 -0.000000 0.578671
    outer loop
      vertex -0.771638 1.020000 0.756054
      vertex -0.780074 1.020000 0.744164
      vertex -0.771638 -1.020000 0.756054
    endloop
  endfacet
  facet normal 0.875223 0.000000 -0.483719
    outer loop
      vertex -0.780074 -1.020000 0.744164
      vertex -0.787126 -1.020000 0.731405
      vertex -0.787126 1.020000 0.731405
    endloop
  endfacet
  facet normal -0.875223 -0.000000 0.483719
    outer loop
      vertex -0.787126 1.020000 0.731405
      vertex -0.787126 -1.020000 0.731405
      vertex -0.780074 -1.020000 0.744164
    endloop
  endfacet
  facet normal 0.875223 0.000000 -0.483719
    outer loop
      vertex -0.780074 -1.020000 0.744164
      vertex -0.787126 1.020000 0.731405
      vertex -0.780074 1.020000 0.744164
    endloop
  endfacet
  facet normal -0.875223 -0.000000 0.483719
    outer loop
      vertex -0.780074 1.020000 0.744164
      vertex -0.787126 1.020000 0.731405
      vertex -0.780074 -1.020000 0.744164
    endloop
  endfacet
  facet normal 0.923880 0.000000 -0.382683
    outer loop
      vertex -0.787126 -1.020000 0.731405
      vertex -0.790000 -1.020000 0.724466
      vertex -0.790000 1.020000 0.724466
    endloop
  endfacet
  facet normal -0.923880 -0.000000 0.382683
    outer loop
      vertex -0.790000 1.020000 0.724466
      vertex -0.790000 -1.020000 0.724466
      vertex -0.787126 -1.020000 0.731405
    endloop
  endfacet
  facet normal 0.923880 0.000000 -0.382683
    outer loop
      vertex -0.787126 -1.020000 0.731405
      vertex -0.790000 1.020000 0.724466
      vertex -0.787126 1.020000 0.731405
    endloop
  endfacet
  facet normal -0.923880 -0.000000 0.382683
    outer loop
      vertex -0.787126 1.020000 0.731405
      vertex -0.790000 1.020000 0.724466
      vertex -0.787126 -1.020000 0.731405
    endloop
  endfacet
  facet normal -1.000000 0.000000 0.000000
    outer loop
      vertex -0.790000 -1.020000 0.724466
      vertex -0.790000 -1.020000 2.585591
      vertex -0.790000 1.020000 2.585591
    endloop
  endfacet
  facet normal 1.000000 -0.000000 -0.000000
    outer loop
      vertex -0.790000 1.020000 2.585591
      vertex -0.790000 -1.020000 2.585591
      vertex -0.790000 -1.020000 0.724466
    endloop
  endfacet
  facet normal -1.000000 0.000000 0.000000
    outer loop
      vertex -0.790000 -1.020000 0.724466
      vertex -0.790000 1.020000 2.585591
      vertex -0.790000 1.020000 0.724466
    endloop
  endfacet
  facet normal 1.000000 -0.000000 -0.000000
    outer loop
      vertex -0.790000 1.020000 0.724466
      vertex -0.790000 1.020000 2.585591
      vertex -0.790000 -1.020000 0.724466
    endloop
  endfacet
  facet normal -0.998832 0.000000 0.048316
    outer loop
      vertex -0.790000 -1.020000 2.585591
      vertex -0.789860 -1.020000 2.588487
      vertex -0.789860 1.020000 2.588487
    endloop
  endfacet
  facet normal 0.998832 -0.000000 -0.048316
    outer loop
      vertex -0.789860 1.020000 2.588487
      vertex -0.789860 -1.020000 2.588487
      vertex -0.790000 -1.020000 2.585591
    endloop
  endfacet
  facet normal -0.998832 0.000000 0.048316
    outer loop
      vertex -0.790000 -1.020000 2.585591
      vertex -0.789860 1.020000 2.588487
      vertex -0.790000 1.020000 2.585591
    endloop
  endfacet
  facet normal 0.998832 -0.000000 -0.048316
    outer loop
      vertex -0.790000 1.020000 2.585591
      vertex -0.789860 1.020000 2.588487
      vertex -0.790000 -1.020000 2.585591
    endloop
  endfacet
  facet normal -0.989505 0.000000 0.144496
    outer loop
      vertex -0.789860 -1.020000 2.588487
      vertex -0.789441 -1.020000 2.591355
      vertex -0.789441 1.020000 2.591355
    endloop
  endfacet
  facet normal 0.989505 -0.000000 -0.144496
    outer loop
      vertex -0.789441 1.020000 2.591355
      vertex -0.789441 -1.020000 2.591355
      vertex -0.789860 -1.020000 2.588487
    endloop
  endfacet
  facet normal -0.989505 0.000000 0.144496
    outer loop
      vertex -0.789860 -1.020000 2.588487
      vertex -0.789441 1.020000 2.591355
      vertex -0.789860 1.020000 2.588487
    endloop
  endfacet
  facet normal 0.989505 -0.000000 -0.144496
    outer loop
      vertex -0.789860 1.020000 2.588487
      vertex -0.789441 1.020000 2.591355
      vertex -0.789860 -1.020000 2.588487
    endloop
  endfacet
  facet normal -0.970939 0.000000 0.239327
    outer loop
      vertex -0.789441 -1.020000 2.591355
      vertex -0.788747 -1.020000 2.594170
      vertex -0.788747 1.020000 2.594170
    endloop
  endfacet
  facet normal 0.970939 -0.000000 -0.239327
    outer loop
      vertex -0.788747 1.020000 2.594170
      vertex -0.788747 -1.020000 2.594170
      vertex -0.789441 -1.020000 2.591355
    endloop
  endfacet
  facet normal -0.970939 0.000000 0.239327
    outer loop
      vertex -0.789441 -1.020000 2.591355
      vertex -0.788747 1.020000 2.594170
      vertex -0.789441 1.020000 2.591355
    endloop
  endfacet
  facet normal 0.970939 -0.000000 -0.239327
    outer loop
      vertex -0.789441 1.020000 2.591355
      vertex -0.788747 1.020000 2.594170
      vertex -0.789441 -1.020000 2.591355
    endloop
  endfacet
  facet normal -0.943306 0.000000 0.331923
    outer loop
      vertex -0.788747 -1.020000 2.594170
      vertex -0.787785 -1.020000 2.596905
      vertex -0.787785 1.020000 2.596905
    endloop
  endfacet
  facet normal 0.943306 -0.000000 -0.331923
    outer loop
      vertex -0.787785 1.020000 2.596905
      vertex -0.787785 -1.020000 2.596905
      vertex -0.788747 -1.020000 2.594170
    endloop
  endfacet
  facet normal -0.943306 0.000000 0.331923
    outer loop
      vertex -0.788747 -1.020000 2.594170
      vertex -0.787785 1.020000 2.596905
      vertex -0.788747 1.020000 2.594170
    endloop
  endfacet
  facet normal 0.943306 -0.000000 -0.331923
    outer loop
      vertex -0.788747 1.020000 2.594170
      vertex -0.787785 1.020000 2.596905
      vertex -0.788747 -1.020000 2.594170
    endloop
  endfacet
  facet normal -0.906866 0.000000 0.421420
    outer loop
      vertex -0.787785 -1.020000 2.596905
      vertex -0.786563 -1.020000 2.599533
      vertex -0.786563 1.020000 2.599533
    endloop
  endfacet
  facet normal 0.906866 -0.000000 -0.421420
    outer loop
      vertex -0.786563 1.020000 2.599533
      vertex -0.786563 -1.020000 2.599533
      vertex -0.787785 -1.020000 2.596905
    endloop
  endfacet
  facet normal -0.906866 0.000000 0.421420
    outer loop
      vertex -0.787785 -1.020000 2.596905
      vertex -0.786563 1.020000 2.599533
      vertex -0.787785 1.020000 2.596905
    endloop
  endfacet
  facet normal 0.906866 -0.000000 -0.421420
    outer loop
      vertex -0.787785 1.020000 2.596905
      vertex -0.786563 1.020000 2.599533
      vertex -0.787785 -1.020000 2.596905
    endloop
  endfacet
  facet normal -0.861957 0.000000 0.506982
    outer loop
      vertex -0.786563 -1.020000 2.599533
      vertex -0.785094 -1.020000 2.602032
      vertex -0.785094 1.020000 2.602032
    endloop
  endfacet
  facet normal 0.861957 -0.000000 -0.506982
    outer loop
      vertex -0.785094 1.020000 2.602032
      vertex -0.785094 -1.020000 2.602032
      vertex -0.786563 -1.020000 2.599533
    endloop
  endfacet
  facet normal -0.861957 0.000000 0.506982
    outer loop
      vertex -0.786563 -1.020000 2.599533
      vertex -0.785094 1.020000 2.602032
      vertex -0.786563 1.020000 2.599533
    endloop
  endfacet
  facet normal 0.861957 -0.000000 -0.506982
    outer loop
      vertex -0.786563 1.020000 2.599533
      vertex -0.785094 1.020000 2.602032
      vertex -0.786563 -1.020000 2.599533
    endloop
  endfacet
  facet normal -0.808999 0.000000 0.587810
    outer loop
      vertex -0.785094 -1.020000 2.602032
      vertex -0.783390 -1.020000 2.604377
      vertex -0.783390 1.020000 2.604377
    endloop
  endfacet
  facet normal 0.808999 -0.000000 -0.587810
    outer loop
      vertex -0.783390 1.020000 2.604377
      vertex -0.783390 -1.020000 2.604377
      vertex -0.785094 -1.020000 2.602032
    endloop
  endfacet
  facet normal -0.808999 0.000000 0.587810
    outer loop
      vertex -0.785094 -1.020000 2.602032
      vertex -0.783390 1.020000 2.604377
      vertex -0.785094 1.020000 2.602032
    endloop
  endfacet
  facet normal 0.808999 -0.000000 -0.587810
    outer loop
      vertex -0.785094 1.020000 2.602032
      vertex -0.783390 1.020000 2.604377
      vertex -0.785094 -1.020000 2.602032
    endloop
  endfacet
  facet normal -0.748488 0.000000 0.663149
    outer loop
      vertex -0.783390 -1.020000 2.604377
      vertex -0.781467 -1.020000 2.606547
      vertex -0.781467 1.020000 2.606547
    endloop
  endfacet
  facet normal 0.748488 -0.000000 -0.663149
    outer loop
      vertex -0.781467 1.020000 2.606547
      vertex -0.781467 -1.020000 2.606547
      vertex -0.783390 -1.020000 2.604377
    endloop
  endfacet
  facet normal -0.748488 0.000000 0.663149
    outer loop
      vertex -0.783390 -1.020000 2.604377
      vertex -0.781467 1.020000 2.606547
      vertex -0.783390 1.020000 2.604377
    endloop
  endfacet
  facet normal 0.748488 -0.000000 -0.663149
    outer loop
      vertex -0.783390 1.020000 2.604377
      vertex -0.781467 1.020000 2.606547
      vertex -0.783390 -1.020000 2.604377
    endloop
  endfacet
  facet normal -0.680987 0.000000 0.732296
    outer loop
      vertex -0.781467 -1.020000 2.606547
      vertex -0.779344 -1.020000 2.608521
      vertex -0.779344 1.020000 2.608521
    endloop
  endfacet
  facet normal 0.680987 -0.000000 -0.732296
    outer loop
      vertex -0.779344 1.020000 2.608521
      vertex -0.779344 -1.020000 2.608521
      vertex -0.781467 -1.020000 2.606547
    endloop
  endfacet
  facet normal -0.680987 0.000000 0.732296
    outer loop
      vertex -0.781467 -1.020000 2.606547
      vertex -0.779344 1.020000 2.608521
      vertex -0.781467 1.020000 2.606547
    endloop
  endfacet
  facet normal 0.680987 -0.000000 -0.732296
    outer loop
      vertex -0.781467 1.020000 2.606547
      vertex -0.779344 1.020000 2.608521
      vertex -0.781467 -1.020000 2.606547
    endloop
  endfacet
  facet normal -0.607127 0.000000 0.794604
    outer loop
      vertex -0.779344 -1.020000 2.608521
      vertex -0.777041 -1.020000 2.610281
      vertex -0.777041 1.020000 2.610281
    endloop
  endfacet
  facet normal 0.607127 -0.000000 -0.794604
    outer loop
      vertex -0.777041 1.020000 2.610281
      vertex -0.777041 -1.020000 2.610281
      vertex -0.779344 -1.020000 2.608521
    endloop
  endfacet
  facet normal -0.607127 0.000000 0.794604
    outer loop
      vertex -0.779344 -1.020000 2.608521
      vertex -0.777041 1.020000 2.610281
      vertex -0.779344 1.020000 2.608521
    endloop
  endfacet
  facet normal 0.607127 -0.000000 -0.794604
    outer loop
      vertex -0.779344 1.020000 2.608521
      vertex -0.777041 1.020000 2.610281
      vertex -0.779344 -1.020000 2.608521
    endloop
  endfacet
  facet normal -0.527599 0.000000 0.849494
    outer loop
      vertex -0.777041 -1.020000 2.610281
      vertex -0.774578 -1.020000 2.611811
      vertex -0.774578 1.020000 2.611811
    endloop
  endfacet
  facet normal 0.527599 -0.000000 -0.849494
    outer loop
      vertex -0.774578 1.020000 2.611811
      vertex -0.774578 -1.020000 2.611811
      vertex -0.777041 -1.020000 2.610281
    endloop
  endfacet
  facet normal -0.527599 0.000000 0.849494
    outer loop
      vertex -0.777041 -1.020000 2.610281
      vertex -0.774578 1.020000 2.611811
      vertex -0.777041 1.020000 2.610281
    endloop
  endfacet
  facet normal 0.527599 -0.000000 -0.849494
    outer loop
      vertex -0.777041 1.020000 2.610281
      vertex -0.774578 1.020000 2.611811
      vertex -0.777041 -1.020000 2.610281
    endloop
  endfacet
  facet normal -0.443144 0.000000 0.896451
    outer loop
      vertex -0.774578 -1.020000 2.611811
      vertex -0.771979 -1.020000 2.613096
      vertex -0.771979 1.020000 2.613096
    endloop
  endfacet
  facet normal 0.443144 -0.000000 -0.896451
    outer loop
      vertex -0.771979 1.020000 2.613096
      vertex -0.771979 -1.020000 2.613096
      vertex -0.774578 -1.020000 2.611811
    endloop
  endfacet
  facet normal -0.443144 0.000000 0.896451
    outer loop
      vertex -0.774578 -1.020000 2.611811
      vertex -0.771979 1.020000 2.613096
      vertex -0.774578 1.020000 2.611811
    endloop
  endfacet
  facet normal 0.443144 -0.000000 -0.896451
    outer loop
      vertex -0.774578 1.020000 2.611811
      vertex -0.771979 1.020000 2.613096
      vertex -0.774578 -1.020000 2.611811
    endloop
  endfacet
  facet normal -0.354551 0.000000 0.935037
    outer loop
      vertex -0.771979 -1.020000 2.613096
      vertex -0.769269 -1.020000 2.614123
      vertex -0.769269 1.020000 2.614123
    endloop
  endfacet
  facet normal 0.354551 -0.000000 -0.935037
    outer loop
      vertex -0.769269 1.020000 2.614123
      vertex -0.769269 -1.020000 2.614123
      vertex -0.771979 -1.020000 2.613096
    endloop
  endfacet
  facet normal -0.354551 0.000000 0.935037
    outer loop
      vertex -0.771979 -1.020000 2.613096
      vertex -0.769269 1.020000 2.614123
      vertex -0.771979 1.020000 2.613096
    endloop
  endfacet
  facet normal 0.354551 -0.000000 -0.935037
    outer loop
      vertex -0.771979 1.020000 2.613096
      vertex -0.769269 1.020000 2.614123
      vertex -0.771979 -1.020000 2.613096
    endloop
  endfacet
  facet normal -0.262647 0.000000 0.964892
    outer loop
      vertex -0.769269 -1.020000 2.614123
      vertex -0.766472 -1.020000 2.614885
      vertex -0.766472 1.020000 2.614885
    endloop
  endfacet
  facet normal 0.262647 -0.000000 -0.964892
    outer loop
      vertex -0.766472 1.020000 2.614885
      vertex -0.766472 -1.020000 2.614885
      vertex -0.769269 -1.020000 2.614123
    endloop
  endfacet
  facet normal -0.262647 0.000000 0.964892
    outer loop
      vertex -0.769269 -1.020000 2.614123
      vertex -0.766472 1.020000 2.614885
      vertex -0.769269 1.020000 2.614123
    endloop
  endfacet
  facet normal 0.262647 -0.000000 -0.964892
    outer loop
      vertex -0.769269 1.020000 2.614123
      vertex -0.766472 1.020000 2.614885
      vertex -0.769269 -1.020000 2.614123
    endloop
  endfacet
  facet normal -0.168291 0.000000 0.985737
    outer loop
      vertex -0.766472 -1.020000 2.614885
      vertex -0.763614 -1.020000 2.615373
      vertex -0.763614 1.020000 2.615373
    endloop
  endfacet
  facet normal 0.168291 -0.000000 -0.985737
    outer loop
      vertex -0.763614 1.020000 2.615373
      vertex -0.763614 -1.020000 2.615373
      vertex -0.766472 -1.020000 2.614885
    endloop
  endfacet
  facet normal -0.168291 0.000000 0.985737
    outer loop
      vertex -0.766472 -1.020000 2.614885
      vertex -0.763614 1.020000 2.615373
      vertex -0.766472 1.020000 2.614885
    endloop
  endfacet
  facet normal 0.168291 -0.000000 -0.985737
    outer loop
      vertex -0.766472 1.020000 2.614885
      vertex -0.763614 1.020000 2.615373
      vertex -0.766472 -1.020000 2.614885
    endloop
  endfacet
  facet normal -0.072363 0.000000 0.997378
    outer loop
      vertex -0.763614 -1.020000 2.615373
      vertex -0.760723 -1.020000 2.615582
      vertex -0.760723 1.020000 2.615582
    endloop
  endfacet
  facet normal 0.072363 -0.000000 -0.997378
    outer loop
      vertex -0.760723 1.020000 2.615582
      vertex -0.760723 -1.020000 2.615582
      vertex -0.763614 -1.020000 2.615373
    endloop
  endfacet
  facet normal -0.072363 0.000000 0.997378
    outer loop
      vertex -0.763614 -1.020000 2.615373
      vertex -0.760723 1.020000 2.615582
      vertex -0.763614 1.020000 2.615373
    endloop
  endfacet
  facet normal 0.072363 -0.000000 -0.997378
    outer loop
      vertex -0.763614 1.020000 2.615373
      vertex -0.760723 1.020000 2.615582
      vertex -0.763614 -1.020000 2.615373
    endloop
  endfacet
  facet normal 0.024240 0.000000 0.999706
    outer loop
      vertex -0.760723 -1.020000 2.615582
      vertex -0.757825 -1.020000 2.615512
      vertex -0.757825 1.020000 2.615512
    endloop
  endfacet
  facet normal -0.024240 -0.000000 -0.999706
    outer loop
      vertex -0.757825 1.020000 2.615512
      vertex -0.757825 -1.020000 2.615512
      vertex -0.760723 -1.020000 2.615582
    endloop
  endfacet
  facet normal 0.024240 -0.000000 0.999706
    outer loop
      vertex -0.760723 -1.020000 2.615582
      vertex -0.757825 1.020000 2.615512
      vertex -0.760723 1.020000 2.615582
    endloop
  endfacet
  facet normal -0.024240 0.000000 -0.999706
    outer loop
      vertex -0.760723 1.020000 2.615582
      vertex -0.757825 1.020000 2.615512
      vertex -0.760723 -1.020000 2.615582
    endloop
  endfacet
  facet normal 0.120617 0.000000 0.992699
    outer loop
      vertex -0.757825 -1.020000 2.615512
      vertex -0.754947 -1.020000 2.615163
      vertex -0.754947 1.020000 2.615163
    endloop
  endfacet
  facet normal -0.120617 -0.000000 -0.992699
    outer loop
      vertex -0.754947 1.020000 2.615163
      vertex -0.754947 -1.020000 2.615163
      vertex -0.757825 -1.020000 2.615512
    endloop
  endfacet
  facet normal 0.120617 -0.000000 0.992699
    outer loop
      vertex -0.757825 -1.020000 2.615512
      vertex -0.754947 1.020000 2.615163
      vertex -0.757825 1.020000 2.615512
    endloop
  endfacet
  facet normal -0.120617 0.000000 -0.992699
    outer loop
      vertex -0.757825 1.020000 2.615512
      vertex -0.754947 1.020000 2.615163
      vertex -0.757825 -1.020000 2.615512
    endloop
  endfacet
  facet normal 0.215868 0.000000 0.976423
    outer loop
      vertex -0.754947 -1.020000 2.615163
      vertex -0.752116 -1.020000 2.614537
      vertex -0.752116 1.020000 2.614537
    endloop
  endfacet
  facet normal -0.215868 -0.000000 -0.976423
    outer loop
      vertex -0.752116 1.020000 2.614537
      vertex -0.752116 -1.020000 2.614537
      vertex -0.754947 -1.020000 2.615163
    endloop
  endfacet
  facet normal 0.215868 -0.000000 0.976423
    outer loop
      vertex -0.754947 -1.020000 2.615163
      vertex -0.752116 1.020000 2.614537
      vertex -0.754947 1.020000 2.615163
    endloop
  endfacet
  facet normal -0.215868 0.000000 -0.976423
    outer loop
      vertex -0.754947 1.020000 2.615163
      vertex -0.752116 1.020000 2.614537
      vertex -0.754947 -1.020000 2.615163
    endloop
  endfacet
  facet normal 0.309103 0.000000 0.951029
    outer loop
      vertex -0.752116 -1.020000 2.614537
      vertex -0.749359 -1.020000 2.613641
      vertex -0.749359 1.020000 2.613641
    endloop
  endfacet
  facet normal -0.309103 -0.000000 -0.951029
    outer loop
      vertex -0.749359 1.020000 2.613641
      vertex -0.749359 -1.020000 2.613641
      vertex -0.752116 -1.020000 2.614537
    endloop
  endfacet
  facet normal 0.309103 -0.000000 0.951029
    outer loop
      vertex -0.752116 -1.020000 2.614537
      vertex -0.749359 1.020000 2.613641
      vertex -0.752116 1.020000 2.614537
    endloop
  endfacet
  facet normal -0.309103 0.000000 -0.951029
    outer loop
      vertex -0.752116 1.020000 2.614537
      vertex -0.749359 1.020000 2.613641
      vertex -0.752116 -1.020000 2.614537
    endloop
  endfacet
  facet normal 0.399452 0.000000 0.916754
    outer loop
      vertex -0.749359 -1.020000 2.613641
      vertex -0.746702 -1.020000 2.612483
      vertex -0.746702 1.020000 2.612483
    endloop
  endfacet
  facet normal -0.399452 -0.000000 -0.916754
    outer loop
      vertex -0.746702 1.020000 2.612483
      vertex -0.746702 -1.020000 2.612483
      vertex -0.749359 -1.020000 2.613641
    endloop
  endfacet
  facet normal 0.399452 -0.000000 0.916754
    outer loop
      vertex -0.749359 -1.020000 2.613641
      vertex -0.746702 1.020000 2.612483
      vertex -0.749359 1.020000 2.613641
    endloop
  endfacet
  facet normal -0.399452 0.000000 -0.916754
    outer loop
      vertex -0.749359 1.020000 2.613641
      vertex -0.746702 1.020000 2.612483
      vertex -0.749359 -1.020000 2.613641
    endloop
  endfacet
  facet normal 0.486071 0.000000 0.873920
    outer loop
      vertex -0.746702 -1.020000 2.612483
      vertex -0.744168 -1.020000 2.611074
      vertex -0.744168 1.020000 2.611074
    endloop
  endfacet
  facet normal -0.486071 -0.000000 -0.873920
    outer loop
      vertex -0.744168 1.020000 2.611074
      vertex -0.744168 -1.020000 2.611074
      vertex -0.746702 -1.020000 2.612483
    endloop
  endfacet
  facet normal 0.486071 -0.000000 0.873920
    outer loop
      vertex -0.746702 -1.020000 2.612483
      vertex -0.744168 1.020000 2.611074
      vertex -0.746702 1.020000 2.612483
    endloop
  endfacet
  facet normal -0.486071 0.000000 -0.873920
    outer loop
      vertex -0.746702 1.020000 2.612483
      vertex -0.744168 1.020000 2.611074
      vertex -0.746702 -1.020000 2.612483
    endloop
  endfacet
  facet normal 0.568151 0.000000 0.822925
    outer loop
      vertex -0.744168 -1.020000 2.611074
      vertex -0.741783 -1.020000 2.609427
      vertex -0.741783 1.020000 2.609427
    endloop
  endfacet
  facet normal -0.568151 -0.000000 -0.822925
    outer loop
      vertex -0.741783 1.020000 2.609427
      vertex -0.741783 -1.020000 2.609427
      vertex -0.744168 -1.020000 2.611074
    endloop
  endfacet
  facet normal 0.568151 -0.000000 0.822925
    outer loop
      vertex -0.744168 -1.020000 2.611074
      vertex -0.741783 1.020000 2.609427
      vertex -0.744168 1.020000 2.611074
    endloop
  endfacet
  facet normal -0.568151 0.000000 -0.822925
    outer loop
      vertex -0.744168 1.020000 2.611074
      vertex -0.741783 1.020000 2.609427
      vertex -0.744168 -1.020000 2.611074
    endloop
  endfacet
  facet normal 0.644926 0.000000 0.764245
    outer loop
      vertex -0.741783 -1.020000 2.609427
      vertex -0.739567 -1.020000 2.607557
      vertex -0.739567 1.020000 2.607557
    endloop
  endfacet
  facet normal -0.644926 -0.000000 -0.764245
    outer loop
      vertex -0.739567 1.020000 2.607557
      vertex -0.739567 -1.020000 2.607557
      vertex -0.741783 -1.020000 2.609427
    endloop
  endfacet
  facet normal 0.644926 -0.000000 0.764245
    outer loop
      vertex -0.741783 -1.020000 2.609427
      vertex -0.739567 1.020000 2.607557
      vertex -0.741783 1.020000 2.609427
    endloop
  endfacet
  facet normal -0.644926 0.000000 -0.764245
    outer loop
      vertex -0.741783 1.020000 2.609427
      vertex -0.739567 1.020000 2.607557
      vertex -0.741783 -1.020000 2.609427
    endloop
  endfacet
  facet normal 0.715678 0.000000 0.698430
    outer loop
      vertex -0.739567 -1.020000 2.607557
      vertex -0.737542 -1.020000 2.605482
      vertex -0.737542 1.020000 2.605482
    endloop
  endfacet
  facet normal -0.715678 -0.000000 -0.698430
    outer loop
      vertex -0.737542 1.020000 2.605482
      vertex -0.737542 -1.020000 2.605482
      vertex -0.739567 -1.020000 2.607557
    endloop
  endfacet
  facet normal 0.715678 -0.000000 0.698430
    outer loop
      vertex -0.739567 -1.020000 2.607557
      vertex -0.737542 1.020000 2.605482
      vertex -0.739567 1.020000 2.607557
    endloop
  endfacet
  facet normal -0.715678 0.000000 -0.698430
    outer loop
      vertex -0.739567 1.020000 2.607557
      vertex -0.737542 1.020000 2.605482
      vertex -0.739567 -1.020000 2.607557
    endloop
  endfacet
  facet normal 0.779748 0.000000 0.626093
    outer loop
      vertex -0.737542 -1.020000 2.605482
      vertex -0.735727 -1.020000 2.603222
      vertex -0.735727 1.020000 2.603222
    endloop
  endfacet
  facet normal -0.779748 -0.000000 -0.626093
    outer loop
      vertex -0.735727 1.020000 2.603222
      vertex -0.735727 -1.020000 2.603222
      vertex -0.737542 -1.020000 2.605482
    endloop
  endfacet
  facet normal 0.779748 -0.000000 0.626093
    outer loop
      vertex -0.737542 -1.020000 2.605482
      vertex -0.735727 1.020000 2.603222
      vertex -0.737542 1.020000 2.605482
    endloop
  endfacet
  facet normal -0.779748 0.000000 -0.626093
    outer loop
      vertex -0.737542 1.020000 2.605482
      vertex -0.735727 1.020000 2.603222
      vertex -0.737542 -1.020000 2.605482
    endloop
  endfacet
  facet normal 0.836538 0.000000 0.547910
    outer loop
      vertex -0.735727 -1.020000 2.603222
      vertex -0.734139 -1.020000 2.600797
      vertex -0.734139 1.020000 2.600797
    endloop
  endfacet
  facet normal -0.836538 -0.000000 -0.547910
    outer loop
      vertex -0.734139 1.020000 2.600797
      vertex -0.734139 -1.020000 2.600797
      vertex -0.735727 -1.020000 2.603222
    endloop
  endfacet
  facet normal 0.836538 -0.000000 0.547910
    outer loop
      vertex -0.735727 -1.020000 2.603222
      vertex -0.734139 1.020000 2.600797
      vertex -0.735727 1.020000 2.603222
    endloop
  endfacet
  facet normal -0.836538 0.000000 -0.547910
    outer loop
      vertex -0.735727 1.020000 2.603222
      vertex -0.734139 1.020000 2.600797
      vertex -0.735727 -1.020000 2.603222
    endloop
  endfacet
  facet normal 0.885515 0.000000 0.464610
    outer loop
      vertex -0.734139 -1.020000 2.600797
      vertex -0.732792 -1.020000 2.598230
      vertex -0.732792 1.020000 2.598230
    endloop
  endfacet
  facet normal -0.885515 -0.000000 -0.464610
    outer loop
      vertex -0.732792 1.020000 2.598230
      vertex -0.732792 -1.020000 2.598230
      vertex -0.734139 -1.020000 2.600797
    endloop
  endfacet
  facet normal 0.885515 -0.000000 0.464610
    outer loop
      vertex -0.734139 -1.020000 2.600797
      vertex -0.732792 1.020000 2.598230
      vertex -0.734139 1.020000 2.600797
    endloop
  endfacet
  facet normal -0.885515 0.000000 -0.464610
    outer loop
      vertex -0.734139 1.020000 2.600797
      vertex -0.732792 1.020000 2.598230
      vertex -0.734139 -1.020000 2.600797
    endloop
  endfacet
  facet normal 0.906929 0.000000 0.421283
    outer loop
      vertex -0.732792 -1.020000 2.598230
      vertex -0.020000 -1.020000 1.063747
      vertex -0.020000 1.020000 1.063747
    endloop
  endfacet
  facet normal -0.906929 -0.000000 -0.421283
    outer loop
      vertex -0.020000 1.020000 1.063747
      vertex -0.020000 -1.020000 1.063747
      vertex -0.732792 -1.020000 2.598230
    endloop
  endfacet
  facet normal 0.906929 -0.000000 0.421283
    outer loop
      vertex -0.732792 -1.020000 2.598230
      vertex -0.020000 1.020000 1.063747
      vertex -0.732792 1.020000 2.598230
    endloop
  endfacet
  facet normal -0.906929 0.000000 -0.421283
    outer loop
      vertex -0.732792 1.020000 2.598230
      vertex -0.020000 1.020000 1.063747
      vertex -0.732792 -1.020000 2.598230
    endloop
  endfacet
  facet normal 1.000000 0.000000 0.000000
    outer loop
      vertex -0.020000 -1.020000 1.063747
      vertex -0.020000 -1.020000 0.043056
      vertex -0.020000 1.020000 0.043056
    endloop
  endfacet
  facet normal -1.000000 -0.000000 -0.000000
    outer loop
      vertex -0.020000 1.020000 0.043056
      vertex -0.020000 -1.020000 0.043056
      vertex -0.020000 -1.020000 1.063747
    endloop
  endfacet
  facet normal 1.000000 -0.000000 0.000000
    outer loop
      vertex -0.020000 -1.020000 1.063747
      vertex -0.020000 1.020000 0.043056
      vertex -0.020000 1.020000 1.063747
    endloop
  endfacet
  facet normal -1.000000 0.000000 -0.000000
    outer loop
      vertex -0.020000 1.020000 1.063747
      vertex -0.020000 1.020000 0.043056
      vertex -0.020000 -1.020000 1.063747
    endloop
  endfacet
  facet normal -0.906929 0.000000 -0.421283
    outer loop
      vertex -0.020000 -1.020000 0.043056
      vertex -0.360000 -1.020000 0.775000
      vertex -0.360000 1.020000 0.775000
    endloop
  endfacet
  facet normal 0.906929 -0.000000 0.421283
    outer loop
      vertex -0.360000 1.020000 0.775000
      vertex -0.360000 -1.020000 0.775000
      vertex -0.020000 -1.020000 0.043056
    endloop
  endfacet
  facet normal -0.906929 0.000000 -0.421283
    outer loop
      vertex -0.020000 -1.020000 0.043056
      vertex -0.360000 1.020000 0.775000
      vertex -0.020000 1.020000 0.043056
    endloop
  endfacet
  facet normal 0.906929 -0.000000 0.421283
    outer loop
      vertex -0.020000 1.020000 0.043056
      vertex -0.360000 1.020000 0.775000
      vertex -0.020000 -1.020000 0.043056
    endloop
  endfacet
  facet normal 1.000000 0.000000 0.000000
    outer loop
      vertex -0.360000 -1.020000 0.775000
      vertex -0.360000 -1.020000 -0.775000
      vertex -0.360000 1.020000 -0.775000
    endloop
  endfacet
  facet normal -1.000000 -0.000000 -0.000000
    outer loop
      vertex -0.360000 1.020000 -0.775000
      vertex -0.360000 -1.020000 -0.775000
      vertex -0.360000 -1.020000 0.775000
    endloop
  endfacet
  facet normal 1.000000 -0.000000 0.000000
    outer loop
      vertex -0.360000 -1.020000 0.775000
      vertex -0.360000 1.020000 -0.775000
      vertex -0.360000 1.020000 0.775000
    endloop
  endfacet
  facet normal -1.000000 0.000000 -0.000000
    outer loop
      vertex -0.360000 1.020000 0.775000
      vertex -0.360000 1.020000 -0.775000
      vertex -0.360000 -1.020000 0.775000
    endloop
  endfacet
  facet normal 0.000000 0.000000 1.000000
    outer loop
      vertex -0.360000 -1.020000 -0.775000
      vertex -0.020000 -1.020000 -0.775000
      vertex -0.020000 1.020000 -0.775000
    endloop
  endfacet
  facet normal -0.000000 -0.000000 -1.000000
    outer loop
      vertex -0.020000 1.020000 -0.775000
      vertex -0.020000 -1.020000 -0.775000
      vertex -0.360000 -1.020000 -0.775000
    endloop
  endfacet
  facet normal 0.000000 0.000000 1.000000
    outer loop
      vertex -0.360000 -1.020000 -0.775000
      vertex -0.020000 1.020000 -0.775000
      vertex -0.360000 1.020000 -0.775000
    endloop
  endfacet
  facet normal -0.000000 -0.000000 -1.000000
    outer loop
      vertex -0.360000 1.020000 -0.775000
      vertex -0.020000 1.020000 -0.775000
      vertex -0.360000 -1.020000 -0.775000
    endloop
  endfacet
  facet normal 1.000000 0.000000 0.000000
    outer loop
      vertex -0.020000 -1.020000 -0.775000
      vertex -0.020000 -1.020000 -1.205000
      vertex -0.020000 1.020000 -1.205000
    endloop
  endfacet
  facet normal -1.000000 -0.000000 -0.000000
    outer loop
      vertex -0.020000 1.020000 -1.205000
      vertex -0.020000 -1.020000 -1.205000
      vertex -0.020000 -1.020000 -0.775000
    endloop
  endfacet
  facet normal 1.000000 -0.000000 0.000000
    outer loop
      vertex -0.020000 -1.020000 -0.775000
      vertex -0.020000 1.020000 -1.205000
      vertex -0.020000 1.020000 -0.775000
    endloop
  endfacet
  facet normal -1.000000 0.000000 -0.000000
    outer loop
      vertex -0.020000 1.020000 -0.775000
      vertex -0.020000 1.020000 -1.205000
      vertex -0.020000 -1.020000 -0.775000
    endloop
  endfacet
  facet normal 0.000000 0.000000 -1.000000
    outer loop
      vertex -0.020000 -1.020000 -1.205000
      vertex -0.760000 -1.020000 -1.205000
      vertex -0.760000 1.020000 -1.205000
    endloop
  endfacet
  facet normal -0.000000 -0.000000 1.000000
    outer loop
      vertex -0.760000 1.020000 -1.205000
      vertex -0.760000 -1.020000 -1.205000
      vertex -0.020000 -1.020000 -1.205000
    endloop
  endfacet
  facet normal 0.000000 0.000000 -1.000000
    outer loop
      vertex -0.020000 -1.020000 -1.205000
      vertex -0.760000 1.020000 -1.205000
      vertex -0.020000 1.020000 -1.205000
    endloop
  endfacet
  facet normal -0.000000 -0.000000 1.000000
    outer loop
      vertex -0.020000 1.020000 -1.205000
      vertex -0.760000 1.020000 -1.205000
      vertex -0.020000 -1.020000 -1.205000
    endloop
  endfacet
  facet normal -0.049068 0.000000 -0.998795
    outer loop
      vertex -0.760000 -1.020000 -1.205000
      vertex -0.762941 -1.020000 -1.204856
      vertex -0.762941 1.020000 -1.204856
    endloop
  endfacet
  facet normal 0.049068 -0.000000 0.998795
    outer loop
      vertex -0.762941 1.020000 -1.204856
      vertex -0.762941 -1.020000 -1.204856
      vertex -0.760000 -1.020000 -1.205000
    endloop
  endfacet
  facet normal -0.049068 0.000000 -0.998795
    outer loop
      vertex -0.760000 -1.020000 -1.205000
      vertex -0.762941 1.020000 -1.204856
      vertex -0.760000 1.020000 -1.205000
    endloop
  endfacet
  facet normal 0.049068 -0.000000 0.998795
    outer loop
      vertex -0.760000 1.020000 -1.205000
      vertex -0.762941 1.020000 -1.204856
      vertex -0.760000 -1.020000 -1.205000
    endloop
  endfacet
  facet normal -0.146730 0.000000 -0.989177
    outer loop
      vertex -0.762941 -1.020000 -1.204856
      vertex -0.765853 -1.020000 -1.204424
      vertex -0.765853 1.020000 -1.204424
    endloop
  endfacet
  facet normal 0.146730 -0.000000 0.989177
    outer loop
      vertex -0.765853 1.020000 -1.204424
      vertex -0.765853 -1.020000 -1.204424
      vertex -0.762941 -1.020000 -1.204856
    endloop
  endfacet
  facet normal -0.146730 0.000000 -0.989177
    outer loop
      vertex -0.762941 -1.020000 -1.204856
      vertex -0.765853 1.020000 -1.204424
      vertex -0.762941 1.020000 -1.204856
    endloop
  endfacet
  facet normal 0.146730 -0.000000 0.989177
    outer loop
      vertex -0.762941 1.020000 -1.204856
      vertex -0.765853 1.020000 -1.204424
      vertex -0.762941 -1.020000 -1.204856
    endloop
  endfacet
  facet normal -0.242980 0.000000 -0.970031
    outer loop
      vertex -0.765853 -1.020000 -1.204424
      vertex -0.768709 -1.020000 -1.203708
      vertex -0.768709 1.020000 -1.203708
    endloop
  endfacet
  facet normal 0.242980 -0.000000 0.970031
    outer loop
      vertex -0.768709 1.020000 -1.203708
      vertex -0.768709 -1.020000 -1.203708
      vertex -0.765853 -1.020000 -1.204424
    endloop
  endfacet
  facet normal -0.242980 0.000000 -0.970031
    outer loop
      vertex -0.765853 -1.020000 -1.204424
      vertex -0.768709 1.020000 -1.203708
      vertex -0.765853 1.020000 -1.204424
    endloop
  endfacet
  facet normal 0.242980 -0.000000 0.970031
    outer loop
      vertex -0.765853 1.020000 -1.204424
      vertex -0.768709 1.020000 -1.203708
      vertex -0.765853 -1.020000 -1.204424
    endloop
  endfacet
  facet normal -0.336890 0.000000 -0.941544
    outer loop
      vertex -0.768709 -1.020000 -1.203708
      vertex -0.771481 -1.020000 -1.202716
      vertex -0.771481 1.020000 -1.202716
    endloop
  endfacet
  facet normal 0.336890 -0.000000 0.941544
    outer loop
      vertex -0.771481 1.020000 -1.202716
      vertex -0.771481 -1.020000 -1.202716
      vertex -0.768709 -1.020000 -1.203708
    endloop
  endfacet
  facet normal -0.336890 0.000000 -0.941544
    outer loop
      vertex -0.768709 -1.020000 -1.203708
      vertex -0.771481 1.020000 -1.202716
      vertex -0.768709 1.020000 -1.203708
    endloop
  endfacet
  facet normal 0.336890 -0.000000 0.941544
    outer loop
      vertex -0.768709 1.020000 -1.203708
      vertex -0.771481 1.020000 -1.202716
      vertex -0.768709 -1.020000 -1.203708
    endloop
  endfacet
  facet normal -0.427555 0.000000 -0.903989
    outer loop
      vertex -0.771481 -1.020000 -1.202716
      vertex -0.774142 -1.020000 -1.201458
      vertex -0.774142 1.020000 -1.201458
    endloop
  endfacet
  facet normal 0.427555 -0.000000 0.903989
    outer loop
      vertex -0.774142 1.020000 -1.201458
      vertex -0.774142 -1.020000 -1.201458
      vertex -0.771481 -1.020000 -1.202716
    endloop
  endfacet
  facet normal -0.427555 0.000000 -0.903989
    outer loop
      vertex -0.771481 -1.020000 -1.202716
      vertex -0.774142 1.020000 -1.201458
      vertex -0.771481 1.020000 -1.202716
    endloop
  endfacet
  facet normal 0.427555 -0.000000 0.903989
    outer loop
      vertex -0.771481 1.020000 -1.202716
      vertex -0.774142 1.020000 -1.201458
      vertex -0.771481 -1.020000 -1.202716
    endloop
  endfacet
  facet normal -0.514103 0.000000 -0.857729
    outer loop
      vertex -0.774142 -1.020000 -1.201458
      vertex -0.776667 -1.020000 -1.199944
      vertex -0.776667 1.020000 -1.199944
    endloop
  endfacet
  facet normal 0.514103 -0.000000 0.857729
    outer loop
      vertex -0.776667 1.020000 -1.199944
      vertex -0.776667 -1.020000 -1.199944
      vertex -0.774142 -1.020000 -1.201458
    endloop
  endfacet
  facet normal -0.514103 0.000000 -0.857729
    outer loop
      vertex -0.774142 -1.020000 -1.201458
      vertex -0.776667 1.020000 -1.199944
      vertex -0.774142 1.020000 -1.201458
    endloop
  endfacet
  facet normal 0.514103 -0.000000 0.857729
    outer loop
      vertex -0.774142 1.020000 -1.201458
      vertex -0.776667 1.020000 -1.199944
      vertex -0.774142 -1.020000 -1.201458
    endloop
  endfacet
  facet normal -0.595699 0.000000 -0.803208
    outer loop
      vertex -0.776667 -1.020000 -1.199944
      vertex -0.779032 -1.020000 -1.198190
      vertex -0.779032 1.020000 -1.198190
    endloop
  endfacet
  facet normal 0.595699 -0.000000 0.803208
    outer loop
      vertex -0.779032 1.020000 -1.198190
      vertex -0.779032 -1.020000 -1.198190
      vertex -0.776667 -1.020000 -1.199944
    endloop
  endfacet
  facet normal -0.595699 0.000000 -0.803208
    outer loop
      vertex -0.776667 -1.020000 -1.199944
      vertex -0.779032 1.020000 -1.198190
      vertex -0.776667 1.020000 -1.199944
    endloop
  endfacet
  facet normal 0.595699 -0.000000 0.803208
    outer loop
      vertex -0.776667 1.020000 -1.199944
      vertex -0.779032 1.020000 -1.198190
      vertex -0.776667 -1.020000 -1.199944
    endloop
  endfacet
  facet normal 0.980785 0.000000 0.195090
    outer loop
      vertex -0.410856 -1.020000 -0.481947
      vertex -0.413407 1.020000 -0.469118
      vertex -0.413407 -1.020000 -0.469118
    endloop
  endfacet
  facet normal -0.980785 -0.000000 -0.195090
    outer loop
      vertex -0.413407 -1.020000 -0.469118
      vertex -0.413407 1.020000 -0.469118
      vertex -0.410856 -1.020000 -0.481947
    endloop
  endfacet
  facet normal 0.980785 -0.000000 0.195090
    outer loop
      vertex -0.410856 -1.020000 -0.481947
      vertex -0.410856 1.020000 -0.481947
      vertex -0.413407 1.020000 -0.469118
    endloop
  endfacet
  facet normal -0.980785 0.000000 -0.195090
    outer loop
      vertex -0.413407 1.020000 -0.469118
      vertex -0.410856 1.020000 -0.481947
      vertex -0.410856 -1.020000 -0.481947
    endloop
  endfacet
  facet normal 0.946930 0.000000 0.321439
    outer loop
      vertex -0.413407 -1.020000 -0.469118
      vertex -0.417612 1.020000 -0.456732
      vertex -0.417612 -1.020000 -0.456732
    endloop
  endfacet
  facet normal -0.946930 -0.000000 -0.321439
    outer loop
      vertex -0.417612 -1.020000 -0.456732
      vertex -0.417612 1.020000 -0.456732
      vertex -0.413407 -1.020000 -0.469118
    endloop
  endfacet
  facet normal 0.946930 -0.000000 0.321439
    outer loop
      vertex -0.413407 -1.020000 -0.469118
      vertex -0.413407 1.020000 -0.469118
      vertex -0.417612 1.020000 -0.456732
    endloop
  endfacet
  facet normal -0.946930 0.000000 -0.321439
    outer loop
      vertex -0.417612 1.020000 -0.456732
      vertex -0.413407 1.020000 -0.469118
      vertex -0.413407 -1.020000 -0.469118
    endloop
  endfacet
  facet normal 0.896873 0.000000 0.442289
    outer loop
      vertex -0.417612 -1.020000 -0.456732
      vertex -0.423397 1.020000 -0.445000
      vertex -0.423397 -1.020000 -0.445000
    endloop
  endfacet
  facet normal -0.896873 -0.000000 -0.442289
    outer loop
      vertex -0.423397 -1.020000 -0.445000
      vertex -0.423397 1.020000 -0.445000
      vertex -0.417612 -1.020000 -0.456732
    endloop
  endfacet
  facet normal 0.896873 -0.000000 0.442289
    outer loop
      vertex -0.417612 -1.020000 -0.456732
      vertex -0.417612 1.020000 -0.456732
      vertex -0.423397 1.020000 -0.445000
    endloop
  endfacet
  facet normal -0.896873 0.000000 -0.442289
    outer loop
      vertex -0.423397 1.020000 -0.445000
      vertex -0.417612 1.020000 -0.456732
      vertex -0.417612 -1.020000 -0.456732
    endloop
  endfacet
  facet normal 0.831470 0.000000 0.555570
    outer loop
      vertex -0.423397 -1.020000 -0.445000
      vertex -0.430665 1.020000 -0.434124
      vertex -0.430665 -1.020000 -0.434124
    endloop
  endfacet
  facet normal -0.831470 -0.000000 -0.555570
    outer loop
      vertex -0.430665 -1.020000 -0.434124
      vertex -0.430665 1.020000 -0.434124
      vertex -0.423397 -1.020000 -0.445000
    endloop
  endfacet
  facet normal 0.831470 -0.000000 0.555570
    outer loop
      vertex -0.423397 -1.020000 -0.445000
      vertex -0.423397 1.020000 -0.445000
      vertex -0.430665 1.020000 -0.434124
    endloop
  endfacet
  facet normal -0.831470 0.000000 -0.555570
    outer loop
      vertex -0.430665 1.020000 -0.434124
      vertex -0.423397 1.020000 -0.445000
      vertex -0.423397 -1.020000 -0.445000
    endloop
  endfacet
  facet normal 0.751840 0.000000 0.659346
    outer loop
      vertex -0.430665 -1.020000 -0.434124
      vertex -0.439289 1.020000 -0.424289
      vertex -0.439289 -1.020000 -0.424289
    endloop
  endfacet
  facet normal -0.751840 -0.000000 -0.659346
    outer loop
      vertex -0.439289 -1.020000 -0.424289
      vertex -0.439289 1.020000 -0.424289
      vertex -0.430665 -1.020000 -0.434124
    endloop
  endfacet
  facet normal 0.751840 -0.000000 0.659346
    outer loop
      vertex -0.430665 -1.020000 -0.434124
      vertex -0.430665 1.020000 -0.434124
      vertex -0.439289 1.020000 -0.424289
    endloop
  endfacet
  facet normal -0.751840 0.000000 -0.659346
    outer loop
      vertex -0.439289 1.020000 -0.424289
      vertex -0.430665 1.020000 -0.434124
      vertex -0.430665 -1.020000 -0.434124
    endloop
  endfacet
  facet normal 0.659346 0.000000 0.751840
    outer loop
      vertex -0.439289 -1.020000 -0.424289
      vertex -0.449124 1.020000 -0.415665
      vertex -0.449124 -1.020000 -0.415665
    endloop
  endfacet
  facet normal -0.659346 -0.000000 -0.751840
    outer loop
      vertex -0.449124 -1.020000 -0.415665
      vertex -0.449124 1.020000 -0.415665
      vertex -0.439289 -1.020000 -0.424289
    endloop
  endfacet
  facet normal 0.659346 -0.000000 0.751840
    outer loop
      vertex -0.439289 -1.020000 -0.424289
      vertex -0.439289 1.020000 -0.424289
      vertex -0.449124 1.020000 -0.415665
    endloop
  endfacet
  facet normal -0.659346 0.000000 -0.751840
    outer loop
      vertex -0.449124 1.020000 -0.415665
      vertex -0.439289 1.020000 -0.424289
      vertex -0.439289 -1.020000 -0.424289
    endloop
  endfacet
  facet normal 0.555570 0.000000 0.831470
    outer loop
      vertex -0.449124 -1.020000 -0.415665
      vertex -0.460000 1.020000 -0.408397
      vertex -0.460000 -1.020000 -0.408397
    endloop
  endfacet
  facet normal -0.555570 -0.000000 -0.831470
    outer loop
      vertex -0.460000 -1.020000 -0.408397
      vertex -0.460000 1.020000 -0.408397
      vertex -0.449124 -1.020000 -0.415665
    endloop
  endfacet
  facet normal 0.555570 -0.000000 0.831470
    outer loop
      vertex -0.449124 -1.020000 -0.415665
      vertex -0.449124 1.020000 -0.415665
      vertex -0.460000 1.020000 -0.408397
    endloop
  endfacet
  facet normal -0.555570 0.000000 -0.831470
    outer loop
      vertex -0.460000 1.020000 -0.408397
      vertex -0.449124 1.020000 -0.415665
      vertex -0.449124 -1.020000 -0.415665
    endloop
  endfacet
  facet normal 0.442289 0.000000 0.896873
    outer loop
      vertex -0.460000 -1.020000 -0.408397
      vertex -0.471732 1.020000 -0.402612
      vertex -0.471732 -1.020000 -0.402612
    endloop
  endfacet
  facet normal -0.442289 -0.000000 -0.896873
    outer loop
      vertex -0.471732 -1.020000 -0.402612
      vertex -0.471732 1.020000 -0.402612
      vertex -0.460000 -1.020000 -0.408397
    endloop
  endfacet
  facet normal 0.442289 -0.000000 0.896873
    outer loop
      vertex -0.460000 -1.020000 -0.408397
      vertex -0.460000 1.020000 -0.408397
      vertex -0.471732 1.020000 -0.402612
    endloop
  endfacet
  facet normal -0.442289 0.000000 -0.896873
    outer loop
      vertex -0.471732 1.020000 -0.402612
      vertex -0.460000 1.020000 -0.408397
      vertex -0.460000 -1.020000 -0.408397
    endloop
  endfacet
  facet normal 0.321439 0.000000 0.946930
    outer loop
      vertex -0.471732 -1.020000 -0.402612
      vertex -0.484118 1.020000 -0.398407
      vertex -0.484118 -1.020000 -0.398407
    endloop
  endfacet
  facet normal -0.321439 -0.000000 -0.946930
    outer loop
      vertex -0.484118 -1.020000 -0.398407
      vertex -0.484118 1.020000 -0.398407
      vertex -0.471732 -1.020000 -0.402612
    endloop
  endfacet
  facet normal 0.321439 -0.000000 0.946930
    outer loop
      vertex -0.471732 -1.020000 -0.402612
      vertex -0.471732 1.020000 -0.402612
      vertex -0.484118 1.020000 -0.398407
    endloop
  endfacet
  facet normal -0.321439 0.000000 -0.946930
    outer loop
      vertex -0.484118 1.020000 -0.398407
      vertex -0.471732 1.020000 -0.402612
      vertex -0.471732 -1.020000 -0.402612
    endloop
  endfacet
  facet normal 0.195090 0.000000 0.980785
    outer loop
      vertex -0.484118 -1.020000 -0.398407
      vertex -0.496947 1.020000 -0.395856
      vertex -0.496947 -1.020000 -0.395856
    endloop
  endfacet
  facet normal -0.195090 -0.000000 -0.980785
    outer loop
      vertex -0.496947 -1.020000 -0.395856
      vertex -0.496947 1.020000 -0.395856
      vertex -0.484118 -1.020000 -0.398407
    endloop
  endfacet
  facet normal 0.195090 -0.000000 0.980785
    outer loop
      vertex -0.484118 -1.020000 -0.398407
      vertex -0.484118 1.020000 -0.398407
      vertex -0.496947 1.020000 -0.395856
    endloop
  endfacet
  facet normal -0.195090 0.000000 -0.980785
    outer loop
      vertex -0.496947 1.020000 -0.395856
      vertex -0.484118 1.020000 -0.398407
      vertex -0.484118 -1.020000 -0.398407
    endloop
  endfacet
  facet normal 0.065403 0.000000 0.997859
    outer loop
      vertex -0.496947 -1.020000 -0.395856
      vertex -0.510000 1.020000 -0.395000
      vertex -0.510000 -1.020000 -0.395000
    endloop
  endfacet
  facet normal -0.065403 -0.000000 -0.997859
    outer loop
      vertex -0.510000 -1.020000 -0.395000
      vertex -0.510000 1.020000 -0.395000
      vertex -0.496947 -1.020000 -0.395856
    endloop
  endfacet
  facet normal 0.065403 -0.000000 0.997859
    outer loop
      vertex -0.496947 -1.020000 -0.395856
      vertex -0.496947 1.020000 -0.395856
      vertex -0.510000 1.020000 -0.395000
    endloop
  endfacet
  facet normal -0.065403 0.000000 -0.997859
    outer loop
      vertex -0.510000 1.020000 -0.395000
      vertex -0.496947 1.020000 -0.395856
      vertex -0.496947 -1.020000 -0.395856
    endloop
  endfacet
  facet normal -0.065403 0.000000 0.997859
    outer loop
      vertex -0.510000 -1.020000 -0.395000
      vertex -0.523053 1.020000 -0.395856
      vertex -0.523053 -1.020000 -0.395856
    endloop
  endfacet
  facet normal 0.065403 -0.000000 -0.997859
    outer loop
      vertex -0.523053 -1.020000 -0.395856
      vertex -0.523053 1.020000 -0.395856
      vertex -0.510000 -1.020000 -0.395000
    endloop
  endfacet
  facet normal -0.065403 0.000000 0.997859
    outer loop
      vertex -0.510000 -1.020000 -0.395000
      vertex -0.510000 1.020000 -0.395000
      vertex -0.523053 1.020000 -0.395856
    endloop
  endfacet
  facet normal 0.065403 -0.000000 -0.997859
    outer loop
      vertex -0.523053 1.020000 -0.395856
      vertex -0.510000 1.020000 -0.395000
      vertex -0.510000 -1.020000 -0.395000
    endloop
  endfacet
  facet normal -0.195090 0.000000 0.980785
    outer loop
      vertex -0.523053 -1.020000 -0.395856
      vertex -0.535882 1.020000 -0.398407
      vertex -0.535882 -1.020000 -0.398407
    endloop
  endfacet
  facet normal 0.195090 -0.000000 -0.980785
    outer loop
      vertex -0.535882 -1.020000 -0.398407
      vertex -0.535882 1.020000 -0.398407
      vertex -0.523053 -1.020000 -0.395856
    endloop
  endfacet
  facet normal -0.195090 0.000000 0.980785
    outer loop
      vertex -0.523053 -1.020000 -0.395856
      vertex -0.523053 1.020000 -0.395856
      vertex -0.535882 1.020000 -0.398407
    endloop
  endfacet
  facet normal 0.195090 -0.000000 -0.980785
    outer loop
      vertex -0.535882 1.020000 -0.398407
      vertex -0.523053 1.020000 -0.395856
      vertex -0.523053 -1.020000 -0.395856
    endloop
  endfacet
  facet normal -0.321439 0.000000 0.946930
    outer loop
      vertex -0.535882 -1.020000 -0.398407
      vertex -0.548268 1.020000 -0.402612
      vertex -0.548268 -1.020000 -0.402612
    endloop
  endfacet
  facet normal 0.321439 -0.000000 -0.946930
    outer loop
      vertex -0.548268 -1.020000 -0.402612
      vertex -0.548268 1.020000 -0.402612
      vertex -0.535882 -1.020000 -0.398407
    endloop
  endfacet
  facet normal -0.321439 0.000000 0.946930
    outer loop
      vertex -0.535882 -1.020000 -0.398407
      vertex -0.535882 1.020000 -0.398407
      vertex -0.548268 1.020000 -0.402612
    endloop
  endfacet
  facet normal 0.321439 -0.000000 -0.946930
    outer loop
      vertex -0.548268 1.020000 -0.402612
      vertex -0.535882 1.020000 -0.398407
      vertex -0.535882 -1.020000 -0.398407
    endloop
  endfacet
  facet normal -0.442289 0.000000 0.896873
    outer loop
      vertex -0.548268 -1.020000 -0.402612
      vertex -0.560000 1.020000 -0.408397
      vertex -0.560000 -1.020000 -0.408397
    endloop
  endfacet
  facet normal 0.442289 -0.000000 -0.896873
    outer loop
      vertex -0.560000 -1.020000 -0.408397
      vertex -0.560000 1.020000 -0.408397
      vertex -0.548268 -1.020000 -0.402612
    endloop
  endfacet
  facet normal -0.442289 0.000000 0.896873
    outer loop
      vertex -0.548268 -1.020000 -0.402612
      vertex -0.548268 1.020000 -0.402612
      vertex -0.560000 1.020000 -0.408397
    endloop
  endfacet
  facet normal 0.442289 -0.000000 -0.896873
    outer loop
      vertex -0.560000 1.020000 -0.408397
      vertex -0.548268 1.020000 -0.402612
      vertex -0.548268 -1.020000 -0.402612
    endloop
  endfacet
  facet normal -0.555570 0.000000 0.831470
    outer loop
      vertex -0.560000 -1.020000 -0.408397
      vertex -0.570876 1.020000 -0.415665
      vertex -0.570876 -1.020000 -0.415665
    endloop
  endfacet
  facet normal 0.555570 -0.000000 -0.831470
    outer loop
      vertex -0.570876 -1.020000 -0.415665
      vertex -0.570876 1.020000 -0.415665
      vertex -0.560000 -1.020000 -0.408397
    endloop
  endfacet
  facet normal -0.555570 0.000000 0.831470
    outer loop
      vertex -0.560000 -1.020000 -0.408397
      vertex -0.560000 1.020000 -0.408397
      vertex -0.570876 1.020000 -0.415665
    endloop
  endfacet
  facet normal 0.555570 -0.000000 -0.831470
    outer loop
      vertex -0.570876 1.020000 -0.415665
      vertex -0.560000 1.020000 -0.408397
      vertex -0.560000 -1.020000 -0.408397
    endloop
  endfacet
  facet normal -0.659346 0.000000 0.751840
    outer loop
      vertex -0.570876 -1.020000 -0.415665
      vertex -0.580711 1.020000 -0.424289
      vertex -0.580711 -1.020000 -0.424289
    endloop
  endfacet
  facet normal 0.659346 -0.000000 -0.751840
    outer loop
      vertex -0.580711 -1.020000 -0.424289
      vertex -0.580711 1.020000 -0.424289
      vertex -0.570876 -1.020000 -0.415665
    endloop
  endfacet
  facet normal -0.659346 0.000000 0.751840
    outer loop
      vertex -0.570876 -1.020000 -0.415665
      vertex -0.570876 1.020000 -0.415665
      vertex -0.580711 1.020000 -0.424289
    endloop
  endfacet
  facet normal 0.659346 -0.000000 -0.751840
    outer loop
      vertex -0.580711 1.020000 -0.424289
      vertex -0.570876 1.020000 -0.415665
      vertex -0.570876 -1.020000 -0.415665
    endloop
  endfacet
  facet normal -0.751840 0.000000 0.659346
    outer loop
      vertex -0.580711 -1.020000 -0.424289
      vertex -0.589335 1.020000 -0.434124
      vertex -0.589335 -1.020000 -0.434124
    endloop
  endfacet
  facet normal 0.751840 -0.000000 -0.659346
    outer loop
      vertex -0.589335 -1.020000 -0.434124
      vertex -0.589335 1.020000 -0.434124
      vertex -0.580711 -1.020000 -0.424289
    endloop
  endfacet
  facet normal -0.751840 0.000000 0.659346
    outer loop
      vertex -0.580711 -1.020000 -0.424289
      vertex -0.580711 1.020000 -0.424289
      vertex -0.589335 1.020000 -0.434124
    endloop
  endfacet
  facet normal 0.751840 -0.000000 -0.659346
    outer loop
      vertex -0.589335 1.020000 -0.434124
      vertex -0.580711 1.020000 -0.424289
      vertex -0.580711 -1.020000 -0.424289
    endloop
  endfacet
  facet normal -0.831470 0.000000 0.555570
    outer loop
      vertex -0.589335 -1.020000 -0.434124
      vertex -0.596603 1.020000 -0.445000
      vertex -0.596603 -1.020000 -0.445000
    endloop
  endfacet
  facet normal 0.831470 -0.000000 -0.555570
    outer loop
      vertex -0.596603 -1.020000 -0.445000
      vertex -0.596603 1.020000 -0.445000
      vertex -0.589335 -1.020000 -0.434124
    endloop
  endfacet
  facet normal -0.831470 0.000000 0.555570
    outer loop
      vertex -0.589335 -1.020000 -0.434124
      vertex -0.589335 1.020000 -0.434124
      vertex -0.596603 1.020000 -0.445000
    endloop
  endfacet
  facet normal 0.831470 -0.000000 -0.555570
    outer loop
      vertex -0.596603 1.020000 -0.445000
      vertex -0.589335 1.020000 -0.434124
      vertex -0.589335 -1.020000 -0.434124
    endloop
  endfacet
  facet normal -0.896873 0.000000 0.442289
    outer loop
      vertex -0.596603 -1.020000 -0.445000
      vertex -0.602388 1.020000 -0.456732
      vertex -0.602388 -1.020000 -0.456732
    endloop
  endfacet
  facet normal 0.896873 -0.000000 -0.442289
    outer loop
      vertex -0.602388 -1.020000 -0.456732
      vertex -0.602388 1.020000 -0.456732
      vertex -0.596603 -1.020000 -0.445000
    endloop
  endfacet
  facet normal -0.896873 0.000000 0.442289
    outer loop
      vertex -0.596603 -1.020000 -0.445000
      vertex -0.596603 1.020000 -0.445000
      vertex -0.602388 1.020000 -0.456732
    endloop
  endfacet
  facet normal 0.896873 -0.000000 -0.442289
    outer loop
      vertex -0.602388 1.020000 -0.456732
      vertex -0.596603 1.020000 -0.445000
      vertex -0.596603 -1.020000 -0.445000
    endloop
  endfacet
  facet normal -0.946930 0.000000 0.321439
    outer loop
      vertex -0.602388 -1.020000 -0.456732
      vertex -0.606593 1.020000 -0.469118
      vertex -0.606593 -1.020000 -0.469118
    endloop
  endfacet
  facet normal 0.946930 -0.000000 -0.321439
    outer loop
      vertex -0.606593 -1.020000 -0.469118
      vertex -0.606593 1.020000 -0.469118
      vertex -0.602388 -1.020000 -0.456732
    endloop
  endfacet
  facet normal -0.946930 0.000000 0.321439
    outer loop
      vertex -0.602388 -1.020000 -0.456732
      vertex -0.602388 1.020000 -0.456732
      vertex -0.606593 1.020000 -0.469118
    endloop
  endfacet
  facet normal 0.946930 -0.000000 -0.321439
    outer loop
      vertex -0.606593 1.020000 -0.469118
      vertex -0.602388 1.020000 -0.456732
      vertex -0.602388 -1.020000 -0.456732
    endloop
  endfacet
  facet normal -0.980785 0.000000 0.195090
    outer loop
      vertex -0.606593 -1.020000 -0.469118
      vertex -0.609144 1.020000 -0.481947
      vertex -0.609144 -1.020000 -0.481947
    endloop
  endfacet
  facet normal 0.980785 -0.000000 -0.195090
    outer loop
      vertex -0.609144 -1.020000 -0.481947
      vertex -0.609144 1.020000 -0.481947
      vertex -0.606593 -1.020000 -0.469118
    endloop
  endfacet
  facet normal -0.980785 0.000000 0.195090
    outer loop
      vertex -0.606593 -1.020000 -0.469118
      vertex -0.606593 1.020000 -0.469118
      vertex -0.609144 1.020000 -0.481947
    endloop
  endfacet
  facet normal 0.980785 -0.000000 -0.195090
    outer loop
      vertex -0.609144 1.020000 -0.481947
      vertex -0.606593 1.020000 -0.469118
      vertex -0.606593 -1.020000 -0.469118
    endloop
  endfacet
  facet normal -0.997859 0.000000 0.065403
    outer loop
      vertex -0.609144 -1.020000 -0.481947
      vertex -0.610000 1.020000 -0.495000
      vertex -0.610000 -1.020000 -0.495000
    endloop
  endfacet
  facet normal 0.997859 -0.000000 -0.065403
    outer loop
      vertex -0.610000 -1.020000 -0.495000
      vertex -0.610000 1.020000 -0.495000
      vertex -0.609144 -1.020000 -0.481947
    endloop
  endfacet
  facet normal -0.997859 0.000000 0.065403
    outer loop
      vertex -0.609144 -1.020000 -0.481947
      vertex -0.609144 1.020000 -0.481947
      vertex -0.610000 1.020000 -0.495000
    endloop
  endfacet
  facet normal 0.997859 -0.000000 -0.065403
    outer loop
      vertex -0.610000 1.020000 -0.495000
      vertex -0.609144 1.020000 -0.481947
      vertex -0.609144 -1.020000 -0.481947
    endloop
  endfacet
  facet normal -0.997859 0.000000 -0.065403
    outer loop
      vertex -0.610000 -1.020000 -0.495000
      vertex -0.609144 1.020000 -0.508053
      vertex -0.609144 -1.020000 -0.508053
    endloop
  endfacet
  facet normal 0.997859 -0.000000 0.065403
    outer loop
      vertex -0.609144 -1.020000 -0.508053
      vertex -0.609144 1.020000 -0.508053
      vertex -0.610000 -1.020000 -0.495000
    endloop
  endfacet
  facet normal -0.997859 0.000000 -0.065403
    outer loop
      vertex -0.610000 -1.020000 -0.495000
      vertex -0.610000 1.020000 -0.495000
      vertex -0.609144 1.020000 -0.508053
    endloop
  endfacet
  facet normal 0.997859 -0.000000 0.065403
    outer loop
      vertex -0.609144 1.020000 -0.508053
      vertex -0.610000 1.020000 -0.495000
      vertex -0.610000 -1.020000 -0.495000
    endloop
  endfacet
  facet normal -0.980785 0.000000 -0.195090
    outer loop
      vertex -0.609144 -1.020000 -0.508053
      vertex -0.606593 1.020000 -0.520882
      vertex -0.606593 -1.020000 -0.520882
    endloop
  endfacet
  facet normal 0.980785 -0.000000 0.195090
    outer loop
      vertex -0.606593 -1.020000 -0.520882
      vertex -0.606593 1.020000 -0.520882
      vertex -0.609144 -1.020000 -0.508053
    endloop
  endfacet
  facet normal -0.980785 0.000000 -0.195090
    outer loop
      vertex -0.609144 -1.020000 -0.508053
      vertex -0.609144 1.020000 -0.508053
      vertex -0.606593 1.020000 -0.520882
    endloop
  endfacet
  facet normal 0.980785 -0.000000 0.195090
    outer loop
      vertex -0.606593 1.020000 -0.520882
      vertex -0.609144 1.020000 -0.508053
      vertex -0.609144 -1.020000 -0.508053
    endloop
  endfacet
  facet normal -0.946930 0.000000 -0.321439
    outer loop
      vertex -0.606593 -1.020000 -0.520882
      vertex -0.602388 1.020000 -0.533268
      vertex -0.602388 -1.020000 -0.533268
    endloop
  endfacet
  facet normal 0.946930 -0.000000 0.321439
    outer loop
      vertex -0.602388 -1.020000 -0.533268
      vertex -0.602388 1.020000 -0.533268
      vertex -0.606593 -1.020000 -0.520882
    endloop
  endfacet
  facet normal -0.946930 0.000000 -0.321439
    outer loop
      vertex -0.606593 -1.020000 -0.520882
      vertex -0.606593 1.020000 -0.520882
      vertex -0.602388 1.020000 -0.533268
    endloop
  endfacet
  facet normal 0.946930 -0.000000 0.321439
    outer loop
      vertex -0.602388 1.020000 -0.533268
      vertex -0.606593 1.020000 -0.520882
      vertex -0.606593 -1.020000 -0.520882
    endloop
  endfacet
  facet normal -0.896873 0.000000 -0.442289
    outer loop
      vertex -0.602388 -1.020000 -0.533268
      vertex -0.596603 1.020000 -0.545000
      vertex -0.596603 -1.020000 -0.545000
    endloop
  endfacet
  facet normal 0.896873 -0.000000 0.442289
    outer loop
      vertex -0.596603 -1.020000 -0.545000
      vertex -0.596603 1.020000 -0.545000
      vertex -0.602388 -1.020000 -0.533268
    endloop
  endfacet
  facet normal -0.896873 0.000000 -0.442289
    outer loop
      vertex -0.602388 -1.020000 -0.533268
      vertex -0.602388 1.020000 -0.533268
      vertex -0.596603 1.020000 -0.545000
    endloop
  endfacet
  facet normal 0.896873 -0.000000 0.442289
    outer loop
      vertex -0.596603 1.020000 -0.545000
      vertex -0.602388 1.020000 -0.533268
      vertex -0.602388 -1.020000 -0.533268
    endloop
  endfacet
  facet normal -0.831470 0.000000 -0.555570
    outer loop
      vertex -0.596603 -1.020000 -0.545000
      vertex -0.589335 1.020000 -0.555876
      vertex -0.589335 -1.020000 -0.555876
    endloop
  endfacet
  facet normal 0.831470 -0.000000 0.555570
    outer loop
      vertex -0.589335 -1.020000 -0.555876
      vertex -0.589335 1.020000 -0.555876
      vertex -0.596603 -1.020000 -0.545000
    endloop
  endfacet
  facet normal -0.831470 0.000000 -0.555570
    outer loop
      vertex -0.596603 -1.020000 -0.545000
      vertex -0.596603 1.020000 -0.545000
      vertex -0.589335 1.020000 -0.555876
    endloop
  endfacet
  facet normal 0.831470 -0.000000 0.555570
    outer loop
      vertex -0.589335 1.020000 -0.555876
      vertex -0.596603 1.020000 -0.545000
      vertex -0.596603 -1.020000 -0.545000
    endloop
  endfacet
  facet normal -0.751840 0.000000 -0.659346
    outer loop
      vertex -0.589335 -1.020000 -0.555876
      vertex -0.580711 1.020000 -0.565711
      vertex -0.580711 -1.020000 -0.565711
    endloop
  endfacet
  facet normal 0.751840 -0.000000 0.659346
    outer loop
      vertex -0.580711 -1.020000 -0.565711
      vertex -0.580711 1.020000 -0.565711
      vertex -0.589335 -1.020000 -0.555876
    endloop
  endfacet
  facet normal -0.751840 0.000000 -0.659346
    outer loop
      vertex -0.589335 -1.020000 -0.555876
      vertex -0.589335 1.020000 -0.555876
      vertex -0.580711 1.020000 -0.565711
    endloop
  endfacet
  facet normal 0.751840 -0.000000 0.659346
    outer loop
      vertex -0.580711 1.020000 -0.565711
      vertex -0.589335 1.020000 -0.555876
      vertex -0.589335 -1.020000 -0.555876
    endloop
  endfacet
  facet normal -0.659346 0.000000 -0.751840
    outer loop
      vertex -0.580711 -1.020000 -0.565711
      vertex -0.570876 1.020000 -0.574335
      vertex -0.570876 -1.020000 -0.574335
    endloop
  endfacet
  facet normal 0.659346 -0.000000 0.751840
    outer loop
      vertex -0.570876 -1.020000 -0.574335
      vertex -0.570876 1.020000 -0.574335
      vertex -0.580711 -1.020000 -0.565711
    endloop
  endfacet
  facet normal -0.659346 0.000000 -0.751840
    outer loop
      vertex -0.580711 -1.020000 -0.565711
      vertex -0.580711 1.020000 -0.565711
      vertex -0.570876 1.020000 -0.574335
    endloop
  endfacet
  facet normal 0.659346 -0.000000 0.751840
    outer loop
      vertex -0.570876 1.020000 -0.574335
      vertex -0.580711 1.020000 -0.565711
      vertex -0.580711 -1.020000 -0.565711
    endloop
  endfacet
  facet normal -0.555570 0.000000 -0.831470
    outer loop
      vertex -0.570876 -1.020000 -0.574335
      vertex -0.560000 1.020000 -0.581603
      vertex -0.560000 -1.020000 -0.581603
    endloop
  endfacet
  facet normal 0.555570 -0.000000 0.831470
    outer loop
      vertex -0.560000 -1.020000 -0.581603
      vertex -0.560000 1.020000 -0.581603
      vertex -0.570876 -1.020000 -0.574335
    endloop
  endfacet
  facet normal -0.555570 0.000000 -0.831470
    outer loop
      vertex -0.570876 -1.020000 -0.574335
      vertex -0.570876 1.020000 -0.574335
      vertex -0.560000 1.020000 -0.581603
    endloop
  endfacet
  facet normal 0.555570 -0.000000 0.831470
    outer loop
      vertex -0.560000 1.020000 -0.581603
      vertex -0.570876 1.020000 -0.574335
      vertex -0.570876 -1.020000 -0.574335
    endloop
  endfacet
  facet normal -0.442289 0.000000 -0.896873
    outer loop
      vertex -0.560000 -1.020000 -0.581603
      vertex -0.548268 1.020000 -0.587388
      vertex -0.548268 -1.020000 -0.587388
    endloop
  endfacet
  facet normal 0.442289 -0.000000 0.896873
    outer loop
      vertex -0.548268 -1.020000 -0.587388
      vertex -0.548268 1.020000 -0.587388
      vertex -0.560000 -1.020000 -0.581603
    endloop
  endfacet
  facet normal -0.442289 0.000000 -0.896873
    outer loop
      vertex -0.560000 -1.020000 -0.581603
      vertex -0.560000 1.020000 -0.581603
      vertex -0.548268 1.020000 -0.587388
    endloop
  endfacet
  facet normal 0.442289 -0.000000 0.896873
    outer loop
      vertex -0.548268 1.020000 -0.587388
      vertex -0.560000 1.020000 -0.581603
      vertex -0.560000 -1.020000 -0.581603
    endloop
  endfacet
  facet normal -0.321439 0.000000 -0.946930
    outer loop
      vertex -0.548268 -1.020000 -0.587388
      vertex -0.535882 1.020000 -0.591593
      vertex -0.535882 -1.020000 -0.591593
    endloop
  endfacet
  facet normal 0.321439 -0.000000 0.946930
    outer loop
      vertex -0.535882 -1.020000 -0.591593
      vertex -0.535882 1.020000 -0.591593
      vertex -0.548268 -1.020000 -0.587388
    endloop
  endfacet
  facet normal -0.321439 0.000000 -0.946930
    outer loop
      vertex -0.548268 -1.020000 -0.587388
      vertex -0.548268 1.020000 -0.587388
      vertex -0.535882 1.020000 -0.591593
    endloop
  endfacet
  facet normal 0.321439 -0.000000 0.946930
    outer loop
      vertex -0.535882 1.020000 -0.591593
      vertex -0.548268 1.020000 -0.587388
      vertex -0.548268 -1.020000 -0.587388
    endloop
  endfacet
  facet normal -0.195090 0.000000 -0.980785
    outer loop
      vertex -0.535882 -1.020000 -0.591593
      vertex -0.523053 1.020000 -0.594144
      vertex -0.523053 -1.020000 -0.594144
    endloop
  endfacet
  facet normal 0.195090 -0.000000 0.980785
    outer loop
      vertex -0.523053 -1.020000 -0.594144
      vertex -0.523053 1.020000 -0.594144
      vertex -0.535882 -1.020000 -0.591593
    endloop
  endfacet
  facet normal -0.195090 0.000000 -0.980785
    outer loop
      vertex -0.535882 -1.020000 -0.591593
      vertex -0.535882 1.020000 -0.591593
      vertex -0.523053 1.020000 -0.594144
    endloop
  endfacet
  facet normal 0.195090 -0.000000 0.980785
    outer loop
      vertex -0.523053 1.020000 -0.594144
      vertex -0.535882 1.020000 -0.591593
      vertex -0.535882 -1.020000 -0.591593
    endloop
  endfacet
  facet normal -0.065403 0.000000 -0.997859
    outer loop
      vertex -0.523053 -1.020000 -0.594144
      vertex -0.510000 1.020000 -0.595000
      vertex -0.510000 -1.020000 -0.595000
    endloop
  endfacet
  facet normal 0.065403 -0.000000 0.997859
    outer loop
      vertex -0.510000 -1.020000 -0.595000
      vertex -0.510000 1.020000 -0.595000
      vertex -0.523053 -1.020000 -0.594144
    endloop
  endfacet
  facet normal -0.065403 0.000000 -0.997859
    outer loop
      vertex -0.523053 -1.020000 -0.594144
      vertex -0.523053 1.020000 -0.594144
      vertex -0.510000 1.020000 -0.595000
    endloop
  endfacet
  facet normal 0.065403 -0.000000 0.997859
    outer loop
      vertex -0.510000 1.020000 -0.595000
      vertex -0.523053 1.020000 -0.594144
      vertex -0.523053 -1.020000 -0.594144
    endloop
  endfacet
  facet normal 0.065403 0.000000 -0.997859
    outer loop
      vertex -0.510000 -1.020000 -0.595000
      vertex -0.496947 1.020000 -0.594144
      vertex -0.496947 -1.020000 -0.594144
    endloop
  endfacet
  facet normal -0.065403 -0.000000 0.997859
    outer loop
      vertex -0.496947 -1.020000 -0.594144
      vertex -0.496947 1.020000 -0.594144
      vertex -0.510000 -1.020000 -0.595000
    endloop
  endfacet
  facet normal 0.065403 0.000000 -0.997859
    outer loop
      vertex -0.510000 -1.020000 -0.595000
      vertex -0.510000 1.020000 -0.595000
      vertex -0.496947 1.020000 -0.594144
    endloop
  endfacet
  facet normal -0.065403 -0.000000 0.997859
    outer loop
      vertex -0.496947 1.020000 -0.594144
      vertex -0.510000 1.020000 -0.595000
      vertex -0.510000 -1.020000 -0.595000
    endloop
  endfacet
  facet normal 0.195090 0.000000 -0.980785
    outer loop
      vertex -0.496947 -1.020000 -0.594144
      vertex -0.484118 1.020000 -0.591593
      vertex -0.484118 -1.020000 -0.591593
    endloop
  endfacet
  facet normal -0.195090 -0.000000 0.980785
    outer loop
      vertex -0.484118 -1.020000 -0.591593
      vertex -0.484118 1.020000 -0.591593
      vertex -0.496947 -1.020000 -0.594144
    endloop
  endfacet
  facet normal 0.195090 0.000000 -0.980785
    outer loop
      vertex -0.496947 -1.020000 -0.594144
      vertex -0.496947 1.020000 -0.594144
      vertex -0.484118 1.020000 -0.591593
    endloop
  endfacet
  facet normal -0.195090 -0.000000 0.980785
    outer loop
      vertex -0.484118 1.020000 -0.591593
      vertex -0.496947 1.020000 -0.594144
      vertex -0.496947 -1.020000 -0.594144
    endloop
  endfacet
  facet normal 0.321439 0.000000 -0.946930
    outer loop
      vertex -0.484118 -1.020000 -0.591593
      vertex -0.471732 1.020000 -0.587388
      vertex -0.471732 -1.020000 -0.587388
    endloop
  endfacet
  facet normal -0.321439 -0.000000 0.946930
    outer loop
      vertex -0.471732 -1.020000 -0.587388
      vertex -0.471732 1.020000 -0.587388
      vertex -0.484118 -1.020000 -0.591593
    endloop
  endfacet
  facet normal 0.321439 0.000000 -0.946930
    outer loop
      vertex -0.484118 -1.020000 -0.591593
      vertex -0.484118 1.020000 -0.591593
      vertex -0.471732 1.020000 -0.587388
    endloop
  endfacet
  facet normal -0.321439 -0.000000 0.946930
    outer loop
      vertex -0.471732 1.020000 -0.587388
      vertex -0.484118 1.020000 -0.591593
      vertex -0.484118 -1.020000 -0.591593
    endloop
  endfacet
  facet normal 0.442289 0.000000 -0.896873
    outer loop
      vertex -0.471732 -1.020000 -0.587388
      vertex -0.460000 1.020000 -0.581603
      vertex -0.460000 -1.020000 -0.581603
    endloop
  endfacet
  facet normal -0.442289 -0.000000 0.896873
    outer loop
      vertex -0.460000 -1.020000 -0.581603
      vertex -0.460000 1.020000 -0.581603
      vertex -0.471732 -1.020000 -0.587388
    endloop
  endfacet
  facet normal 0.442289 0.000000 -0.896873
    outer loop
      vertex -0.471732 -1.020000 -0.587388
      vertex -0.471732 1.020000 -0.587388
      vertex -0.460000 1.020000 -0.581603
    endloop
  endfacet
  facet normal -0.442289 -0.000000 0.896873
    outer loop
      vertex -0.460000 1.020000 -0.581603
      vertex -0.471732 1.020000 -0.587388
      vertex -0.471732 -1.020000 -0.587388
    endloop
  endfacet
  facet normal 0.555570 0.000000 -0.831470
    outer loop
      vertex -0.460000 -1.020000 -0.581603
      vertex -0.449124 1.020000 -0.574335
      vertex -0.449124 -1.020000 -0.574335
    endloop
  endfacet
  facet normal -0.555570 -0.000000 0.831470
    outer loop
      vertex -0.449124 -1.020000 -0.574335
      vertex -0.449124 1.020000 -0.574335
      vertex -0.460000 -1.020000 -0.581603
    endloop
  endfacet
  facet normal 0.555570 0.000000 -0.831470
    outer loop
      vertex -0.460000 -1.020000 -0.581603
      vertex -0.460000 1.020000 -0.581603
      vertex -0.449124 1.020000 -0.574335
    endloop
  endfacet
  facet normal -0.555570 -0.000000 0.831470
    outer loop
      vertex -0.449124 1.020000 -0.574335
      vertex -0.460000 1.020000 -0.581603
      vertex -0.460000 -1.020000 -0.581603
    endloop
  endfacet
  facet normal 0.659346 0.000000 -0.751840
    outer loop
      vertex -0.449124 -1.020000 -0.574335
      vertex -0.439289 1.020000 -0.565711
      vertex -0.439289 -1.020000 -0.565711
    endloop
  endfacet
  facet normal -0.659346 -0.000000 0.751840
    outer loop
      vertex -0.439289 -1.020000 -0.565711
      vertex -0.439289 1.020000 -0.565711
      vertex -0.449124 -1.020000 -0.574335
    endloop
  endfacet
  facet normal 0.659346 0.000000 -0.751840
    outer loop
      vertex -0.449124 -1.020000 -0.574335
      vertex -0.449124 1.020000 -0.574335
      vertex -0.439289 1.020000 -0.565711
    endloop
  endfacet
  facet normal -0.659346 -0.000000 0.751840
    outer loop
      vertex -0.439289 1.020000 -0.565711
      vertex -0.449124 1.020000 -0.574335
      vertex -0.449124 -1.020000 -0.574335
    endloop
  endfacet
  facet normal 0.751840 0.000000 -0.659346
    outer loop
      vertex -0.439289 -1.020000 -0.565711
      vertex -0.430665 1.020000 -0.555876
      vertex -0.430665 -1.020000 -0.555876
    endloop
  endfacet
  facet normal -0.751840 -0.000000 0.659346
    outer loop
      vertex -0.430665 -1.020000 -0.555876
      vertex -0.430665 1.020000 -0.555876
      vertex -0.439289 -1.020000 -0.565711
    endloop
  endfacet
  facet normal 0.751840 0.000000 -0.659346
    outer loop
      vertex -0.439289 -1.020000 -0.565711
      vertex -0.439289 1.020000 -0.565711
      vertex -0.430665 1.020000 -0.555876
    endloop
  endfacet
  facet normal -0.751840 -0.000000 0.659346
    outer loop
      vertex -0.430665 1.020000 -0.555876
      vertex -0.439289 1.020000 -0.565711
      vertex -0.439289 -1.020000 -0.565711
    endloop
  endfacet
  facet normal 0.831470 0.000000 -0.555570
    outer loop
      vertex -0.430665 -1.020000 -0.555876
      vertex -0.423397 1.020000 -0.545000
      vertex -0.423397 -1.020000 -0.545000
    endloop
  endfacet
  facet normal -0.831470 -0.000000 0.555570
    outer loop
      vertex -0.423397 -1.020000 -0.545000
      vertex -0.423397 1.020000 -0.545000
      vertex -0.430665 -1.020000 -0.555876
    endloop
  endfacet
  facet normal 0.831470 0.000000 -0.555570
    outer loop
      vertex -0.430665 -1.020000 -0.555876
      vertex -0.430665 1.020000 -0.555876
      vertex -0.423397 1.020000 -0.545000
    endloop
  endfacet
  facet normal -0.831470 -0.000000 0.555570
    outer loop
      vertex -0.423397 1.020000 -0.545000
      vertex -0.430665 1.020000 -0.555876
      vertex -0.430665 -1.020000 -0.555876
    endloop
  endfacet
  facet normal 0.896873 0.000000 -0.442289
    outer loop
      vertex -0.423397 -1.020000 -0.545000
      vertex -0.417612 1.020000 -0.533268
      vertex -0.417612 -1.020000 -0.533268
    endloop
  endfacet
  facet normal -0.896873 -0.000000 0.442289
    outer loop
      vertex -0.417612 -1.020000 -0.533268
      vertex -0.417612 1.020000 -0.533268
      vertex -0.423397 -1.020000 -0.545000
    endloop
  endfacet
  facet normal 0.896873 0.000000 -0.442289
    outer loop
      vertex -0.423397 -1.020000 -0.545000
      vertex -0.423397 1.020000 -0.545000
      vertex -0.417612 1.020000 -0.533268
    endloop
  endfacet
  facet normal -0.896873 -0.000000 0.442289
    outer loop
      vertex -0.417612 1.020000 -0.533268
      vertex -0.423397 1.020000 -0.545000
      vertex -0.423397 -1.020000 -0.545000
    endloop
  endfacet
  facet normal 0.946930 0.000000 -0.321439
    outer loop
      vertex -0.417612 -1.020000 -0.533268
      vertex -0.413407 1.020000 -0.520882
      vertex -0.413407 -1.020000 -0.520882
    endloop
  endfacet
  facet normal -0.946930 -0.000000 0.321439
    outer loop
      vertex -0.413407 -1.020000 -0.520882
      vertex -0.413407 1.020000 -0.520882
      vertex -0.417612 -1.020000 -0.533268
    endloop
  endfacet
  facet normal 0.946930 0.000000 -0.321439
    outer loop
      vertex -0.417612 -1.020000 -0.533268
      vertex -0.417612 1.020000 -0.533268
      vertex -0.413407 1.020000 -0.520882
    endloop
  endfacet
  facet normal -0.946930 -0.000000 0.321439
    outer loop
      vertex -0.413407 1.020000 -0.520882
      vertex -0.417612 1.020000 -0.533268
      vertex -0.417612 -1.020000 -0.533268
    endloop
  endfacet
  facet normal 0.980785 0.000000 -0.195090
    outer loop
      vertex -0.413407 -1.020000 -0.520882
      vertex -0.410856 1.020000 -0.508053
      vertex -0.410856 -1.020000 -0.508053
    endloop
  endfacet
  facet normal -0.980785 -0.000000 0.195090
    outer loop
      vertex -0.410856 -1.020000 -0.508053
      vertex -0.410856 1.020000 -0.508053
      vertex -0.413407 -1.020000 -0.520882
    endloop
  endfacet
  facet normal 0.980785 0.000000 -0.195090
    outer loop
      vertex -0.413407 -1.020000 -0.520882
      vertex -0.413407 1.020000 -0.520882
      vertex -0.410856 1.020000 -0.508053
    endloop
  endfacet
  facet normal -0.980785 -0.000000 0.195090
    outer loop
      vertex -0.410856 1.020000 -0.508053
      vertex -0.413407 1.020000 -0.520882
      vertex -0.413407 -1.020000 -0.520882
    endloop
  endfacet
  facet normal 0.997859 0.000000 -0.065403
    outer loop
      vertex -0.410856 -1.020000 -0.508053
      vertex -0.410000 1.020000 -0.495000
      vertex -0.410000 -1.020000 -0.495000
    endloop
  endfacet
  facet normal -0.997859 -0.000000 0.065403
    outer loop
      vertex -0.410000 -1.020000 -0.495000
      vertex -0.410000 1.020000 -0.495000
      vertex -0.410856 -1.020000 -0.508053
    endloop
  endfacet
  facet normal 0.997859 0.000000 -0.065403
    outer loop
      vertex -0.410856 -1.020000 -0.508053
      vertex -0.410856 1.020000 -0.508053
      vertex -0.410000 1.020000 -0.495000
    endloop
  endfacet
  facet normal -0.997859 -0.000000 0.065403
    outer loop
      vertex -0.410000 1.020000 -0.495000
      vertex -0.410856 1.020000 -0.508053
      vertex -0.410856 -1.020000 -0.508053
    endloop
  endfacet
  facet normal 0.997859 0.000000 0.065403
    outer loop
      vertex -0.410000 -1.020000 -0.495000
      vertex -0.410856 1.020000 -0.481947
      vertex -0.410856 -1.020000 -0.481947
    endloop
  endfacet
  facet normal -0.997859 -0.000000 -0.065403
    outer loop
      vertex -0.410856 -1.020000 -0.481947
      vertex -0.410856 1.020000 -0.481947
      vertex -0.410000 -1.020000 -0.495000
    endloop
  endfacet
  facet normal 0.997859 -0.000000 0.065403
    outer loop
      vertex -0.410000 -1.020000 -0.495000
      vertex -0.410000 1.020000 -0.495000
      vertex -0.410856 1.020000 -0.481947
    endloop
  endfacet
  facet normal -0.997859 0.000000 -0.065403
    outer loop
      vertex -0.410856 1.020000 -0.481947
      vertex -0.410000 1.020000 -0.495000
      vertex -0.410000 -1.020000 -0.495000
    endloop
  endfacet
endsolid mesh
