solid mesh
  facet normal 0.000000 1.000000 0.000000
    outer loop
      vertex -0.147000 -0.530000 0.660000
      vertex 0.126400 -0.530000 0.264000
      vertex -0.188217 -0.530000 -0.164350
    endloop
  endfacet
  facet normal -0.000000 -1.000000 -0.000000
    outer loop
      vertex -0.188217 -0.530000 -0.164350
      vertex 0.126400 -0.530000 0.264000
      vertex -0.147000 -0.530000 0.660000
    endloop
  endfacet
  facet normal 0.000000 -1.000000 -0.000000
    outer loop
      vertex -0.147000 0.530000 0.660000
      vertex -0.188217 0.530000 -0.164350
      vertex 0.126400 0.530000 0.264000
    endloop
  endfacet
  facet normal -0.000000 1.000000 0.000000
    outer loop
      vertex 0.126400 0.530000 0.264000
      vertex -0.188217 0.530000 -0.164350
      vertex -0.147000 0.530000 0.660000
    endloop
  endfacet
  facet normal 0.000000 1.000000 0.000000
    outer loop
      vertex -0.147000 -0.530000 0.660000
      vertex 0.127877 -0.530000 0.282772
      vertex 0.126400 -0.530000 0.264000
    endloop
  endfacet
  facet normal -0.000000 -1.000000 -0.000000
    outer loop
      vertex 0.126400 -0.530000 0.264000
      vertex 0.127877 -0.530000 0.282772
      vertex -0.147000 -0.530000 0.660000
    endloop
  endfacet
  facet normal 0.000000 -1.000000 0.000000
    outer loop
      vertex -0.147000 0.530000 0.660000
      vertex 0.126400 0.530000 0.264000
      vertex 0.127877 0.530000 0.282772
    endloop
  endfacet
  facet normal -0.000000 1.000000 -0.000000
    outer loop
      vertex 0.127877 0.530000 0.282772
      vertex 0.126400 0.530000 0.264000
      vertex -0.147000 0.530000 0.660000
    endloop
  endfacet
  facet normal 0.000000 1.000000 0.000000
    outer loop
      vertex -0.147000 -0.530000 0.660000
      vertex 0.132273 -0.530000 0.301082
      vertex 0.127877 -0.530000 0.282772
    endloop
  endfacet
  facet normal -0.000000 -1.000000 -0.000000
    outer loop
      vertex 0.127877 -0.530000 0.282772
      vertex 0.132273 -0.530000 0.301082
      vertex -0.147000 -0.530000 0.660000
    endloop
  endfacet
  facet normal 0.000000 -1.000000 0.000000
    outer loop
      vertex -0.147000 0.530000 0.660000
      vertex 0.127877 0.530000 0.282772
      vertex 0.132273 0.530000 0.301082
    endloop
  endfacet
  facet normal -0.000000 1.000000 -0.000000
    outer loop
      vertex 0.132273 0.530000 0.301082
      vertex 0.127877 0.530000 0.282772
      vertex -0.147000 0.530000 0.660000
    endloop
  endfacet
  facet normal 0.000000 1.000000 0.000000
    outer loop
      vertex -0.147000 -0.530000 0.660000
      vertex 0.139479 -0.530000 0.318479
      vertex 0.132273 -0.530000 0.301082
    endloop
  endfacet
  facet normal -0.000000 -1.000000 -0.000000
    outer loop
      vertex 0.132273 -0.530000 0.301082
      vertex 0.139479 -0.530000 0.318479
      vertex -0.147000 -0.530000 0.660000
    endloop
  endfacet
  facet normal 0.000000 -1.000000 0.000000
    outer loop
      vertex -0.147000 0.530000 0.660000
      vertex 0.132273 0.530000 0.301082
      vertex 0.139479 0.530000 0.318479
    endloop
  endfacet
  facet normal -0.000000 1.000000 -0.000000
    outer loop
      vertex 0.139479 0.530000 0.318479
      vertex 0.132273 0.530000 0.301082
      vertex -0.147000 0.530000 0.660000
    endloop
  endfacet
  facet normal 0.000000 1.000000 0.000000
    outer loop
      vertex -0.147000 -0.530000 0.660000
      vertex 0.149318 -0.530000 0.334534
      vertex 0.139479 -0.530000 0.318479
    endloop
  endfacet
  facet normal -0.000000 -1.000000 -0.000000
    outer loop
      vertex 0.139479 -0.530000 0.318479
      vertex 0.149318 -0.530000 0.334534
      vertex -0.147000 -0.530000 0.660000
    endloop
  endfacet
  facet normal 0.000000 -1.000000 0.000000
    outer loop
      vertex -0.147000 0.530000 0.660000
      vertex 0.139479 0.530000 0.318479
      vertex 0.149318 0.530000 0.334534
    endloop
  endfacet
  facet normal -0.000000 1.000000 -0.000000
    outer loop
      vertex 0.149318 0.530000 0.334534
      vertex 0.139479 0.530000 0.318479
      vertex -0.147000 0.530000 0.660000
    endloop
  endfacet
  facet normal 0.000000 1.000000 0.000000
    outer loop
      vertex -0.147000 -0.530000 0.660000
      vertex 0.161547 -0.530000 0.348853
      vertex 0.149318 -0.530000 0.334534
    endloop
  endfacet
  facet normal -0.000000 -1.000000 -0.000000
    outer loop
      vertex 0.149318 -0.530000 0.334534
      vertex 0.161547 -0.530000 0.348853
      vertex -0.147000 -0.530000 0.660000
    endloop
  endfacet
  facet normal 0.000000 -1.000000 0.000000
    outer loop
      vertex -0.147000 0.530000 0.660000
      vertex 0.149318 0.530000 0.334534
      vertex 0.161547 0.530000 0.348853
    endloop
  endfacet
  facet normal -0.000000 1.000000 -0.000000
    outer loop
      vertex 0.161547 0.530000 0.348853
      vertex 0.149318 0.530000 0.334534
      vertex -0.147000 0.530000 0.660000
    endloop
  endfacet
  facet normal 0.000000 1.000000 0.000000
    outer loop
      vertex -0.147000 -0.530000 0.660000
      vertex 0.175866 -0.530000 0.361082
      vertex 0.161547 -0.530000 0.348853
    endloop
  endfacet
  facet normal -0.000000 -1.000000 -0.000000
    outer loop
      vertex 0.161547 -0.530000 0.348853
      vertex 0.175866 -0.530000 0.361082
      vertex -0.147000 -0.530000 0.660000
    endloop
  endfacet
  facet normal 0.000000 -1.000000 0.000000
    outer loop
      vertex -0.147000 0.530000 0.660000
      vertex 0.161547 0.530000 0.348853
      vertex 0.175866 0.530000 0.361082
    endloop
  endfacet
  facet normal -0.000000 1.000000 -0.000000
    outer loop
      vertex 0.175866 0.530000 0.361082
      vertex 0.161547 0.530000 0.348853
      vertex -0.147000 0.530000 0.660000
    endloop
  endfacet
  facet normal 0.000000 1.000000 0.000000
    outer loop
      vertex -0.147000 -0.530000 0.660000
      vertex 0.191921 -0.530000 0.370921
      vertex 0.175866 -0.530000 0.361082
    endloop
  endfacet
  facet normal -0.000000 -1.000000 -0.000000
    outer loop
      vertex 0.175866 -0.530000 0.361082
      vertex 0.191921 -0.530000 0.370921
      vertex -0.147000 -0.530000 0.660000
    endloop
  endfacet
  facet normal 0.000000 -1.000000 0.000000
    outer loop
      vertex -0.147000 0.530000 0.660000
      vertex 0.175866 0.530000 0.361082
      vertex 0.191921 0.530000 0.370921
    endloop
  endfacet
  facet normal -0.000000 1.000000 -0.000000
    outer loop
      vertex 0.191921 0.530000 0.370921
      vertex 0.175866 0.530000 0.361082
      vertex -0.147000 0.530000 0.660000
    endloop
  endfacet
  facet normal 0.000000 1.000000 0.000000
    outer loop
      vertex -0.147000 -0.530000 0.660000
      vertex 0.209318 -0.530000 0.378127
      vertex 0.191921 -0.530000 0.370921
    endloop
  endfacet
  facet normal -0.000000 -1.000000 -0.000000
    outer loop
      vertex 0.191921 -0.530000 0.370921
      vertex 0.209318 -0.530000 0.378127
      vertex -0.147000 -0.530000 0.660000
    endloop
  endfacet
  facet normal 0.000000 -1.000000 0.000000
    outer loop
      vertex -0.147000 0.530000 0.660000
      vertex 0.191921 0.530000 0.370921
      vertex 0.209318 0.530000 0.378127
    endloop
  endfacet
  facet normal -0.000000 1.000000 -0.000000
    outer loop
      vertex 0.209318 0.530000 0.378127
      vertex 0.191921 0.530000 0.370921
      vertex -0.147000 0.530000 0.660000
    endloop
  endfacet
  facet normal -0.000000 1.000000 0.000000
    outer loop
      vertex -0.147000 -0.530000 0.660000
      vertex 0.364419 -0.530000 0.660000
      vertex 0.209318 -0.530000 0.378127
    endloop
  endfacet
  facet normal 0.000000 -1.000000 -0.000000
    outer loop
      vertex 0.209318 -0.530000 0.378127
      vertex 0.364419 -0.530000 0.660000
      vertex -0.147000 -0.530000 0.660000
    endloop
  endfacet
  facet normal 0.000000 -1.000000 0.000000
    outer loop
      vertex -0.147000 0.530000 0.660000
      vertex 0.209318 0.530000 0.378127
      vertex 0.364419 0.530000 0.660000
    endloop
  endfacet
  facet normal -0.000000 1.000000 -0.000000
    outer loop
      vertex 0.364419 0.530000 0.660000
      vertex 0.209318 0.530000 0.378127
      vertex -0.147000 0.530000 0.660000
    endloop
  endfacet
  facet normal 0.000000 1.000000 0.000000
    outer loop
      vertex 0.364419 -0.530000 0.660000
      vertex 0.227628 -0.530000 0.382523
      vertex 0.209318 -0.530000 0.378127
    endloop
  endfacet
  facet normal -0.000000 -1.000000 -0.000000
    outer loop
      vertex 0.209318 -0.530000 0.378127
      vertex 0.227628 -0.530000 0.382523
      vertex 0.364419 -0.530000 0.660000
    endloop
  endfacet
  facet normal 0.000000 -1.000000 0.000000
    outer loop
      vertex 0.364419 0.530000 0.660000
      vertex 0.209318 0.530000 0.378127
      vertex 0.227628 0.530000 0.382523
    endloop
  endfacet
  facet normal -0.000000 1.000000 -0.000000
    outer loop
      vertex 0.227628 0.530000 0.382523
      vertex 0.209318 0.530000 0.378127
      vertex 0.364419 0.530000 0.660000
    endloop
  endfacet
  facet normal 0.000000 1.000000 0.000000
    outer loop
      vertex 0.364419 -0.530000 0.660000
      vertex 0.246400 -0.530000 0.384000
      vertex 0.227628 -0.530000 0.382523
    endloop
  endfacet
  facet normal -0.000000 -1.000000 -0.000000
    outer loop
      vertex 0.227628 -0.530000 0.382523
      vertex 0.246400 -0.530000 0.384000
      vertex 0.364419 -0.530000 0.660000
    endloop
  endfacet
  facet normal 0.000000 -1.000000 0.000000
    outer loop
      vertex 0.364419 0.530000 0.660000
      vertex 0.227628 0.530000 0.382523
      vertex 0.246400 0.530000 0.384000
    endloop
  endfacet
  facet normal -0.000000 1.000000 -0.000000
    outer loop
      vertex 0.246400 0.530000 0.384000
      vertex 0.227628 0.530000 0.382523
      vertex 0.364419 0.530000 0.660000
    endloop
  endfacet
  facet normal 0.000000 1.000000 0.000000
    outer loop
      vertex 0.364419 -0.530000 0.660000
      vertex 0.265172 -0.530000 0.382523
      vertex 0.246400 -0.530000 0.384000
    endloop
  endfacet
  facet normal -0.000000 -1.000000 -0.000000
    outer loop
      vertex 0.246400 -0.530000 0.384000
      vertex 0.265172 -0.530000 0.382523
      vertex 0.364419 -0.530000 0.660000
    endloop
  endfacet
  facet normal 0.000000 -1.000000 0.000000
    outer loop
      vertex 0.364419 0.530000 0.660000
      vertex 0.246400 0.530000 0.384000
      vertex 0.265172 0.530000 0.382523
    endloop
  endfacet
  facet normal -0.000000 1.000000 -0.000000
    outer loop
      vertex 0.265172 0.530000 0.382523
      vertex 0.246400 0.530000 0.384000
      vertex 0.364419 0.530000 0.660000
    endloop
  endfacet
  facet normal 0.000000 1.000000 0.000000
    outer loop
      vertex 0.364419 -0.530000 0.660000
      vertex 0.283482 -0.530000 0.378127
      vertex 0.265172 -0.530000 0.382523
    endloop
  endfacet
  facet normal -0.000000 -1.000000 -0.000000
    outer loop
      vertex 0.265172 -0.530000 0.382523
      vertex 0.283482 -0.530000 0.378127
      vertex 0.364419 -0.530000 0.660000
    endloop
  endfacet
  facet normal 0.000000 -1.000000 0.000000
    outer loop
      vertex 0.364419 0.530000 0.660000
      vertex 0.265172 0.530000 0.382523
      vertex 0.283482 0.530000 0.378127
    endloop
  endfacet
  facet normal -0.000000 1.000000 -0.000000
    outer loop
      vertex 0.283482 0.530000 0.378127
      vertex 0.265172 0.530000 0.382523
      vertex 0.364419 0.530000 0.660000
    endloop
  endfacet
  facet normal 0.000000 1.000000 0.000000
    outer loop
      vertex 0.364419 -0.530000 0.660000
      vertex 0.300879 -0.530000 0.370921
      vertex 0.283482 -0.530000 0.378127
    endloop
  endfacet
  facet normal -0.000000 -1.000000 -0.000000
    outer loop
      vertex 0.283482 -0.530000 0.378127
      vertex 0.300879 -0.530000 0.370921
      vertex 0.364419 -0.530000 0.660000
    endloop
  endfacet
  facet normal 0.000000 -1.000000 0.000000
    outer loop
      vertex 0.364419 0.530000 0.660000
      vertex 0.283482 0.530000 0.378127
      vertex 0.300879 0.530000 0.370921
    endloop
  endfacet
  facet normal -0.000000 1.000000 -0.000000
    outer loop
      vertex 0.300879 0.530000 0.370921
      vertex 0.283482 0.530000 0.378127
      vertex 0.364419 0.530000 0.660000
    endloop
  endfacet
  facet normal 0.000000 1.000000 0.000000
    outer loop
      vertex 0.364419 -0.530000 0.660000
      vertex 0.366381 -0.530000 0.659952
      vertex 0.300879 -0.530000 0.370921
    endloop
  endfacet
  facet normal -0.000000 -1.000000 -0.000000
    outer loop
      vertex 0.300879 -0.530000 0.370921
      vertex 0.366381 -0.530000 0.659952
      vertex 0.364419 -0.530000 0.660000
    endloop
  endfacet
  facet normal 0.000000 -1.000000 -0.000000
    outer loop
      vertex 0.364419 0.530000 0.660000
      vertex 0.300879 0.530000 0.370921
      vertex 0.366381 0.530000 0.659952
    endloop
  endfacet
  facet normal -0.000000 1.000000 0.000000
    outer loop
      vertex 0.366381 0.530000 0.659952
      vertex 0.300879 0.530000 0.370921
      vertex 0.364419 0.530000 0.660000
    endloop
  endfacet
  facet normal 0.000000 1.000000 0.000000
    outer loop
      vertex 0.366381 -0.530000 0.659952
      vertex 0.387468 -0.530000 0.658916
      vertex 0.300879 -0.530000 0.370921
    endloop
  endfacet
  facet normal -0.000000 -1.000000 -0.000000
    outer loop
      vertex 0.300879 -0.530000 0.370921
      vertex 0.387468 -0.530000 0.658916
      vertex 0.366381 -0.530000 0.659952
    endloop
  endfacet
  facet normal 0.000000 -1.000000 -0.000000
    outer loop
      vertex 0.366381 0.530000 0.659952
      vertex 0.300879 0.530000 0.370921
      vertex 0.387468 0.530000 0.658916
    endloop
  endfacet
  facet normal -0.000000 1.000000 0.000000
    outer loop
      vertex 0.387468 0.530000 0.658916
      vertex 0.300879 0.530000 0.370921
      vertex 0.366381 0.530000 0.659952
    endloop
  endfacet
  facet normal 0.000000 1.000000 0.000000
    outer loop
      vertex 0.387468 -0.530000 0.658916
      vertex 0.391375 -0.530000 0.658531
      vertex 0.300879 -0.530000 0.370921
    endloop
  endfacet
  facet normal -0.000000 -1.000000 -0.000000
    outer loop
      vertex 0.300879 -0.530000 0.370921
      vertex 0.391375 -0.530000 0.658531
      vertex 0.387468 -0.530000 0.658916
    endloop
  endfacet
  facet normal 0.000000 -1.000000 -0.000000
    outer loop
      vertex 0.387468 0.530000 0.658916
      vertex 0.300879 0.530000 0.370921
      vertex 0.391375 0.530000 0.658531
    endloop
  endfacet
  facet normal -0.000000 1.000000 0.000000
    outer loop
      vertex 0.391375 0.530000 0.658531
      vertex 0.300879 0.530000 0.370921
      vertex 0.387468 0.530000 0.658916
    endloop
  endfacet
  facet normal 0.000000 1.000000 0.000000
    outer loop
      vertex 0.391375 -0.530000 0.658531
      vertex 0.406099 -0.530000 0.656347
      vertex 0.300879 -0.530000 0.370921
    endloop
  endfacet
  facet normal -0.000000 -1.000000 -0.000000
    outer loop
      vertex 0.300879 -0.530000 0.370921
      vertex 0.406099 -0.530000 0.656347
      vertex 0.391375 -0.530000 0.658531
    endloop
  endfacet
  facet normal 0.000000 -1.000000 -0.000000
    outer loop
      vertex 0.391375 0.530000 0.658531
      vertex 0.300879 0.530000 0.370921
      vertex 0.406099 0.530000 0.656347
    endloop
  endfacet
  facet normal -0.000000 1.000000 0.000000
    outer loop
      vertex 0.406099 0.530000 0.656347
      vertex 0.300879 0.530000 0.370921
      vertex 0.391375 0.530000 0.658531
    endloop
  endfacet
  facet normal 0.000000 1.000000 0.000000
    outer loop
      vertex 0.406099 -0.530000 0.656347
      vertex 0.316934 -0.530000 0.361082
      vertex 0.300879 -0.530000 0.370921
    endloop
  endfacet
  facet normal -0.000000 -1.000000 -0.000000
    outer loop
      vertex 0.300879 -0.530000 0.370921
      vertex 0.316934 -0.530000 0.361082
      vertex 0.406099 -0.530000 0.656347
    endloop
  endfacet
  facet normal 0.000000 -1.000000 0.000000
    outer loop
      vertex 0.406099 0.530000 0.656347
      vertex 0.300879 0.530000 0.370921
      vertex 0.316934 0.530000 0.361082
    endloop
  endfacet
  facet normal -0.000000 1.000000 -0.000000
    outer loop
      vertex 0.316934 0.530000 0.361082
      vertex 0.300879 0.530000 0.370921
      vertex 0.406099 0.530000 0.656347
    endloop
  endfacet
  facet normal 0.000000 1.000000 0.000000
    outer loop
      vertex 0.406099 -0.530000 0.656347
      vertex 0.331253 -0.530000 0.348853
      vertex 0.316934 -0.530000 0.361082
    endloop
  endfacet
  facet normal -0.000000 -1.000000 -0.000000
    outer loop
      vertex 0.316934 -0.530000 0.361082
      vertex 0.331253 -0.530000 0.348853
      vertex 0.406099 -0.530000 0.656347
    endloop
  endfacet
  facet normal 0.000000 -1.000000 0.000000
    outer loop
      vertex 0.406099 0.530000 0.656347
      vertex 0.316934 0.530000 0.361082
      vertex 0.331253 0.530000 0.348853
    endloop
  endfacet
  facet normal -0.000000 1.000000 -0.000000
    outer loop
      vertex 0.331253 0.530000 0.348853
      vertex 0.316934 0.530000 0.361082
      vertex 0.406099 0.530000 0.656347
    endloop
  endfacet
  facet normal 0.000000 1.000000 0.000000
    outer loop
      vertex 0.406099 -0.530000 0.656347
      vertex 0.343482 -0.530000 0.334534
      vertex 0.331253 -0.530000 0.348853
    endloop
  endfacet
  facet normal -0.000000 -1.000000 -0.000000
    outer loop
      vertex 0.331253 -0.530000 0.348853
      vertex 0.343482 -0.530000 0.334534
      vertex 0.406099 -0.530000 0.656347
    endloop
  endfacet
  facet normal 0.000000 -1.000000 0.000000
    outer loop
      vertex 0.406099 0.530000 0.656347
      vertex 0.331253 0.530000 0.348853
      vertex 0.343482 0.530000 0.334534
    endloop
  endfacet
  facet normal -0.000000 1.000000 -0.000000
    outer loop
      vertex 0.343482 0.530000 0.334534
      vertex 0.331253 0.530000 0.348853
      vertex 0.406099 0.530000 0.656347
    endloop
  endfacet
  facet normal 0.000000 1.000000 0.000000
    outer loop
      vertex 0.406099 -0.530000 0.656347
      vertex 0.353321 -0.530000 0.318479
      vertex 0.343482 -0.530000 0.334534
    endloop
  endfacet
  facet normal -0.000000 -1.000000 -0.000000
    outer loop
      vertex 0.343482 -0.530000 0.334534
      vertex 0.353321 -0.530000 0.318479
      vertex 0.406099 -0.530000 0.656347
    endloop
  endfacet
  facet normal 0.000000 -1.000000 0.000000
    outer loop
      vertex 0.406099 0.530000 0.656347
      vertex 0.343482 0.530000 0.334534
      vertex 0.353321 0.530000 0.318479
    endloop
  endfacet
  facet normal -0.000000 1.000000 -0.000000
    outer loop
      vertex 0.353321 0.530000 0.318479
      vertex 0.343482 0.530000 0.334534
      vertex 0.406099 0.530000 0.656347
    endloop
  endfacet
  facet normal 0.000000 1.000000 0.000000
    outer loop
      vertex 0.406099 -0.530000 0.656347
      vertex 0.360527 -0.530000 0.301082
      vertex 0.353321 -0.530000 0.318479
    endloop
  endfacet
  facet normal -0.000000 -1.000000 -0.000000
    outer loop
      vertex 0.353321 -0.530000 0.318479
      vertex 0.360527 -0.530000 0.301082
      vertex 0.406099 -0.530000 0.656347
    endloop
  endfacet
  facet normal 0.000000 -1.000000 0.000000
    outer loop
      vertex 0.406099 0.530000 0.656347
      vertex 0.353321 0.530000 0.318479
      vertex 0.360527 0.530000 0.301082
    endloop
  endfacet
  facet normal -0.000000 1.000000 -0.000000
    outer loop
      vertex 0.360527 0.530000 0.301082
      vertex 0.353321 0.530000 0.318479
      vertex 0.406099 0.530000 0.656347
    endloop
  endfacet
  facet normal 0.000000 1.000000 0.000000
    outer loop
      vertex 0.406099 -0.530000 0.656347
      vertex 0.364923 -0.530000 0.282772
      vertex 0.360527 -0.530000 0.301082
    endloop
  endfacet
  facet normal -0.000000 -1.000000 -0.000000
    outer loop
      vertex 0.360527 -0.530000 0.301082
      vertex 0.364923 -0.530000 0.282772
      vertex 0.406099 -0.530000 0.656347
    endloop
  endfacet
  facet normal 0.000000 -1.000000 0.000000
    outer loop
      vertex 0.406099 0.530000 0.656347
      vertex 0.360527 0.530000 0.301082
      vertex 0.364923 0.530000 0.282772
    endloop
  endfacet
  facet normal -0.000000 1.000000 -0.000000
    outer loop
      vertex 0.364923 0.530000 0.282772
      vertex 0.360527 0.530000 0.301082
      vertex 0.406099 0.530000 0.656347
    endloop
  endfacet
  facet normal 0.000000 1.000000 0.000000
    outer loop
      vertex 0.406099 -0.530000 0.656347
      vertex 0.366400 -0.530000 0.264000
      vertex 0.364923 -0.530000 0.282772
    endloop
  endfacet
  facet normal -0.000000 -1.000000 -0.000000
    outer loop
      vertex 0.364923 -0.530000 0.282772
      vertex 0.366400 -0.530000 0.264000
      vertex 0.406099 -0.530000 0.656347
    endloop
  endfacet
  facet normal 0.000000 -1.000000 0.000000
    outer loop
      vertex 0.406099 0.530000 0.656347
      vertex 0.364923 0.530000 0.282772
      vertex 0.366400 0.530000 0.264000
    endloop
  endfacet
  facet normal -0.000000 1.000000 -0.000000
    outer loop
      vertex 0.366400 0.530000 0.264000
      vertex 0.364923 0.530000 0.282772
      vertex 0.406099 0.530000 0.656347
    endloop
  endfacet
  facet normal 0.000000 1.000000 0.000000
    outer loop
      vertex 0.406099 -0.530000 0.656347
      vertex 0.364923 -0.530000 0.245228
      vertex 0.366400 -0.530000 0.264000
    endloop
  endfacet
  facet normal -0.000000 -1.000000 -0.000000
    outer loop
      vertex 0.366400 -0.530000 0.264000
      vertex 0.364923 -0.530000 0.245228
      vertex 0.406099 -0.530000 0.656347
    endloop
  endfacet
  facet normal 0.000000 -1.000000 0.000000
    outer loop
      vertex 0.406099 0.530000 0.656347
      vertex 0.366400 0.530000 0.264000
      vertex 0.364923 0.530000 0.245228
    endloop
  endfacet
  facet normal -0.000000 1.000000 -0.000000
    outer loop
      vertex 0.364923 0.530000 0.245228
      vertex 0.366400 0.530000 0.264000
      vertex 0.406099 0.530000 0.656347
    endloop
  endfacet
  facet normal 0.000000 1.000000 0.000000
    outer loop
      vertex 0.406099 -0.530000 0.656347
      vertex 0.333700 -0.530000 -0.660000
      vertex 0.364923 -0.530000 0.245228
    endloop
  endfacet
  facet normal -0.000000 -1.000000 -0.000000
    outer loop
      vertex 0.364923 -0.530000 0.245228
      vertex 0.333700 -0.530000 -0.660000
      vertex 0.406099 -0.530000 0.656347
    endloop
  endfacet
  facet normal 0.000000 -1.000000 0.000000
    outer loop
      vertex 0.406099 0.530000 0.656347
      vertex 0.364923 0.530000 0.245228
      vertex 0.333700 0.530000 -0.660000
    endloop
  endfacet
  facet normal -0.000000 1.000000 -0.000000
    outer loop
      vertex 0.333700 0.530000 -0.660000
      vertex 0.364923 0.530000 0.245228
      vertex 0.406099 0.530000 0.656347
    endloop
  endfacet
  facet normal 0.000000 1.000000 0.000000
    outer loop
      vertex 0.333700 -0.530000 -0.660000
      vertex 0.360527 -0.530000 0.226918
      vertex 0.364923 -0.530000 0.245228
    endloop
  endfacet
  facet normal -0.000000 -1.000000 -0.000000
    outer loop
      vertex 0.364923 -0.530000 0.245228
      vertex 0.360527 -0.530000 0.226918
      vertex 0.333700 -0.530000 -0.660000
    endloop
  endfacet
  facet normal 0.000000 -1.000000 0.000000
    outer loop
      vertex 0.333700 0.530000 -0.660000
      vertex 0.364923 0.530000 0.245228
      vertex 0.360527 0.530000 0.226918
    endloop
  endfacet
  facet normal -0.000000 1.000000 -0.000000
    outer loop
      vertex 0.360527 0.530000 0.226918
      vertex 0.364923 0.530000 0.245228
      vertex 0.333700 0.530000 -0.660000
    endloop
  endfacet
  facet normal 0.000000 1.000000 0.000000
    outer loop
      vertex 0.333700 -0.530000 -0.660000
      vertex 0.353321 -0.530000 0.209521
      vertex 0.360527 -0.530000 0.226918
    endloop
  endfacet
  facet normal -0.000000 -1.000000 -0.000000
    outer loop
      vertex 0.360527 -0.530000 0.226918
      vertex 0.353321 -0.530000 0.209521
      vertex 0.333700 -0.530000 -0.660000
    endloop
  endfacet
  facet normal 0.000000 -1.000000 0.000000
    outer loop
      vertex 0.333700 0.530000 -0.660000
      vertex 0.360527 0.530000 0.226918
      vertex 0.353321 0.530000 0.209521
    endloop
  endfacet
  facet normal -0.000000 1.000000 -0.000000
    outer loop
      vertex 0.353321 0.530000 0.209521
      vertex 0.360527 0.530000 0.226918
      vertex 0.333700 0.530000 -0.660000
    endloop
  endfacet
  facet normal 0.000000 1.000000 0.000000
    outer loop
      vertex 0.333700 -0.530000 -0.660000
      vertex 0.343482 -0.530000 0.193466
      vertex 0.353321 -0.530000 0.209521
    endloop
  endfacet
  facet normal -0.000000 -1.000000 -0.000000
    outer loop
      vertex 0.353321 -0.530000 0.209521
      vertex 0.343482 -0.530000 0.193466
      vertex 0.333700 -0.530000 -0.660000
    endloop
  endfacet
  facet normal 0.000000 -1.000000 0.000000
    outer loop
      vertex 0.333700 0.530000 -0.660000
      vertex 0.353321 0.530000 0.209521
      vertex 0.343482 0.530000 0.193466
    endloop
  endfacet
  facet normal -0.000000 1.000000 -0.000000
    outer loop
      vertex 0.343482 0.530000 0.193466
      vertex 0.353321 0.530000 0.209521
      vertex 0.333700 0.530000 -0.660000
    endloop
  endfacet
  facet normal 0.000000 1.000000 -0.000000
    outer loop
      vertex 0.333700 -0.530000 -0.660000
      vertex 0.331253 -0.530000 0.179147
      vertex 0.343482 -0.530000 0.193466
    endloop
  endfacet
  facet normal -0.000000 -1.000000 0.000000
    outer loop
      vertex 0.343482 -0.530000 0.193466
      vertex 0.331253 -0.530000 0.179147
      vertex 0.333700 -0.530000 -0.660000
    endloop
  endfacet
  facet normal 0.000000 -1.000000 0.000000
    outer loop
      vertex 0.333700 0.530000 -0.660000
      vertex 0.343482 0.530000 0.193466
      vertex 0.331253 0.530000 0.179147
    endloop
  endfacet
  facet normal -0.000000 1.000000 -0.000000
    outer loop
      vertex 0.331253 0.530000 0.179147
      vertex 0.343482 0.530000 0.193466
      vertex 0.333700 0.530000 -0.660000
    endloop
  endfacet
  facet normal 0.000000 1.000000 0.000000
    outer loop
      vertex 0.333700 -0.530000 -0.660000
      vertex 0.316934 -0.530000 0.166918
      vertex 0.331253 -0.530000 0.179147
    endloop
  endfacet
  facet normal -0.000000 -1.000000 -0.000000
    outer loop
      vertex 0.331253 -0.530000 0.179147
      vertex 0.316934 -0.530000 0.166918
      vertex 0.333700 -0.530000 -0.660000
    endloop
  endfacet
  facet normal 0.000000 -1.000000 0.000000
    outer loop
      vertex 0.333700 0.530000 -0.660000
      vertex 0.331253 0.530000 0.179147
      vertex 0.316934 0.530000 0.166918
    endloop
  endfacet
  facet normal -0.000000 1.000000 -0.000000
    outer loop
      vertex 0.316934 0.530000 0.166918
      vertex 0.331253 0.530000 0.179147
      vertex 0.333700 0.530000 -0.660000
    endloop
  endfacet
  facet normal 0.000000 1.000000 0.000000
    outer loop
      vertex 0.333700 -0.530000 -0.660000
      vertex 0.158400 -0.530000 -0.422400
      vertex 0.316934 -0.530000 0.166918
    endloop
  endfacet
  facet normal -0.000000 -1.000000 -0.000000
    outer loop
      vertex 0.316934 -0.530000 0.166918
      vertex 0.158400 -0.530000 -0.422400
      vertex 0.333700 -0.530000 -0.660000
    endloop
  endfacet
  facet normal 0.000000 -1.000000 0.000000
    outer loop
      vertex 0.333700 0.530000 -0.660000
      vertex 0.316934 0.530000 0.166918
      vertex 0.158400 0.530000 -0.422400
    endloop
  endfacet
  facet normal -0.000000 1.000000 -0.000000
    outer loop
      vertex 0.158400 0.530000 -0.422400
      vertex 0.316934 0.530000 0.166918
      vertex 0.333700 0.530000 -0.660000
    endloop
  endfacet
  facet normal 0.000000 1.000000 0.000000
    outer loop
      vertex 0.333700 -0.530000 -0.660000
      vertex -0.088000 -0.530000 -0.484000
      vertex 0.158400 -0.530000 -0.422400
    endloop
  endfacet
  facet normal -0.000000 -1.000000 -0.000000
    outer loop
      vertex 0.158400 -0.530000 -0.422400
      vertex -0.088000 -0.530000 -0.484000
      vertex 0.333700 -0.530000 -0.660000
    endloop
  endfacet
  facet normal 0.000000 -1.000000 0.000000
    outer loop
      vertex 0.333700 0.530000 -0.660000
      vertex 0.158400 0.530000 -0.422400
      vertex -0.088000 0.530000 -0.484000
    endloop
  endfacet
  facet normal -0.000000 1.000000 -0.000000
    outer loop
      vertex -0.088000 0.530000 -0.484000
      vertex 0.158400 0.530000 -0.422400
      vertex 0.333700 0.530000 -0.660000
    endloop
  endfacet
  facet normal 0.000000 1.000000 0.000000
    outer loop
      vertex 0.333700 -0.530000 -0.660000
      vertex -0.213000 -0.530000 -0.660000
      vertex -0.088000 -0.530000 -0.484000
    endloop
  endfacet
  facet normal -0.000000 -1.000000 -0.000000
    outer loop
      vertex -0.088000 -0.530000 -0.484000
      vertex -0.213000 -0.530000 -0.660000
      vertex 0.333700 -0.530000 -0.660000
    endloop
  endfacet
  facet normal 0.000000 -1.000000 0.000000
    outer loop
      vertex 0.333700 0.530000 -0.660000
      vertex -0.088000 0.530000 -0.484000
      vertex -0.213000 0.530000 -0.660000
    endloop
  endfacet
  facet normal -0.000000 1.000000 -0.000000
    outer loop
      vertex -0.213000 0.530000 -0.660000
      vertex -0.088000 0.530000 -0.484000
      vertex 0.333700 0.530000 -0.660000
    endloop
  endfacet
  facet normal 0.000000 1.000000 0.000000
    outer loop
      vertex -0.213000 -0.530000 -0.660000
      vertex -0.200313 -0.530000 -0.406262
      vertex -0.088000 -0.530000 -0.484000
    endloop
  endfacet
  facet normal -0.000000 -1.000000 -0.000000
    outer loop
      vertex -0.088000 -0.530000 -0.484000
      vertex -0.200313 -0.530000 -0.406262
      vertex -0.213000 -0.530000 -0.660000
    endloop
  endfacet
  facet normal 0.000000 -1.000000 0.000000
    outer loop
      vertex -0.213000 0.530000 -0.660000
      vertex -0.088000 0.530000 -0.484000
      vertex -0.200313 0.530000 -0.406262
    endloop
  endfacet
  facet normal -0.000000 1.000000 -0.000000
    outer loop
      vertex -0.200313 0.530000 -0.406262
      vertex -0.088000 0.530000 -0.484000
      vertex -0.213000 0.530000 -0.660000
    endloop
  endfacet
  facet normal -0.000000 1.000000 0.000000
    outer loop
      vertex -0.188217 -0.530000 -0.164350
      vertex 0.149318 -0.530000 0.193466
      vertex -0.181710 -0.530000 -0.168338
    endloop
  endfacet
  facet normal 0.000000 -1.000000 -0.000000
    outer loop
      vertex -0.181710 -0.530000 -0.168338
      vertex 0.149318 -0.530000 0.193466
      vertex -0.188217 -0.530000 -0.164350
    endloop
  endfacet
  facet normal 0.000000 -1.000000 0.000000
    outer loop
      vertex -0.188217 0.530000 -0.164350
      vertex -0.181710 0.530000 -0.168338
      vertex 0.149318 0.530000 0.193466
    endloop
  endfacet
  facet normal -0.000000 1.000000 -0.000000
    outer loop
      vertex 0.149318 0.530000 0.193466
      vertex -0.181710 0.530000 -0.168338
      vertex -0.188217 0.530000 -0.164350
    endloop
  endfacet
  facet normal 0.000000 1.000000 0.000000
    outer loop
      vertex -0.188217 -0.530000 -0.164350
      vertex 0.139479 -0.530000 0.209521
      vertex 0.149318 -0.530000 0.193466
    endloop
  endfacet
  facet normal -0.000000 -1.000000 -0.000000
    outer loop
      vertex 0.149318 -0.530000 0.193466
      vertex 0.139479 -0.530000 0.209521
      vertex -0.188217 -0.530000 -0.164350
    endloop
  endfacet
  facet normal 0.000000 -1.000000 0.000000
    outer loop
      vertex -0.188217 0.530000 -0.164350
      vertex 0.149318 0.530000 0.193466
      vertex 0.139479 0.530000 0.209521
    endloop
  endfacet
  facet normal -0.000000 1.000000 -0.000000
    outer loop
      vertex 0.139479 0.530000 0.209521
      vertex 0.149318 0.530000 0.193466
      vertex -0.188217 0.530000 -0.164350
    endloop
  endfacet
  facet normal 0.000000 1.000000 0.000000
    outer loop
      vertex -0.188217 -0.530000 -0.164350
      vertex 0.132273 -0.530000 0.226918
      vertex 0.139479 -0.530000 0.209521
    endloop
  endfacet
  facet normal -0.000000 -1.000000 -0.000000
    outer loop
      vertex 0.139479 -0.530000 0.209521
      vertex 0.132273 -0.530000 0.226918
      vertex -0.188217 -0.530000 -0.164350
    endloop
  endfacet
  facet normal 0.000000 -1.000000 0.000000
    outer loop
      vertex -0.188217 0.530000 -0.164350
      vertex 0.139479 0.530000 0.209521
      vertex 0.132273 0.530000 0.226918
    endloop
  endfacet
  facet normal -0.000000 1.000000 -0.000000
    outer loop
      vertex 0.132273 0.530000 0.226918
      vertex 0.139479 0.530000 0.209521
      vertex -0.188217 0.530000 -0.164350
    endloop
  endfacet
  facet normal 0.000000 1.000000 0.000000
    outer loop
      vertex -0.188217 -0.530000 -0.164350
      vertex 0.127877 -0.530000 0.245228
      vertex 0.132273 -0.530000 0.226918
    endloop
  endfacet
  facet normal -0.000000 -1.000000 -0.000000
    outer loop
      vertex 0.132273 -0.530000 0.226918
      vertex 0.127877 -0.530000 0.245228
      vertex -0.188217 -0.530000 -0.164350
    endloop
  endfacet
  facet normal 0.000000 -1.000000 0.000000
    outer loop
      vertex -0.188217 0.530000 -0.164350
      vertex 0.132273 0.530000 0.226918
      vertex 0.127877 0.530000 0.245228
    endloop
  endfacet
  facet normal -0.000000 1.000000 -0.000000
    outer loop
      vertex 0.127877 0.530000 0.245228
      vertex 0.132273 0.530000 0.226918
      vertex -0.188217 0.530000 -0.164350
    endloop
  endfacet
  facet normal 0.000000 1.000000 0.000000
    outer loop
      vertex -0.188217 -0.530000 -0.164350
      vertex 0.126400 -0.530000 0.264000
      vertex 0.127877 -0.530000 0.245228
    endloop
  endfacet
  facet normal -0.000000 -1.000000 -0.000000
    outer loop
      vertex 0.127877 -0.530000 0.245228
      vertex 0.126400 -0.530000 0.264000
      vertex -0.188217 -0.530000 -0.164350
    endloop
  endfacet
  facet normal 0.000000 -1.000000 0.000000
    outer loop
      vertex -0.188217 0.530000 -0.164350
      vertex 0.127877 0.530000 0.245228
      vertex 0.126400 0.530000 0.264000
    endloop
  endfacet
  facet normal -0.000000 1.000000 -0.000000
    outer loop
      vertex 0.126400 0.530000 0.264000
      vertex 0.127877 0.530000 0.245228
      vertex -0.188217 0.530000 -0.164350
    endloop
  endfacet
  facet normal 0.000000 1.000000 0.000000
    outer loop
      vertex 0.316934 -0.530000 0.166918
      vertex 0.105600 -0.530000 -0.176000
      vertex 0.300879 -0.530000 0.157079
    endloop
  endfacet
  facet normal -0.000000 -1.000000 -0.000000
    outer loop
      vertex 0.300879 -0.530000 0.157079
      vertex 0.105600 -0.530000 -0.176000
      vertex 0.316934 -0.530000 0.166918
    endloop
  endfacet
  facet normal 0.000000 -1.000000 0.000000
    outer loop
      vertex 0.316934 0.530000 0.166918
      vertex 0.300879 0.530000 0.157079
      vertex 0.105600 0.530000 -0.176000
    endloop
  endfacet
  facet normal -0.000000 1.000000 -0.000000
    outer loop
      vertex 0.105600 0.530000 -0.176000
      vertex 0.300879 0.530000 0.157079
      vertex 0.316934 0.530000 0.166918
    endloop
  endfacet
  facet normal 0.000000 1.000000 0.000000
    outer loop
      vertex 0.316934 -0.530000 0.166918
      vertex 0.158400 -0.530000 -0.422400
      vertex 0.105600 -0.530000 -0.176000
    endloop
  endfacet
  facet normal -0.000000 -1.000000 -0.000000
    outer loop
      vertex 0.105600 -0.530000 -0.176000
      vertex 0.158400 -0.530000 -0.422400
      vertex 0.316934 -0.530000 0.166918
    endloop
  endfacet
  facet normal 0.000000 -1.000000 0.000000
    outer loop
      vertex 0.316934 0.530000 0.166918
      vertex 0.105600 0.530000 -0.176000
      vertex 0.158400 0.530000 -0.422400
    endloop
  endfacet
  facet normal -0.000000 1.000000 -0.000000
    outer loop
      vertex 0.158400 0.530000 -0.422400
      vertex 0.105600 0.530000 -0.176000
      vertex 0.316934 0.530000 0.166918
    endloop
  endfacet
  facet normal 0.000000 1.000000 0.000000
    outer loop
      vertex -0.088000 -0.530000 -0.484000
      vertex -0.139259 -0.530000 -0.345159
      vertex -0.130852 -0.530000 -0.324862
    endloop
  endfacet
  facet normal -0.000000 -1.000000 -0.000000
    outer loop
      vertex -0.130852 -0.530000 -0.324862
      vertex -0.139259 -0.530000 -0.345159
      vertex -0.088000 -0.530000 -0.484000
    endloop
  endfacet
  facet normal 0.000000 -1.000000 0.000000
    outer loop
      vertex -0.088000 0.530000 -0.484000
      vertex -0.130852 0.530000 -0.324862
      vertex -0.139259 0.530000 -0.345159
    endloop
  endfacet
  facet normal -0.000000 1.000000 -0.000000
    outer loop
      vertex -0.139259 0.530000 -0.345159
      vertex -0.130852 0.530000 -0.324862
      vertex -0.088000 0.530000 -0.484000
    endloop
  endfacet
  facet normal 0.000000 1.000000 0.000000
    outer loop
      vertex -0.088000 -0.530000 -0.484000
      vertex -0.150738 -0.530000 -0.363890
      vertex -0.139259 -0.530000 -0.345159
    endloop
  endfacet
  facet normal -0.000000 -1.000000 -0.000000
    outer loop
      vertex -0.139259 -0.530000 -0.345159
      vertex -0.150738 -0.530000 -0.363890
      vertex -0.088000 -0.530000 -0.484000
    endloop
  endfacet
  facet normal 0.000000 -1.000000 0.000000
    outer loop
      vertex -0.088000 0.530000 -0.484000
      vertex -0.139259 0.530000 -0.345159
      vertex -0.150738 0.530000 -0.363890
    endloop
  endfacet
  facet normal -0.000000 1.000000 -0.000000
    outer loop
      vertex -0.150738 0.530000 -0.363890
      vertex -0.139259 0.530000 -0.345159
      vertex -0.088000 0.530000 -0.484000
    endloop
  endfacet
  facet normal 0.000000 1.000000 0.000000
    outer loop
      vertex -0.088000 -0.530000 -0.484000
      vertex -0.165005 -0.530000 -0.380595
      vertex -0.150738 -0.530000 -0.363890
    endloop
  endfacet
  facet normal -0.000000 -1.000000 -0.000000
    outer loop
      vertex -0.150738 -0.530000 -0.363890
      vertex -0.165005 -0.530000 -0.380595
      vertex -0.088000 -0.530000 -0.484000
    endloop
  endfacet
  facet normal 0.000000 -1.000000 0.000000
    outer loop
      vertex -0.088000 0.530000 -0.484000
      vertex -0.150738 0.530000 -0.363890
      vertex -0.165005 0.530000 -0.380595
    endloop
  endfacet
  facet normal -0.000000 1.000000 -0.000000
    outer loop
      vertex -0.165005 0.530000 -0.380595
      vertex -0.150738 0.530000 -0.363890
      vertex -0.088000 0.530000 -0.484000
    endloop
  endfacet
  facet normal 0.000000 1.000000 0.000000
    outer loop
      vertex -0.088000 -0.530000 -0.484000
      vertex -0.181710 -0.530000 -0.394862
      vertex -0.165005 -0.530000 -0.380595
    endloop
  endfacet
  facet normal -0.000000 -1.000000 -0.000000
    outer loop
      vertex -0.165005 -0.530000 -0.380595
      vertex -0.181710 -0.530000 -0.394862
      vertex -0.088000 -0.530000 -0.484000
    endloop
  endfacet
  facet normal 0.000000 -1.000000 0.000000
    outer loop
      vertex -0.088000 0.530000 -0.484000
      vertex -0.165005 0.530000 -0.380595
      vertex -0.181710 0.530000 -0.394862
    endloop
  endfacet
  facet normal -0.000000 1.000000 -0.000000
    outer loop
      vertex -0.181710 0.530000 -0.394862
      vertex -0.165005 0.530000 -0.380595
      vertex -0.088000 0.530000 -0.484000
    endloop
  endfacet
  facet normal 0.000000 1.000000 0.000000
    outer loop
      vertex -0.088000 -0.530000 -0.484000
      vertex -0.200313 -0.530000 -0.406262
      vertex -0.181710 -0.530000 -0.394862
    endloop
  endfacet
  facet normal -0.000000 -1.000000 -0.000000
    outer loop
      vertex -0.181710 -0.530000 -0.394862
      vertex -0.200313 -0.530000 -0.406262
      vertex -0.088000 -0.530000 -0.484000
    endloop
  endfacet
  facet normal 0.000000 -1.000000 0.000000
    outer loop
      vertex -0.088000 0.530000 -0.484000
      vertex -0.181710 0.530000 -0.394862
      vertex -0.200313 0.530000 -0.406262
    endloop
  endfacet
  facet normal -0.000000 1.000000 -0.000000
    outer loop
      vertex -0.200313 0.530000 -0.406262
      vertex -0.181710 0.530000 -0.394862
      vertex -0.088000 0.530000 -0.484000
    endloop
  endfacet
  facet normal 0.000000 1.000000 -0.000000
    outer loop
      vertex -0.124000 -0.530000 -0.281600
      vertex -0.125724 -0.530000 -0.259699
      vertex -0.123200 -0.530000 -0.246400
    endloop
  endfacet
  facet normal -0.000000 -1.000000 0.000000
    outer loop
      vertex -0.123200 -0.530000 -0.246400
      vertex -0.125724 -0.530000 -0.259699
      vertex -0.124000 -0.530000 -0.281600
    endloop
  endfacet
  facet normal 0.000000 -1.000000 0.000000
    outer loop
      vertex -0.124000 0.530000 -0.281600
      vertex -0.123200 0.530000 -0.246400
      vertex -0.125724 0.530000 -0.259699
    endloop
  endfacet
  facet normal -0.000000 1.000000 -0.000000
    outer loop
      vertex -0.125724 0.530000 -0.259699
      vertex -0.123200 0.530000 -0.246400
      vertex -0.124000 0.530000 -0.281600
    endloop
  endfacet
  facet normal 0.000000 1.000000 -0.000000
    outer loop
      vertex -0.125724 -0.530000 -0.259699
      vertex -0.130852 -0.530000 -0.238338
      vertex -0.123200 -0.530000 -0.246400
    endloop
  endfacet
  facet normal -0.000000 -1.000000 0.000000
    outer loop
      vertex -0.123200 -0.530000 -0.246400
      vertex -0.130852 -0.530000 -0.238338
      vertex -0.125724 -0.530000 -0.259699
    endloop
  endfacet
  facet normal 0.000000 -1.000000 0.000000
    outer loop
      vertex -0.125724 0.530000 -0.259699
      vertex -0.123200 0.530000 -0.246400
      vertex -0.130852 0.530000 -0.238338
    endloop
  endfacet
  facet normal -0.000000 1.000000 -0.000000
    outer loop
      vertex -0.130852 0.530000 -0.238338
      vertex -0.123200 0.530000 -0.246400
      vertex -0.125724 0.530000 -0.259699
    endloop
  endfacet
  facet normal -0.000000 1.000000 -0.000000
    outer loop
      vertex -0.130852 -0.530000 -0.238338
      vertex -0.139259 -0.530000 -0.218041
      vertex -0.123200 -0.530000 -0.246400
    endloop
  endfacet
  facet normal 0.000000 -1.000000 0.000000
    outer loop
      vertex -0.123200 -0.530000 -0.246400
      vertex -0.139259 -0.530000 -0.218041
      vertex -0.130852 -0.530000 -0.238338
    endloop
  endfacet
  facet normal 0.000000 -1.000000 0.000000
    outer loop
      vertex -0.130852 0.530000 -0.238338
      vertex -0.123200 0.530000 -0.246400
      vertex -0.139259 0.530000 -0.218041
    endloop
  endfacet
  facet normal -0.000000 1.000000 -0.000000
    outer loop
      vertex -0.139259 0.530000 -0.218041
      vertex -0.123200 0.530000 -0.246400
      vertex -0.130852 0.530000 -0.238338
    endloop
  endfacet
  facet normal -0.000000 1.000000 0.000000
    outer loop
      vertex -0.139259 -0.530000 -0.218041
      vertex 0.105600 -0.530000 -0.176000
      vertex -0.123200 -0.530000 -0.246400
    endloop
  endfacet
  facet normal 0.000000 -1.000000 -0.000000
    outer loop
      vertex -0.123200 -0.530000 -0.246400
      vertex 0.105600 -0.530000 -0.176000
      vertex -0.139259 -0.530000 -0.218041
    endloop
  endfacet
  facet normal 0.000000 -1.000000 0.000000
    outer loop
      vertex -0.139259 0.530000 -0.218041
      vertex -0.123200 0.530000 -0.246400
      vertex 0.105600 0.530000 -0.176000
    endloop
  endfacet
  facet normal -0.000000 1.000000 -0.000000
    outer loop
      vertex 0.105600 0.530000 -0.176000
      vertex -0.123200 0.530000 -0.246400
      vertex -0.139259 0.530000 -0.218041
    endloop
  endfacet
  facet normal 0.000000 1.000000 -0.000000
    outer loop
      vertex -0.139259 -0.530000 -0.218041
      vertex -0.150738 -0.530000 -0.199310
      vertex 0.105600 -0.530000 -0.176000
    endloop
  endfacet
  facet normal -0.000000 -1.000000 0.000000
    outer loop
      vertex 0.105600 -0.530000 -0.176000
      vertex -0.150738 -0.530000 -0.199310
      vertex -0.139259 -0.530000 -0.218041
    endloop
  endfacet
  facet normal 0.000000 -1.000000 0.000000
    outer loop
      vertex -0.139259 0.530000 -0.218041
      vertex 0.105600 0.530000 -0.176000
      vertex -0.150738 0.530000 -0.199310
    endloop
  endfacet
  facet normal -0.000000 1.000000 -0.000000
    outer loop
      vertex -0.150738 0.530000 -0.199310
      vertex 0.105600 0.530000 -0.176000
      vertex -0.139259 0.530000 -0.218041
    endloop
  endfacet
  facet normal 0.000000 1.000000 -0.000000
    outer loop
      vertex -0.150738 -0.530000 -0.199310
      vertex -0.165005 -0.530000 -0.182605
      vertex 0.105600 -0.530000 -0.176000
    endloop
  endfacet
  facet normal -0.000000 -1.000000 0.000000
    outer loop
      vertex 0.105600 -0.530000 -0.176000
      vertex -0.165005 -0.530000 -0.182605
      vertex -0.150738 -0.530000 -0.199310
    endloop
  endfacet
  facet normal 0.000000 -1.000000 0.000000
    outer loop
      vertex -0.150738 0.530000 -0.199310
      vertex 0.105600 0.530000 -0.176000
      vertex -0.165005 0.530000 -0.182605
    endloop
  endfacet
  facet normal -0.000000 1.000000 -0.000000
    outer loop
      vertex -0.165005 0.530000 -0.182605
      vertex 0.105600 0.530000 -0.176000
      vertex -0.150738 0.530000 -0.199310
    endloop
  endfacet
  facet normal 0.000000 1.000000 -0.000000
    outer loop
      vertex -0.165005 -0.530000 -0.182605
      vertex -0.181710 -0.530000 -0.168338
      vertex 0.105600 -0.530000 -0.176000
    endloop
  endfacet
  facet normal -0.000000 -1.000000 0.000000
    outer loop
      vertex 0.105600 -0.530000 -0.176000
      vertex -0.181710 -0.530000 -0.168338
      vertex -0.165005 -0.530000 -0.182605
    endloop
  endfacet
  facet normal 0.000000 -1.000000 0.000000
    outer loop
      vertex -0.165005 0.530000 -0.182605
      vertex 0.105600 0.530000 -0.176000
      vertex -0.181710 0.530000 -0.168338
    endloop
  endfacet
  facet normal -0.000000 1.000000 -0.000000
    outer loop
      vertex -0.181710 0.530000 -0.168338
      vertex 0.105600 0.530000 -0.176000
      vertex -0.165005 0.530000 -0.182605
    endloop
  endfacet
  facet normal -0.000000 1.000000 0.000000
    outer loop
      vertex -0.181710 -0.530000 -0.168338
      vertex 0.149318 -0.530000 0.193466
      vertex 0.105600 -0.530000 -0.176000
    endloop
  endfacet
  facet normal 0.000000 -1.000000 -0.000000
    outer loop
      vertex 0.105600 -0.530000 -0.176000
      vertex 0.149318 -0.530000 0.193466
      vertex -0.181710 -0.530000 -0.168338
    endloop
  endfacet
  facet normal 0.000000 -1.000000 0.000000
    outer loop
      vertex -0.181710 0.530000 -0.168338
      vertex 0.105600 0.530000 -0.176000
      vertex 0.149318 0.530000 0.193466
    endloop
  endfacet
  facet normal -0.000000 1.000000 -0.000000
    outer loop
      vertex 0.149318 0.530000 0.193466
      vertex 0.105600 0.530000 -0.176000
      vertex -0.181710 0.530000 -0.168338
    endloop
  endfacet
  facet normal 0.000000 1.000000 0.000000
    outer loop
      vertex 0.149318 -0.530000 0.193466
      vertex 0.161547 -0.530000 0.179147
      vertex 0.105600 -0.530000 -0.176000
    endloop
  endfacet
  facet normal -0.000000 -1.000000 -0.000000
    outer loop
      vertex 0.105600 -0.530000 -0.176000
      vertex 0.161547 -0.530000 0.179147
      vertex 0.149318 -0.530000 0.193466
    endloop
  endfacet
  facet normal 0.000000 -1.000000 -0.000000
    outer loop
      vertex 0.149318 0.530000 0.193466
      vertex 0.105600 0.530000 -0.176000
      vertex 0.161547 0.530000 0.179147
    endloop
  endfacet
  facet normal -0.000000 1.000000 0.000000
    outer loop
      vertex 0.161547 0.530000 0.179147
      vertex 0.105600 0.530000 -0.176000
      vertex 0.149318 0.530000 0.193466
    endloop
  endfacet
  facet normal 0.000000 1.000000 0.000000
    outer loop
      vertex 0.175866 -0.530000 0.166918
      vertex 0.105600 -0.530000 -0.176000
      vertex 0.161547 -0.530000 0.179147
    endloop
  endfacet
  facet normal -0.000000 -1.000000 -0.000000
    outer loop
      vertex 0.161547 -0.530000 0.179147
      vertex 0.105600 -0.530000 -0.176000
      vertex 0.175866 -0.530000 0.166918
    endloop
  endfacet
  facet normal -0.000000 -1.000000 0.000000
    outer loop
      vertex 0.175866 0.530000 0.166918
      vertex 0.161547 0.530000 0.179147
      vertex 0.105600 0.530000 -0.176000
    endloop
  endfacet
  facet normal 0.000000 1.000000 -0.000000
    outer loop
      vertex 0.105600 0.530000 -0.176000
      vertex 0.161547 0.530000 0.179147
      vertex 0.175866 0.530000 0.166918
    endloop
  endfacet
  facet normal 0.000000 1.000000 0.000000
    outer loop
      vertex 0.175866 -0.530000 0.166918
      vertex 0.191921 -0.530000 0.157079
      vertex 0.105600 -0.530000 -0.176000
    endloop
  endfacet
  facet normal -0.000000 -1.000000 -0.000000
    outer loop
      vertex 0.105600 -0.530000 -0.176000
      vertex 0.191921 -0.530000 0.157079
      vertex 0.175866 -0.530000 0.166918
    endloop
  endfacet
  facet normal 0.000000 -1.000000 -0.000000
    outer loop
      vertex 0.175866 0.530000 0.166918
      vertex 0.105600 0.530000 -0.176000
      vertex 0.191921 0.530000 0.157079
    endloop
  endfacet
  facet normal -0.000000 1.000000 0.000000
    outer loop
      vertex 0.191921 0.530000 0.157079
      vertex 0.105600 0.530000 -0.176000
      vertex 0.175866 0.530000 0.166918
    endloop
  endfacet
  facet normal 0.000000 1.000000 0.000000
    outer loop
      vertex 0.265172 -0.530000 0.145477
      vertex 0.105600 -0.530000 -0.176000
      vertex 0.246400 -0.530000 0.144000
    endloop
  endfacet
  facet normal -0.000000 -1.000000 -0.000000
    outer loop
      vertex 0.246400 -0.530000 0.144000
      vertex 0.105600 -0.530000 -0.176000
      vertex 0.265172 -0.530000 0.145477
    endloop
  endfacet
  facet normal 0.000000 -1.000000 0.000000
    outer loop
      vertex 0.265172 0.530000 0.145477
      vertex 0.246400 0.530000 0.144000
      vertex 0.105600 0.530000 -0.176000
    endloop
  endfacet
  facet normal -0.000000 1.000000 -0.000000
    outer loop
      vertex 0.105600 0.530000 -0.176000
      vertex 0.246400 0.530000 0.144000
      vertex 0.265172 0.530000 0.145477
    endloop
  endfacet
  facet normal -0.000000 1.000000 0.000000
    outer loop
      vertex 0.265172 -0.530000 0.145477
      vertex 0.283482 -0.530000 0.149873
      vertex 0.105600 -0.530000 -0.176000
    endloop
  endfacet
  facet normal 0.000000 -1.000000 -0.000000
    outer loop
      vertex 0.105600 -0.530000 -0.176000
      vertex 0.283482 -0.530000 0.149873
      vertex 0.265172 -0.530000 0.145477
    endloop
  endfacet
  facet normal 0.000000 -1.000000 -0.000000
    outer loop
      vertex 0.265172 0.530000 0.145477
      vertex 0.105600 0.530000 -0.176000
      vertex 0.283482 0.530000 0.149873
    endloop
  endfacet
  facet normal -0.000000 1.000000 0.000000
    outer loop
      vertex 0.283482 0.530000 0.149873
      vertex 0.105600 0.530000 -0.176000
      vertex 0.265172 0.530000 0.145477
    endloop
  endfacet
  facet normal -0.000000 1.000000 0.000000
    outer loop
      vertex 0.283482 -0.530000 0.149873
      vertex 0.300879 -0.530000 0.157079
      vertex 0.105600 -0.530000 -0.176000
    endloop
  endfacet
  facet normal 0.000000 -1.000000 -0.000000
    outer loop
      vertex 0.105600 -0.530000 -0.176000
      vertex 0.300879 -0.530000 0.157079
      vertex 0.283482 -0.530000 0.149873
    endloop
  endfacet
  facet normal 0.000000 -1.000000 -0.000000
    outer loop
      vertex 0.283482 0.530000 0.149873
      vertex 0.105600 0.530000 -0.176000
      vertex 0.300879 0.530000 0.157079
    endloop
  endfacet
  facet normal -0.000000 1.000000 0.000000
    outer loop
      vertex 0.300879 0.530000 0.157079
      vertex 0.105600 0.530000 -0.176000
      vertex 0.283482 0.530000 0.149873
    endloop
  endfacet
  facet normal 0.000000 1.000000 0.000000
    outer loop
      vertex 0.105600 -0.530000 -0.176000
      vertex 0.227628 -0.530000 0.145477
      vertex 0.246400 -0.530000 0.144000
    endloop
  endfacet
  facet normal -0.000000 -1.000000 -0.000000
    outer loop
      vertex 0.246400 -0.530000 0.144000
      vertex 0.227628 -0.530000 0.145477
      vertex 0.105600 -0.530000 -0.176000
    endloop
  endfacet
  facet normal 0.000000 -1.000000 0.000000
    outer loop
      vertex 0.105600 0.530000 -0.176000
      vertex 0.246400 0.530000 0.144000
      vertex 0.227628 0.530000 0.145477
    endloop
  endfacet
  facet normal -0.000000 1.000000 -0.000000
    outer loop
      vertex 0.227628 0.530000 0.145477
      vertex 0.246400 0.530000 0.144000
      vertex 0.105600 0.530000 -0.176000
    endloop
  endfacet
  facet normal 0.000000 1.000000 0.000000
    outer loop
      vertex 0.105600 -0.530000 -0.176000
      vertex 0.209318 -0.530000 0.149873
      vertex 0.227628 -0.530000 0.145477
    endloop
  endfacet
  facet normal -0.000000 -1.000000 -0.000000
    outer loop
      vertex 0.227628 -0.530000 0.145477
      vertex 0.209318 -0.530000 0.149873
      vertex 0.105600 -0.530000 -0.176000
    endloop
  endfacet
  facet normal 0.000000 -1.000000 0.000000
    outer loop
      vertex 0.105600 0.530000 -0.176000
      vertex 0.227628 0.530000 0.145477
      vertex 0.209318 0.530000 0.149873
    endloop
  endfacet
  facet normal -0.000000 1.000000 -0.000000
    outer loop
      vertex 0.209318 0.530000 0.149873
      vertex 0.227628 0.530000 0.145477
      vertex 0.105600 0.530000 -0.176000
    endloop
  endfacet
  facet normal 0.000000 1.000000 0.000000
    outer loop
      vertex 0.105600 -0.530000 -0.176000
      vertex 0.191921 -0.530000 0.157079
      vertex 0.209318 -0.530000 0.149873
    endloop
  endfacet
  facet normal -0.000000 -1.000000 -0.000000
    outer loop
      vertex 0.209318 -0.530000 0.149873
      vertex 0.191921 -0.530000 0.157079
      vertex 0.105600 -0.530000 -0.176000
    endloop
  endfacet
  facet normal 0.000000 -1.000000 0.000000
    outer loop
      vertex 0.105600 0.530000 -0.176000
      vertex 0.209318 0.530000 0.149873
      vertex 0.191921 0.530000 0.157079
    endloop
  endfacet
  facet normal -0.000000 1.000000 -0.000000
    outer loop
      vertex 0.191921 0.530000 0.157079
      vertex 0.209318 0.530000 0.149873
      vertex 0.105600 0.530000 -0.176000
    endloop
  endfacet
  facet normal 0.024541 0.000000 0.999699
    outer loop
      vertex 0.364419 -0.530000 0.660000
      vertex 0.366381 -0.530000 0.659952
      vertex 0.366381 0.530000 0.659952
    endloop
  endfacet
  facet normal -0.024541 -0.000000 -0.999699
    outer loop
      vertex 0.366381 0.530000 0.659952
      vertex 0.366381 -0.530000 0.659952
      vertex 0.364419 -0.530000 0.660000
    endloop
  endfacet
  facet normal 0.024541 -0.000000 0.999699
    outer loop
      vertex 0.364419 -0.530000 0.660000
      vertex 0.366381 0.530000 0.659952
      vertex 0.364419 0.530000 0.660000
    endloop
  endfacet
  facet normal -0.024541 0.000000 -0.999699
    outer loop
      vertex 0.364419 0.530000 0.660000
      vertex 0.366381 0.530000 0.659952
      vertex 0.364419 -0.530000 0.660000
    endloop
  endfacet
  facet normal 0.049068 0.000000 0.998795
    outer loop
      vertex 0.366381 -0.530000 0.659952
      vertex 0.387468 -0.530000 0.658916
      vertex 0.387468 0.530000 0.658916
    endloop
  endfacet
  facet normal -0.049068 -0.000000 -0.998795
    outer loop
      vertex 0.387468 0.530000 0.658916
      vertex 0.387468 -0.530000 0.658916
      vertex 0.366381 -0.530000 0.659952
    endloop
  endfacet
  facet normal 0.049068 -0.000000 0.998795
    outer loop
      vertex 0.366381 -0.530000 0.659952
      vertex 0.387468 0.530000 0.658916
      vertex 0.366381 0.530000 0.659952
    endloop
  endfacet
  facet normal -0.049068 0.000000 -0.998795
    outer loop
      vertex 0.366381 0.530000 0.659952
      vertex 0.387468 0.530000 0.658916
      vertex 0.366381 -0.530000 0.659952
    endloop
  endfacet
  facet normal 0.098017 0.000000 0.995185
    outer loop
      vertex 0.387468 -0.530000 0.658916
      vertex 0.391375 -0.530000 0.658531
      vertex 0.391375 0.530000 0.658531
    endloop
  endfacet
  facet normal -0.098017 -0.000000 -0.995185
    outer loop
      vertex 0.391375 0.530000 0.658531
      vertex 0.391375 -0.530000 0.658531
      vertex 0.387468 -0.530000 0.658916
    endloop
  endfacet
  facet normal 0.098017 -0.000000 0.995185
    outer loop
      vertex 0.387468 -0.530000 0.658916
      vertex 0.391375 0.530000 0.658531
      vertex 0.387468 0.530000 0.658916
    endloop
  endfacet
  facet normal -0.098017 0.000000 -0.995185
    outer loop
      vertex 0.387468 0.530000 0.658916
      vertex 0.391375 0.530000 0.658531
      vertex 0.387468 -0.530000 0.658916
    endloop
  endfacet
  facet normal 0.146730 0.000000 0.989177
    outer loop
      vertex 0.391375 -0.530000 0.658531
      vertex 0.406099 -0.530000 0.656347
      vertex 0.406099 0.530000 0.656347
    endloop
  endfacet
  facet normal -0.146730 -0.000000 -0.989177
    outer loop
      vertex 0.406099 0.530000 0.656347
      vertex 0.406099 -0.530000 0.656347
      vertex 0.391375 -0.530000 0.658531
    endloop
  endfacet
  facet normal 0.146730 -0.000000 0.989177
    outer loop
      vertex 0.391375 -0.530000 0.658531
      vertex 0.406099 0.530000 0.656347
      vertex 0.391375 0.530000 0.658531
    endloop
  endfacet
  facet normal -0.146730 0.000000 -0.989177
    outer loop
      vertex 0.391375 0.530000 0.658531
      vertex 0.406099 0.530000 0.656347
      vertex 0.391375 -0.530000 0.658531
    endloop
  endfacet
  facet normal 0.998491 0.000000 -0.054917
    outer loop
      vertex 0.406099 -0.530000 0.656347
      vertex 0.333700 -0.530000 -0.660000
      vertex 0.333700 0.530000 -0.660000
    endloop
  endfacet
  facet normal -0.998491 -0.000000 0.054917
    outer loop
      vertex 0.333700 0.530000 -0.660000
      vertex 0.333700 -0.530000 -0.660000
      vertex 0.406099 -0.530000 0.656347
    endloop
  endfacet
  facet normal 0.998491 0.000000 -0.054917
    outer loop
      vertex 0.406099 -0.530000 0.656347
      vertex 0.333700 0.530000 -0.660000
      vertex 0.406099 0.530000 0.656347
    endloop
  endfacet
  facet normal -0.998491 -0.000000 0.054917
    outer loop
      vertex 0.406099 0.530000 0.656347
      vertex 0.333700 0.530000 -0.660000
      vertex 0.406099 -0.530000 0.656347
    endloop
  endfacet
  facet normal 0.000000 0.000000 -1.000000
    outer loop
      vertex 0.333700 -0.530000 -0.660000
      vertex -0.213000 -0.530000 -0.660000
      vertex -0.213000 0.530000 -0.660000
    endloop
  endfacet
  facet normal -0.000000 -0.000000 1.000000
    outer loop
      vertex -0.213000 0.530000 -0.660000
      vertex -0.213000 -0.530000 -0.660000
      vertex 0.333700 -0.530000 -0.660000
    endloop
  endfacet
  facet normal 0.000000 0.000000 -1.000000
    outer loop
      vertex 0.333700 -0.530000 -0.660000
      vertex -0.213000 0.530000 -0.660000
      vertex 0.333700 0.530000 -0.660000
    endloop
  endfacet
  facet normal -0.000000 -0.000000 1.000000
    outer loop
      vertex 0.333700 0.530000 -0.660000
      vertex -0.213000 0.530000 -0.660000
      vertex 0.333700 -0.530000 -0.660000
    endloop
  endfacet
  facet normal -0.998752 0.000000 0.049938
    outer loop
      vertex -0.213000 -0.530000 -0.660000
      vertex -0.200313 -0.530000 -0.406262
      vertex -0.200313 0.530000 -0.406262
    endloop
  endfacet
  facet normal 0.998752 -0.000000 -0.049938
    outer loop
      vertex -0.200313 0.530000 -0.406262
      vertex -0.200313 -0.530000 -0.406262
      vertex -0.213000 -0.530000 -0.660000
    endloop
  endfacet
  facet normal -0.998752 0.000000 0.049938
    outer loop
      vertex -0.213000 -0.530000 -0.660000
      vertex -0.200313 0.530000 -0.406262
      vertex -0.213000 0.530000 -0.660000
    endloop
  endfacet
  facet normal 0.998752 -0.000000 -0.049938
    outer loop
      vertex -0.213000 0.530000 -0.660000
      vertex -0.200313 0.530000 -0.406262
      vertex -0.213000 -0.530000 -0.660000
    endloop
  endfacet
  facet normal -0.522499 0.000000 0.852640
    outer loop
      vertex -0.200313 -0.530000 -0.406262
      vertex -0.181710 -0.530000 -0.394862
      vertex -0.181710 0.530000 -0.394862
    endloop
  endfacet
  facet normal 0.522499 -0.000000 -0.852640
    outer loop
      vertex -0.181710 0.530000 -0.394862
      vertex -0.181710 -0.530000 -0.394862
      vertex -0.200313 -0.530000 -0.406262
    endloop
  endfacet
  facet normal -0.522499 0.000000 0.852640
    outer loop
      vertex -0.200313 -0.530000 -0.406262
      vertex -0.181710 0.530000 -0.394862
      vertex -0.200313 0.530000 -0.406262
    endloop
  endfacet
  facet normal 0.522499 -0.000000 -0.852640
    outer loop
      vertex -0.200313 0.530000 -0.406262
      vertex -0.181710 0.530000 -0.394862
      vertex -0.200313 -0.530000 -0.406262
    endloop
  endfacet
  facet normal -0.649448 0.000000 0.760406
    outer loop
      vertex -0.181710 -0.530000 -0.394862
      vertex -0.165005 -0.530000 -0.380595
      vertex -0.165005 0.530000 -0.380595
    endloop
  endfacet
  facet normal 0.649448 -0.000000 -0.760406
    outer loop
      vertex -0.165005 0.530000 -0.380595
      vertex -0.165005 -0.530000 -0.380595
      vertex -0.181710 -0.530000 -0.394862
    endloop
  endfacet
  facet normal -0.649448 0.000000 0.760406
    outer loop
      vertex -0.181710 -0.530000 -0.394862
      vertex -0.165005 0.530000 -0.380595
      vertex -0.181710 0.530000 -0.394862
    endloop
  endfacet
  facet normal 0.649448 -0.000000 -0.760406
    outer loop
      vertex -0.181710 0.530000 -0.394862
      vertex -0.165005 0.530000 -0.380595
      vertex -0.181710 -0.530000 -0.394862
    endloop
  endfacet
  facet normal -0.760406 0.000000 0.649448
    outer loop
      vertex -0.165005 -0.530000 -0.380595
      vertex -0.150738 -0.530000 -0.363890
      vertex -0.150738 0.530000 -0.363890
    endloop
  endfacet
  facet normal 0.760406 -0.000000 -0.649448
    outer loop
      vertex -0.150738 0.530000 -0.363890
      vertex -0.150738 -0.530000 -0.363890
      vertex -0.165005 -0.530000 -0.380595
    endloop
  endfacet
  facet normal -0.760406 0.000000 0.649448
    outer loop
      vertex -0.165005 -0.530000 -0.380595
      vertex -0.150738 0.530000 -0.363890
      vertex -0.165005 0.530000 -0.380595
    endloop
  endfacet
  facet normal 0.760406 -0.000000 -0.649448
    outer loop
      vertex -0.165005 0.530000 -0.380595
      vertex -0.150738 0.530000 -0.363890
      vertex -0.165005 -0.530000 -0.380595
    endloop
  endfacet
  facet normal -0.852640 0.000000 0.522499
    outer loop
      vertex -0.150738 -0.530000 -0.363890
      vertex -0.139259 -0.530000 -0.345159
      vertex -0.139259 0.530000 -0.345159
    endloop
  endfacet
  facet normal 0.852640 -0.000000 -0.522499
    outer loop
      vertex -0.139259 0.530000 -0.345159
      vertex -0.139259 -0.530000 -0.345159
      vertex -0.150738 -0.530000 -0.363890
    endloop
  endfacet
  facet normal -0.852640 0.000000 0.522499
    outer loop
      vertex -0.150738 -0.530000 -0.363890
      vertex -0.139259 0.530000 -0.345159
      vertex -0.150738 0.530000 -0.363890
    endloop
  endfacet
  facet normal 0.852640 -0.000000 -0.522499
    outer loop
      vertex -0.150738 0.530000 -0.363890
      vertex -0.139259 0.530000 -0.345159
      vertex -0.150738 -0.530000 -0.363890
    endloop
  endfacet
  facet normal -0.923880 0.000000 0.382683
    outer loop
      vertex -0.139259 -0.530000 -0.345159
      vertex -0.130852 -0.530000 -0.324862
      vertex -0.130852 0.530000 -0.324862
    endloop
  endfacet
  facet normal 0.923880 -0.000000 -0.382683
    outer loop
      vertex -0.130852 0.530000 -0.324862
      vertex -0.130852 -0.530000 -0.324862
      vertex -0.139259 -0.530000 -0.345159
    endloop
  endfacet
  facet normal -0.923880 0.000000 0.382683
    outer loop
      vertex -0.139259 -0.530000 -0.345159
      vertex -0.130852 0.530000 -0.324862
      vertex -0.139259 0.530000 -0.345159
    endloop
  endfacet
  facet normal 0.923880 -0.000000 -0.382683
    outer loop
      vertex -0.139259 0.530000 -0.345159
      vertex -0.130852 0.530000 -0.324862
      vertex -0.139259 -0.530000 -0.345159
    endloop
  endfacet
  facet normal -0.972370 0.000000 0.233445
    outer loop
      vertex -0.130852 -0.530000 -0.324862
      vertex -0.125724 -0.530000 -0.303501
      vertex -0.125724 0.530000 -0.303501
    endloop
  endfacet
  facet normal 0.972370 -0.000000 -0.233445
    outer loop
      vertex -0.125724 0.530000 -0.303501
      vertex -0.125724 -0.530000 -0.303501
      vertex -0.130852 -0.530000 -0.324862
    endloop
  endfacet
  facet normal -0.972370 0.000000 0.233445
    outer loop
      vertex -0.130852 -0.530000 -0.324862
      vertex -0.125724 0.530000 -0.303501
      vertex -0.130852 0.530000 -0.324862
    endloop
  endfacet
  facet normal 0.972370 -0.000000 -0.233445
    outer loop
      vertex -0.130852 0.530000 -0.324862
      vertex -0.125724 0.530000 -0.303501
      vertex -0.130852 -0.530000 -0.324862
    endloop
  endfacet
  facet normal -0.996917 0.000000 0.078459
    outer loop
      vertex -0.125724 -0.530000 -0.303501
      vertex -0.124000 -0.530000 -0.281600
      vertex -0.124000 0.530000 -0.281600
    endloop
  endfacet
  facet normal 0.996917 -0.000000 -0.078459
    outer loop
      vertex -0.124000 0.530000 -0.281600
      vertex -0.124000 -0.530000 -0.281600
      vertex -0.125724 -0.530000 -0.303501
    endloop
  endfacet
  facet normal -0.996917 0.000000 0.078459
    outer loop
      vertex -0.125724 -0.530000 -0.303501
      vertex -0.124000 0.530000 -0.281600
      vertex -0.125724 0.530000 -0.303501
    endloop
  endfacet
  facet normal 0.996917 -0.000000 -0.078459
    outer loop
      vertex -0.125724 0.530000 -0.303501
      vertex -0.124000 0.530000 -0.281600
      vertex -0.125724 -0.530000 -0.303501
    endloop
  endfacet
  facet normal -0.996917 0.000000 -0.078459
    outer loop
      vertex -0.124000 -0.530000 -0.281600
      vertex -0.125724 -0.530000 -0.259699
      vertex -0.125724 0.530000 -0.259699
    endloop
  endfacet
  facet normal 0.996917 -0.000000 0.078459
    outer loop
      vertex -0.125724 0.530000 -0.259699
      vertex -0.125724 -0.530000 -0.259699
      vertex -0.124000 -0.530000 -0.281600
    endloop
  endfacet
  facet normal -0.996917 0.000000 -0.078459
    outer loop
      vertex -0.124000 -0.530000 -0.281600
      vertex -0.125724 0.530000 -0.259699
      vertex -0.124000 0.530000 -0.281600
    endloop
  endfacet
  facet normal 0.996917 -0.000000 0.078459
    outer loop
      vertex -0.124000 0.530000 -0.281600
      vertex -0.125724 0.530000 -0.259699
      vertex -0.124000 -0.530000 -0.281600
    endloop
  endfacet
  facet normal -0.972370 0.000000 -0.233445
    outer loop
      vertex -0.125724 -0.530000 -0.259699
      vertex -0.130852 -0.530000 -0.238338
      vertex -0.130852 0.530000 -0.238338
    endloop
  endfacet
  facet normal 0.972370 -0.000000 0.233445
    outer loop
      vertex -0.130852 0.530000 -0.238338
      vertex -0.130852 -0.530000 -0.238338
      vertex -0.125724 -0.530000 -0.259699
    endloop
  endfacet
  facet normal -0.972370 0.000000 -0.233445
    outer loop
      vertex -0.125724 -0.530000 -0.259699
      vertex -0.130852 0.530000 -0.238338
      vertex -0.125724 0.530000 -0.259699
    endloop
  endfacet
  facet normal 0.972370 -0.000000 0.233445
    outer loop
      vertex -0.125724 0.530000 -0.259699
      vertex -0.130852 0.530000 -0.238338
      vertex -0.125724 -0.530000 -0.259699
    endloop
  endfacet
  facet normal -0.923880 0.000000 -0.382683
    outer loop
      vertex -0.130852 -0.530000 -0.238338
      vertex -0.139259 -0.530000 -0.218041
      vertex -0.139259 0.530000 -0.218041
    endloop
  endfacet
  facet normal 0.923880 -0.000000 0.382683
    outer loop
      vertex -0.139259 0.530000 -0.218041
      vertex -0.139259 -0.530000 -0.218041
      vertex -0.130852 -0.530000 -0.238338
    endloop
  endfacet
  facet normal -0.923880 0.000000 -0.382683
    outer loop
      vertex -0.130852 -0.530000 -0.238338
      vertex -0.139259 0.530000 -0.218041
      vertex -0.130852 0.530000 -0.238338
    endloop
  endfacet
  facet normal 0.923880 -0.000000 0.382683
    outer loop
      vertex -0.130852 0.530000 -0.238338
      vertex -0.139259 0.530000 -0.218041
      vertex -0.130852 -0.530000 -0.238338
    endloop
  endfacet
  facet normal -0.852640 0.000000 -0.522499
    outer loop
      vertex -0.139259 -0.530000 -0.218041
      vertex -0.150738 -0.530000 -0.199310
      vertex -0.150738 0.530000 -0.199310
    endloop
  endfacet
  facet normal 0.852640 -0.000000 0.522499
    outer loop
      vertex -0.150738 0.530000 -0.199310
      vertex -0.150738 -0.530000 -0.199310
      vertex -0.139259 -0.530000 -0.218041
    endloop
  endfacet
  facet normal -0.852640 0.000000 -0.522499
    outer loop
      vertex -0.139259 -0.530000 -0.218041
      vertex -0.150738 0.530000 -0.199310
      vertex -0.139259 0.530000 -0.218041
    endloop
  endfacet
  facet normal 0.852640 -0.000000 0.522499
    outer loop
      vertex -0.139259 0.530000 -0.218041
      vertex -0.150738 0.530000 -0.199310
      vertex -0.139259 -0.530000 -0.218041
    endloop
  endfacet
  facet normal -0.760406 0.000000 -0.649448
    outer loop
      vertex -0.150738 -0.530000 -0.199310
      vertex -0.165005 -0.530000 -0.182605
      vertex -0.165005 0.530000 -0.182605
    endloop
  endfacet
  facet normal 0.760406 -0.000000 0.649448
    outer loop
      vertex -0.165005 0.530000 -0.182605
      vertex -0.165005 -0.530000 -0.182605
      vertex -0.150738 -0.530000 -0.199310
    endloop
  endfacet
  facet normal -0.760406 0.000000 -0.649448
    outer loop
      vertex -0.150738 -0.530000 -0.199310
      vertex -0.165005 0.530000 -0.182605
      vertex -0.150738 0.530000 -0.199310
    endloop
  endfacet
  facet normal 0.760406 -0.000000 0.649448
    outer loop
      vertex -0.150738 0.530000 -0.199310
      vertex -0.165005 0.530000 -0.182605
      vertex -0.150738 -0.530000 -0.199310
    endloop
  endfacet
  facet normal -0.649448 0.000000 -0.760406
    outer loop
      vertex -0.165005 -0.530000 -0.182605
      vertex -0.181710 -0.530000 -0.168338
      vertex -0.181710 0.530000 -0.168338
    endloop
  endfacet
  facet normal 0.649448 -0.000000 0.760406
    outer loop
      vertex -0.181710 0.530000 -0.168338
      vertex -0.181710 -0.530000 -0.168338
      vertex -0.165005 -0.530000 -0.182605
    endloop
  endfacet
  facet normal -0.649448 0.000000 -0.760406
    outer loop
      vertex -0.165005 -0.530000 -0.182605
      vertex -0.181710 0.530000 -0.168338
      vertex -0.165005 0.530000 -0.182605
    endloop
  endfacet
  facet normal 0.649448 -0.000000 0.760406
    outer loop
      vertex -0.165005 0.530000 -0.182605
      vertex -0.181710 0.530000 -0.168338
      vertex -0.165005 -0.530000 -0.182605
    endloop
  endfacet
  facet normal -0.522499 0.000000 -0.852640
    outer loop
      vertex -0.181710 -0.530000 -0.168338
      vertex -0.188217 -0.530000 -0.164350
      vertex -0.188217 0.530000 -0.164350
    endloop
  endfacet
  facet normal 0.522499 -0.000000 0.852640
    outer loop
      vertex -0.188217 0.530000 -0.164350
      vertex -0.188217 -0.530000 -0.164350
      vertex -0.181710 -0.530000 -0.168338
    endloop
  endfacet
  facet normal -0.522499 0.000000 -0.852640
    outer loop
      vertex -0.181710 -0.530000 -0.168338
      vertex -0.188217 0.530000 -0.164350
      vertex -0.181710 0.530000 -0.168338
    endloop
  endfacet
  facet normal 0.522499 -0.000000 0.852640
    outer loop
      vertex -0.181710 0.530000 -0.168338
      vertex -0.188217 0.530000 -0.164350
      vertex -0.181710 -0.530000 -0.168338
    endloop
  endfacet
  facet normal -0.998752 0.000000 0.049938
    outer loop
      vertex -0.188217 -0.530000 -0.164350
      vertex -0.147000 -0.530000 0.660000
      vertex -0.147000 0.530000 0.660000
    endloop
  endfacet
  facet normal 0.998752 -0.000000 -0.049938
    outer loop
      vertex -0.147000 0.530000 0.660000
      vertex -0.147000 -0.530000 0.660000
      vertex -0.188217 -0.530000 -0.164350
    endloop
  endfacet
  facet normal -0.998752 0.000000 0.049938
    outer loop
      vertex -0.188217 -0.530000 -0.164350
      vertex -0.147000 0.530000 0.660000
      vertex -0.188217 0.530000 -0.164350
    endloop
  endfacet
  facet normal 0.998752 -0.000000 -0.049938
    outer loop
      vertex -0.188217 0.530000 -0.164350
      vertex -0.147000 0.530000 0.660000
      vertex -0.188217 -0.530000 -0.164350
    endloop
  endfacet
  facet normal 0.000000 0.000000 1.000000
    outer loop
      vertex -0.147000 -0.530000 0.660000
      vertex 0.364419 -0.530000 0.660000
      vertex 0.364419 0.530000 0.660000
    endloop
  endfacet
  facet normal -0.000000 -0.000000 -1.000000
    outer loop
      vertex 0.364419 0.530000 0.660000
      vertex 0.364419 -0.530000 0.660000
      vertex -0.147000 -0.530000 0.660000
    endloop
  endfacet
  facet normal 0.000000 0.000000 1.000000
    outer loop
      vertex -0.147000 -0.530000 0.660000
      vertex 0.364419 0.530000 0.660000
      vertex -0.147000 0.530000 0.660000
    endloop
  endfacet
  facet normal -0.000000 -0.000000 -1.000000
    outer loop
      vertex -0.147000 0.530000 0.660000
      vertex 0.364419 0.530000 0.660000
      vertex -0.147000 -0.530000 0.660000
    endloop
  endfacet
  facet normal 0.852640 0.000000 0.522499
    outer loop
      vertex 0.353321 -0.530000 0.318479
      vertex 0.343482 0.530000 0.334534
      vertex 0.343482 -0.530000 0.334534
    endloop
  endfacet
  facet normal -0.852640 -0.000000 -0.522499
    outer loop
      vertex 0.343482 -0.530000 0.334534
      vertex 0.343482 0.530000 0.334534
      vertex 0.353321 -0.530000 0.318479
    endloop
  endfacet
  facet normal 0.852640 -0.000000 0.522499
    outer loop
      vertex 0.353321 -0.530000 0.318479
      vertex 0.353321 0.530000 0.318479
      vertex 0.343482 0.530000 0.334534
    endloop
  endfacet
  facet normal -0.852640 0.000000 -0.522499
    outer loop
      vertex 0.343482 0.530000 0.334534
      vertex 0.353321 0.530000 0.318479
      vertex 0.353321 -0.530000 0.318479
    endloop
  endfacet
  facet normal 0.760406 0.000000 0.649448
    outer loop
      vertex 0.343482 -0.530000 0.334534
      vertex 0.331253 0.530000 0.348853
      vertex 0.331253 -0.530000 0.348853
    endloop
  endfacet
  facet normal -0.760406 -0.000000 -0.649448
    outer loop
      vertex 0.331253 -0.530000 0.348853
      vertex 0.331253 0.530000 0.348853
      vertex 0.343482 -0.530000 0.334534
    endloop
  endfacet
  facet normal 0.760406 -0.000000 0.649448
    outer loop
      vertex 0.343482 -0.530000 0.334534
      vertex 0.343482 0.530000 0.334534
      vertex 0.331253 0.530000 0.348853
    endloop
  endfacet
  facet normal -0.760406 0.000000 -0.649448
    outer loop
      vertex 0.331253 0.530000 0.348853
      vertex 0.343482 0.530000 0.334534
      vertex 0.343482 -0.530000 0.334534
    endloop
  endfacet
  facet normal 0.649448 0.000000 0.760406
    outer loop
      vertex 0.331253 -0.530000 0.348853
      vertex 0.316934 0.530000 0.361082
      vertex 0.316934 -0.530000 0.361082
    endloop
  endfacet
  facet normal -0.649448 -0.000000 -0.760406
    outer loop
      vertex 0.316934 -0.530000 0.361082
      vertex 0.316934 0.530000 0.361082
      vertex 0.331253 -0.530000 0.348853
    endloop
  endfacet
  facet normal 0.649448 -0.000000 0.760406
    outer loop
      vertex 0.331253 -0.530000 0.348853
      vertex 0.331253 0.530000 0.348853
      vertex 0.316934 0.530000 0.361082
    endloop
  endfacet
  facet normal -0.649448 0.000000 -0.760406
    outer loop
      vertex 0.316934 0.530000 0.361082
      vertex 0.331253 0.530000 0.348853
      vertex 0.331253 -0.530000 0.348853
    endloop
  endfacet
  facet normal 0.522499 0.000000 0.852640
    outer loop
      vertex 0.316934 -0.530000 0.361082
      vertex 0.300879 0.530000 0.370921
      vertex 0.300879 -0.530000 0.370921
    endloop
  endfacet
  facet normal -0.522499 -0.000000 -0.852640
    outer loop
      vertex 0.300879 -0.530000 0.370921
      vertex 0.300879 0.530000 0.370921
      vertex 0.316934 -0.530000 0.361082
    endloop
  endfacet
  facet normal 0.522499 -0.000000 0.852640
    outer loop
      vertex 0.316934 -0.530000 0.361082
      vertex 0.316934 0.530000 0.361082
      vertex 0.300879 0.530000 0.370921
    endloop
  endfacet
  facet normal -0.522499 0.000000 -0.852640
    outer loop
      vertex 0.300879 0.530000 0.370921
      vertex 0.316934 0.530000 0.361082
      vertex 0.316934 -0.530000 0.361082
    endloop
  endfacet
  facet normal 0.382683 0.000000 0.923880
    outer loop
      vertex 0.300879 -0.530000 0.370921
      vertex 0.283482 0.530000 0.378127
      vertex 0.283482 -0.530000 0.378127
    endloop
  endfacet
  facet normal -0.382683 -0.000000 -0.923880
    outer loop
      vertex 0.283482 -0.530000 0.378127
      vertex 0.283482 0.530000 0.378127
      vertex 0.300879 -0.530000 0.370921
    endloop
  endfacet
  facet normal 0.382683 -0.000000 0.923880
    outer loop
      vertex 0.300879 -0.530000 0.370921
      vertex 0.300879 0.530000 0.370921
      vertex 0.283482 0.530000 0.378127
    endloop
  endfacet
  facet normal -0.382683 0.000000 -0.923880
    outer loop
      vertex 0.283482 0.530000 0.378127
      vertex 0.300879 0.530000 0.370921
      vertex 0.300879 -0.530000 0.370921
    endloop
  endfacet
  facet normal 0.233445 0.000000 0.972370
    outer loop
      vertex 0.283482 -0.530000 0.378127
      vertex 0.265172 0.530000 0.382523
      vertex 0.265172 -0.530000 0.382523
    endloop
  endfacet
  facet normal -0.233445 -0.000000 -0.972370
    outer loop
      vertex 0.265172 -0.530000 0.382523
      vertex 0.265172 0.530000 0.382523
      vertex 0.283482 -0.530000 0.378127
    endloop
  endfacet
  facet normal 0.233445 -0.000000 0.972370
    outer loop
      vertex 0.283482 -0.530000 0.378127
      vertex 0.283482 0.530000 0.378127
      vertex 0.265172 0.530000 0.382523
    endloop
  endfacet
  facet normal -0.233445 0.000000 -0.972370
    outer loop
      vertex 0.265172 0.530000 0.382523
      vertex 0.283482 0.530000 0.378127
      vertex 0.283482 -0.530000 0.378127
    endloop
  endfacet
  facet normal 0.078459 0.000000 0.996917
    outer loop
      vertex 0.265172 -0.530000 0.382523
      vertex 0.246400 0.530000 0.384000
      vertex 0.246400 -0.530000 0.384000
    endloop
  endfacet
  facet normal -0.078459 -0.000000 -0.996917
    outer loop
      vertex 0.246400 -0.530000 0.384000
      vertex 0.246400 0.530000 0.384000
      vertex 0.265172 -0.530000 0.382523
    endloop
  endfacet
  facet normal 0.078459 -0.000000 0.996917
    outer loop
      vertex 0.265172 -0.530000 0.382523
      vertex 0.265172 0.530000 0.382523
      vertex 0.246400 0.530000 0.384000
    endloop
  endfacet
  facet normal -0.078459 0.000000 -0.996917
    outer loop
      vertex 0.246400 0.530000 0.384000
      vertex 0.265172 0.530000 0.382523
      vertex 0.265172 -0.530000 0.382523
    endloop
  endfacet
  facet normal -0.078459 0.000000 0.996917
    outer loop
      vertex 0.246400 -0.530000 0.384000
      vertex 0.227628 0.530000 0.382523
      vertex 0.227628 -0.530000 0.382523
    endloop
  endfacet
  facet normal 0.078459 -0.000000 -0.996917
    outer loop
      vertex 0.227628 -0.530000 0.382523
      vertex 0.227628 0.530000 0.382523
      vertex 0.246400 -0.530000 0.384000
    endloop
  endfacet
  facet normal -0.078459 0.000000 0.996917
    outer loop
      vertex 0.246400 -0.530000 0.384000
      vertex 0.246400 0.530000 0.384000
      vertex 0.227628 0.530000 0.382523
    endloop
  endfacet
  facet normal 0.078459 -0.000000 -0.996917
    outer loop
      vertex 0.227628 0.530000 0.382523
      vertex 0.246400 0.530000 0.384000
      vertex 0.246400 -0.530000 0.384000
    endloop
  endfacet
  facet normal -0.233445 0.000000 0.972370
    outer loop
      vertex 0.227628 -0.530000 0.382523
      vertex 0.209318 0.530000 0.378127
      vertex 0.209318 -0.530000 0.378127
    endloop
  endfacet
  facet normal 0.233445 -0.000000 -0.972370
    outer loop
      vertex 0.209318 -0.530000 0.378127
      vertex 0.209318 0.530000 0.378127
      vertex 0.227628 -0.530000 0.382523
    endloop
  endfacet
  facet normal -0.233445 0.000000 0.972370
    outer loop
      vertex 0.227628 -0.530000 0.382523
      vertex 0.227628 0.530000 0.382523
      vertex 0.209318 0.530000 0.378127
    endloop
  endfacet
  facet normal 0.233445 -0.000000 -0.972370
    outer loop
      vertex 0.209318 0.530000 0.378127
      vertex 0.227628 0.530000 0.382523
      vertex 0.227628 -0.530000 0.382523
    endloop
  endfacet
  facet normal -0.382683 0.000000 0.923880
    outer loop
      vertex 0.209318 -0.530000 0.378127
      vertex 0.191921 0.530000 0.370921
      vertex 0.191921 -0.530000 0.370921
    endloop
  endfacet
  facet normal 0.382683 -0.000000 -0.923880
    outer loop
      vertex 0.191921 -0.530000 0.370921
      vertex 0.191921 0.530000 0.370921
      vertex 0.209318 -0.530000 0.378127
    endloop
  endfacet
  facet normal -0.382683 0.000000 0.923880
    outer loop
      vertex 0.209318 -0.530000 0.378127
      vertex 0.209318 0.530000 0.378127
      vertex 0.191921 0.530000 0.370921
    endloop
  endfacet
  facet normal 0.382683 -0.000000 -0.923880
    outer loop
      vertex 0.191921 0.530000 0.370921
      vertex 0.209318 0.530000 0.378127
      vertex 0.209318 -0.530000 0.378127
    endloop
  endfacet
  facet normal -0.522499 0.000000 0.852640
    outer loop
      vertex 0.191921 -0.530000 0.370921
      vertex 0.175866 0.530000 0.361082
      vertex 0.175866 -0.530000 0.361082
    endloop
  endfacet
  facet normal 0.522499 -0.000000 -0.852640
    outer loop
      vertex 0.175866 -0.530000 0.361082
      vertex 0.175866 0.530000 0.361082
      vertex 0.191921 -0.530000 0.370921
    endloop
  endfacet
  facet normal -0.522499 0.000000 0.852640
    outer loop
      vertex 0.191921 -0.530000 0.370921
      vertex 0.191921 0.530000 0.370921
      vertex 0.175866 0.530000 0.361082
    endloop
  endfacet
  facet normal 0.522499 -0.000000 -0.852640
    outer loop
      vertex 0.175866 0.530000 0.361082
      vertex 0.191921 0.530000 0.370921
      vertex 0.191921 -0.530000 0.370921
    endloop
  endfacet
  facet normal -0.649448 0.000000 0.760406
    outer loop
      vertex 0.175866 -0.530000 0.361082
      vertex 0.161547 0.530000 0.348853
      vertex 0.161547 -0.530000 0.348853
    endloop
  endfacet
  facet normal 0.649448 -0.000000 -0.760406
    outer loop
      vertex 0.161547 -0.530000 0.348853
      vertex 0.161547 0.530000 0.348853
      vertex 0.175866 -0.530000 0.361082
    endloop
  endfacet
  facet normal -0.649448 0.000000 0.760406
    outer loop
      vertex 0.175866 -0.530000 0.361082
      vertex 0.175866 0.530000 0.361082
      vertex 0.161547 0.530000 0.348853
    endloop
  endfacet
  facet normal 0.649448 -0.000000 -0.760406
    outer loop
      vertex 0.161547 0.530000 0.348853
      vertex 0.175866 0.530000 0.361082
      vertex 0.175866 -0.530000 0.361082
    endloop
  endfacet
  facet normal -0.760406 0.000000 0.649448
    outer loop
      vertex 0.161547 -0.530000 0.348853
      vertex 0.149318 0.530000 0.334534
      vertex 0.149318 -0.530000 0.334534
    endloop
  endfacet
  facet normal 0.760406 -0.000000 -0.649448
    outer loop
      vertex 0.149318 -0.530000 0.334534
      vertex 0.149318 0.530000 0.334534
      vertex 0.161547 -0.530000 0.348853
    endloop
  endfacet
  facet normal -0.760406 0.000000 0.649448
    outer loop
      vertex 0.161547 -0.530000 0.348853
      vertex 0.161547 0.530000 0.348853
      vertex 0.149318 0.530000 0.334534
    endloop
  endfacet
  facet normal 0.760406 -0.000000 -0.649448
    outer loop
      vertex 0.149318 0.530000 0.334534
      vertex 0.161547 0.530000 0.348853
      vertex 0.161547 -0.530000 0.348853
    endloop
  endfacet
  facet normal -0.852640 0.000000 0.522499
    outer loop
      vertex 0.149318 -0.530000 0.334534
      vertex 0.139479 0.530000 0.318479
      vertex 0.139479 -0.530000 0.318479
    endloop
  endfacet
  facet normal 0.852640 -0.000000 -0.522499
    outer loop
      vertex 0.139479 -0.530000 0.318479
      vertex 0.139479 0.530000 0.318479
      vertex 0.149318 -0.530000 0.334534
    endloop
  endfacet
  facet normal -0.852640 0.000000 0.522499
    outer loop
      vertex 0.149318 -0.530000 0.334534
      vertex 0.149318 0.530000 0.334534
      vertex 0.139479 0.530000 0.318479
    endloop
  endfacet
  facet normal 0.852640 -0.000000 -0.522499
    outer loop
      vertex 0.139479 0.530000 0.318479
      vertex 0.149318 0.530000 0.334534
      vertex 0.149318 -0.530000 0.334534
    endloop
  endfacet
  facet normal -0.923880 0.000000 0.382683
    outer loop
      vertex 0.139479 -0.530000 0.318479
      vertex 0.132273 0.530000 0.301082
      vertex 0.132273 -0.530000 0.301082
    endloop
  endfacet
  facet normal 0.923880 -0.000000 -0.382683
    outer loop
      vertex 0.132273 -0.530000 0.301082
      vertex 0.132273 0.530000 0.301082
      vertex 0.139479 -0.530000 0.318479
    endloop
  endfacet
  facet normal -0.923880 0.000000 0.382683
    outer loop
      vertex 0.139479 -0.530000 0.318479
      vertex 0.139479 0.530000 0.318479
      vertex 0.132273 0.530000 0.301082
    endloop
  endfacet
  facet normal 0.923880 -0.000000 -0.382683
    outer loop
      vertex 0.132273 0.530000 0.301082
      vertex 0.139479 0.530000 0.318479
      vertex 0.139479 -0.530000 0.318479
    endloop
  endfacet
  facet normal -0.972370 0.000000 0.233445
    outer loop
      vertex 0.132273 -0.530000 0.301082
      vertex 0.127877 0.530000 0.282772
      vertex 0.127877 -0.530000 0.282772
    endloop
  endfacet
  facet normal 0.972370 -0.000000 -0.233445
    outer loop
      vertex 0.127877 -0.530000 0.282772
      vertex 0.127877 0.530000 0.282772
      vertex 0.132273 -0.530000 0.301082
    endloop
  endfacet
  facet normal -0.972370 0.000000 0.233445
    outer loop
      vertex 0.132273 -0.530000 0.301082
      vertex 0.132273 0.530000 0.301082
      vertex 0.127877 0.530000 0.282772
    endloop
  endfacet
  facet normal 0.972370 -0.000000 -0.233445
    outer loop
      vertex 0.127877 0.530000 0.282772
      vertex 0.132273 0.530000 0.301082
      vertex 0.132273 -0.530000 0.301082
    endloop
  endfacet
  facet normal -0.996917 0.000000 0.078459
    outer loop
      vertex 0.127877 -0.530000 0.282772
      vertex 0.126400 0.530000 0.264000
      vertex 0.126400 -0.530000 0.264000
    endloop
  endfacet
  facet normal 0.996917 -0.000000 -0.078459
    outer loop
      vertex 0.126400 -0.530000 0.264000
      vertex 0.126400 0.530000 0.264000
      vertex 0.127877 -0.530000 0.282772
    endloop
  endfacet
  facet normal -0.996917 0.000000 0.078459
    outer loop
      vertex 0.127877 -0.530000 0.282772
      vertex 0.127877 0.530000 0.282772
      vertex 0.126400 0.530000 0.264000
    endloop
  endfacet
  facet normal 0.996917 -0.000000 -0.078459
    outer loop
      vertex 0.126400 0.530000 0.264000
      vertex 0.127877 0.530000 0.282772
      vertex 0.127877 -0.530000 0.282772
    endloop
  endfacet
  facet normal -0.996917 0.000000 -0.078459
    outer loop
      vertex 0.126400 -0.530000 0.264000
      vertex 0.127877 0.530000 0.245228
      vertex 0.127877 -0.530000 0.245228
    endloop
  endfacet
  facet normal 0.996917 -0.000000 0.078459
    outer loop
      vertex 0.127877 -0.530000 0.245228
      vertex 0.127877 0.530000 0.245228
      vertex 0.126400 -0.530000 0.264000
    endloop
  endfacet
  facet normal -0.996917 0.000000 -0.078459
    outer loop
      vertex 0.126400 -0.530000 0.264000
      vertex 0.126400 0.530000 0.264000
      vertex 0.127877 0.530000 0.245228
    endloop
  endfacet
  facet normal 0.996917 -0.000000 0.078459
    outer loop
      vertex 0.127877 0.530000 0.245228
      vertex 0.126400 0.530000 0.264000
      vertex 0.126400 -0.530000 0.264000
    endloop
  endfacet
  facet normal -0.972370 0.000000 -0.233445
    outer loop
      vertex 0.127877 -0.530000 0.245228
      vertex 0.132273 0.530000 0.226918
      vertex 0.132273 -0.530000 0.226918
    endloop
  endfacet
  facet normal 0.972370 -0.000000 0.233445
    outer loop
      vertex 0.132273 -0.530000 0.226918
      vertex 0.132273 0.530000 0.226918
      vertex 0.127877 -0.530000 0.245228
    endloop
  endfacet
  facet normal -0.972370 0.000000 -0.233445
    outer loop
      vertex 0.127877 -0.530000 0.245228
      vertex 0.127877 0.530000 0.245228
      vertex 0.132273 0.530000 0.226918
    endloop
  endfacet
  facet normal 0.972370 -0.000000 0.233445
    outer loop
      vertex 0.132273 0.530000 0.226918
      vertex 0.127877 0.530000 0.245228
      vertex 0.127877 -0.530000 0.245228
    endloop
  endfacet
  facet normal -0.923880 0.000000 -0.382683
    outer loop
      vertex 0.132273 -0.530000 0.226918
      vertex 0.139479 0.530000 0.209521
      vertex 0.139479 -0.530000 0.209521
    endloop
  endfacet
  facet normal 0.923880 -0.000000 0.382683
    outer loop
      vertex 0.139479 -0.530000 0.209521
      vertex 0.139479 0.530000 0.209521
      vertex 0.132273 -0.530000 0.226918
    endloop
  endfacet
  facet normal -0.923880 0.000000 -0.382683
    outer loop
      vertex 0.132273 -0.530000 0.226918
      vertex 0.132273 0.530000 0.226918
      vertex 0.139479 0.530000 0.209521
    endloop
  endfacet
  facet normal 0.923880 -0.000000 0.382683
    outer loop
      vertex 0.139479 0.530000 0.209521
      vertex 0.132273 0.530000 0.226918
      vertex 0.132273 -0.530000 0.226918
    endloop
  endfacet
  facet normal -0.852640 0.000000 -0.522499
    outer loop
      vertex 0.139479 -0.530000 0.209521
      vertex 0.149318 0.530000 0.193466
      vertex 0.149318 -0.530000 0.193466
    endloop
  endfacet
  facet normal 0.852640 -0.000000 0.522499
    outer loop
      vertex 0.149318 -0.530000 0.193466
      vertex 0.149318 0.530000 0.193466
      vertex 0.139479 -0.530000 0.209521
    endloop
  endfacet
  facet normal -0.852640 0.000000 -0.522499
    outer loop
      vertex 0.139479 -0.530000 0.209521
      vertex 0.139479 0.530000 0.209521
      vertex 0.149318 0.530000 0.193466
    endloop
  endfacet
  facet normal 0.852640 -0.000000 0.522499
    outer loop
      vertex 0.149318 0.530000 0.193466
      vertex 0.139479 0.530000 0.209521
      vertex 0.139479 -0.530000 0.209521
    endloop
  endfacet
  facet normal -0.760406 0.000000 -0.649448
    outer loop
      vertex 0.149318 -0.530000 0.193466
      vertex 0.161547 0.530000 0.179147
      vertex 0.161547 -0.530000 0.179147
    endloop
  endfacet
  facet normal 0.760406 -0.000000 0.649448
    outer loop
      vertex 0.161547 -0.530000 0.179147
      vertex 0.161547 0.530000 0.179147
      vertex 0.149318 -0.530000 0.193466
    endloop
  endfacet
  facet normal -0.760406 0.000000 -0.649448
    outer loop
      vertex 0.149318 -0.530000 0.193466
      vertex 0.149318 0.530000 0.193466
      vertex 0.161547 0.530000 0.179147
    endloop
  endfacet
  facet normal 0.760406 -0.000000 0.649448
    outer loop
      vertex 0.161547 0.530000 0.179147
      vertex 0.149318 0.530000 0.193466
      vertex 0.149318 -0.530000 0.193466
    endloop
  endfacet
  facet normal -0.649448 0.000000 -0.760406
    outer loop
      vertex 0.161547 -0.530000 0.179147
      vertex 0.175866 0.530000 0.166918
      vertex 0.175866 -0.530000 0.166918
    endloop
  endfacet
  facet normal 0.649448 -0.000000 0.760406
    outer loop
      vertex 0.175866 -0.530000 0.166918
      vertex 0.175866 0.530000 0.166918
      vertex 0.161547 -0.530000 0.179147
    endloop
  endfacet
  facet normal -0.649448 0.000000 -0.760406
    outer loop
      vertex 0.161547 -0.530000 0.179147
      vertex 0.161547 0.530000 0.179147
      vertex 0.175866 0.530000 0.166918
    endloop
  endfacet
  facet normal 0.649448 -0.000000 0.760406
    outer loop
      vertex 0.175866 0.530000 0.166918
      vertex 0.161547 0.530000 0.179147
      vertex 0.161547 -0.530000 0.179147
    endloop
  endfacet
  facet normal -0.522499 0.000000 -0.852640
    outer loop
      vertex 0.175866 -0.530000 0.166918
      vertex 0.191921 0.530000 0.157079
      vertex 0.191921 -0.530000 0.157079
    endloop
  endfacet
  facet normal 0.522499 -0.000000 0.852640
    outer loop
      vertex 0.191921 -0.530000 0.157079
      vertex 0.191921 0.530000 0.157079
      vertex 0.175866 -0.530000 0.166918
    endloop
  endfacet
  facet normal -0.522499 0.000000 -0.852640
    outer loop
      vertex 0.175866 -0.530000 0.166918
      vertex 0.175866 0.530000 0.166918
      vertex 0.191921 0.530000 0.157079
    endloop
  endfacet
  facet normal 0.522499 -0.000000 0.852640
    outer loop
      vertex 0.191921 0.530000 0.157079
      vertex 0.175866 0.530000 0.166918
      vertex 0.175866 -0.530000 0.166918
    endloop
  endfacet
  facet normal -0.382683 0.000000 -0.923880
    outer loop
      vertex 0.191921 -0.530000 0.157079
      vertex 0.209318 0.530000 0.149873
      vertex 0.209318 -0.530000 0.149873
    endloop
  endfacet
  facet normal 0.382683 -0.000000 0.923880
    outer loop
      vertex 0.209318 -0.530000 0.149873
      vertex 0.209318 0.530000 0.149873
      vertex 0.191921 -0.530000 0.157079
    endloop
  endfacet
  facet normal -0.382683 0.000000 -0.923880
    outer loop
      vertex 0.191921 -0.530000 0.157079
      vertex 0.191921 0.530000 0.157079
      vertex 0.209318 0.530000 0.149873
    endloop
  endfacet
  facet normal 0.382683 -0.000000 0.923880
    outer loop
      vertex 0.209318 0.530000 0.149873
      vertex 0.191921 0.530000 0.157079
      vertex 0.191921 -0.530000 0.157079
    endloop
  endfacet
  facet normal -0.233445 0.000000 -0.972370
    outer loop
      vertex 0.209318 -0.530000 0.149873
      vertex 0.227628 0.530000 0.145477
      vertex 0.227628 -0.530000 0.145477
    endloop
  endfacet
  facet normal 0.233445 -0.000000 0.972370
    outer loop
      vertex 0.227628 -0.530000 0.145477
      vertex 0.227628 0.530000 0.145477
      vertex 0.209318 -0.530000 0.149873
    endloop
  endfacet
  facet normal -0.233445 0.000000 -0.972370
    outer loop
      vertex 0.209318 -0.530000 0.149873
      vertex 0.209318 0.530000 0.149873
      vertex 0.227628 0.530000 0.145477
    endloop
  endfacet
  facet normal 0.233445 -0.000000 0.972370
    outer loop
      vertex 0.227628 0.530000 0.145477
      vertex 0.209318 0.530000 0.149873
      vertex 0.209318 -0.530000 0.149873
    endloop
  endfacet
  facet normal -0.078459 0.000000 -0.996917
    outer loop
      vertex 0.227628 -0.530000 0.145477
      vertex 0.246400 0.530000 0.144000
      vertex 0.246400 -0.530000 0.144000
    endloop
  endfacet
  facet normal 0.078459 -0.000000 0.996917
    outer loop
      vertex 0.246400 -0.530000 0.144000
      vertex 0.246400 0.530000 0.144000
      vertex 0.227628 -0.530000 0.145477
    endloop
  endfacet
  facet normal -0.078459 0.000000 -0.996917
    outer loop
      vertex 0.227628 -0.530000 0.145477
      vertex 0.227628 0.530000 0.145477
      vertex 0.246400 0.530000 0.144000
    endloop
  endfacet
  facet normal 0.078459 -0.000000 0.996917
    outer loop
      vertex 0.246400 0.530000 0.144000
      vertex 0.227628 0.530000 0.145477
      vertex 0.227628 -0.530000 0.145477
    endloop
  endfacet
  facet normal 0.078459 0.000000 -0.996917
    outer loop
      vertex 0.246400 -0.530000 0.144000
      vertex 0.265172 0.530000 0.145477
      vertex 0.265172 -0.530000 0.145477
    endloop
  endfacet
  facet normal -0.078459 -0.000000 0.996917
    outer loop
      vertex 0.265172 -0.530000 0.145477
      vertex 0.265172 0.530000 0.145477
      vertex 0.246400 -0.530000 0.144000
    endloop
  endfacet
  facet normal 0.078459 0.000000 -0.996917
    outer loop
      vertex 0.246400 -0.530000 0.144000
      vertex 0.246400 0.530000 0.144000
      vertex 0.265172 0.530000 0.145477
    endloop
  endfacet
  facet normal -0.078459 -0.000000 0.996917
    outer loop
      vertex 0.265172 0.530000 0.145477
      vertex 0.246400 0.530000 0.144000
      vertex 0.246400 -0.530000 0.144000
    endloop
  endfacet
  facet normal 0.233445 0.000000 -0.972370
    outer loop
      vertex 0.265172 -0.530000 0.145477
      vertex 0.283482 0.530000 0.149873
      vertex 0.283482 -0.530000 0.149873
    endloop
  endfacet
  facet normal -0.233445 -0.000000 0.972370
    outer loop
      vertex 0.283482 -0.530000 0.149873
      vertex 0.283482 0.530000 0.149873
      vertex 0.265172 -0.530000 0.145477
    endloop
  endfacet
  facet normal 0.233445 0.000000 -0.972370
    outer loop
      vertex 0.265172 -0.530000 0.145477
      vertex 0.265172 0.530000 0.145477
      vertex 0.283482 0.530000 0.149873
    endloop
  endfacet
  facet normal -0.233445 -0.000000 0.972370
    outer loop
      vertex 0.283482 0.530000 0.149873
      vertex 0.265172 0.530000 0.145477
      vertex 0.265172 -0.530000 0.145477
    endloop
  endfacet
  facet normal 0.382683 0.000000 -0.923880
    outer loop
      vertex 0.283482 -0.530000 0.149873
      vertex 0.300879 0.530000 0.157079
      vertex 0.300879 -0.530000 0.157079
    endloop
  endfacet
  facet normal -0.382683 -0.000000 0.923880
    outer loop
      vertex 0.300879 -0.530000 0.157079
      vertex 0.300879 0.530000 0.157079
      vertex 0.283482 -0.530000 0.149873
    endloop
  endfacet
  facet normal 0.382683 0.000000 -0.923880
    outer loop
      vertex 0.283482 -0.530000 0.149873
      vertex 0.283482 0.530000 0.149873
      vertex 0.300879 0.530000 0.157079
    endloop
  endfacet
  facet normal -0.382683 -0.000000 0.923880
    outer loop
      vertex 0.300879 0.530000 0.157079
      vertex 0.283482 0.530000 0.149873
      vertex 0.283482 -0.530000 0.149873
    endloop
  endfacet
  facet normal 0.522499 0.000000 -0.852640
    outer loop
      vertex 0.300879 -0.530000 0.157079
      vertex 0.316934 0.530000 0.166918
      vertex 0.316934 -0.530000 0.166918
    endloop
  endfacet
  facet normal -0.522499 -0.000000 0.852640
    outer loop
      vertex 0.316934 -0.530000 0.166918
      vertex 0.316934 0.530000 0.166918
      vertex 0.300879 -0.530000 0.157079
    endloop
  endfacet
  facet normal 0.522499 0.000000 -0.852640
    outer loop
      vertex 0.300879 -0.530000 0.157079
      vertex 0.300879 0.530000 0.157079
      vertex 0.316934 0.530000 0.166918
    endloop
  endfacet
  facet normal -0.522499 -0.000000 0.852640
    outer loop
      vertex 0.316934 0.530000 0.166918
      vertex 0.300879 0.530000 0.157079
      vertex 0.300879 -0.530000 0.157079
    endloop
  endfacet
  facet normal 0.649448 0.000000 -0.760406
    outer loop
      vertex 0.316934 -0.530000 0.166918
      vertex 0.331253 0.530000 0.179147
      vertex 0.331253 -0.530000 0.179147
    endloop
  endfacet
  facet normal -0.649448 -0.000000 0.760406
    outer loop
      vertex 0.331253 -0.530000 0.179147
      vertex 0.331253 0.530000 0.179147
      vertex 0.316934 -0.530000 0.166918
    endloop
  endfacet
  facet normal 0.649448 0.000000 -0.760406
    outer loop
      vertex 0.316934 -0.530000 0.166918
      vertex 0.316934 0.530000 0.166918
      vertex 0.331253 0.530000 0.179147
    endloop
  endfacet
  facet normal -0.649448 -0.000000 0.760406
    outer loop
      vertex 0.331253 0.530000 0.179147
      vertex 0.316934 0.530000 0.166918
      vertex 0.316934 -0.530000 0.166918
    endloop
  endfacet
  facet normal 0.760406 0.000000 -0.649448
    outer loop
      vertex 0.331253 -0.530000 0.179147
      vertex 0.343482 0.530000 0.193466
      vertex 0.343482 -0.530000 0.193466
    endloop
  endfacet
  facet normal -0.760406 -0.000000 0.649448
    outer loop
      vertex 0.343482 -0.530000 0.193466
      vertex 0.343482 0.530000 0.193466
      vertex 0.331253 -0.530000 0.179147
    endloop
  endfacet
  facet normal 0.760406 0.000000 -0.649448
    outer loop
      vertex 0.331253 -0.530000 0.179147
      vertex 0.331253 0.530000 0.179147
      vertex 0.343482 0.530000 0.193466
    endloop
  endfacet
  facet normal -0.760406 -0.000000 0.649448
    outer loop
      vertex 0.343482 0.530000 0.193466
      vertex 0.331253 0.530000 0.179147
      vertex 0.331253 -0.530000 0.179147
    endloop
  endfacet
  facet normal 0.852640 0.000000 -0.522499
    outer loop
      vertex 0.343482 -0.530000 0.193466
      vertex 0.353321 0.530000 0.209521
      vertex 0.353321 -0.530000 0.209521
    endloop
  endfacet
  facet normal -0.852640 -0.000000 0.522499
    outer loop
      vertex 0.353321 -0.530000 0.209521
      vertex 0.353321 0.530000 0.209521
      vertex 0.343482 -0.530000 0.193466
    endloop
  endfacet
  facet normal 0.852640 0.000000 -0.522499
    outer loop
      vertex 0.343482 -0.530000 0.193466
      vertex 0.343482 0.530000 0.193466
      vertex 0.353321 0.530000 0.209521
    endloop
  endfacet
  facet normal -0.852640 -0.000000 0.522499
    outer loop
      vertex 0.353321 0.530000 0.209521
      vertex 0.343482 0.530000 0.193466
      vertex 0.343482 -0.530000 0.193466
    endloop
  endfacet
  facet normal 0.923880 0.000000 -0.382683
    outer loop
      vertex 0.353321 -0.530000 0.209521
      vertex 0.360527 0.530000 0.226918
      vertex 0.360527 -0.530000 0.226918
    endloop
  endfacet
  facet normal -0.923880 -0.000000 0.382683
    outer loop
      vertex 0.360527 -0.530000 0.226918
      vertex 0.360527 0.530000 0.226918
      vertex 0.353321 -0.530000 0.209521
    endloop
  endfacet
  facet normal 0.923880 0.000000 -0.382683
    outer loop
      vertex 0.353321 -0.530000 0.209521
      vertex 0.353321 0.530000 0.209521
      vertex 0.360527 0.530000 0.226918
    endloop
  endfacet
  facet normal -0.923880 -0.000000 0.382683
    outer loop
      vertex 0.360527 0.530000 0.226918
      vertex 0.353321 0.530000 0.209521
      vertex 0.353321 -0.530000 0.209521
    endloop
  endfacet
  facet normal 0.972370 0.000000 -0.233445
    outer loop
      vertex 0.360527 -0.530000 0.226918
      vertex 0.364923 0.530000 0.245228
      vertex 0.364923 -0.530000 0.245228
    endloop
  endfacet
  facet normal -0.972370 -0.000000 0.233445
    outer loop
      vertex 0.364923 -0.530000 0.245228
      vertex 0.364923 0.530000 0.245228
      vertex 0.360527 -0.530000 0.226918
    endloop
  endfacet
  facet normal 0.972370 0.000000 -0.233445
    outer loop
      vertex 0.360527 -0.530000 0.226918
      vertex 0.360527 0.530000 0.226918
      vertex 0.364923 0.530000 0.245228
    endloop
  endfacet
  facet normal -0.972370 -0.000000 0.233445
    outer loop
      vertex 0.364923 0.530000 0.245228
      vertex 0.360527 0.530000 0.226918
      vertex 0.360527 -0.530000 0.226918
    endloop
  endfacet
  facet normal 0.996917 0.000000 -0.078459
    outer loop
      vertex 0.364923 -0.530000 0.245228
      vertex 0.366400 0.530000 0.264000
      vertex 0.366400 -0.530000 0.264000
    endloop
  endfacet
  facet normal -0.996917 -0.000000 0.078459
    outer loop
      vertex 0.366400 -0.530000 0.264000
      vertex 0.366400 0.530000 0.264000
      vertex 0.364923 -0.530000 0.245228
    endloop
  endfacet
  facet normal 0.996917 0.000000 -0.078459
    outer loop
      vertex 0.364923 -0.530000 0.245228
      vertex 0.364923 0.530000 0.245228
      vertex 0.366400 0.530000 0.264000
    endloop
  endfacet
  facet normal -0.996917 -0.000000 0.078459
    outer loop
      vertex 0.366400 0.530000 0.264000
      vertex 0.364923 0.530000 0.245228
      vertex 0.364923 -0.530000 0.245228
    endloop
  endfacet
  facet normal 0.996917 0.000000 0.078459
    outer loop
      vertex 0.366400 -0.530000 0.264000
      vertex 0.364923 0.530000 0.282772
      vertex 0.364923 -0.530000 0.282772
    endloop
  endfacet
  facet normal -0.996917 -0.000000 -0.078459
    outer loop
      vertex 0.364923 -0.530000 0.282772
      vertex 0.364923 0.530000 0.282772
      vertex 0.366400 -0.530000 0.264000
    endloop
  endfacet
  facet normal 0.996917 -0.000000 0.078459
    outer loop
      vertex 0.366400 -0.530000 0.264000
      vertex 0.366400 0.530000 0.264000
      vertex 0.364923 0.530000 0.282772
    endloop
  endfacet
  facet normal -0.996917 0.000000 -0.078459
    outer loop
      vertex 0.364923 0.530000 0.282772
      vertex 0.366400 0.530000 0.264000
      vertex 0.366400 -0.530000 0.264000
    endloop
  endfacet
  facet normal 0.972370 0.000000 0.233445
    outer loop
      vertex 0.364923 -0.530000 0.282772
      vertex 0.360527 0.530000 0.301082
      vertex 0.360527 -0.530000 0.301082
    endloop
  endfacet
  facet normal -0.972370 -0.000000 -0.233445
    outer loop
      vertex 0.360527 -0.530000 0.301082
      vertex 0.360527 0.530000 0.301082
      vertex 0.364923 -0.530000 0.282772
    endloop
  endfacet
  facet normal 0.972370 -0.000000 0.233445
    outer loop
      vertex 0.364923 -0.530000 0.282772
      vertex 0.364923 0.530000 0.282772
      vertex 0.360527 0.530000 0.301082
    endloop
  endfacet
  facet normal -0.972370 0.000000 -0.233445
    outer loop
      vertex 0.360527 0.530000 0.301082
      vertex 0.364923 0.530000 0.282772
      vertex 0.364923 -0.530000 0.282772
    endloop
  endfacet
  facet normal 0.923880 0.000000 0.382683
    outer loop
      vertex 0.360527 -0.530000 0.301082
      vertex 0.353321 0.530000 0.318479
      vertex 0.353321 -0.530000 0.318479
    endloop
  endfacet
  facet normal -0.923880 -0.000000 -0.382683
    outer loop
      vertex 0.353321 -0.530000 0.318479
      vertex 0.353321 0.530000 0.318479
      vertex 0.360527 -0.530000 0.301082
    endloop
  endfacet
  facet normal 0.923880 -0.000000 0.382683
    outer loop
      vertex 0.360527 -0.530000 0.301082
      vertex 0.360527 0.530000 0.301082
      vertex 0.353321 0.530000 0.318479
    endloop
  endfacet
  facet normal -0.923880 0.000000 -0.382683
    outer loop
      vertex 0.353321 0.530000 0.318479
      vertex 0.360527 0.530000 0.301082
      vertex 0.360527 -0.530000 0.301082
    endloop
  endfacet
  facet normal -0.294086 0.000000 0.955779
    outer loop
      vertex 0.105600 -0.530000 -0.176000
      vertex -0.123200 0.530000 -0.246400
      vertex -0.123200 -0.530000 -0.246400
    endloop
  endfacet
  facet normal 0.294086 -0.000000 -0.955779
    outer loop
      vertex -0.123200 -0.530000 -0.246400
      vertex -0.123200 0.530000 -0.246400
      vertex 0.105600 -0.530000 -0.176000
    endloop
  endfacet
  facet normal -0.294086 0.000000 0.955779
    outer loop
      vertex 0.105600 -0.530000 -0.176000
      vertex 0.105600 0.530000 -0.176000
      vertex -0.123200 0.530000 -0.246400
    endloop
  endfacet
  facet normal 0.294086 -0.000000 -0.955779
    outer loop
      vertex -0.123200 0.530000 -0.246400
      vertex 0.105600 0.530000 -0.176000
      vertex 0.105600 -0.530000 -0.176000
    endloop
  endfacet
  facet normal -0.989203 0.000000 -0.146549
    outer loop
      vertex -0.123200 -0.530000 -0.246400
      vertex -0.088000 0.530000 -0.484000
      vertex -0.088000 -0.530000 -0.484000
    endloop
  endfacet
  facet normal 0.989203 -0.000000 0.146549
    outer loop
      vertex -0.088000 -0.530000 -0.484000
      vertex -0.088000 0.530000 -0.484000
      vertex -0.123200 -0.530000 -0.246400
    endloop
  endfacet
  facet normal -0.989203 0.000000 -0.146549
    outer loop
      vertex -0.123200 -0.530000 -0.246400
      vertex -0.123200 0.530000 -0.246400
      vertex -0.088000 0.530000 -0.484000
    endloop
  endfacet
  facet normal 0.989203 -0.000000 0.146549
    outer loop
      vertex -0.088000 0.530000 -0.484000
      vertex -0.123200 0.530000 -0.246400
      vertex -0.123200 -0.530000 -0.246400
    endloop
  endfacet
  facet normal 0.242536 0.000000 -0.970143
    outer loop
      vertex -0.088000 -0.530000 -0.484000
      vertex 0.158400 0.530000 -0.422400
      vertex 0.158400 -0.530000 -0.422400
    endloop
  endfacet
  facet normal -0.242536 -0.000000 0.970143
    outer loop
      vertex 0.158400 -0.530000 -0.422400
      vertex 0.158400 0.530000 -0.422400
      vertex -0.088000 -0.530000 -0.484000
    endloop
  endfacet
  facet normal 0.242536 0.000000 -0.970143
    outer loop
      vertex -0.088000 -0.530000 -0.484000
      vertex -0.088000 0.530000 -0.484000
      vertex 0.158400 0.530000 -0.422400
    endloop
  endfacet
  facet normal -0.242536 -0.000000 0.970143
    outer loop
      vertex 0.158400 0.530000 -0.422400
      vertex -0.088000 0.530000 -0.484000
      vertex -0.088000 -0.530000 -0.484000
    endloop
  endfacet
  facet normal 0.977802 0.000000 0.209529
    outer loop
      vertex 0.158400 -0.530000 -0.422400
      vertex 0.105600 0.530000 -0.176000
      vertex 0.105600 -0.530000 -0.176000
    endloop
  endfacet
  facet normal -0.977802 -0.000000 -0.209529
    outer loop
      vertex 0.105600 -0.530000 -0.176000
      vertex 0.105600 0.530000 -0.176000
      vertex 0.158400 -0.530000 -0.422400
    endloop
  endfacet
  facet normal 0.977802 -0.000000 0.209529
    outer loop
      vertex 0.158400 -0.530000 -0.422400
      vertex 0.158400 0.530000 -0.422400
      vertex 0.105600 0.530000 -0.176000
    endloop
  endfacet
  facet normal -0.977802 0.000000 -0.209529
    outer loop
      vertex 0.105600 0.530000 -0.176000
      vertex 0.158400 0.530000 -0.422400
      vertex 0.158400 -0.530000 -0.422400
    endloop
  endfacet
endsolid mesh
